id,dist_city_center_km,dist_airport_km,dist_biltmore_km,dist_blue_ridge_pkwy_km,dist_river_arts_km,min_dist_attraction_km,inv_dist_city_center
156805,4.402606114319748,16.585774148205164,5.769755245287018,10.796708476796589,2.793676514921714,2.793676514921714,0.22209359970877215
209068,2.4761525095095513,20.171423026063415,8.53664270689848,8.0268686771879,3.8784864367051455,3.8784864367051455,0.3881757762044842
259576,6.963044293949192,21.14777569660069,10.926408191625603,4.659372173869854,8.62423890980405,4.659372173869854,0.14158200888768113
427497,13.015287494343788,7.913543890773567,8.164586651721544,9.715258485413933,12.686332331845255,8.164586651721544,0.07624689892854188
621243,1.0327923255373312,18.697445742447094,7.0734034148881015,7.1785762529427855,2.6465445309849986,2.6465445309849986,0.8827743421775547
660702,2.915200363129623,20.616969106468975,8.972269744283215,8.441676834246714,4.229364663810305,4.229364663810305,0.33165291840242794
674894,5.387478991866984,21.057993902618982,10.187307727064427,5.522312717890286,7.112541382867172,5.522312717890286,0.1822330438954034
840696,1.5359608900120638,16.50628186615098,4.857927763255478,7.687887167321081,0.438172690461799,0.438172690461799,0.611261556498839
846221,6.493413293805547,23.23091735363209,12.03299544255846,7.956173445856696,8.185778437113,7.956173445856696,0.15166651253903515
875735,4.362393235244387,16.905685116950796,6.559332097375592,2.6946510502219083,5.512802900709535,2.6946510502219083,0.22409499729918675
943832,2.9356248485358787,19.60826460520667,8.057137396934511,9.884106509188365,3.0251961709205077,3.0251961709205077,0.32942147000882305
976034,7.593999877517911,14.290422710807574,6.477366827120002,2.5733584866312267,8.152807290183105,2.5733584866312267,0.12997140835965293
977054,2.2903679092940856,19.978117019120464,8.323909443216795,8.29649177166429,3.534318686496127,3.534318686496127,0.4183456429915494
1039028,7.153048479160995,13.625865249070646,5.536681095887572,3.243335708693169,7.537740898402817,3.243335708693169,0.1378730616337582
1066156,6.627774599724895,23.612795461824064,12.318056675291766,8.538724685748058,8.282122785562606,8.282122785562606,0.14863755989103603
1297717,5.277705099724103,21.02509171776583,10.12131538689432,5.566396628956497,7.004579576083018,5.566396628956497,0.1859529262865872
1332684,4.004995424292465,16.844859742034078,5.8546727284068645,10.523957113815495,2.4509085540566726,2.4509085540566726,0.24360563085703305
1392363,4.281522937550245,21.429382479829194,9.842363566464932,10.734880743037495,4.7912142895354055,4.7912142895354055,0.22823114571188582
1393012,14.792305105806491,2.9469924614058822,8.775015047168536,14.016940809984273,13.810246450166254,8.775015047168536,0.06714877199300068
1466495,9.864818999395197,17.849481595690296,9.762946406179339,16.208485465182,8.305315902481725,8.305315902481725,0.10035305207858707
1569954,1.863470602615071,19.564985511233242,7.9226682563948305,7.821447744122845,3.261124267022944,3.261124267022944,0.5093022521794512
1586906,1.8370065765081436,19.271169412409673,7.617013379684062,8.567636720186533,2.6579104204493413,2.6579104204493413,0.5162605084194951
1684109,5.925081197929098,19.718624463756413,9.490786243098631,3.496012851037784,7.502645129674861,3.496012851037784,0.1659728669455465
1851921,0.6401424748228205,17.633798443373234,6.055264889111552,6.429103326709754,2.2270104977911656,2.2270104977911656,1.3510912209698351
1879067,6.605382726257013,16.11530152459282,6.521582131091506,12.705363333436848,4.943753433611343,4.943753433611343,0.14913391834953563
2176375,4.358065810493207,15.390145831664496,4.525459150677347,10.121952189746152,2.6235500445036584,2.6235500445036584,0.22431252532123738
2222067,1.4953133089145632,16.356750801074035,4.697955844013887,7.370248768017175,0.7686678172031987,0.7686678172031987,0.6268361170260599
2254521,3.397305404420737,14.8201055955287,3.324216085156235,8.364289920551872,1.905369329413924,1.905369329413924,0.2859344221799901
2296152,1.3178118383814208,18.739485339867848,7.082204993110471,8.201614585323838,2.1713548601006756,2.1713548601006756,0.70531220922912
2326086,0.16547833608636456,17.74496231748923,6.095125537924464,7.2204546338393065,1.6425156972833677,1.6425156972833677,3.7667856998873277
2411109,0.8827272474070509,18.407901581875503,6.748654969449244,7.804905495298867,1.9632677334587967,1.9632677334587967,1.017576344441984
2569529,0.774929463825133,18.391237706560368,6.73456787575778,7.634206744616234,2.033055314102179,2.033055314102179,1.142949279165965
2643168,0.852398367642305,18.52987346923901,6.900728167188147,7.172916570616674,2.4693415233269684,2.4693415233269684,1.04998080002545
3066648,1.3572780709591097,17.378431730491325,5.750735792716012,8.210203965912196,0.7196158212500628,0.7196158212500628,0.686210833696172
3084395,3.870197988506643,20.97615668623367,9.569783120935154,6.9939144709315935,5.560483252877608,5.560483252877608,0.25187660738706424
3095136,7.926069405104503,19.74630039599679,9.909509096191286,14.840655591517882,6.732038351114448,6.732038351114448,0.12459398860468483
3220474,11.964382613073967,6.63705611913816,6.405418435476412,10.206238510671646,11.317873002655157,6.405418435476412,0.08288861784906564
3225871,17.627662447396094,3.3130466197228583,11.852617836213803,15.451252846587046,16.877338944378966,11.852617836213803,0.056409016302478375
3268055,7.865109826559529,19.071990135118778,9.416211603862871,14.673361522199288,6.554466135281273,6.554466135281273,0.12554754696106216
3314819,11.896362274332185,6.708708310035406,6.348020839808702,10.134201023800253,11.254523947594741,6.348020839808702,0.0833586029774737
3445336,0.5972418714627978,17.32109042950712,5.7235242001314885,6.504542749443857,1.9366412509802333,1.9366412509802333,1.4342225286929806
3445948,1.0328912478859886,18.720323767523876,7.088367254509751,7.283783175693782,2.60234575832397,2.60234575832397,0.8826972596584465
3454237,4.382584605931153,17.440314912574248,7.0377233593707285,2.783233029334817,5.6648879957724265,2.783233029334817,0.22308558296408848
3529241,1.336699074127788,18.724227678519004,7.0680467731557854,8.24035035688817,2.1429820178177765,2.1429820178177765,0.6960399836041479
3563156,5.385421515718925,16.89467975134694,6.50804666077373,11.845593612313383,3.8259463961075513,3.8259463961075513,0.1823013960065636
3649639,1.7578922553214484,19.082827471778423,7.433829044868037,8.603339957267874,2.4482728562874447,2.4482728562874447,0.5382443449752053
3767793,10.16056669512913,24.529298905062884,14.019845438820694,17.11822098869059,9.702907977235501,9.702907977235501,0.09746050386034891
3868910,1.4314120666712389,17.347909729984398,5.726590389556854,8.26722654489202,0.6828933365878967,0.6828933365878967,0.6529921121580652
3945733,1.9801292562270965,19.630320469611082,7.9719713399111,8.28590858632328,3.1383329482288804,3.1383329482288804,0.48073935646373406
3990524,3.507784098374455,16.70134155450375,5.53056445239768,9.981692315177495,1.914845195919817,1.914845195919817,0.27717844880201287
4124504,2.5283188000538104,15.473404096886487,4.0660239241128515,5.572694600211962,2.7319890229768626,2.7319890229768626,0.3804713492060121
4241484,6.297277124077535,12.432432180491123,3.282408528344747,5.086594894573051,6.179092733497006,3.282408528344747,0.15631650475735745
4304358,4.573695694823142,17.127065851850922,6.858971509833287,2.51168043900529,5.774463099304404,2.51168043900529,0.21396343820751068
4394670,4.882960783310506,22.23321984431737,10.761914308496255,8.142540428408816,6.482923793781897,6.482923793781897,0.20068389928921632
4846733,18.267258506749787,6.771353483085474,13.043994340832906,14.736462371290711,17.827614184534117,13.043994340832906,0.054444706575698804
4875054,2.3773448187504753,16.146094319541064,4.598845122867091,8.424344841503963,0.6655737167974046,0.6655737167974046,0.40365797786049845
4895765,2.7477245736453706,15.555419021817615,4.305659666416454,5.0826539961669575,3.1668356442465293,3.1668356442465293,0.35115755549347266
4931736,4.577022419163733,17.209610742094778,6.422717289504352,11.198218454285232,3.0995650486283757,3.0995650486283757,0.2138112479218783
4994407,4.198829137942062,21.029855818503727,9.721680540593493,6.653745278291789,5.916693948537158,5.916693948537158,0.23262148085250967
5114762,4.378057110394878,16.835017832182412,5.995578873218056,10.875124319658772,2.819211261186412,2.819211261186412,0.22331113144553427
5151226,5.874928133258217,19.77244999090622,9.505822673865039,3.587332865275399,7.462238432409225,3.587332865275399,0.16736602979937187
5261984,1.7424053917789624,18.639852769710544,7.178430717636233,6.050778350524307,3.46706377255471,3.46706377255471,0.5427687111979382
5288006,7.382380804101633,17.08833099926709,7.74058263575596,13.753794659359851,5.811692087970321,5.811692087970321,0.1336473010638309
5333015,3.4301173738857162,14.294110541885834,2.7369310773394044,6.443222897097119,2.8778201109935124,2.7369310773394044,0.2832766999186962
5506704,5.842446387233786,15.953625816344037,5.92533903105362,11.9138171019544,4.163484576643594,4.163484576643594,0.16828086192722067
5850649,16.4240724382416,2.507653704289192,10.534356507440307,14.786244453612149,15.582512474335164,10.534356507440307,0.06051776907523739
5868695,7.80831258642108,13.532074152295401,6.0562347143871795,3.325845730536413,8.210491449603994,3.325845730536413,0.12644922530212627
6054250,3.3722513509013914,15.638016600162771,4.335629396948914,9.187361751585684,1.6431724990715386,1.6431724990715386,0.2879975839711032
6079982,20.560565739313148,6.534630783162101,15.077273326076435,17.345847945220424,19.997605301859853,15.077273326076435,0.048401385161355434
6170347,5.053803229346462,12.84369489899492,1.9355580664012784,6.116173032458027,4.585916551964353,1.9355580664012784,0.19403146676339195
6197585,6.421574982499363,16.133454971951867,6.424940500254732,12.538769946256286,4.761439903644993,4.761439903644993,0.15333719273082017
6227094,6.937030041110886,16.848796377478607,7.960635264678389,0.11941910280415587,8.006726982290342,0.11941910280415587,0.14210540443310898
6234618,5.520394205329708,17.530323034404066,7.112246143121788,12.172486607610619,4.074659082019524,4.074659082019524,0.17792346292217723
6290666,1.2881766569080002,17.401710772066934,5.930742789289637,5.76935905701531,2.6956188251780144,2.6956188251780144,0.7203694104951901
6399802,0.39671098172102315,17.343519874773598,5.716133040852278,6.787236625910441,1.6847630102089708,1.6847630102089708,2.013243187286019
6452410,1.7682440736124458,19.459627597276175,7.8271581704895725,7.62275305439432,3.2418973216693416,3.2418973216693416,0.5352619682429368
6609327,6.283041269970468,22.162970418174407,11.28043562163962,6.40237066179396,8.017735939059806,6.40237066179396,0.15666513151099
6724476,8.117014577720294,14.576700562147304,7.119690436093017,2.4666698309245336,8.743861000264499,2.4666698309245336,0.12169870097485422
6760016,16.682209718971883,3.446272161195114,10.92493120909199,14.560118689918703,15.942542472194758,10.92493120909199,0.05958690880078349
6813265,4.08379153306541,16.894329237830156,5.9326402785169385,10.618947763654301,2.5412140389609403,2.5412140389609403,0.23901764514239862
6818139,0.4544474439134711,17.27207242995852,5.643067560490598,6.7895175173465665,1.634414241619969,1.634414241619969,1.8035974572119469
6913630,1.357264224054622,18.880300611204376,7.221115145303752,8.13342977006739,2.349238402918592,2.349238402918592,0.6862173540620162
6970329,4.002522968609484,14.582170382270299,3.8208729952149842,4.543217744715947,4.237755583185786,3.8208729952149842,0.2437524439598547
7001873,3.354554806196255,18.165178416520213,6.874402597266159,10.321836659529698,2.356278582798033,2.356278582798033,0.2894729005909393
7045303,5.074894626090718,16.678763604476657,6.165941358228253,11.474841814120225,3.4827366292460247,3.4827366292460247,0.19324064976284014
7103096,9.401602755201486,24.273505890891702,13.968329309203137,7.616708213349559,11.131463060748544,7.616708213349559,0.10524540182997733
7418991,0.337527520339721,17.394088341024748,5.745586034346159,7.09559169960008,1.4421533360309229,1.4421533360309229,2.2855705150239323
7438838,1.3750322475207517,18.957462166097894,7.298100520058915,8.063616065230551,2.4608217869240274,2.4608217869240274,0.6779512798318881
7665386,4.297523528247488,16.66699006460903,5.802314677197808,10.73014905002966,2.7037323142120697,2.7037323142120697,0.22740071623869684
7665735,1.7079310657745705,16.449555129701377,4.814988344245948,7.86576457060719,0.30453565205898175,0.30453565205898175,0.5531184340657207
7859259,4.977183100708113,21.990118531326022,10.442812323790935,11.427322045119025,5.40017760535001,5.40017760535001,0.19695960932756795
7887572,3.603044245518677,14.569549733769275,3.460035381396366,5.168792657023795,3.6489826173430897,3.460035381396366,0.2700480830630562
7938930,2.604960692153113,15.460036843723861,4.091969632114786,5.4499169918895305,2.852913347273634,2.852913347273634,0.36969113928380715
7967886,2.0120506733854437,16.07441698782708,4.6342717942545635,5.591770502578239,2.5419671206854173,2.5419671206854173,0.473473488397455
8089299,4.651727978406094,17.227859755051387,6.984187192468116,2.457936675523256,5.873883693067473,2.457936675523256,0.2104497573397367
8193368,4.4376805421068575,18.405456451086177,7.859215401819309,3.2969738713213497,5.917690362813033,3.2969738713213497,0.22037690637774543
8246075,4.676948226479572,16.205047747267802,5.529728021437361,10.893488555259337,3.011449889458715,3.011449889458715,0.20933867243040266
8265544,7.530195093459037,12.771986459311105,4.370198712496337,11.989600688391585,5.8441497629118775,4.370198712496337,0.13105824788900183
8513468,2.8261657602469583,20.43714012806838,8.777990084051487,8.955106447366683,3.8565167054244327,3.8565167054244327,0.34174413957861477
8593492,17.33230468798401,1.886615288141415,11.403279598434908,15.759127207977082,16.45454698155745,11.403279598434908,0.05736476145287286
8782463,1.3347322771436898,18.795829293099843,7.221533178262097,6.771982135430679,3.04408851149335,3.04408851149335,0.696994147222248
9022608,1.2065769050420618,18.908265013613086,7.264367316468616,7.540067828754406,2.65633364414636,2.65633364414636,0.7653586988573072
9243493,5.972304576648763,23.05995787077933,11.710593288520423,8.27221811332149,7.61858651732872,7.61858651732872,0.16468212148737257
9944111,6.057289714882995,20.39994013552257,10.020865615024459,4.215289030509563,7.701936632829106,4.215289030509563,0.16240911932126012
10085566,3.34322475625905,18.59256338624875,7.592837446480864,4.4309818123165705,4.936031785966882,4.4309818123165705,0.29042542116433523
10089256,6.639545386444769,24.249541926247467,12.672621363060816,10.290038603899255,8.048260181561556,8.048260181561556,0.14837796062792272
10263107,0.9824865539195401,18.204260930409188,6.548118434972742,8.022363336628539,1.648513081268862,1.648513081268862,0.9237990036727318
10360188,0.7751210192375434,18.437309131416768,6.783746891463004,7.550596245794281,2.130173214524316,2.130173214524316,1.1426990987729428
10524188,0.19322476431444352,17.877433615764765,6.231369006210996,7.1892124570822435,1.7919800653967206,1.7919800653967206,3.410353154645685
10632884,2.208339920934111,15.613395642907289,3.9564514792690764,7.364135977313479,1.2165727358385128,1.2165727358385128,0.4332117600753238
10724022,3.9685173800014804,16.66151234204649,5.6623856399786785,10.41105467086037,2.371464477430174,2.371464477430174,0.24578978202610904
10785231,5.933238248936969,20.22907197236102,9.849057481451592,4.084535917522733,7.568068548013237,4.084535917522733,0.16574846852371458
10853381,15.376973569857412,3.2529052645764445,9.344318010749829,15.689141594187124,14.16080763422268,9.344318010749829,0.06461211524891251
11259371,4.410067729417509,19.375848775216845,8.21591408446232,11.462342088085174,3.692983737564049,3.692983737564049,0.22172616022534844
11291801,9.449500393081966,20.590081138160816,11.229273361561463,16.368410933666492,8.256689930786205,8.256689930786205,0.10471752016727906
11421709,1.364522484025949,18.134863774018264,6.500786630208699,8.419043417553866,1.4770475805701373,1.4770475805701373,0.6828164203058296
11489172,4.098863730474362,21.784025489928027,10.127052182988482,9.50576083573165,5.25388829810218,5.25388829810218,0.23815966989884338
11553531,7.189775688147756,13.918068428951571,5.826254136168459,2.934804629879851,7.647927652349623,2.934804629879851,0.13717843220140125
11609580,2.5220900673183335,20.058488827765707,8.488655650087129,7.336839851956378,4.128012344992792,4.128012344992792,0.38137515276991263
11811039,5.488401268377456,22.94788623361169,11.314877725873528,11.298979196402179,6.282165345290161,6.282165345290161,0.1789420537244888
11938223,7.6036030399840335,12.957443622706622,5.375840086169666,3.8897878003063036,7.857998249965814,3.8897878003063036,0.12980938851725576
11947108,1.9993125977187598,15.799853100697225,4.246905551724956,6.115461657847689,2.098835915218376,2.098835915218376,0.47634640076311674
12144656,4.741904745661574,20.608260035465893,9.300852796147906,11.719674883197227,4.485105392880209,4.485105392880209,0.20653029180221202
12222050,3.8611695583483168,21.234968463429787,9.739412141446204,7.579071909830282,5.483968300125082,5.483968300125082,0.25245069297588174
12250733,3.477340068550792,15.173740661190049,3.8220695595706218,8.904491970505541,1.8130295818745241,1.8130295818745241,0.27953730448811026
12281167,1.2895292004213332,18.93316495517824,7.317343368834659,7.187058832073399,2.901295171211923,2.901295171211923,0.7196682154623162
12286328,4.3777459979180335,16.612867850345875,5.78486182924051,10.784322369233749,2.7737507272095656,2.7737507272095656,0.2233266470373618
12400514,5.068876433540786,16.201516951413065,5.72379107774598,11.273453796458648,3.408394416399441,3.408394416399441,0.19346564245780967
12472966,15.817271299053735,2.9313970128598554,9.781455404400445,16.059867821570016,14.604401004257767,9.781455404400445,0.06282483858018108
12763722,12.69528817411363,13.22223229565729,9.394989744601514,17.306269483952473,10.963050195975464,9.394989744601514,0.07815376929322447
12809255,5.302388835162975,16.39643840238316,6.024456136521069,11.579797134619609,3.6685578899729245,3.6685578899729245,0.18510329976458142
12813635,6.498899454419582,18.15676625914473,8.073080842201833,13.232938994056274,5.1211367829598435,5.1211367829598435,0.15154042077883983
12834984,1.3859262751136088,19.053860144855086,7.398371324513075,7.87282566858344,2.649878908077077,2.649878908077077,0.6729808986812239
12848084,17.268671206277794,5.100782472011974,11.775323369635684,14.39765052125728,16.689425199449055,11.775323369635684,0.057574928336403555
12970301,6.016355445486779,17.977566233456923,7.704479978718906,12.747390501123931,4.634112579454786,4.634112579454786,0.1634960572374671
13186091,2.0621037936900364,16.75882432797533,5.202476066752156,8.556048849050434,0.4360802221685316,0.4360802221685316,0.4625124857180478
13206560,0.15035768683135575,17.700983828801768,6.051618341814052,7.197560428395536,1.6196261356898605,1.6196261356898605,3.9942851871515064
13234214,17.82528373523224,3.2950808207387663,11.833264372822674,18.244908571709683,16.542597249814893,11.833264372822674,0.0557871225231707
13274313,1.344825038339999,18.115923969876086,6.480911086830828,8.39890409420993,1.4596703393206905,1.4596703393206905,0.6921253255334838
13326253,4.512509966870047,16.937268414370614,6.147382653419022,11.041365741131758,2.9742997481423896,2.9742997481423896,0.2168016995481051
13333422,3.2001995753246475,15.761844486221593,4.411498276679975,9.084180738047824,1.4693483412893615,1.4693483412893615,0.30301197766248056
13348419,4.332062361801679,21.863006987507855,10.213680090540835,10.244101449156148,5.210968344007038,5.210968344007038,0.2256285941774271
13386987,5.0725000628137575,12.900976122118442,2.1298408817154884,5.910738398616126,4.676377979425951,2.1298408817154884,0.19333010881705354
13426466,1.295371821343953,18.615244529642414,6.960760462270574,8.24894050126309,2.0218217074091416,2.0218217074091416,0.7166548619541776
13556933,4.420380206239984,21.89387578512414,10.368394021431692,8.187882176726955,5.981396320538744,5.981396320538744,0.22122032978986786
13621363,0.4132497558020588,17.294374170839227,5.659041371493107,6.8704153562277,1.5734734278943738,1.5734734278943738,1.9483691686073839
13674901,5.410179034117244,12.99212442620725,2.8883454892869085,5.158276560402433,5.262994637374993,2.8883454892869085,0.18148230643837956
13686565,13.867724391897054,13.761767676261227,10.623870260983653,18.543855822279,12.13337762962462,10.623870260983653,0.07159362340941659
13716891,2.585560863831958,20.285957903311353,8.645514526303286,8.176417838304403,3.9465393035448377,3.9465393035448377,0.3723616967567533
14110641,4.903559688976376,22.01929412955874,10.449006558619692,11.275806556955256,5.399711182692722,5.399711182692722,0.1998577137399113
14125023,1.1592016988070464,18.270880473370855,6.7376165760836875,6.310881114806184,2.8807380298973415,2.8807380298973415,0.7941539476538102
14167740,5.31629698771889,15.77636191765939,5.456712387843877,11.321282511806722,3.6162792091798903,3.6162792091798903,0.18462798518386947
14168464,0.3490782222842081,17.370141763967187,5.723211522873188,7.060651124384234,1.4545842946760352,1.4545842946760352,2.226783554351763
14236639,1.6270391110241724,16.07881210363807,4.4336521571367795,6.826681140487547,1.3489058186979181,1.3489058186979181,0.5790256825202863
14357005,3.917801764697201,15.780683435842011,4.733498794257792,9.895678331390211,2.190253123655934,2.190253123655934,0.24889231937389134
14514191,7.859818032758347,15.21870680704314,6.6574154030318615,13.543762018311485,6.14620955220721,6.14620955220721,0.12563101265437673
14561813,0.48816741784137274,18.110242947591036,6.456023259983828,7.446980561776392,1.8452103984239192,1.8452103984239192,1.700196185076164
14632829,4.2684019428140845,16.811349254492885,5.927737006752223,10.761521322478242,2.705099151599982,2.705099151599982,0.2289166640549128
14652591,4.798632006346511,16.74634974288906,6.641363851791216,2.257710757964511,5.900323878719071,2.257710757964511,0.20413862455976117
14738243,1.1995329543355042,18.872673686517384,7.246904077447616,7.270889646953758,2.7792128824430766,2.7792128824430766,0.769507226933952
14805266,1.32316372229963,17.218327886833748,5.584603542818154,8.0873522657455,0.5803241204932149,0.5803241204932149,0.7026598446341383
14835813,14.651524254896426,3.4796739656438653,8.599504251890384,14.811252242050156,13.482713387115735,8.599504251890384,0.06778960483816263
14963589,6.599425709087061,12.481785789920096,3.7594427891553233,4.784309684043436,6.575181894963728,3.7594427891553233,0.14926652573273647
15124397,2.729641755231456,15.449771771802336,4.150536297737597,5.249688838567574,3.0470952941413234,3.0470952941413234,0.3534016269554953
15158878,12.585009340299438,6.058948196345056,6.9675999746350215,10.798593651485813,11.913240092604875,6.9675999746350215,0.0788332095919761
15192947,2.879556707915875,16.51711796842504,5.138736814753647,9.256988712288955,1.2135964761050813,1.2135964761050813,0.33562039525653964
15231248,4.699882441649504,16.14942115844728,5.486935349930806,10.890048206852367,3.0276545462187086,3.0276545462187086,0.2083384358172624
15248786,8.020315962280865,14.597911378043039,7.058112117836665,2.408740425364596,8.650254914089356,2.408740425364596,0.12314791747575254
15351409,12.426771460672464,13.074916629122663,9.095165654623457,17.00775533419802,10.6957252385017,9.095165654623457,0.07982902882354635
15422307,4.015882094025261,15.861145864923726,4.865363313803997,10.048124948366004,2.2963547127731068,2.2963547127731068,0.2429612843991888
15437202,6.975421380647599,15.287377719748852,6.789888670119704,1.5599063757139866,7.735632173790631,1.5599063757139866,0.14133433843744755
15444450,1.1620264366003445,18.514079715942522,6.951408680989459,6.581945685209222,2.895022061995882,2.895022061995882,0.792376428099087
15462269,9.476260051889483,24.835363010696913,14.321897520371689,8.302307461521508,11.210925474455992,8.302307461521508,0.10442490017829988
15476300,18.48479461330237,1.331063098323904,12.491640276051339,17.143957057563792,17.53315422184925,12.491640276051339,0.05380742810492151
15510852,0.4990012233362162,17.56733378266005,5.908429833120744,7.469735000653157,1.2881794203857857,1.2881794203857857,1.669445672298244
15544670,2.629007721739941,15.797851631774774,4.263913392237924,8.402486331069456,0.9753929842421603,0.9753929842421603,0.36643355459706334
15546661,7.00196718648339,21.803893322557983,11.364162298306539,5.456549345191629,8.707127678944394,5.456549345191629,0.14080605749674832
15653105,7.3342197108992,19.333382407320908,9.919385891057036,2.515825195470613,8.774376114814721,2.515825195470613,0.13451310815228057
15685101,3.2962529591134615,15.117987887675948,4.04374367301872,4.82259397785879,3.615706106758732,3.615706106758732,0.29444214316151357
15706129,3.430399659803552,16.819749333568474,6.044232234428883,3.628163090699524,4.56657097157705,3.628163090699524,0.2832540495020455
15757654,7.747730499574788,10.792564987948921,3.324575978386193,6.395609003977488,7.3846505182928635,3.324575978386193,0.1274253747697099
15867765,1.9789157764778784,15.93897395377515,4.288883252103282,7.555621245881351,0.853770148295204,0.853770148295204,0.48101996786719803
15936945,3.8319003867221166,21.25565352879666,9.741918482653203,7.691842600374727,5.4362009618528955,5.4362009618528955,0.2543299426854666
15995355,1.2760702008603741,18.739535073772284,7.081085150998723,8.137166281681626,2.1924060290295917,2.1924060290295917,0.7267071108543445
16095359,5.280875197089649,22.427410444347984,10.856494374353174,11.558833813860804,5.806699009514199,5.806699009514199,0.185843373684056
16147877,2.444227950819734,15.848444367969583,4.535342394731416,5.192406573955265,2.974493621360191,2.974493621360191,0.3930465427352161
16155218,12.348247607754343,7.453773426483031,6.764829899082074,14.397137601565607,10.895128159064088,6.764829899082074,0.08033259230617115
16203903,5.422947873954495,22.577868798054453,11.007166659503751,11.668501125277288,5.957285699503977,5.957285699503977,0.1810627264319966
16211914,1.185538733970502,18.682310478086748,7.097210758146765,6.809728573313989,2.8936265185024346,2.8936265185024346,0.7778839902485163
16267469,5.209975465797035,14.366791072863704,4.559770261131075,3.472678154873651,5.61629570457306,3.472678154873651,0.18832478726903096
16284364,3.4271673740418214,16.12591614818206,4.902812643652916,9.590274862633443,1.715099184130487,1.715099184130487,0.2835136226762294
16451105,0.2598425650574217,17.683154003825667,6.029345328634356,7.295062645506139,1.5274976610023099,1.5274976610023099,2.7789930850465825
16476358,4.013779817689741,14.464979975922963,3.660114762004818,4.692400231263745,4.181443398090194,3.660114762004818,0.2430854455797273
16512718,5.965496114920867,23.648235580715415,12.024876754569535,10.230846940687732,7.2827952330874535,7.2827952330874535,0.1648669756032061
16532936,8.96205137840351,12.28137218607118,5.44649413154753,13.28389422890936,7.266588332858435,5.44649413154753,0.11035029026465011
16566334,8.68933743102145,14.752162846112718,6.943315071258413,14.146996207546044,6.963289416078456,6.943315071258413,0.11377421880181307
16636978,18.35778962557847,1.601232091261233,12.390606020409185,16.87468967450184,17.43883788936553,12.390606020409185,0.05417766808947796
16660917,4.835739672999965,21.903000518323203,10.341550398648797,11.263341275502286,5.29452947976236,5.29452947976236,0.20260387829413123
16663252,4.233420530482626,17.284984815971185,6.355173708364126,10.90236157175538,2.7890542675549224,2.7890542675549224,0.23076458722750068
16700354,10.535132959908426,12.871560194045228,7.316742538389815,15.149237561535347,8.808132553841977,7.316742538389815,0.09402797348841144
16810083,2.2050040465724297,15.609182136059959,3.951626284637507,7.3425087793879005,1.2313883550788574,1.2313883550788574,0.43383871776147753
16832848,2.415776892872657,16.143310691994483,4.604891882219541,8.469347846444379,0.697940912803915,0.697940912803915,0.39749152750113037
16846899,1.7542773130791873,19.289323957429882,7.6307435367434175,8.386486361497898,2.722831239695407,2.722831239695407,0.5392936606334323
16856815,2.5933321872746036,16.577958533481095,5.12549973536402,8.997257875693684,0.9266906459145153,0.9266906459145153,0.37128728670186983
16868257,16.712403213983958,7.2982926665028005,11.703801473313732,12.991998939975739,16.35880816830551,11.703801473313732,0.059479896316562024
16937948,17.05401022073751,2.977127881100547,11.044349876904725,17.410990122424813,15.795537769582763,11.044349876904725,0.05829540656278136
16937957,3.128244279877659,19.45177482280812,8.213582159978841,5.504114384504273,4.849099965811886,4.849099965811886,0.3097659016181691
16937995,3.2523635377848623,14.897750245659434,3.3625697077504797,8.223036332813342,1.797218781039408,1.797218781039408,0.2982970041073675
17036413,14.461764652882358,4.668271818561804,8.78042322909588,12.450435139877614,13.764117992150268,8.78042322909588,0.06867299560442078
17116810,1.3514664348776082,17.946928017561383,6.476298930024088,5.881423906346189,2.9781929738199686,2.9781929738199686,0.6889584050797033
17155164,1.2362396372186848,17.505514000962354,6.025275025329853,5.831663236015624,2.7000746316996866,2.7000746316996866,0.7483687597244528
17157429,0.9006194231236199,18.555692500749007,6.933170348767709,7.105723352709905,2.5433914323181237,2.5433914323181237,0.99938096032387
17158172,6.582076317157921,15.870586287397538,6.3049063462957085,12.587880814604503,4.90050668909747,4.90050668909747,0.1496540824342648
17310280,3.4117082649269452,20.644931417762095,9.185911635357746,7.024932934350291,5.090024531096116,5.090024531096116,0.2847616956076513
17345566,4.283009176952408,21.12540004324658,9.816991945134124,6.717646334123653,5.99848879079135,5.99848879079135,0.22815375456168213
17446056,5.235840216587902,22.113469458914533,10.601663955204295,11.749152044093181,5.5745915152720675,5.5745915152720675,0.18741190879202674
17552287,4.967401753293825,22.656240460544485,11.02760040353403,9.552873321364904,6.291090302996623,6.291090302996623,0.1973397904261286
17606368,3.591613886046051,20.020166340703543,8.793759840286883,5.762835236244135,5.324689561603676,5.324689561603676,0.27088423406898127
17634705,4.279070024902969,16.706919205677636,5.832752787877843,10.729138460656664,2.6933889658325363,2.6933889658325363,0.22835898816716407
17638102,1.0536649363873185,18.74786358794782,7.112697000108492,7.3379436915922325,2.5982239671725105,2.5982239671725105,0.8668028024943554
17648416,0.9291583924975754,18.589494896466515,6.965857500922715,7.131281543079092,2.561860650243895,2.561860650243895,0.9716677309244757
17649947,5.106190901058361,17.34922067495862,6.77196983819105,11.735548341253782,3.6405204470570487,3.6405204470570487,0.1920790111243733
17653835,7.980763811742642,16.721762631260557,7.8362962429193175,14.189031863532248,6.363011600125401,6.363011600125401,0.12375067794294892
17726977,4.436964062284082,14.40532380346952,3.9453317875885214,4.226343261276678,4.707256007939384,3.9453317875885214,0.22041170841819754
17774784,11.238541139135727,10.764663841557427,6.885480425488413,14.913198664406677,9.578178239573967,6.885480425488413,0.0881947675392237
17780854,8.833523953008978,23.81748140007427,13.4330203820927,7.23909057350338,10.563319976000034,7.23909057350338,0.1119379099737211
17794306,3.8583154174610352,16.767564636183145,5.723643735318891,10.350990832678399,2.285427032103104,2.285427032103104,0.25263272239214973
17826503,7.574257136909888,14.168134683745667,6.3635935288560015,2.6881658055788704,8.106124597616656,2.6881658055788704,0.13030577190206835
17892316,5.183030759634318,17.57987825138326,7.003040455005189,11.875062072765756,3.764660243000574,3.764660243000574,0.18928528821763255
17917678,2.0319469748163144,19.297069731269644,7.655987429333584,8.85636147073821,2.641506836076625,2.641506836076625,0.469054817878929
17935396,1.8989480067523492,19.113597284924165,7.607484286936724,6.471079939355525,3.6268233101658987,3.6268233101658987,0.5002631367209395
18021364,1.2136316750130758,18.451782811627428,6.907305954201139,6.440114689892309,2.94779281482699,2.94779281482699,0.7612483917838279
18092896,1.5911940483181473,17.12974021119055,5.520398820870659,8.305603563225484,0.46954835440064163,0.46954835440064163,0.5912982019978585
18121899,5.980058843661907,23.328117371196036,11.871343291287836,8.899482081485981,7.553703791062628,7.553703791062628,0.1644720924111515
18308309,0.5854224635742721,17.466966728815244,5.807623685604504,7.493645975235877,1.1769053164639598,1.1769053164639598,1.4589542262523767
18308869,0.43204365954058843,17.50914116349459,5.8517481969460245,7.363763166369944,1.3149067516132158,1.3149067516132158,1.8795449998661478
18309080,0.4769423977128592,17.50134811163308,5.843086474176094,7.405233473043992,1.2755989620731436,1.2755989620731436,1.7332752870377437
18322086,4.9508869762337495,20.73276748404872,9.792579970936913,5.438392790431528,6.6752001565724735,5.438392790431528,0.19798502811592536
18393059,2.9053061012218278,16.386383242717322,5.006735569277109,9.203606379652344,1.209343356747732,1.209343356747732,0.3327448074568654
18459334,3.8937776094043866,17.989666789239664,7.293696752087467,3.501942017756804,5.326186973376412,3.501942017756804,0.2503895053257949
18487194,3.3796175869114187,14.980778353503936,3.90780385882727,4.883892628205116,3.635037277952845,3.635037277952845,0.28738790255616015
18721359,3.9526596141593617,14.646003483167833,3.870261322983162,4.5244051870387825,4.208748508401267,3.870261322983162,0.24675153978048284
18776404,1.3213746854026454,19.019821654263048,7.381984966165443,7.492644718788848,2.8093110069781058,2.8093110069781058,0.7035442591386247
18784621,0.6949823298220718,17.396198756720633,5.736901427848074,7.5574786825106015,1.0642214476408067,1.0642214476408067,1.2578895938779093
18910863,3.3472981660761203,20.96914104778992,9.31002931162339,9.282721717014132,4.378798040069078,4.378798040069078,0.2900822475527981
18928361,3.26937957417264,19.754136460408233,8.245313058197185,10.23423840546072,3.246515271918672,3.246515271918672,0.29679054496124935
18974593,8.18736774219644,22.538611788429847,12.368719240607875,5.886455007530641,9.886256296269284,5.886455007530641,0.12066557574226403
19029460,18.53166070831064,1.635000636162966,12.559923343195031,17.058281498115964,17.607228849848518,12.559923343195031,0.053672080855033534
19032051,4.302060580604151,16.355037770328337,5.5011988928229245,10.596183294747322,2.651728973423341,2.651728973423341,0.22716634214578602
19066373,4.408426322800417,16.814881070473607,5.98944580137254,10.89605502609034,2.845058493580255,2.845058493580255,0.22180688524124495
19077911,4.248821189261633,16.199954926194604,5.322817299742163,10.468816305181877,2.5739464039181423,2.5739464039181423,0.2299473711334141
19135906,6.9515975842835145,17.191390997776814,7.572368771688202,13.389892142528447,5.403159107491333,5.403159107491333,0.14181183597725197
19326768,1.7522460651689267,19.453788685008185,7.811481763695534,7.76603522586528,3.159530088508566,3.159530088508566,0.5398850718620903
19561946,0.4573269922290205,17.7558255171637,6.097263435169788,7.502450680045868,1.4480089808781673,1.4480089808781673,1.7942787877553101
19620931,1.03284218033071,18.724955999142793,7.090847769188963,7.314093521475625,2.5880452662953832,2.5880452662953832,0.8827354925185347
19643402,5.962315403817307,23.237807000397353,11.811547760404077,8.699232293252397,7.560843427959439,7.560843427959439,0.16495347625270734
19809125,3.8672525376728712,18.54521773728799,7.743395582716546,3.913752449293627,5.412268761587476,3.913752449293627,0.25206361090050106
19870831,4.062925803233871,17.65460980397523,7.078803245565705,3.172447945835707,5.4102153239183135,3.172447945835707,0.2402156673614441
19992336,8.92317033594045,15.294836838160917,8.240352711056365,2.4686445071519274,9.676430576000758,2.4686445071519274,0.11082579212949924
20008452,5.937392942743789,16.768718326386757,6.68207899558994,12.317138976860816,4.351513128022519,4.351513128022519,0.165634407017002
20121078,1.768291430963148,19.463051670462868,7.8122018734960905,7.9382607430885725,3.0873195248265195,3.0873195248265195,0.535248400451356
20131746,6.177732524022555,13.136817431871853,4.058071341177453,4.210820023615963,6.303304336525812,4.058071341177453,0.15929318367314485
20153704,2.6347101681925493,20.23293450926318,8.573973001814954,8.858521971140558,3.6510784061845807,3.6510784061845807,0.3656694634886773
20174635,8.739937907152537,22.954572670341253,12.883236088664653,6.225635664005204,10.439533714002955,6.225635664005204,0.11312296653021553
20241154,12.116334546114711,6.733863787671407,6.645035987568716,10.133902892075948,11.514420358362454,6.645035987568716,0.08185761418248329
20268605,7.257660450615742,20.79849173049976,10.839909470557027,4.13706124197738,8.871074718241747,4.13706124197738,0.1359127682925777
20355406,4.836904947281534,15.657483484914536,5.07021201357579,10.780998405732868,3.120158008742685,3.120158008742685,0.20255605701921442
20408452,6.417703346233215,23.680958546112763,12.096882209942564,12.374809706301356,7.04560480469037,7.04560480469037,0.15342827785771063
20439998,1.0235155560350948,18.42878859035261,6.770155259647648,7.990914611934878,1.904742467380827,1.904742467380827,0.8900633325710385
20456408,3.4718378482674934,14.837195178785331,3.3833331074029576,8.512480335857958,1.934119868972493,1.934119868972493,0.2799679163725325
20456656,5.667786985597063,12.791730591186262,2.9240867362444525,5.175790182649743,5.512947958588081,2.9240867362444525,0.17337672186873995
20473937,1.5915519818053123,17.29429328686097,5.689051509417227,8.396667013773838,0.6394525327898362,0.6394525327898362,0.5911730829180596
20504787,6.014203460850701,14.017280153620433,4.8791152144580305,3.256342873046634,6.405594246864545,3.256342873046634,0.16355360210091288
20542316,0.13514003880855463,17.566769903147097,5.926324248679722,7.007835417078196,1.6580657523523488,1.6580657523523488,4.252784872652743
20583406,2.3487805246381632,16.828436410165512,5.332667085279024,8.896776876554338,0.7771609402179147,0.7771609402179147,0.40836652772210447
20624327,6.727148804778449,19.173917050662407,9.497929189735313,2.500120994385337,8.182702385387481,2.500120994385337,0.14647403016909216
20624404,10.097145596012929,16.439611006986123,9.059199372486317,16.024707342985323,8.43365450701717,8.43365450701717,0.0980666590061241
20638444,6.582381040315408,20.408618733482374,10.264802035989558,3.9483206105388695,8.196772745990184,3.9483206105388695,0.1496472580606987
20697183,8.348373099232047,13.16376124656736,5.500579336684437,13.097689339629884,6.6266468539419705,5.500579336684437,0.11836598458120884
20744323,6.685102485531592,13.883796633933978,5.348189460263604,3.08205792422329,7.101061914709523,3.08205792422329,0.14738170899148226
20747532,10.398359464210525,17.615383441019297,9.964535425919406,16.625654170863356,8.805731264252342,8.805731264252342,0.09525297770656968
20759062,3.0863269775356863,20.76465280638135,9.141908490910591,8.217896970266032,4.507422447102676,4.507422447102676,0.3138409858907207
20773653,8.432907974879031,12.490066709654633,5.062687571120568,12.827342052710142,6.737957413661412,5.062687571120568,0.1171933417006266
20815440,1.2110710734759471,18.705522314900726,7.121543847408328,6.809952251116951,2.918274229275354,2.918274229275354,0.7627351561870501
20830901,3.0910231193094075,16.705408397701987,5.398384187758036,9.57392234869598,1.490543044955508,1.490543044955508,0.3133791146635181
20855873,0.7409324231374509,17.40422812568028,5.745403412672537,7.61125333104251,1.0324521489340095,1.0324521489340095,1.1891561943456537
20858987,1.9668674185030686,19.556778182322727,7.96365470041894,7.261368323377855,3.5709963068620922,3.5709963068620922,0.4838239700562174
20872849,1.4415534360940563,18.164999102398607,6.536092853205725,8.496131486154583,1.501655807649195,1.501655807649195,0.648696293353133
20970417,3.4054670759866035,20.919830585154774,9.368013144476256,7.7116164095828825,4.981599443895265,4.981599443895265,0.2852686898274613
21054722,4.259956339983752,16.320409518412536,5.448184049414835,10.538509034882946,2.6032810239171558,2.6032810239171558,0.22936009492327317
21104844,2.2186678137223943,16.868956996379104,5.348148046527175,8.788154531821315,0.6694262293375203,0.6694262293375203,0.4312821328185851
21253016,5.223000268617439,22.54165243630003,11.087592297691097,8.28809456411155,6.824949817258855,6.824949817258855,0.18786397699351112
21297231,14.625671451724642,5.371755778169465,9.13069554344358,12.142458946040321,14.032382295811466,9.13069554344358,0.06790861817597336
21354161,4.331075012573576,15.821879259375802,4.974534086042365,10.352549894733647,2.6161730844242683,2.6161730844242683,0.22567886961119132
21382558,6.871477698654687,21.385816475055208,11.038025662193201,4.993314496202422,8.555604733643044,4.993314496202422,0.1434416121266477
21449558,8.687351271822266,18.759540812670355,9.643653216592938,15.360402851600858,7.275794298397457,7.275794298397457,0.11379993459537965
21947972,16.341654604442034,3.7196378403237196,10.616860750914276,14.167310828651749,15.62297186195449,10.616860750914276,0.06082112926334253
22049704,5.933903451447363,13.395999378670485,4.104811364850796,4.05551247003684,6.107281932829073,4.05551247003684,0.16573019572597375
22095619,0.7392667722589865,17.413328577163426,5.754526254576532,7.615742381443095,1.0378106448172504,1.0378106448172504,1.191516253298556
22107175,1.6383258021666112,19.09734648578394,7.440801218065329,8.39968463726048,2.507622715935103,2.507622715935103,0.5752661547988426
22114590,1.7335468374441445,18.889421605378757,7.250013397023177,8.68058118794502,2.2337695386843923,2.2337695386843923,0.5453910309670303
22119778,1.537296784541036,18.672345413720265,7.0295896803747135,8.52575954603836,2.0250067819754776,2.0250067819754776,0.6107628192040444
22151438,8.224957798691067,15.019322444926242,6.779234453056833,13.811687644959155,6.505203361728566,6.505203361728566,0.12012072903927874
22306380,1.8563024265443602,18.777980309665356,7.157182756264892,8.864879125076309,2.1125116245898883,2.1125116245898883,0.5111684095625306
22317485,10.08335531706541,16.884800865518134,9.318287745378303,16.143473495179865,8.446265507263574,8.446265507263574,0.09819946067522421
22351697,6.047458518664822,23.065130356799003,11.745199624469233,8.177819039082047,7.706075219397877,7.706075219397877,0.16266884875494725
22360186,9.158231253541993,15.431038769648115,7.754916963357661,14.839848365533697,7.453206768426675,7.453206768426675,0.1080119919900923
22408602,2.133900091807244,17.044405953593216,5.514033339771014,8.801138441155178,0.7139089966248551,0.7139089966248551,0.44764759340288646
22437203,5.5388710634608875,14.266335372486424,4.728085672802986,3.30929931159195,5.9544471173722,3.30929931159195,0.17734046207934479
22437447,5.603071355431245,14.270286246413077,4.787591416761564,3.2551502361072857,6.0277831550663965,3.2551502361072857,0.1753441150701478
22511514,8.393145196443797,17.572218425255848,8.679675974327441,14.81049838654955,6.84993004467127,6.84993004467127,0.11774201157172193
22517744,10.912969791946303,9.699294155237526,6.0149105406962695,14.015243527523973,9.329624930829048,6.0149105406962695,0.09080202877985664
22530746,6.292506622020909,13.093333025376957,4.134468935240018,4.18940899799647,6.423674214982914,4.134468935240018,0.15643315824737666
22589049,0.9481620722868811,18.235209329475957,6.577676999043846,7.977082526833888,1.6994641233356484,1.6994641233356484,0.9540509301373583
22594761,3.845433477331505,14.560488820132313,3.6566599228786885,4.794987383900795,4.006912007495163,3.6566599228786885,0.25345757462278906
22683936,1.7089804800162502,18.87271783161133,7.232297285601016,8.65693618483539,2.218818025425805,2.218818025425805,0.5527975625204186
22684155,1.6003582574460076,18.82861429400383,7.182464485661081,8.538412639760766,2.1882834487523737,2.1882834487523737,0.5881113557221946
22740737,5.206727467579796,16.247475745089215,5.838403325993579,11.426399507063323,3.553260567134568,3.553260567134568,0.18844005201119993
22773505,3.782035406379633,16.847359321967993,5.773189076447365,10.311693975037434,2.2296359958301966,2.2296359958301966,0.25759682623106084
22813165,4.4682321706269015,13.621577837067175,2.7245980735438526,5.4468261175366655,4.26290410324279,2.7245980735438526,0.21890305979408428
22848760,0.515611833619689,17.397814782971064,5.79454832951588,6.567611813900632,1.9275168851403537,1.9275168851403537,1.6244002233033379
22924150,1.1602896179842699,18.15626464533676,6.50849701017094,8.214417693046947,1.5366005411866446,1.5366005411866446,0.7934684105383794
22944749,4.5271605562126025,20.253825544719692,8.959888237395681,11.541304267909956,4.17992894203881,4.17992894203881,0.21611525855902317
23068704,6.751866371012447,18.47585283304611,8.435896012192485,13.535607953472095,5.417285685577831,5.417285685577831,0.1459456366852989
23076921,2.098002110407786,19.776984311652484,8.121322474679953,8.236789726858524,3.324526576386911,3.324526576386911,0.45495861685704847
23084647,4.063870495046078,18.94834825277132,8.139806324556135,4.093554641912272,5.661987022640394,4.093554641912272,0.24016116764191872
23234938,9.934900740060966,23.89826221901589,13.528308064333933,16.946566310574404,9.359869100361426,9.359869100361426,0.09965220642470696
23254729,1.6219495852891799,18.81373550892981,7.1699122790063265,8.573180693470514,2.167326621315924,2.167326621315924,0.5807370950596457
23285263,1.6727000842527664,17.259918221767652,5.874641888920342,5.3827331678350445,2.996044950237511,2.996044950237511,0.5641112159260278
23335956,8.281900848151732,21.597743588064894,11.319889783805307,15.335334077753718,7.443891725789755,7.443891725789755,0.11930468018128693
23370743,12.978148791069886,5.471568866936876,7.2505139484334515,11.375931763486875,12.245542373013464,7.2505139484334515,0.07646342123610239
23393644,1.1805707128335368,18.79463069988735,7.136254202337162,7.887161323978703,2.352326529314539,2.352326529314539,0.7809018197732212
23481039,0.48333584757872533,18.106680813478917,6.452573030989973,7.442510155839675,1.8443822263524365,1.8443822263524365,1.7142783255147762
23516374,0.5318001492222003,17.6711444645097,6.078903451736596,6.541530885053146,2.153817702802647,2.153817702802647,1.5827789867271875
23518897,7.8324649630780145,19.407412643505207,10.233833924866818,2.568435384316134,9.252441459404004,2.568435384316134,0.12606421896025274
23523473,5.275386390824304,22.248312211058554,10.715791931103407,11.710942745595748,5.6781763260071845,5.6781763260071845,0.18603313832601573
23525377,15.99463363542971,2.7435203378448527,10.109542900020106,14.39191568457033,15.156761865990976,10.109542900020106,0.062132510913368244
23541284,1.7749731219926512,19.118650273044743,7.468802101765703,8.602389008026547,2.4867473174721653,2.4867473174721653,0.5333409787427978
23546508,3.979242477529498,13.92946775324323,2.691024444716411,5.784051482836699,3.68028496979266,2.691024444716411,0.24514355435071555
23562622,4.973386210867035,13.988412652256375,3.8782011159093015,4.162677688112693,5.182632538307715,3.8782011159093015,0.1971070126413856
23564110,6.342399374534134,19.38863324164646,8.931261220946078,13.31389966867086,5.252190151078421,5.252190151078421,0.15522167159534603
23579032,0.2679024488331851,17.95276027388491,6.305915145174309,7.227526798972491,1.8367079073073609,1.8367079073073609,2.7181118341873867
23579231,0.2679024488331851,17.95276027388491,6.305915145174309,7.227526798972491,1.8367079073073609,1.8367079073073609,2.7181118341873867
23596421,7.970220430753351,19.521033311785157,10.381740691434569,2.6879352597037354,9.396423715433764,2.6879352597037354,0.12391235265263388
23644478,0.49483623134287075,18.095671785161343,6.4404576381666825,7.471962982500843,1.8140950931443147,1.8140950931443147,1.6811349869231282
23715234,5.278137419047493,22.416045051840833,10.846964076947843,11.565286104424844,5.797500015299794,5.797500015299794,0.1859379785385081
23739741,3.7273722860787917,14.136595999371668,2.7990264710214037,5.875452566927575,3.416597946458153,2.7990264710214037,0.26127586376618644
23740885,2.4395064888476368,15.265184454112855,3.6450893252914507,6.5807928688190085,1.9857112245572501,1.9857112245572501,0.3937772966485998
23745497,8.931149691675063,18.378125175805245,9.531986801640965,15.496827743839383,7.459239709840036,7.459239709840036,0.11072787343141954
23748724,1.7749731219926512,19.118650273044743,7.468802101765703,8.602389008026547,2.4867473174721653,2.4867473174721653,0.5333409787427978
23748903,1.7749731219926512,19.118650273044743,7.468802101765703,8.602389008026547,2.4867473174721653,2.4867473174721653,0.5333409787427978
23748992,1.7749731219926512,19.118650273044743,7.468802101765703,8.602389008026547,2.4867473174721653,2.4867473174721653,0.5333409787427978
23749047,1.7749731219926512,19.118650273044743,7.468802101765703,8.602389008026547,2.4867473174721653,2.4867473174721653,0.5333409787427978
23788596,1.7749731219926512,19.118650273044743,7.468802101765703,8.602389008026547,2.4867473174721653,2.4867473174721653,0.5333409787427978
23824223,1.2700904798249388,17.746590157760842,6.26955086427667,5.864893806939063,2.8368214079810268,2.8368214079810268,0.7298788034260142
23859316,4.124545418451846,21.80789471546974,10.150564798614617,9.538714993566806,5.272841966242349,5.272841966242349,0.23671185913453063
23874576,3.230130646884841,15.941348771165046,4.626543317563021,9.254521398668224,1.4965526589752376,1.4965526589752376,0.3002885189911232
23881173,16.29552181389732,7.20160477193332,11.280850527049235,12.641818107952064,15.936214891427797,11.280850527049235,0.060992264311610436
23921294,3.3290719568045,16.147986517547075,4.89026288497393,9.500514774890098,1.615744923187913,1.615744923187913,0.2916240932231369
23935850,0.6615728767016363,17.216745533345698,5.61888145246572,6.486654697677004,1.8903640210178743,1.8903640210178743,1.3130719732706198
24080389,2.174574729270465,17.004628860439052,5.480585053497526,8.820271331516317,0.720340684443916,0.720340684443916,0.4396426229182343
24117606,7.7604834295790335,10.833027402329545,3.398207145505126,6.3273666436605644,7.416527606565142,3.398207145505126,0.12721863851744739
24196245,1.968793662725413,18.660820629928878,7.24895383117776,5.830499722981377,3.681428561202553,3.681428561202553,0.4833734837927759
24222452,1.7782497275217948,19.35276304818335,7.6934524906015955,8.338779402851868,2.8076415586351406,2.8076415586351406,0.5324105657235594
24280176,14.048452150570037,8.197093754986813,9.348899631437495,10.288079385451299,13.791045999328386,9.348899631437495,0.07067910958441559
24287936,15.078216136643984,4.274290078101581,9.377544488401995,13.016938521792612,14.371111401370552,9.377544488401995,0.06588389511635373
24306486,6.2887490399709645,13.370132287582134,4.446593404879338,3.8502014675479685,6.511495903784943,3.8502014675479685,0.15652516537173994
24312963,5.231758215640055,22.638887026194187,11.014065284958413,11.184643467508304,5.974078896546733,5.974078896546733,0.18755539159045573
24347730,0.49483623134287075,18.095671785161343,6.4404576381666825,7.471962982500843,1.8140950931443147,1.8140950931443147,1.6811349869231282
24387676,5.254935399130818,13.4821754365274,3.4680464956906496,4.563699851807892,5.305737795723274,3.4680464956906496,0.18674361602239203
24428641,2.78521773973653,19.510825603881276,8.157073560396611,5.949311246036763,4.519436274143472,4.519436274143472,0.34659429207977804
24445744,2.072059688798843,16.68167446824895,5.12219239774576,8.5127883978788,0.40001414182360795,0.40001414182360795,0.4603925044771691
24492331,1.0715716906077832,18.400658141654993,6.743602045565748,8.065712223630568,1.845997063963841,1.845997063963841,0.8535542536720258
24493492,1.9329396954714653,19.607113534561556,7.983913813435668,7.581020913202042,3.437963507161628,3.437963507161628,0.4918985064965673
24520534,0.48823569373474385,17.237445354403125,5.608833258053834,6.777632538413023,1.6233107562127245,1.6233107562127245,1.6999988451073749
24540122,2.3469753109409806,16.731698901886343,5.23059140593195,8.836975153112437,0.7248074838725297,0.7248074838725297,0.40866779306222406
24605088,5.685253760104121,14.220922879441988,4.805157361946645,3.2490503834686235,6.103560917183684,3.2490503834686235,0.17285326477744725
24752561,0.9875169111531092,18.68736036301602,7.048186504782134,7.370748544649526,2.5110741232827603,2.5110741232827603,0.9195259308102952
24797144,11.835855973656964,6.102830379579276,5.971420853297637,10.894870668606101,11.007319581107831,5.971420853297637,0.08378117180762322
24817711,2.9888477286371775,20.667889629478537,9.010909393559341,8.79365704857232,4.163164749932195,4.163164749932195,0.3237453211852587
24873765,4.444125770693217,18.387391450569808,7.8475027965536635,3.2772200484463383,5.920396679992732,3.2772200484463383,0.2200643315045058
24882481,5.969596448099717,18.387719286092462,8.005810887141546,12.797856638273919,4.678767780941067,4.678767780941067,0.16475559924796687
24885757,2.453625934809683,16.832829990106404,5.360458905087261,9.005301057396712,0.8866836284432361,0.8866836284432361,0.3916000328664143
24942698,8.140565501699989,14.359444238556392,6.9793092020019545,2.660393001345746,8.725444216452908,2.660393001345746,0.12135089512894533
24945996,15.814411066438678,3.1831168412581112,9.793647526446712,16.18704769632511,14.577200756559488,9.793647526446712,0.06283612983385
24984793,2.63409458984032,20.18764187933778,8.530649108923745,8.956678100669833,3.579729724032541,3.579729724032541,0.3657517935611742
25013010,1.0643444463415412,18.670539117756473,7.012235455130796,7.828843914583807,2.2410112215583315,2.2410112215583315,0.85885238096173
25068792,7.368794827082724,23.158982847349215,12.01555589328626,14.165576483071195,7.248234868976922,7.248234868976922,0.13389040978524178
25132222,6.316072518734725,18.93491384441892,9.124522815465777,2.423168360428637,7.762941857371177,2.423168360428637,0.15585858748946999
25138871,5.190342949183249,20.345522036481476,9.230476402692728,12.233923142978101,4.653774971892421,4.653774971892421,0.18902366247435534
25212461,7.138571812358168,11.731222070390997,3.5558747255770076,5.456279952469068,6.965300292404117,3.5558747255770076,0.1381487986750002
25251626,5.304982784835691,21.848832772480804,10.416486895279606,12.006006218122105,5.444574092271058,5.444574092271058,0.1850144653199667
25281090,0.23068255072910548,17.775254735919216,6.122906723119702,7.285989020185241,1.6213370311898974,1.6213370311898974,3.024048283754767
25322676,3.155336852646667,17.457377423291618,6.162094746114557,9.950145496520005,1.8514611961095453,1.8514611961095453,0.30718787187475727
25418819,6.554530821123841,13.161839350749032,4.496025430599946,3.955569270797632,6.749530554375148,3.955569270797632,0.15027355449698204
25471043,1.537291625874867,18.99112651805519,7.423993098574046,6.800273701933147,3.2374117759193597,3.2374117759193597,0.6107647435536488
25479162,5.139700496593583,14.433285262817472,4.577019478180064,3.461430067606841,5.560115907692321,3.461430067606841,0.19085060313086918
25518066,13.41235279562242,4.693529283915111,7.37196983537623,13.858437485360517,12.222947919480097,7.37196983537623,0.07400635663716305
25679471,4.340226220547625,18.353519870219888,7.776760751049279,3.3424667518570885,5.8170697845615775,3.3424667518570885,0.22521375045541428
25882810,3.4346406745190716,16.969437791564502,5.772524844145506,10.030119607930011,1.921542859517226,1.921542859517226,0.28291418904583887
26098132,6.567850681598015,17.465727891980602,7.576044922904012,13.117730267997953,5.069130447781201,5.069130447781201,0.14997336439458783
26129371,6.605006566839259,24.16555012679392,12.51831200691362,11.975486242646568,7.5061078554861655,7.5061078554861655,0.14914228495251128
26160335,1.4722587916106957,18.778167908349626,7.126386457233449,8.395458468594523,2.161648776654681,2.161648776654681,0.6360276090271074
26163788,0.35393381548813807,17.349407760809896,5.706905627285537,6.982889936520009,1.5090044438453079,1.5090044438453079,2.2029643218464554
26189814,14.95191102109664,3.90841512924663,8.950234954153613,15.530922124452392,13.695487741994208,8.950234954153613,0.06643674670933199
26190390,4.0999636212985,21.490017051767424,9.859452200648288,10.313924605846626,4.824280020373066,4.824280020373066,0.2380973003977665
26276337,4.79165351166622,19.765025396902395,8.64817689819229,11.846956235571003,4.131762352433927,4.131762352433927,0.20442985129978575
26298501,5.044009899835105,20.339748995529803,9.179893310936274,12.081825657597976,4.551256800440375,4.551256800440375,0.19440087003566145
26339145,5.93204923433041,21.55951505456003,10.386242884376793,12.87614349818824,5.6599424838985986,5.6599424838985986,0.1657811402315262
26391300,2.781600730035362,16.77490424460215,5.381485771759048,9.302430078537592,1.1970746872268683,1.1970746872268683,0.34702934017778664
26410860,8.83638319851245,18.34485925362474,9.455406685105505,15.403568982982437,7.364671631478775,7.364671631478775,0.11190209481688967
26528680,10.267937835611539,25.130972926994968,14.439719396717253,17.13357818415177,9.954400600269913,9.954400600269913,0.09645119558541569
26634224,5.186021930365441,20.333788128066747,9.220011333291321,12.230184236175203,4.6459100853979916,4.6459100853979916,0.18917817844370285
26639631,7.316694608146515,13.945497062065515,5.960540791819311,2.8981055532450815,7.787974014266046,2.8981055532450815,0.13483095271330137
26690388,3.56604128200216,20.962758339811632,9.326627379212672,9.892626836732624,4.2985183039604,4.2985183039604,0.27277379687712167
26740506,9.323650750921985,17.06124618677848,8.923263996286739,15.510117641904243,7.711895828680617,7.711895828680617,0.10611598693873102
26910515,5.1673764684591,18.51806772542037,8.268099270062004,2.7794047976707033,6.620200475421288,2.7794047976707033,0.1898478314561284
27123967,7.50014385280165,18.697043257117503,9.584246671198255,1.8557540232408614,8.843345736160341,1.8557540232408614,0.1315764568892165
27132022,4.766337729006228,19.70270112315019,8.590441698227352,11.821512441273423,4.087636434917556,4.087636434917556,0.20549334133539754
27156940,0.6258961892857684,17.605132223312307,6.024531486858485,6.437253064905689,2.1977828882785735,2.1977828882785735,1.377607452360276
27289254,3.276597461215853,14.87576086374477,3.343787184036679,8.233206728709757,1.8208497897897098,1.8208497897897098,0.2961561191365457
27306911,8.378041072633247,20.466006864527902,10.61278667868236,15.353367761899362,7.275592257996051,7.275592257996051,0.11795177582094492
27337463,0.47949068586308,18.012228724855543,6.355302349009833,7.504327732414148,1.7069918703614275,1.7069918703614275,1.7256532751870257
27461996,5.413071888190864,17.053522856157848,6.658762070348458,11.925590575009068,3.8803721538663583,3.8803721538663583,0.1813870778906447
27466554,6.189760648015434,13.149592302686354,4.086841787297344,4.186212804563897,6.32205549690215,4.086841787297344,0.15898856188041485
27583238,3.393928485777311,14.842441781435966,3.352690713372722,8.390222655108188,1.8907708012497195,1.8907708012497195,0.2862107808075314
27645716,3.239354445910314,17.63760984429388,6.356420339264424,10.085506370708837,2.007792362304856,2.007792362304856,0.2994590769556354
27699328,2.118367865358743,19.569364636647904,8.017074454460479,6.9617062419256985,3.787387177276797,3.787387177276797,0.45078186337606596
27759123,5.685340551709501,16.576024227315422,6.384174624490047,12.01194415489984,4.075289597853657,4.075289597853657,0.1728506716349674
28001503,8.804763975130559,17.6658088850425,8.989990990164491,15.207508253240501,7.259134965668736,7.259134965668736,0.11229943913087695
28042422,1.5722329613484938,19.261688607494015,7.609494210414817,7.87331345595106,2.8859725272562913,2.8859725272562913,0.5980028041030819
28133323,1.8654271283282304,19.21514439998406,7.6798959530540705,6.686282958699055,3.575125851146278,3.575125851146278,0.5087952565560588
28156491,1.6848765795796057,16.019061324200393,4.390204080239683,6.631373659737839,1.5478733414733978,1.5478733414733978,0.5602628279404793
28216632,6.247869319425546,13.233834481392934,4.249410783651255,4.04195702938389,6.419270872848784,4.04195702938389,0.15753317368078643
28245965,0.2269376096228989,17.777194775442126,6.125027519767447,7.28223906362099,1.625993654160501,1.625993654160501,3.0586875616832043
28335156,0.9128119877663475,18.187364719487668,6.529651619468307,7.949415741701095,1.6588509907584466,1.6588509907584466,0.9873500828178357
28544931,9.122395900322273,12.10774717329856,6.241019633053882,4.901575152709628,9.295639974072769,4.901575152709628,0.10843169289284744
28607789,4.917083805059569,13.034351778255958,2.1545867126948086,5.912966561793366,4.5204549837532975,2.1545867126948086,0.19931897469831616
28608801,6.799416478259695,18.830092727662528,9.297696430414229,2.106041423174342,8.202003080732592,2.106041423174342,0.14493979355370637
28758757,4.083081072955626,21.449428199444224,9.960139236118353,7.687412029181307,5.701161611728164,5.701161611728164,0.2390582402203917
28777663,8.050090471157644,10.511350035676683,3.491116219377423,6.607213316514713,7.666765144837279,3.491116219377423,0.1226980244622928
28838800,7.307546024708251,19.84336236543926,10.242796854150178,3.062807225176236,8.813684133883514,3.062807225176236,0.13499747374696675
28843687,4.395825021535941,15.60175470728774,4.775186617284695,10.293294825212339,2.6679091161894015,2.6679091161894015,0.2224285854564604
28865830,10.992754159852751,10.404917321933196,7.127065437053306,6.994654285516547,10.953288930057125,6.994654285516547,0.09014893736843388
28927010,6.549696643919771,18.529093973323796,8.379473647338912,13.361076671351183,5.241035881198565,5.241035881198565,0.15038279993033396
28960407,6.1346596708578165,23.805959398908843,12.191113173632507,10.26136818479849,7.473072407928485,7.473072407928485,0.16039367869175314
28986868,6.349460653022039,19.161128971381654,8.76407230191352,13.2886635169771,5.201547237323966,5.201547237323966,0.1550517250665647
29003338,9.382637330161609,14.888041839237342,8.329649899630622,3.07639943652707,10.062651422212209,3.07639943652707,0.10545589430266204
29026930,3.375400545496464,15.633666917473944,4.331861418344095,9.187594436591514,1.6465042303755557,1.6465042303755557,0.28773661824270363
29052301,1.3811706865958404,19.030138168265914,7.372934053346361,7.929507510584101,2.597648465918669,2.597648465918669,0.6751416356330207
29073142,2.296173018651753,19.987854393726547,8.334794544207709,8.268302934475503,3.556569391535237,3.556569391535237,0.41733213428914523
29098489,12.865131943016088,7.270664549428637,7.293894588836569,14.905253904751534,11.401332761075075,7.293894588836569,0.0771299516576589
29125407,3.6323790594576426,14.213270131717241,2.840337611956836,5.920562282602237,3.31303259047035,2.840337611956836,0.26792562707853995
29180843,9.368745540263184,10.511532166539087,4.663265046782186,12.692134148486167,7.790679322219242,4.663265046782186,0.1056106107982077
29187033,9.384644624166732,10.729983013442451,4.8310070372991785,12.85499625222333,7.78411546821918,4.8310070372991785,0.10543357601949735
29208295,9.685980215667145,11.81088794481193,5.8702099192148935,13.807322893885988,8.000033836173104,5.8702099192148935,0.10218700405698976
29228806,4.77415390902993,22.145451882197456,10.664435756744265,8.126758976764375,6.369412247556876,6.369412247556876,0.20516381276910137
29301481,12.688111229469035,6.452298158769962,7.243581881062906,10.503294264257548,12.104835963814091,7.243581881062906,0.07819763075688545
29482441,9.534844072973575,20.495524143902237,11.21444575751302,16.43488468952847,8.318660501444985,8.318660501444985,0.10378995159922426
29634104,7.838748083881529,18.876519436222583,9.267481926329122,14.611961860114686,6.497347322814371,6.497347322814371,0.1259644454558716
29657686,3.786426851011451,21.386844301233722,9.729238086254014,9.662064113594065,4.7705733712652805,4.7705733712652805,0.2573057562474765
29659193,3.767380702179802,14.086101684496235,2.742949132539105,5.913847753445868,3.433916043441849,2.742949132539105,0.2585729404494267
29674621,1.1372819229807294,17.264560840480172,5.618472523967296,7.926661879881522,0.6964516501336918,0.6964516501336918,0.8082232362943647
29678853,0.88500387675739,18.081753386641033,6.424640455121926,7.936577267906322,1.5502332235528533,1.5502332235528533,1.0152244306814069
29680084,3.9150879652644,20.810281273761642,9.260634414895323,10.62068949117087,4.221381744202955,4.221381744202955,0.24906054578411915
29732553,9.118419494672565,11.272201249623523,5.625971027205202,5.6183284259159185,9.11614597696676,5.6183284259159185,0.10847846537878993
29791163,3.8327359127581215,20.923660265364056,9.520899592742465,6.94536284923193,5.5264885022282595,5.5264885022282595,0.2542759092355825
29852695,8.876642483902117,12.760217662614998,6.46581213935113,4.277717729846112,9.167815158507551,4.277717729846112,0.11140022584093194
29902436,6.211774927979124,13.791852494214709,4.824438716419913,3.397637340249409,6.556483765988648,3.397637340249409,0.15843403977653805
30043315,2.1499348846060857,16.55562344413095,5.001548049903248,8.504868273856214,0.4339700115634982,0.4339700115634982,0.4444573071167249
30050870,0.49483623134287075,18.095671785161343,6.4404576381666825,7.471962982500843,1.8140950931443147,1.8140950931443147,1.6811349869231282
30069015,4.989523722785088,16.45370502242306,5.9186422533795024,11.30431995613088,3.3623063979876395,3.3623063979876395,0.19648203927670865
30103018,9.514157949028213,13.980554423836935,7.858067888325763,3.725834997874617,10.042492366833143,3.725834997874617,0.10401326931612132
30126158,5.129418770855609,20.82179217679408,9.923620295262682,5.4089662810273955,6.852074016257865,5.4089662810273955,0.19122584054143085
30174581,3.596525594672122,14.24876011977137,2.870289611507641,5.917420260304659,3.283733427642396,2.870289611507641,0.2705243002892555
30183789,1.9669583162189297,18.730875239801513,7.1255274657830325,8.997356120065243,2.0743469629421836,2.0743469629421836,0.4838026931424974
30467126,1.5756769066673206,19.265072909870625,7.612852802784562,7.875590605837903,2.8887809928996524,2.8887809928996524,0.5967737551440364
30509573,1.0303439758518778,18.64324378174265,6.985285358123197,7.796814262637679,2.2259583556038587,2.2259583556038587,0.8846864506411468
30530457,0.5170298836516682,17.401318528137672,5.743255000427711,7.365711329374781,1.2185591499026038,1.2185591499026038,1.6206670478937935
30533902,4.5084989502930295,18.649672506634918,8.082037977142946,3.4381659480961226,6.026806147317535,3.4381659480961226,0.21699039335495898
30686620,6.293064752528005,13.864979236099446,4.974859260973472,3.270599572144559,6.668400030787459,3.270599572144559,0.15641950124227522
30914894,13.179487167326386,13.733132380050227,10.035295539668121,17.920731850157562,11.444940416834433,10.035295539668121,0.07530411283204201
31018757,6.740055543209116,13.057469858676782,4.5814239347134045,3.9922925290586453,6.928748482828028,3.9922925290586453,0.1461976432330014
31071936,1.807123225525633,19.375752864930487,7.716549873582501,8.368180732266923,2.8243213484176293,2.8243213484176293,0.5243499668063579
31072759,3.8556607069454185,16.97592522095243,5.924515712149089,10.434387585509292,2.3374732858601233,2.3374732858601233,0.2528022684666009
31087353,0.2319146477053052,17.746850235595456,6.0941755946146685,7.285192986723778,1.5949086878229506,1.5949086878229506,3.0128227449843163
31089456,9.314573443350618,22.33138078309452,12.263029253020035,16.3690621048589,8.477238021062472,8.477238021062472,0.10621830144692175
31194218,1.0259775295303617,18.635876049840682,6.9778229433419625,7.799057197405099,2.2167275281265857,2.2167275281265857,0.8881171904177286
31208516,1.9871205963641716,18.747364257240754,7.14322067861483,9.016435420338915,2.091968730074913,2.091968730074913,0.4791289979802944
31219623,6.183403857162776,20.674892413149035,9.821149928178404,13.23722252560256,5.50178746536083,5.50178746536083,0.1591494073487014
31241544,6.022934674956172,19.6134900371763,9.461950047605704,3.320376730793887,7.5811341016413625,3.320376730793887,0.163320377088158
31318558,0.6326668336444673,17.40178200645197,5.7423666822271455,7.495236360301051,1.1163591587851085,1.1163591587851085,1.3648768499943569
31318559,0.6384940665214496,17.322570596370365,5.663348005793941,7.432779258986141,1.0966885135924749,1.0966885135924749,1.354107020399405
31318560,0.4570657489929687,17.49505096564273,5.837233546946835,7.379567491865288,1.2898749972644974,1.2898749972644974,1.7951202381545488
31318561,0.5856799598048649,17.317075930591884,5.6586612304885335,7.362825805463136,1.150135806347919,1.150135806347919,1.4584063391390152
31318562,0.672591050347436,17.39516799688269,5.735764679950635,7.532940221610871,1.0816623954641043,1.0816623954641043,1.2943458244181028
31318564,0.5515876751294113,17.52263098811294,5.863370575399944,7.495695316025375,1.2271329105873092,1.2271329105873092,1.5347128838822661
31318566,0.5829833357451811,17.360633776796114,5.701799664028968,7.404029402991005,1.1525147312241772,1.1525147312241772,1.464164566927438
31327477,4.27483000140374,14.334976656827104,3.7029340918323665,4.522635607658044,4.4592583943709325,3.7029340918323665,0.228580310475866
31407515,0.6864512606861124,18.05401896928106,6.39458479879683,7.7294706923762675,1.6193995090153324,1.6193995090153324,1.2715346137630759
31411427,5.307793029554257,12.47483013645372,1.4049038328775678,6.634491384237893,4.670815025841313,1.4049038328775678,0.18491831964257444
31412553,0.3561073004138952,18.05151379223732,6.405940745632698,7.237381233927801,1.927719306750378,1.927719306750378,2.1924665513850545
31460257,3.55153640315039,21.12928236098386,9.554546717831364,8.004701533436785,5.078170864320139,5.078170864320139,0.2738573273259011
31493518,12.89643510578599,15.574939104120748,10.658904904728974,18.261051137971855,11.179625377783397,10.658904904728974,0.07694417675773273
31511845,11.009161679903853,10.496097752001845,6.513604578263932,14.542636450054658,9.367902248217185,6.513604578263932,0.09001579316367055
31516196,4.100824927422863,21.736449433229556,10.07728278228155,9.773063874773175,5.138231895889091,5.138231895889091,0.2380484826853957
31598200,10.227649202759011,16.000487721924358,8.88873000417883,16.00684363413709,8.541428913967854,8.541428913967854,0.0968274561197191
31621623,4.788181728104213,22.054429553542494,10.452411571849535,11.02250225475166,5.402295418187628,5.402295418187628,0.20457504561472814
31648019,14.576228896967265,5.504769408549972,9.110112943366431,12.039513806236872,13.997386919637467,9.110112943366431,0.06813739462776044
31681782,0.44478716545410507,17.55612589414681,5.898079686938405,7.409275351599645,1.3226805242691277,1.3226805242691277,1.8355792195773446
31681784,0.5920288217340791,17.318932204352254,5.660369858373411,7.372790495231646,1.143301260444303,1.143301260444303,1.44502651998541
31682606,1.4566461982883263,16.381601307978155,4.817279261471858,6.164695625464497,1.9558570210314365,1.9558570210314365,0.6424067338484433
31693217,6.553410085216547,18.49000603146127,8.351780692444711,13.356412476645955,5.2365687570102235,5.2365687570102235,0.15029886737658577
31835900,6.016717621306717,13.891969837869178,4.748982870089082,3.398334823707884,6.369446275262021,3.398334823707884,0.16348637650308429
31906884,11.433324383573936,11.18835794714322,7.991906478154501,6.771838266576306,11.536013551234875,6.771838266576306,0.0867052695946215
31922275,0.5879130292584425,18.225994714639697,6.571781204709387,7.488674014240377,1.9405047924891599,1.9405047924891599,1.4536721321850548
32107182,4.732581072151502,16.61385960620494,6.48840574669709,2.334608856967145,5.801345131380889,2.334608856967145,0.20692875816665657
32134137,0.4485395503119636,17.559852154060973,5.901715590039331,7.415332042543813,1.3215598335213525,1.3215598335213525,1.8230226050815905
32259212,11.11935490310314,17.973067342871154,10.644074623935474,17.35926573198612,9.534828699570184,9.534828699570184,0.08913168436479461
32301460,11.9484387091743,7.504320582604542,6.77274232228402,9.466855854554618,11.47485405177345,6.77274232228402,0.08299830576708239
32332610,9.675174286889225,18.04123006435314,9.763079820404219,16.0862614540166,8.139070886834908,8.139070886834908,0.10229996628717217
32338208,19.175939335647566,3.3544897379456353,13.340331874679109,17.051110364526608,18.381715419634254,13.340331874679109,0.05187814625203091
32415241,8.494260134309876,13.473967057488226,6.630550013734787,3.544387701470538,8.912661156185829,3.544387701470538,0.11635672930213214
32607516,2.840081735638984,20.519784457164835,8.863087506412112,8.693053651493056,4.023486043511316,4.023486043511316,0.3401265984813393
32671236,13.684865560151355,8.32722726095749,9.02246743468255,9.947551476376406,13.436229958793007,9.02246743468255,0.07254332627593796
32734094,3.785697707909629,21.00613105181062,9.560703406827992,7.184805907354017,5.455441555490901,5.455441555490901,0.2573540391380485
32792238,13.301082856829506,8.342702346205702,8.630094366450185,9.663568309764063,13.043600130719264,8.630094366450185,0.07462083554616458
32851430,6.172073163141697,22.88870531124583,11.439076747692512,12.666855314338454,6.442222858542788,6.442222858542788,0.15943691567193033
32942664,3.9373722251493515,18.533820281252055,7.365214872234515,10.932415082014577,2.9750290573924594,2.9750290573924594,0.2476858570955785
32984082,2.9980541036714063,20.652742852935877,9.04210927763196,8.020711674959665,4.467653411856392,4.467653411856392,0.32278325895436477
33017346,17.2561422785986,5.308749251512259,11.800986386888287,14.302537533537443,16.69712910024929,11.800986386888287,0.05761649011330551
33041360,2.611841429275754,15.516648663126993,4.176476398004484,5.350423248891222,2.9238225555425257,2.9238225555425257,0.3687531244284692
33069007,6.289704506151484,22.173763752035203,11.290111603140161,6.413186073486458,8.02441441332204,6.413186073486458,0.15650175982900022
33098499,4.534339092736902,16.236608239584932,5.491780399381373,10.768431716225765,2.8706162323639366,2.8706162323639366,0.21578049857578074
33119826,15.130450692901395,8.564095011161049,10.53651132491623,11.01848808228997,14.925707603531679,10.53651132491623,0.06565793883342401
33160534,0.5810544870236076,17.486171627630274,5.826815210056059,7.502215806350079,1.188292202369669,1.188292202369669,1.4683113011563445
33190964,3.8921456736555173,21.093743330458267,9.657104197733087,7.200923512792908,5.563051475410873,5.563051475410873,0.2504918612061375
33296597,3.144365519707073,20.806277228791636,9.147451535105168,8.98936974681568,4.265382129987613,4.265382129987613,0.3082266760405862
33521140,3.8667362448528615,21.561694900630744,9.927399330542318,8.869216209231748,5.20204562972791,5.20204562972791,0.25209641838364605
33550216,4.009105468410839,21.703787004515238,10.069766259503222,8.959847548903607,5.340511597537706,5.340511597537706,0.24336196957892675
33658927,0.5364964575130525,17.360732373838317,5.702786902136186,7.348366888900061,1.198415077213411,1.198415077213411,1.5711006529513847
33663157,3.820186742848613,20.660774169946503,9.117840132242913,10.57192771072244,4.0828596365550265,4.0828596365550265,0.2550898887213081
33666340,13.68967486965895,13.35617514729709,10.303995009007236,18.24967293155165,11.957194473152308,10.303995009007236,0.07251802594709997
33773838,10.897276713665306,10.407000110059538,6.34929714008509,14.377916167455377,9.264143336316476,6.34929714008509,0.09093160298107184
33774034,8.521225610740299,23.648197365093214,12.77566855978713,15.416729257131742,8.214476342548508,8.214476342548508,0.1159927886302155
33798638,13.638924831950543,5.024971598894157,7.919693566100926,11.878958984109543,12.914600191741629,7.919693566100926,0.07278589935032259
33807319,1.7071087285214135,18.92727009126807,7.283513145780695,8.628154749826022,2.279507473085698,2.279507473085698,0.5533701344125572
33807444,1.6722463019836469,18.891167093333834,7.246832575402367,8.60084729536427,2.2451486521195867,2.2451486521195867,0.5642556561583545
33807802,1.8193595014949588,18.922539260085166,7.288513187539503,8.773977441477816,2.260514654054841,2.260514654054841,0.5210071376524907
33807903,1.5581359109061554,18.71991057198699,7.076304653499212,8.533291627867174,2.074055221034768,2.074055221034768,0.603086872084876
33990853,6.2999816854896595,20.882647795916817,10.016354410011303,13.349750836932404,5.66047471392867,5.66047471392867,0.15625044713287964
34086588,7.805523850041401,19.13810725558462,10.044107030733123,2.305281932952549,9.191937051986667,2.305281932952549,0.12649383127150557
34095689,6.067600454260201,22.79939279629818,11.343222564105849,12.565824829690534,6.343143952473763,6.343143952473763,0.1621376104720372
34152268,5.046912597942864,20.352911075658124,9.191047819906473,12.08379381999254,4.558913254324818,4.558913254324818,0.19429123401079
34207606,6.684299273987403,17.15368335164446,8.033500566811195,0.5096772544598842,7.8182740069318974,0.5096772544598842,0.14739915791071231
34441424,4.356763358785338,21.20661952687235,9.898674468788291,6.770294505034304,6.0703051243873505,6.0703051243873505,0.22437807877520863
34441430,4.43992995444355,21.3255140568566,10.009025112313811,6.880324120153099,6.148328909159383,6.148328909159383,0.22026771558914238
34782201,7.204939286801176,17.110482673454403,7.6545054952952345,13.59793209688492,5.64064347061312,5.64064347061312,0.1368936771051384
34787446,5.035606637342288,20.3467387387365,9.182735628683982,12.072447361507157,4.54862846489177,4.54862846489177,0.1947189632338171
34791824,7.3857966778579645,24.361854857839038,12.865172645470537,13.523746269848793,7.834834716545077,7.834834716545077,0.13358631593052386
34900080,0.8484803368848867,18.475776271588487,6.858938141254675,7.014715808702379,2.523556712260325,2.523556712260325,1.0543181140521272
34939398,0.8459098908408446,18.515381840820954,6.888564331095089,7.139410749590963,2.4769482198613715,2.4769482198613715,1.0571831520982125
35031057,7.37191783091716,18.51039753807139,9.387318030411983,1.6683416753906795,8.695236959450972,1.6683416753906795,0.13383444821384666
35038518,7.34736069049066,13.61193521449601,5.702688215507837,3.2358075059399196,7.741736225754728,3.2358075059399196,0.13427575775628456
35064768,0.6108500624022647,17.329451422786722,5.734704032061921,6.48383829641638,1.9617330498845242,1.9617330498845242,1.4067664235979311
35079780,3.922244615468068,14.668419840820455,3.877227978195459,4.535413331284092,4.181364459644574,3.877227978195459,0.2486174003824554
35115113,1.0012581677674335,18.692510947593544,7.058748145851157,7.296221662214034,2.5638229516009905,2.5638229516009905,0.9080522889807819
35115885,0.9096320269308342,18.60705399668785,6.969752836148491,7.310866204972138,2.4610956610098915,2.4610956610098915,0.9904598639168425
35116434,0.981277211933032,18.659669373566917,7.0309370715873305,7.218751072838281,2.5785395782307368,2.5785395782307368,0.9248322159793506
35121441,0.8057570710780121,18.473023328046697,6.846492518528304,7.119994572614019,2.445524386511181,2.445524386511181,1.1040487918132642
35121972,0.802820277784445,18.47605543786008,6.84785736317308,7.1409270276039365,2.434109434595838,2.434109434595838,1.1076401633933586
35125703,4.330744847792814,20.15277050823427,8.825103884419613,11.342587428422764,4.0117170830170785,4.0117170830170785,0.22569568647089946
35162584,5.146006254540871,20.54785280819327,9.373024080862178,12.169876331404078,4.7099374872361,4.7099374872361,0.19062119858023688
35218486,0.5791445737104922,17.348443946537106,5.68978336185657,7.387570400235465,1.155650298419811,1.155650298419811,1.4724405358000887
35287564,5.683347967134878,21.97709297858043,10.620050997046134,12.452200256577443,5.706676548546599,5.706676548546599,0.17291022530249187
35373849,0.9879754813840683,18.548253081305553,6.946777708611018,6.895287189303827,2.6875359108315853,2.6875359108315853,0.9191383602945259
35397847,0.9321404239303174,18.550294322542005,6.936594829877869,7.010908753822681,2.6049373215585834,2.6049373215585834,0.968860415516012
35397853,0.9302341875840409,18.45859007505477,6.861090285918544,6.827547157599687,2.645292759329319,2.645292759329319,0.9706530923275398
35485678,5.2561494824482615,16.62135204109355,6.783392455032039,1.809271128291045,6.320196696182087,1.809271128291045,0.1867012866756113
35515854,5.74172386713815,22.730054671997184,11.41476957628781,7.901025405040126,7.4112226941781945,7.4112226941781945,0.1711823466400678
35521639,9.397179270222209,11.966674633969054,5.674672452658594,13.581739742215266,7.708916054847275,5.674672452658594,0.10529442180115893
35623115,0.9945825600876516,18.574591172989777,6.969589344907522,6.9370358152166425,2.6844427866189022,2.6844427866189022,0.9135902913709153
35651969,12.044130358061627,7.352610811732072,6.82272869079618,9.613488163817202,11.552931927954376,6.82272869079618,0.08234430712744868
35737803,14.23112491480756,8.452456049214101,9.618724412196958,10.308586586729936,14.00841933075237,9.618724412196958,0.06977819298516862
35774025,0.9852475590462964,16.745006071654796,5.092587795339485,7.035992889464261,1.128039607500429,1.128039607500429,0.9214487438043988
35918507,3.5096537516681807,19.953956528996418,8.717661071569934,5.758091033101419,5.2425109343635805,5.2425109343635805,0.277034881680232
35963534,1.4050346428316618,19.106566485881014,7.464616733047968,7.595614942394573,2.8498177425429416,2.8498177425429416,0.6644365329149768
35971430,0.9896348032467556,16.744992832384753,5.09184091059534,7.0528718255413985,1.110914416432018,1.110914416432018,0.9177386744809608
36100528,2.4692151990057316,16.662273490463253,5.184797576423916,8.920666553473453,0.8243843987302131,0.8243843987302131,0.38922391568716896
36180237,11.705639689993063,9.546816960741392,6.822343790935918,14.809484936600295,10.106957808812538,6.822343790935918,0.08470527868537614
36263273,6.188456089348195,19.998642150989866,9.805358342736032,3.6674406563527726,7.7825047119835435,3.6674406563527726,0.15902154452407904
36506806,2.489849658071375,15.21435138451462,3.593585424494653,6.59132662483919,2.0140867577640416,2.0140867577640416,0.3861227994001343
36550199,12.58002135286975,7.174255478383077,7.390528082878403,9.945386214544945,12.109572417850565,7.390528082878403,0.07886422050651196
36624410,7.481332538575355,19.770645444654846,10.284303468058738,2.9551308339230697,8.967993281986356,2.9551308339230697,0.13190293327878674
36688139,2.3587237033915294,15.37369622286957,3.7885170209224603,6.33612876990175,2.1067284507930713,2.1067284507930713,0.4067150768590281
36727850,2.8467647035430845,14.973509806994674,3.489531745962214,5.962552236626789,2.671585161530205,2.671585161530205,0.33935522534175727
37314271,4.447910284839695,16.651285757180283,5.8520066434592,10.86767292758245,2.851541638914396,2.851541638914396,0.21988120639350917
37325558,7.879847375394579,15.00303225105567,6.509615167346009,13.47570888041563,6.1587142685584455,6.1587142685584455,0.12531567998198123
37721737,4.313999039683061,16.84224072897435,5.9757337990688075,10.817138439062022,2.757226592796913,2.757226592796913,0.22655192966960935
37974419,1.0325012381034864,17.479257771534645,5.960206236028311,6.026485948890408,2.495844264359706,2.495844264359706,0.8830012421660781
37990138,5.007452382750217,17.507539349025574,7.393687541520534,2.2165019658465774,6.277463251414879,2.2165019658465774,0.19579232953348233
37997584,0.3761761403597554,17.35558409220247,5.726189163105084,6.812674619431694,1.6695707266291846,1.6695707266291846,2.10006322291682
38052258,0.8639934795963562,18.454655899609975,6.845095774827522,6.934849793015082,2.560200614379253,2.560200614379253,1.0373514148858356
38074026,0.6640834299555921,17.59351280271896,6.017934817310802,6.398549673691781,2.224787999705943,2.224787999705943,1.3087576052501482
38097291,1.0156729221845506,18.639163851053265,7.0254904629547,7.044915799988011,2.675592853322944,2.675592853322944,0.8963200415780849
38135882,1.108549626829968,16.655571546294514,4.9986791135269675,7.144782075854036,0.9942908719175935,0.9942908719175935,0.8274380942245667
38540766,0.8397750686892677,17.586641045164832,6.0366600206183145,6.228115157729772,2.3784624205640332,2.3784624205640332,1.064084410533182
38597290,13.433703636371803,5.5313060526330275,7.825790810387281,11.435297243172002,12.772903690291889,7.825790810387281,0.0738896038267383
38622883,3.1288825317398308,17.706258713139928,6.391254659846063,10.002179630576078,1.9484110820962148,1.9484110820962148,0.30970467032170607
38670161,0.21700749517046933,17.590001389378592,5.9629306698949955,6.8438228722222645,1.819534708799241,1.819534708799241,3.154499547281223
38799800,4.518895387767084,16.610521939172177,5.844663630343014,10.918717369684495,2.915162134237253,2.915162134237253,0.21650198067885465
38877912,9.230734493538346,23.16778776486273,13.24952370188066,6.372398042032599,10.922368329564565,6.372398042032599,0.10717269907235201
39177450,0.23493031499333988,17.63874994681483,5.986174139474115,7.250186899391019,1.5213151821145379,1.5213151821145379,2.9856956961924603
39199324,0.7599872371928484,16.952459560813445,5.305112726229298,6.974960769703854,1.271343036088789,1.271343036088789,1.162807954294971
39225051,19.205454100907552,7.250131052731947,13.9992319647406,15.549927938669645,18.778236197623702,13.9992319647406,0.051798833364556277
39444836,0.383800362970313,17.352844595861356,5.724521550246932,6.799843968107238,1.6795410655431102,1.6795410655431102,2.0669682715003708
39577589,5.983434755172554,18.819912133249723,8.878389956109908,2.4894780751531647,7.433660983410965,2.4894780751531647,0.16438082107311686
40091044,11.888215669094595,7.4619169450017955,6.679535605728935,9.481418538008162,11.400062596853983,6.679535605728935,0.08341524940846552
40284917,9.180509013303544,24.008387740927414,13.275433403402365,16.102634074222838,8.81026305540033,8.81026305540033,0.10775271039190923
40489327,9.539590667762313,10.63279413793137,4.950731433044191,12.97762892594476,7.9398024819361686,4.950731433044191,0.10373884477733068
40610548,15.106891567824233,4.4145221169383655,9.437345170601088,12.95833450133452,14.418972038698262,9.437345170601088,0.06575965874024298
41257317,8.915113990879236,23.97294979198859,13.144798712107722,15.80477527101995,8.604469529643122,8.604469529643122,0.11092483145656497
41292632,0.2516030741861832,17.53037650817648,5.879613912260422,7.177664459901433,1.4839628130414446,1.4839628130414446,2.8441162020968944
41292656,0.3169205662085362,17.57033919630081,5.915582017502728,7.288378936389452,1.4292753535896858,1.4292753535896858,2.3985384292599705
41313257,6.812891232610274,24.251775797985424,12.629663905663651,12.428662170815617,7.588408946963071,7.588408946963071,0.14465727383105448
41316941,6.535979483811115,14.128117103736237,5.44673822849995,2.8704367497283174,7.005609682031099,2.8704367497283174,0.15069365455989764
41343517,7.364484086470813,18.477029472942277,9.360544773754818,1.634953815782455,8.683299462378608,1.634953815782455,0.13396773151576202
41369383,6.423637074953578,15.221877064852233,5.644981027938199,12.155417384373123,4.702963848593357,4.702963848593357,0.15328872353113177
41399818,0.927786013864077,16.782207563601563,5.153133203492146,6.70097596483914,1.4788032812623273,1.4788032812623273,0.9729651761268745
41430658,5.318471817088072,22.05516413427978,10.577968976999847,11.912517079067374,5.571706419210211,5.571706419210211,0.1845538804587541
41462738,10.010455580333705,11.595274034909485,6.803325651887871,5.66282924287872,10.132336620495595,5.66282924287872,0.09890751134351891
41521300,3.6782692633585006,18.278984104108968,7.065947590639599,10.646803017855126,2.660205590694134,2.660205590694134,0.2646714488292189
41530112,9.69720556719946,13.154900501738224,6.728943279362935,14.453392097305649,7.967832508109529,6.728943279362935,0.1020699211771108
41530116,9.785975212088001,13.019406532744743,6.724563486382787,14.48137110465589,8.058621853418346,6.724563486382787,0.10115339949236951
41535169,12.127687749491768,6.481020431332275,6.551006783973079,10.36427966337781,11.473661939599939,6.551006783973079,0.08178161075805719
41552896,0.7743457468652545,16.927504630271194,5.288922888515563,6.838250034456987,1.3957079277573157,1.3957079277573157,1.143712316992731
41595531,3.0683804691901075,20.65350236004137,8.995701089772982,9.190293853050214,4.047025749141098,4.047025749141098,0.3156186606135775
41685614,7.674579001216525,19.17966276366129,9.394921939747189,14.51797572925739,6.398059762322821,6.398059762322821,0.12862432806246168
41717325,3.9758428646909114,21.191254001161944,9.752077611106268,7.275609924199376,5.641180527488005,5.641180527488005,0.24534802572076936
41800927,4.468523948511449,16.036008565370494,5.261166689348957,10.605613343010091,2.778033569323113,2.778033569323113,0.21888907911401614
41839397,3.501289918350994,19.76050477140544,8.29906056918801,10.496447714482988,3.3489519728228703,3.3489519728228703,0.2776782826909679
41869751,4.800298196233598,18.650436872608875,8.206429268786476,3.194035810569204,6.299103268660277,3.194035810569204,0.2040692137406264
41947796,4.8214252583142745,20.550305693187564,9.615279198561952,5.302554291458476,6.54108529573062,5.302554291458476,0.20319317017170915
42011229,3.9916474587897324,21.169707022209234,9.743325378192326,7.204676929528976,5.664876305441813,5.664876305441813,0.24440033264639807
42116019,15.12562806262896,4.351067439617612,9.444726138968498,13.003974213794699,14.430890106975289,9.444726138968498,0.06567873560858108
42225770,3.434908314409325,17.06032058242196,5.861684578789982,10.067716599669351,1.9523425402603836,1.9523425402603836,0.2828927686536327
42278468,9.962231537063845,24.29510651353012,13.787775782422152,16.931616957236102,9.485931801877001,9.485931801877001,0.0993815334418154
42286550,4.016723303851927,17.09353476045088,6.563840809902903,3.0544522728540486,5.225195901896135,3.0544522728540486,0.24291163777374158
42305242,6.328765035755646,14.678000750104257,5.082539251296794,11.791739138899013,4.594350082756534,4.594350082756534,0.15555087088082675
42464524,3.876953464064798,16.4420863121135,5.4078267821149,10.21988532654097,2.232783244748911,2.232783244748911,0.25144875569600245
42464593,18.430204433692513,1.6762843090746697,12.466166223613456,16.92351337153076,17.51487092854816,12.466166223613456,0.05396594536117214
42542129,7.877141498759325,23.96862128535012,13.07769858737286,7.955223110170871,9.602471643950302,7.955223110170871,0.1253581875356641
42586570,2.3987221575735838,15.608516933965706,4.187404579299667,5.590550277888258,2.660469290276688,2.660469290276688,0.400204559346071
42615531,9.65769229361646,17.839451375072716,9.626699794973872,16.02014445170961,8.103373572329717,8.103373572329717,0.10248324807846276
42758714,0.8270933849913398,16.87486378392006,5.2369100837437506,6.82082571640088,1.391041668934731,1.391041668934731,1.078639990521927
42966700,9.51985961816643,11.633064252759047,5.582857089594527,13.536506402412344,7.846958335360319,5.582857089594527,0.10395162088556575
42975839,4.972425691036924,18.592018446031812,8.23685690437394,3.001373373534743,6.4501529696567,3.001373373534743,0.1971443370312984
43047912,3.5153878637118523,14.822950216156976,3.779086614384604,4.903623462382928,3.715874966165865,3.715874966165865,0.27659549616713003
43051231,1.4563262466192113,17.314376973210894,5.694939079929518,8.274501958950545,0.6487760198844095,0.6487760198844095,0.6425388006995885
43056604,3.5227162592080923,16.098625256124006,4.910079266517359,9.673949681401307,1.811042373131511,1.811042373131511,0.27603597092602417
43123763,13.763278184803973,13.604730611455611,10.470391285536428,18.398941501233715,12.02944214296031,10.470391285536428,0.07213301115865475
43256573,6.206581021943877,16.090898125042415,6.260318026332502,12.318402489810481,4.542099321259207,4.542099321259207,0.1585645211756544
43379372,5.866028674792718,23.447407160295484,11.883188233336092,9.571284153092313,7.316893140646798,7.316893140646798,0.1676156878402439
43403464,3.982487112517029,21.52455910962689,9.872706847603464,9.955149870356399,4.879716543875644,4.879716543875644,0.2449487218058741
43496785,14.443672320964517,4.271783604263836,8.445760402370892,15.092339834277489,13.186502495796502,8.445760402370892,0.06875842482771788
43660421,6.049030256201248,21.76372392516932,10.574569636980272,12.965658494557301,5.822526748148748,5.822526748148748,0.16262726939609837
43731923,0.7335266425863537,16.968876513260284,5.331611812804884,6.828480368746976,1.4242909437439095,1.4242909437439095,1.1997216992333868
43789016,0.5559616791434541,18.214864616413603,6.562475778779919,7.435680693379653,1.9618786672736002,1.9618786672736002,1.5244792977934116
43906817,4.7839456782229055,22.06621230685059,10.461080033930061,10.999771594095167,5.411643839845018,5.411643839845018,0.2047524820881842
44059758,1.9972571434709456,18.98065914915306,7.360320181229298,8.968931982976299,2.3154017055454275,2.3154017055454275,0.47681325254422885
44076331,3.5871474563415138,14.742625578639766,3.716005012932207,4.912668333027989,3.7617524932705093,3.716005012932207,0.27121236995284875
44105184,13.702116927237768,13.61164263431903,10.421829449233583,18.346819033894484,11.968208506619835,10.421829449233583,0.07245265384084318
44154406,14.05568893668396,13.88044566985057,10.83009468280243,18.749139920833812,12.321136982951359,10.83009468280243,0.07064297643674099
44244512,13.841710949163913,13.47260052204929,10.481424379864881,18.424494560663927,12.10862415635027,10.481424379864881,0.07172720791919518
44267023,7.401400869797619,17.853604436062763,8.311602568392093,13.98330643060544,5.9276270183887565,5.9276270183887565,0.13330843363220757
44299517,4.369237069354487,21.322772304928627,9.981494110830166,6.966936792360458,6.070900146827369,6.070900146827369,0.22375183604758628
44373225,4.228668477099536,16.528936180063177,5.639649190507562,10.604075016287165,2.6074424191083097,2.6074424191083097,0.23101792278397335
44385896,1.9972571434709456,18.98065914915306,7.360320181229298,8.968931982976299,2.3154017055454275,2.3154017055454275,0.47681325254422885
44404683,3.4064863811786203,15.73187363270594,4.45766260507107,9.299693692296673,1.6722881899427908,1.6722881899427908,0.2851857646924253
44449439,6.102588359701864,20.47897708748043,10.094638366360934,4.284322330280018,7.7522312666027124,4.284322330280018,0.16122301561989621
44505327,18.73770621315715,2.1536420197971293,12.80079234694653,17.066192405523,17.851883485755636,12.80079234694653,0.053085019411840725
44561631,0.9501022151730029,16.751825285935528,5.111749521572071,6.828985282472627,1.3399372575984725,1.3399372575984725,0.9522882492303394
44577918,2.773860437664794,16.8402664091305,5.44689339702767,9.328701211048147,1.2156984460899067,1.2156984460899067,0.347964009279646
44632019,12.869055467272457,6.62298323380962,7.124201455285673,14.5355962804411,11.46791984160863,7.124201455285673,0.07710661755773272
44665751,4.264687260064887,16.504991036645638,5.631773741492995,10.628314231865785,2.639495619288338,2.639495619288338,0.2291114896477448
44678181,5.133648962010397,20.463521432922022,9.303930831847092,12.165318554836704,4.665056761316195,4.665056761316195,0.1910712788073335
44995087,9.032257637058922,23.931757965373844,13.165350472787075,15.94788926527972,8.677066841188877,8.677066841188877,0.10950194790190498
45023214,8.951057723493994,14.817607105453964,7.19086316420669,14.420241065017938,7.226844365629929,7.19086316420669,0.11048432465570096
45063891,4.154759385919844,16.715241035812546,5.789350980020995,10.613505868885866,2.5705782472361682,2.5705782472361682,0.23503091697952935
45070056,3.598242307727816,20.536630313605276,8.970699582148612,10.329861633894105,3.925461370736592,3.925461370736592,0.27039872371542784
45213684,13.905431925559911,5.710773361363552,8.423669827702316,11.52841909116564,13.314084891643887,8.423669827702316,0.07140086827133123
45266904,8.07267747008552,13.753915920288165,6.466960360676437,3.1692567109895444,8.533704274885274,3.1692567109895444,0.12235892137678302
45285765,8.535374182258963,19.72690738905437,10.201320527766729,15.400608940862018,7.281262760263627,7.281262760263627,0.11580274101549193
45349080,6.7217696320848574,18.67523503615768,8.569817486068597,13.548585673826798,5.428628176829206,5.428628176829206,0.1465895293937655
45351656,16.85546916198373,3.809004556381232,11.153521076550408,14.5520314180243,16.152943363596435,11.153521076550408,0.05897802003863887
45363719,4.364416526925766,16.59162178231426,5.758718157112031,10.762473708622482,2.756312262021909,2.756312262021909,0.22399343653729556
45402516,9.253724768991605,22.546387218823174,12.371812983234992,16.30848834837494,8.476134819255881,8.476134819255881,0.10690928209851602
45492496,14.71088697140982,4.058324379057778,8.709061847076235,15.311012034047687,13.456240947725417,8.709061847076235,0.06751790098259132
45531550,12.315676816176287,7.230702808173372,7.099922448282072,9.798289806523156,11.830632786223603,7.099922448282072,0.08054333362617073
45532786,4.691130221723933,20.742703284565465,9.392689452707499,11.632692261182054,4.525125636715406,4.525125636715406,0.20871901904602846
45533156,4.1218805708168675,21.205322808743094,9.813633677095288,7.082091805727363,5.809754319026029,5.809754319026029,0.23686127147043284
45591120,13.891769664871015,4.073744449798676,7.835582554792237,14.061441542536981,12.742538796966072,7.835582554792237,0.07147058763486432
45603008,1.7150965215686953,16.302912645801303,4.656911136075595,7.684261659580958,0.5201149354279373,0.5201149354279373,0.5509348886503022
45619526,4.456804946882142,16.63245052770133,5.83801804138702,10.868370337268601,2.8568941599662216,2.8568941599662216,0.21945200895294417
45621623,8.16191218323226,23.624753999106265,13.005248774251939,7.281770103907543,9.89648337538341,7.281770103907543,0.12103735525409273
45655928,13.948876603392154,13.513410593705986,10.588848569319662,18.53340325009149,12.215654003243559,10.588848569319662,0.07118006857278156
45717828,2.936362127483616,15.69394732370781,4.237598529082008,8.702616880110707,1.2397979821573248,1.2397979821573248,0.32934148102708344
45734694,6.082469601116674,13.411641028842444,4.279889268677554,3.9297872659802042,6.287093206995186,3.9297872659802042,0.16174766145544503
45740790,16.646746683001766,4.85073654705137,11.11765217048745,13.934276648215926,16.045558555457124,11.11765217048745,0.0597130904843158
45765329,8.239556623465843,17.351159341622687,8.436191325736075,14.610881371807169,6.677260822369466,6.677260822369466,0.11991045149645009
45784291,0.5188283057185541,17.585997526001783,5.92685642053854,7.4991344343034045,1.2846590062955767,1.2846590062955767,1.615957109199857
45813359,8.483119661071829,13.324442525103526,6.510092523578852,3.667493762128346,8.871093945161938,3.667493762128346,0.11650775469616646
45829371,4.596801851244783,16.119875257131447,5.956755835690272,2.6073310224804764,5.528304695760935,2.6073310224804764,0.21291083415302525
45848676,3.8436268749870544,17.209875984639677,6.142751144104407,10.510955483263363,2.39466438666282,2.39466438666282,0.2535736852648573
45880069,4.742511738994195,19.006435806788,8.019912645906345,11.755931048087309,3.797125845525372,3.797125845525372,0.20650440389179175
45892156,1.3962290062456377,16.33644677128356,4.727558793981395,6.4678044481228865,1.652947986027211,1.652947986027211,0.6683468879601635
45893285,5.129779317543914,20.49336820888266,9.32583892773222,12.158329581583006,4.675399599073297,4.675399599073297,0.19121265722348582
45937183,9.364866770475759,11.178148612015658,5.8354573687945095,5.7539805934006125,9.364056338431542,5.7539805934006125,0.10565389077840492
45970476,7.09567706542488,20.214908756197413,9.853947853397413,14.114358141061551,6.106743858185222,6.106743858185222,0.13897232892857087
45988503,11.32026058770518,9.576565838533783,6.413640869579667,14.404366909912284,9.731261248859507,6.413640869579667,0.08756367618061008
45996344,2.6919684046994123,16.596185152051326,5.170438005045086,9.11082569310569,1.0381388675819416,1.0381388675819416,0.3581702422981615
46005799,0.5759591980726421,17.36700927118409,5.708224621968653,7.401882209544352,1.1597128131782073,1.1597128131782073,1.4793792330236697
46053732,3.7279559304233216,18.44855170981481,7.229772849129455,10.721942302316483,2.7759685392338587,2.7759685392338587,0.26123602731482154
46055359,4.341986553943464,17.76507535799026,6.827174682386092,11.147576294439393,3.032015942044416,3.032015942044416,0.22512449955802538
46154927,2.7213541641412817,20.309773961686684,8.651261896696429,8.941488397311161,3.717708915185911,3.717708915185911,0.3544397271033018
46196757,0.5756408754768967,17.4718585568222,5.812558905347511,7.486926056266684,1.1864458032562897,1.1864458032562897,1.4800762302815924
46234222,2.647287165284635,16.935309606726033,5.5122108977088695,9.251823226269716,1.1318882744077534,1.1318882744077534,0.36399543980557786
46260287,6.329434005232652,13.877047037813968,5.020266935849465,3.238545155986925,6.711963755370974,3.238545155986925,0.15553468613040297
46277556,0.39626722269948383,18.057633293649776,6.406921444148396,7.3405525578495885,1.8616427792452725,1.8616427792452725,2.0150434166504545
46447086,3.3478159335885804,15.597709600490964,4.278627614904446,9.12563814246295,1.6233297072577937,1.6233297072577937,0.29003868514499637
46449865,5.179065230135557,22.16520114858359,10.627778161221402,11.618938117069233,5.588422339547911,5.588422339547911,0.18942747558630219
46533293,7.496074557696752,19.63608733362761,10.203929933284579,2.811964308072533,8.965219824256156,2.811964308072533,0.13164694374764216
46562220,4.780535480147993,19.75396697045355,8.635863472301827,11.835844229487137,4.119201667774303,4.119201667774303,0.20489554969277202
46579429,1.1910533156326086,18.521770860279346,6.963491253812359,6.554820265490486,2.9247183336134044,2.9247183336134044,0.7745613507138593
46584746,4.7033303629266126,18.618636475310733,7.686744138779059,11.665869362966149,3.627521516384403,3.627521516384403,0.20818888655218623
46655499,0.47432688890298974,17.231920925668334,5.587693315221549,6.982112973939881,1.4269450335535145,1.4269450335535145,1.7411686956013497
46655501,0.521389785220186,17.18140499587053,5.543705443830331,6.876320363294461,1.494158080816983,1.494158080816983,1.6092958458363709
46655502,0.4949832918243238,17.21402037162681,5.5686878387846805,6.995954113995682,1.4020362666366213,1.4020362666366213,1.6807194651362787
46709631,8.310785406087735,15.15612557714803,6.941864714905745,13.94666657861851,6.595730701215074,6.595730701215074,0.11889496066279363
46711740,8.512335210565318,15.14441863317058,7.083026060014081,14.132241025911688,6.797112105998784,6.797112105998784,0.11611252645777585
46837010,5.670371124480271,19.919788354179218,9.067560935352383,12.718952017330432,4.851021385039433,4.851021385039433,0.1732990787642049
46865926,7.39791338852164,17.30518568308859,7.9094286519654995,13.831628960713264,5.852256622362235,5.852256622362235,0.13337043897184436
46891798,5.106563731594081,14.443753234713387,4.561438604986611,3.480115292631936,5.526001000021016,3.480115292631936,0.19206525677038674
46894086,16.409992984904182,7.944656418234273,11.580828717114839,12.446859086069665,16.12771391641916,11.580828717114839,0.060569377643851466
46901035,0.29175670454925184,17.95963602333783,6.310686480827674,7.270282890561165,1.8124265487388698,1.8124265487388698,2.5526046864994485
46943925,0.6882559187712304,17.01496756999196,5.37863115960022,6.825137454570546,1.4500508153130214,1.4500508153130214,1.2686235221155664
46943928,0.5992146516420211,17.106111922743846,5.462097313931839,6.95111688404949,1.3769626303045168,1.3769626303045168,1.4301759805113077
47023950,5.131153778583619,13.209460436730739,2.8717673456047974,5.157479612157553,4.991917880405379,2.8717673456047974,0.191162416997567
47028331,0.4873654783292364,17.215750014876836,5.578210515674371,6.881611105094135,1.510821448240412,1.510821448240412,1.7025174902081484
47029478,0.2482810773648727,17.75558535830804,6.102350086526508,7.302083513614951,1.590547457527555,1.590547457527555,2.8712441329459923
47034316,8.375794789513504,17.502622080044386,8.621900526212478,14.776050601572276,6.825686212188631,6.825686212188631,0.11798303579001566
47058648,2.31156015488752,16.313345975724978,4.770502194357937,8.494271759987948,0.5778991793211179,0.5778991793211179,0.4146693160331478
47069470,0.2482810773648727,17.75558535830804,6.102350086526508,7.302083513614951,1.590547457527555,1.590547457527555,2.8712441329459923
47069955,5.063439682415603,15.621259377544403,5.16116370931988,10.991918328012064,3.3481279229059018,3.3481279229059018,0.1936693486331522
47076617,1.2468852266031256,18.40549836447822,6.873094321940748,6.3499831420362405,2.9773181171972203,2.9773181171972203,0.7424537594209286
47096192,0.2482810773648727,17.75558535830804,6.102350086526508,7.302083513614951,1.590547457527555,1.590547457527555,2.8712441329459923
47178939,0.2482810773648727,17.75558535830804,6.102350086526508,7.302083513614951,1.590547457527555,1.590547457527555,2.8712441329459923
47288351,11.432796496429813,10.056620649242427,6.7544162622386095,14.773129493922237,9.808309537107016,6.7544162622386095,0.08670923832823793
47330330,2.6831089856592287,16.787888310786478,5.369171476648743,9.210994270565235,1.1011510438400076,1.1011510438400076,0.35931039896489436
47331141,5.332197078717951,16.810567188057227,6.408500749688185,11.765946965020515,3.759547996628021,3.759547996628021,0.18408757736676398
47332524,2.255646370389347,15.446519726278888,3.8166254276228386,6.649559325307197,1.8119202491608577,1.8119202491608577,0.4245119354798223
47405082,15.309085910497883,2.9731927584939988,9.25819145717977,15.418621630821246,14.13336831257212,9.25819145717977,0.06489677621426727
47461928,10.003588587962376,11.497011654186961,6.734343135790449,5.731558443269128,10.1071899755195,5.731558443269128,0.09897473469885944
47714591,17.60549912829693,2.4927544130502706,11.735497678196468,15.758441906539476,16.781701207381214,11.735497678196468,0.05647962775597779
47732580,1.0729461983389963,18.74419958590105,7.090234160613074,7.68754035774552,2.3927183579564173,2.3927183579564173,0.8525540228666032
47785836,6.362493043288726,18.73699792642986,9.007396528550334,2.1913383770518364,7.7772013218415506,2.1913383770518364,0.15473904471564517
47788298,4.395421712880993,21.0169819430437,9.783002401186545,6.40118145806203,6.12438114561748,6.12438114561748,0.22244854073081552
47810721,8.870582401665313,18.46994084132868,9.556961354187655,15.463039129312511,7.412460756682813,7.412460756682813,0.11147548232925862
47834023,2.002341528239093,18.69953998758408,7.100642874914469,9.040248348944544,2.0496689488213304,2.0496689488213304,0.47566010877290393
47843399,0.2482810773648727,17.75558535830804,6.102350086526508,7.302083513614951,1.590547457527555,1.590547457527555,2.8712441329459923
47845490,0.5440269741638748,17.52885269279587,5.8696314515230466,7.491925584027178,1.2357315531881363,1.2357315531881363,1.5527299944203063
47871995,0.2482810773648727,17.75558535830804,6.102350086526508,7.302083513614951,1.590547457527555,1.590547457527555,2.8712441329459923
47872540,10.793130583980291,10.233654340035743,6.147993487707227,14.17407590397624,9.174342784069069,6.147993487707227,0.09180097422779682
47883934,16.95751288936965,6.593324878220401,11.774034015665391,13.506169064137644,16.528962933404788,11.774034015665391,0.05862519386534987
47944926,0.7763954783255637,16.925616405885677,5.284953982759754,6.866233496333405,1.3669770706665303,1.3669770706665303,1.1410373795065607
47952458,14.009299286131448,5.360201146789736,8.44389148653961,11.797012264510734,13.375137568912278,8.44389148653961,0.0708752419039645
47963232,0.2506928054664772,17.562430356749523,5.937396885459682,6.814130749332682,1.823608436739693,1.823608436739693,2.8514984750538037
47963676,6.45071080913685,21.999509210758706,10.879255710726703,13.3773870966053,6.181408487268127,6.181408487268127,0.15265518951091728
48015175,6.833857174728594,22.767416394773246,11.557404883106114,13.626748608323101,6.74698200788943,6.74698200788943,0.14421987283566193
48017079,13.514070279821528,13.659249261166543,10.28395674550069,18.19513407230577,11.779865829139018,10.28395674550069,0.07345341837129912
48018838,3.3830967705099573,14.419781984026873,2.9681532002477495,6.041083154502044,3.0417022256639794,2.9681532002477495,0.28710083752671356
48028960,3.567779989824092,14.24545268572746,2.826276291393237,6.022939711307985,3.20796905844704,2.826276291393237,0.2726444887028135
48053587,8.843217171333855,12.741919301504327,6.420501249421511,4.280984908072432,9.129206209744442,4.280984908072432,0.11181658466321834
48100107,4.492543318045191,16.364857693563035,5.597228514039583,10.7866640716535,2.8469727478917557,2.8469727478917557,0.2177442716916274
48105328,7.945820885214875,20.023733137645365,10.108188673860925,14.89653609670784,6.804161369873951,6.804161369873951,0.12428812600559075
48122568,10.348635423244236,17.644771115745627,9.949508404540993,16.588892043288276,8.759439239360182,8.759439239360182,0.09570627737430486
48133895,3.2250635944458557,15.086799374758272,3.5988365039383337,8.441487707529692,1.6712200090728644,1.6712200090728644,0.3007461275839618
48167244,0.9022850135556587,18.328774670428178,6.66950804999622,7.885669272178773,1.8396476413670673,1.8396476413670673,0.997720195827779
48182872,5.443567803864047,14.319024577355735,4.704528800483412,3.3264744532781054,5.864919865993418,3.3264744532781054,0.18038924306165563
48225674,1.0137164206125344,18.4010517485126,6.742605752543023,7.992747404852491,1.87371764506308,1.87371764506308,0.897894635916393
48254135,7.327016033820539,20.34834914673206,10.582543750997438,3.6100359527888135,8.889982747905735,3.6100359527888135,0.1346435762958208
48264488,1.5072574964117782,16.955597188092785,5.330275850275648,8.1003185629742,0.3038353422629671,0.3038353422629671,0.622177841591974
48281109,2.3911630880330645,15.37891975128102,3.8266786666070924,6.160461262601624,2.2509482428422523,2.2509482428422523,0.4014189214683512
48349613,18.21041680119872,2.0326854991057495,12.28423908253207,16.53688059229105,17.335510077998652,12.28423908253207,0.05461372129631333
48355314,0.9610820790655296,18.56366058773566,6.953620777629691,6.980150775183716,2.641364671075109,2.641364671075109,0.9424341620025068
48366092,5.93352429127229,12.970007832908603,3.5557916328534445,4.626841400740227,5.9425713382591105,3.5557916328534445,0.16574061058253067
48398336,6.633509162968599,13.183576242402168,4.602200991363583,3.891910912766128,6.84599592671057,3.891910912766128,0.14851097337174046
48400501,12.228197325622416,11.097466514995872,8.716118079423856,7.40485451371698,12.331029563800165,7.40485451371698,0.08111485999024702
48413314,2.3465938022365753,15.431308216863075,3.7721009033469612,7.242197655348104,1.431156702726518,1.431156702726518,0.4087315185241788
48422819,10.19217224386369,16.045006240520227,8.889729628619268,15.988788210389258,8.508203860015286,8.508203860015286,0.097161218866718
48465967,4.02371085825342,16.407218159590084,5.923506163597903,3.0914096781976044,5.03137897559355,3.0914096781976044,0.24250002834183818
48472091,4.847296221110906,19.653282343726133,8.576728182179624,11.901154349178132,4.126205165247963,4.126205165247963,0.20213060938878893
48491502,5.658229326946724,17.349217269227328,7.6028116795744385,1.534338126313361,6.8685544489525645,1.534338126313361,0.17366449705646678
48547583,0.6454589937579318,17.075497774720994,5.426465079236757,7.030727060638513,1.2823600905763444,1.2823600905763444,1.3414554098527969
48547584,0.6953884100009249,17.006899626855386,5.36925744028538,6.840450818086619,1.4309119128880479,1.4309119128880479,1.257247386844419
48570953,7.113427697565269,13.321867470247653,5.221787377286522,3.5742887386401905,7.417428971434892,3.5742887386401905,0.13863034911094035
48639348,3.973791670594449,18.183977763537243,7.488459992685309,3.5502958637777526,5.441869360525392,3.5502958637777526,0.24547156086017516
48657021,0.3235689574147711,17.391352241641812,5.757382702126986,6.875824235407759,1.637213714555889,1.637213714555889,2.3608906707976023
48661410,5.667008233226062,18.66361637836815,8.611394663627324,2.5403954818224848,7.112544294796617,2.5403954818224848,0.17340013392708484
48672074,4.577762607954488,15.818131657180961,5.095237859731574,10.602743991172549,2.8680925518541605,2.8680925518541605,0.21377741536082018
48672808,4.254528802353333,21.064123288959035,9.764956658633645,6.645164790502787,5.973341227243773,5.973341227243773,0.22964597213355592
48672812,3.399726835765625,14.762213964010547,3.2468519298499796,8.282745744937586,1.9424794723419438,1.9424794723419438,0.28573658657597284
48672814,4.764976421467072,21.39776038744215,10.177286207678296,6.620301995523141,6.489501286048334,6.489501286048334,0.20555084205288754
48699580,2.4466270127134737,16.993249132775887,5.524748988268463,9.083529431432709,0.9673296723694288,0.9673296723694288,0.39267627140045264
48700024,6.9587962711620515,24.445320309419436,12.813490069889559,12.453064169646202,7.779632518978021,7.779632518978021,0.14166721372670746
48707829,3.7039933718004345,18.432998917950133,7.20929554352537,10.696935051109703,2.7505516855095062,2.7505516855095062,0.2628816357602376
48731200,2.4768426967816364,16.00773952170264,4.750707110764586,4.993950314304634,3.142712590119597,3.142712590119597,0.3880718063422948
48735115,15.073967052266292,4.643631925431574,9.44952944254174,12.81595094282462,14.41250756428026,9.44952944254174,0.0659023442291346
48748360,11.519728642683528,16.446161640321833,10.074389806857475,17.300495491998817,9.840897990652088,9.840897990652088,0.08606052953135523
48764233,6.887399457363015,11.730458164578707,3.166545572980492,5.639314911094275,6.646652744976662,3.166545572980492,0.14311476052027394
48778803,5.706855926367115,22.10552412531509,10.723047622723618,12.428929519107546,5.785756922283102,5.785756922283102,0.17221023092019783
48783147,4.8486304774089435,22.174684354829676,10.71229140517843,8.058237880327313,6.457922392741328,6.457922392741328,0.20207611066639808
48819249,10.098055034247238,16.581818253256735,9.145546319786243,16.068153751647515,8.442466017297843,8.442466017297843,0.0980579136552791
48824124,5.42814012839587,22.909309662232488,11.27210507082666,11.207954863422012,6.244307440958479,6.244307440958479,0.1808926649423005
48841953,4.551588468774904,17.660413824749543,6.813519247871967,11.313283670339665,3.193233389736169,3.193233389736169,0.21498032483156698
48887124,12.321161239994275,6.810954650272852,6.543184283571252,13.950638146511814,10.941311462619778,6.543184283571252,0.08050777062454918
48899534,7.3641686753103235,13.822705286274882,5.898341134834221,3.020576595896781,7.809341012700839,3.020576595896781,0.1339733925504336
48899543,1.4900162072429428,18.53787386691261,6.8980000531744805,8.510719303340862,1.8858765774134982,1.8858765774134982,0.6289244068360664
48899545,7.3619085115581555,24.670474497357265,13.08308999887669,13.113913628049765,8.032006252663592,8.032006252663592,0.13401397222319808
48900848,20.362797109798702,7.261267364098703,15.036259369061343,16.834527185245573,19.881727550733792,15.036259369061343,0.04886917436722986
48901952,6.576919259035221,23.353810113844244,12.142457997652038,8.091747971642738,8.263398138723192,8.091747971642738,0.14976967089227536
48903100,5.266967036009957,14.697157221774884,4.971580615580627,3.0663898841689408,5.794931277127127,3.0663898841689408,0.18632497522165606
48969877,10.233489287886991,15.960308642556452,8.869026429169953,15.999419592588719,8.545474736902142,8.545474736902142,0.09677273301789832
48971919,0.2543160761604454,17.484646965253077,5.853573288339012,6.863287456559711,1.7188082558453375,1.7188082558453375,2.822338774002365
48972465,8.619854792548544,22.842506704939407,12.285981067965182,15.641760024651706,8.042780308697692,8.042780308697692,0.11468080877385012
48974282,6.467599443406831,13.407445608576236,4.66879165880717,3.7088892654116727,6.7264259742632895,3.7088892654116727,0.1522626354754161
48974582,4.647382770339392,16.160955622086345,5.472321085067488,10.843885445006075,2.975671264106906,2.975671264106906,0.2106423788382477
49037064,6.295749464595204,20.729770690261194,10.349199461196484,4.480224807163628,7.95744790693201,4.480224807163628,0.15635384180316567
49070464,3.6694427873022453,16.294919435178347,5.174932220600219,9.937299837254884,1.9921839418221867,1.9921839418221867,0.26529119990058014
49086595,3.9198465367803443,15.843297770105869,4.802296783053631,9.936491593576035,2.1964690620666034,2.1964690620666034,0.24876571551931434
49093110,7.244921253146186,11.432442342729411,3.3296102617519785,5.807872178402819,6.986991812674663,3.3296102617519785,0.1361484984705114
49152916,6.952902428287558,20.723930458854177,10.646392028376605,4.1594443088047175,8.576827566742306,4.1594443088047175,0.1417855996404022
49154831,7.704612605182187,11.003503197068508,3.518894010655808,6.119617745614813,7.4086434646241,3.518894010655808,0.1281293576744616
49155406,7.507819715108622,14.241253715712974,5.621527201203979,12.772786515439547,5.77307610202958,5.621527201203979,0.13144370364272262
49198441,4.692439326260546,15.751405327000706,5.087298625869413,10.68385926399951,2.9797381121095032,2.9797381121095032,0.20866200527994624
49232318,8.317845750678734,18.0578802765115,8.965982336531162,14.8664779101551,6.833218112284987,6.833218112284987,0.11879523925932828
49243841,5.812798830141075,17.40586362921884,7.730762249762085,1.4201545582662238,7.0280011337385,1.4201545582662238,0.16912464447503295
49338161,13.446987327292204,5.449725493509138,7.816601088434648,11.499422504548534,12.77381335521487,7.816601088434648,0.0738171503257678
49361421,1.4172009716673826,18.66392664917655,7.013786361917737,8.381844195041898,2.04169950669398,2.04169950669398,0.659108462671899
49401018,6.107084407081564,13.675613269837207,4.600979627272815,3.594757392840221,6.402639786337591,3.594757392840221,0.16110623513659905
49402207,6.676960829093608,21.712319509517783,10.752467371225151,13.678586963216654,6.227511938463022,6.227511938463022,0.14755876936856166
49443439,14.7302191963933,4.3306636663565445,8.75907862532216,15.496541150060375,13.44437479875559,8.75907862532216,0.0674298866899553
49463884,10.91548847423244,10.192518767709723,6.261275375053146,14.286111659669139,9.29583592493448,6.261275375053146,0.09078126697142953
49468364,0.6847269415164712,17.01778950812117,5.380494318874945,6.837990536177526,1.438820251752218,1.438820251752218,1.2743286194144392
49484290,14.914391125949463,4.312486124209387,8.952720609294614,15.710758959402176,13.61888525770307,8.952720609294614,0.0666027674123724
49503229,6.38600705356983,19.117974136408495,9.28819530185655,2.5844913349604113,7.854789929020628,2.5844913349604113,0.15417806236421075
49503489,6.517861714186043,19.244808019374247,8.899774392763613,13.45811551057561,5.370027055689744,5.370027055689744,0.15110620970764635
49506016,13.699674374894304,4.910590668287017,7.959713577815968,11.98466634302315,12.962639153906423,7.959713577815968,0.07246547801296647
49516666,0.4937945025996014,17.22119144327202,5.589538236192424,6.809192803042822,1.5830056085256683,1.5830056085256683,1.684084301255825
49544765,2.6787444100342452,16.8169176404707,5.398155753469289,9.222144446781543,1.1090796216402592,1.1090796216402592,0.359874768038733
49595881,7.395691463220215,19.518588363496292,10.074270476875133,2.7016238611177443,8.856110971130404,2.7016238611177443,0.13340997357038908
49630964,0.18103195607736836,17.77319173769675,6.12303428786669,7.235818966814054,1.657254343276419,1.657254343276419,3.55831420012854
49635615,1.8318118208349954,19.517459910968107,7.863662683153633,8.04264118121386,3.104014245603138,3.104014245603138,0.517648763308512
49635989,0.9775810490547516,17.002310497411564,5.343679921360246,7.515685160343967,0.7778370112136602,0.7778370112136602,0.9280044418720936
49640482,3.450881070784361,14.37918248535325,2.964987081803214,5.951859714888118,3.1435782121671334,2.964987081803214,0.2816202458110229
49660095,3.9946447622293,15.289285984649766,4.21776849650875,9.644455747009227,2.2657564236886674,2.2657564236886674,0.24422143020181247
49669522,0.302791649864087,17.583059514108612,5.928621189682041,7.282846427753551,1.4451009020481633,1.4451009020481633,2.4826731148409547
49674862,9.35244225976392,25.32184441879734,14.192194369492434,15.930166579810423,9.377394791654767,9.377394791654767,0.10579276471824495
49690346,14.763881744776908,4.309982977603893,8.792568814939575,15.526423642228215,13.477951756476797,8.792568814939575,0.06727717679477603
49729529,3.3038904779966596,16.590657147623556,5.348368596096609,9.72656218689861,1.6767678262598866,1.6767678262598866,0.2937814851753234
49753340,6.897005492928182,15.041138588104381,6.532711453294023,1.8187142777437346,7.602640760183827,1.8187142777437346,0.1429182814006209
49757688,14.548840179627833,5.940321606691869,9.192730513895716,11.79157379347723,14.023698173149997,9.192730513895716,0.06826479009517093
49789328,4.394805529435824,21.683850057084456,10.073003422604753,10.678482950182584,5.02506343033327,5.02506343033327,0.22247903573383684
49790599,5.4697453978954504,16.32623803900533,6.049345460529859,11.71103675268645,3.827629150448426,3.827629150448426,0.17954142039918985
49823114,7.825893754401963,18.940637802857477,9.305295662676565,14.612677406733548,6.496022757560203,6.496022757560203,0.1261687364210011
49838245,4.596087638976464,17.427370335330597,6.625270975565806,11.286046831102949,3.172000721509214,3.172000721509214,0.21294321504995486
49862390,6.415542463756843,18.95544657723709,9.18872821129511,2.3960622282940243,7.8593159415414835,2.3960622282940243,0.15347916241242682
49900559,4.539409627905783,15.485155128840173,4.727487543525976,10.375469453298216,2.8087366215467697,2.8087366215467697,0.2155446662836274
49919136,6.933528213820265,24.39688492730005,12.76994075623056,12.481178389493374,7.731999544747118,7.731999544747118,0.14217615535188838
49987126,4.093650969365537,21.162018009431286,9.774418200357154,7.037101424441211,5.784713798371174,5.784713798371174,0.23845570537580796
49988121,2.9885838450759454,15.322785906596604,3.8054834324833244,8.372143172223216,1.4199275379313994,1.4199275379313994,0.32377298145694694
50042645,6.634752371866612,12.741020234295483,4.1150799554300335,4.427547402905101,6.707232988130289,4.1150799554300335,0.14848355882798983
50052704,6.643576042358061,12.919630349639986,4.3274974631075755,4.202253789217877,6.775638772410274,4.202253789217877,0.14828927466951566
50152209,5.574720935654473,21.275692771797733,10.061098439394387,12.527663597336414,5.308284652117407,5.308284652117407,0.1762201192514974
50168861,3.244351558199871,15.799086526849058,4.470897413209173,9.164783752353115,1.5106062760489956,1.5106062760489956,0.29901162679747084
50179678,6.267517018678662,18.991063908226444,8.600485500344687,13.18578097527323,5.087970445555793,5.087970445555793,0.15704708712463125
50191232,2.2675578214697447,19.167900781022443,7.743479426877475,6.088421555645947,4.002001160705498,4.002001160705498,0.4223761679362977
50196441,1.191097477548512,16.579955257497904,4.922262990387541,7.163885003944813,0.9622518677550047,0.9622518677550047,0.7745348568868424
50232242,11.551600814474062,9.746103221653678,6.742300529937268,14.744486372726392,9.943871195136921,6.742300529937268,0.08582511673054934
50248402,17.12380900081137,4.003240311473553,11.451056658689733,14.7082425809096,16.440497125677368,11.451056658689733,0.058059166816869165
50269559,10.151108120663581,16.46263409847771,9.110725407784047,16.080262908404027,8.488262630659499,8.488262630659499,0.09755042949788607
50289737,5.858160827621687,23.339637689417543,11.70432102787623,11.554744250751552,6.674101950459819,6.674101950459819,0.16783702705104203
50323786,5.719609706413391,22.727114313961405,11.403915892801264,7.924833227151327,7.386210405889197,7.386210405889197,0.1718328290809552
50374934,4.532956048158214,17.214125263346567,6.40873422090653,11.15856807545369,3.0581413078570483,3.0581413078570483,0.21584491404738024
50378909,1.0229106977374216,18.576740959788864,6.977222097471618,6.888796519569579,2.722388796583133,2.722388796583133,0.8905427671273617
50382189,0.7994947526967595,18.225942188124876,6.566518564031139,7.804932769832274,1.7655269224391628,1.7655269224391628,1.1117352235818136
50422282,4.494789149160894,21.740398230844583,10.138621616804912,10.808843713084034,5.088321461006703,5.088321461006703,0.21763784311683188
50431419,4.740087228868819,22.04343946401971,10.433846310425873,10.93811556431361,5.3856814219558125,5.3856814219558125,0.20660784665934853
50444628,2.291083605321091,17.133423833919057,5.635286550052501,9.00004577174673,0.9143325976367589,0.9143325976367589,0.41822042431917106
50451684,1.5123486496803935,16.20713927781921,4.592226614872275,6.511045731366846,1.621280456228628,1.621280456228628,0.6202132523869599
50454057,1.093687570091915,17.965866240234575,6.446288670646032,6.141618492182542,2.7560018819303362,2.7560018819303362,0.8377401466306623
50459172,5.386905393152557,19.62869425040074,8.74082370268665,12.427895767458256,4.528967505021234,4.528967505021234,0.1822520944589205
50468375,6.324537576469026,12.999488787381246,4.059299765959097,4.287862413517637,6.42901001077254,4.059299765959097,0.15565322610341203
50487663,9.276050936798478,24.165468318436787,13.415647681721273,16.18223699225584,8.929024385797256,8.929024385797256,0.10665471068158013
50487679,9.27072288280263,24.111077280637,13.37854680123047,16.18648295061952,8.908461158773745,8.908461158773745,0.10671535296761613
50487811,6.6749168010392035,24.308487932484955,12.718168618950347,10.438484216368796,8.057813115992571,8.057813115992571,0.1476032886258633
50587814,11.828428099852465,7.927014657726869,6.81953544877045,9.10806625765575,11.419497323717943,6.81953544877045,0.08383334263567958
50593994,1.7208044476069269,19.39788445092422,7.742725485479287,8.025617135697592,2.9740257338973715,2.9740257338973715,0.5492077973086535
50672066,3.1304911326647598,17.90529392579467,6.577767939549744,10.055850572925577,2.0514431916860354,2.0514431916860354,0.3095504550031445
50704896,4.185235496768593,14.831508976427125,4.298510144440854,4.012325554417108,4.6023195062047755,4.012325554417108,0.2333594036439956
50730302,8.631289057016824,14.77866745422506,6.916845770167798,14.102352493818126,6.905754705961481,6.905754705961481,0.11453062582968306
50749508,5.51296815066811,19.75935651906187,8.887377258392206,12.557809873208628,4.673008943487484,4.673008943487484,0.17815885876369536
50775740,1.1898806520096263,18.8560833885424,7.232616683489756,7.237267885641089,2.7824668022343726,2.7824668022343726,0.775265524327391
50787381,9.879707673637231,14.027173693496033,8.192642895424473,3.9673461906739766,10.4159423083781,3.9673461906739766,0.10020333587943035
50792341,1.5737125616582206,18.711987116304492,7.069917235505893,8.555222839098333,2.0626756001738196,2.0626756001738196,0.5974741559024066
50792460,16.692292600426864,5.650678088159651,11.316744418701507,13.642433572916316,16.171203503202964,11.316744418701507,0.059551130021077626
50803225,16.356641836048148,2.43297559339776,10.454324922062748,14.777717352020652,15.503866570989898,10.454324922062748,0.06076573884044238
50852923,4.539926527981107,15.582670099497875,4.8312372118263855,10.43329404516581,2.8134876337666594,2.8134876337666594,0.2155206540382684
50897156,9.32638276649446,13.230893494883324,6.443993259439726,14.121062593279243,7.5969948225282184,6.443993259439726,0.10608523171310665
50999191,3.082001357957112,15.811096724093057,4.425004008166912,8.984808219146501,1.352456396669257,1.352456396669257,0.3142676220107001
51065737,0.5951249227614405,17.45513778651288,5.795771370601575,7.495390885484149,1.164722742903118,1.164722742903118,1.4385903414704488
51070134,12.42613793468628,7.7603316045970105,7.4473915558361865,9.481718096461735,12.038811801755473,7.4473915558361865,0.0798330662822168
51083596,1.0056404561553736,18.330071986859593,6.672508885719433,8.013588885645266,1.7883070924141866,1.7883070924141866,0.9044531560262226
51125182,1.0447572560245035,18.61505203555309,7.012918715240331,6.926522473527331,2.735116903313521,2.735116903313521,0.8735476405476437
51125183,0.8809197675279793,18.438718899562858,6.835171500326811,6.873399814839082,2.5898658622739954,2.5898658622739954,1.0194513691166658
51144414,0.1624929851380441,17.69612103931404,6.046204074913221,7.207434033904306,1.6073977152551688,1.6073977152551688,3.8096256152296935
51149286,0.9782941240603231,18.305227512686134,6.647396530624433,7.990045764139109,1.7703686545606487,1.7703686545606487,0.9273907533080991
51213408,3.6353082740813543,14.19256618047088,2.7994651523741325,5.979935173414409,3.2872683974044117,2.7994651523741325,0.2677155208149281
51214506,8.558184052012173,17.61252845578227,8.805707888832382,14.970613847975677,7.014373809258092,7.014373809258092,0.11549766024754334
51252799,4.051522458807398,21.158163148435204,9.75685627955146,7.0904526550317755,5.737094247952894,5.737094247952894,0.2408754884316027
51309707,0.9596755437333718,16.82550646454888,5.168012114217194,7.200561397450816,0.9900314494400485,0.9900314494400485,0.943685079752688
51309708,0.9831307130708283,16.807839105837207,5.1499673778640895,7.214052860036224,0.9694931834454228,0.9694931834454228,0.923249602224702
51410351,3.6158414348829937,18.228439946222576,7.386845532968798,3.908140831889891,5.117527695338031,3.908140831889891,0.26911804971341263
51469099,12.683143300033683,5.998984814871632,7.068760584124988,10.866345109235235,12.013732628149445,7.068760584124988,0.0782280208027837
51482414,1.675359781951413,18.78330061854171,7.14533054952623,8.651755776620774,2.126228174466424,2.126228174466424,0.5632661109968568
51488337,3.9484679215467464,16.229809727658658,5.2213753279576025,10.183935621173347,2.2698556774911203,2.2698556774911203,0.24700702077390868
51517166,9.448751742546982,14.052234177358624,7.085326005983416,14.590189211547898,7.71441849690141,7.085326005983416,0.10472573033229425
51534720,3.3672911552535134,17.058132163724217,5.838019474603024,10.002393204737508,1.8859845230055428,1.8859845230055428,0.28840958408838446
51553495,1.7943327240504352,18.68595390388361,7.064752654336283,8.816662855461328,2.0203734786551024,2.0203734786551024,0.5278903686263806
51559316,0.31650931755975004,17.991417344678318,6.342856815147081,7.273031466462637,1.8420722147002255,1.8420722147002255,2.4009066732499824
51562372,2.085105586387248,19.78311835956321,8.145775655670704,7.854699750555799,3.5005012333692775,3.5005012333692775,0.4576437890369195
51562902,5.221682888657382,16.71204594032611,6.267177796425894,11.625971922349175,3.6341026511209167,3.6341026511209167,0.18791048262785384
51562918,4.731069975262244,13.383242647000703,2.622686973600271,5.465213618689309,4.501716720707417,2.622686973600271,0.20699348283518026
51653656,6.785615130019518,22.791188779059272,11.558255580279958,13.55782577599907,6.727690238529988,6.727690238529988,0.1452303071137764
51669500,2.503698709139298,17.040151711361265,5.585477064675359,9.162544890657426,1.0483370474977314,1.0483370474977314,0.38406901554695205
51691471,6.438905362938333,23.90466045165847,12.275029600052468,12.063811481769829,7.23915155033778,7.23915155033778,0.15293079567535423
51706509,4.977809142740454,22.314608360631947,10.84990846351885,8.170216174153401,6.579949202119026,6.579949202119026,0.19693532621832807
51707443,5.7525160508936475,13.623376075814342,4.190378739442495,3.907669864328503,5.9757456637918835,3.907669864328503,0.17086668217634457
51713535,14.040588683203518,5.87557011186056,8.621408078619753,11.506182258937148,13.481252327790811,8.621408078619753,0.07071841366744658
51730225,16.50045760253678,6.001749823013651,11.201657107338098,13.324147085487454,16.015586144174158,11.201657107338098,0.060239303273614944
51752014,10.962853360793417,10.874815357353759,6.655869124361113,14.68040225192448,9.301470691036066,6.655869124361113,0.09039259288602565
51771518,5.071944908383413,17.22311859657504,7.191746482483193,2.0477376225807373,6.278126180192783,2.0477376225807373,0.1933508607910846
51796389,6.667052026161309,24.283671618154763,12.703110481459905,10.34391855293917,8.068619727028274,8.068619727028274,0.14777483550207934
51805099,6.440360016861869,23.1756810257804,11.72762178950542,12.88908201056134,6.7290873515269025,6.7290873515269025,0.15289678204592325
51875440,9.136019635499201,22.033517249453826,11.990669045897407,16.187091264211805,8.260421697963448,8.260421697963448,0.1082717490288175
51957729,0.22968883601441425,17.92742020318047,6.283349919448982,7.1708287879603505,1.8540958310103126,1.8540958310103126,3.033163063963377
51957993,0.22968883601441425,17.92742020318047,6.283349919448982,7.1708287879603505,1.8540958310103126,1.8540958310103126,3.033163063963377
51968754,2.6098723203862826,16.309252858736237,4.839067973777319,8.831890401142674,0.8824884338866623,0.8824884338866623,0.36902107618762403
52011289,1.0216018247109888,16.712929892035323,5.059644953670914,7.050439128128641,1.1041600238583114,1.1041600238583114,0.8915820017123074
52011291,0.9318883885632386,16.82610011267052,5.170554309736792,7.13152465145347,1.0596574675670616,1.0596574675670616,0.9690970565066259
52056409,13.074707582334288,8.82929782869932,8.580238743524463,9.242557027782842,12.876915131049769,8.580238743524463,0.07590301293220965
52075715,3.002400043740364,15.562771358015523,4.104428858823054,8.660227448354853,1.3285795891113328,1.3285795891113328,0.3223310939598764
52090223,3.2644869772235667,16.112717545681303,4.828528911171778,9.409232664761928,1.5443276889775928,1.5443276889775928,0.29722213424205834
52091373,6.847949385867743,21.02481444950083,10.793642095607284,4.561599856981354,8.505035145871569,4.561599856981354,0.14392735819780417
52101450,5.9256126666762885,16.507920604226097,6.455179690622513,12.212680941367715,4.30581011514161,4.30581011514161,0.16595822787122447
52102809,10.751932601136275,9.897193413809394,5.930882569145315,13.944021646392375,9.159331803975327,5.930882569145315,0.09214948495858635
52124988,5.525800042213923,19.744901175284852,8.88086407986623,12.569497907462857,4.678232254069356,4.678232254069356,0.17775249608879978
52127768,14.13954488164057,5.506147355654544,8.629927897400231,11.777320897001863,13.535590361398732,8.629927897400231,0.07022696359413334
52142496,5.895054932837651,19.613871557692196,9.403477704102487,3.395902988716439,7.461503896632884,3.395902988716439,0.16680414294830626
52143097,0.52799334243834,17.653445901666867,6.060747460902505,6.540720639363479,2.1405748877378774,2.1405748877378774,1.592373568989206
52149843,0.8643333073826451,17.918009933667953,6.36385821708357,6.336133672879103,2.5408317185093807,2.5408317185093807,1.0369858557661562
52155553,14.665861636613219,4.677042206531085,9.010463741799825,12.552709586736402,13.984556983661223,9.010463741799825,0.0677237823711157
52155554,14.692484234048703,4.779409994557785,9.063226494186878,12.509200504865275,14.026518831694576,9.063226494186878,0.0676018972998628
52155555,0.06227406476120307,17.749956960303845,6.111309965053024,7.033409909267515,1.7957771935746432,1.7957771935746432,6.162414193984514
52226257,5.131221644740604,21.73388636569921,10.281925881642717,11.824510757287598,5.296966523481859,5.296966523481859,0.19115993699203815
52232865,17.10820105782234,2.91688781212856,11.095437033056207,17.439172543235493,15.8534917802568,11.095437033056207,0.058111826834184366
52333380,0.5240963938295962,18.06230789666922,6.405051987278344,7.536060087838473,1.73924562447479,1.73924562447479,1.602316581039308
52349393,1.2583840063320246,17.2763253907807,5.638747122423139,8.056984385193225,0.6509295931849685,0.6509295931849685,0.7361688560367029
52353435,7.61192974790231,17.79453863340344,8.38466428510554,14.159821734185096,6.121593199678038,6.121593199678038,0.12966923100823188
52367944,3.3776907612718867,20.757991815291774,9.122274281243282,9.770568577768634,4.093755861044935,4.093755861044935,0.2875471307386378
52368270,3.3776648784294987,20.757962796131288,9.122245414683798,9.770552851173768,4.0937268007315,4.0937268007315,0.2875492708347437
52370777,3.5553067056030554,15.74109354689386,4.529715622363892,9.47440740363626,1.8207133608633013,1.8207133608633013,0.27357485446218366
52385221,5.24883799148714,20.505643173166412,9.372724081729494,12.282936472467716,4.760898304912616,4.760898304912616,0.1869564943996312
52398541,13.51171634432798,14.95554707605128,10.852621068527268,18.612933903279938,11.782489264891101,10.852621068527268,0.07346612100219833
52407559,0.34771999051505553,18.02438783757975,6.375696487717922,7.2866882312734695,1.8654138221053493,1.8654138221053493,2.233538866222175
52408697,0.7994947526967595,18.225942188124876,6.566518564031139,7.804932769832274,1.7655269224391628,1.7655269224391628,1.1117352235818136
52419566,9.20503194951906,21.87571154566175,11.922222040634892,16.249312577111265,8.284566840289164,8.284566840289164,0.10746873362983841
52422900,13.819395960160215,5.803833319045161,8.353230712454499,11.426537187423822,13.235238089652583,8.353230712454499,0.07184219795615972
52436930,4.108966631442023,20.058122224599895,8.690268285289534,11.115109173691224,3.8348794331344402,3.8348794331344402,0.23758800854579185
52458524,5.155212964800489,19.28754476214772,8.389904113099709,12.17830698021871,4.227339945903964,4.227339945903964,0.19028724557844146
52465101,7.724582734402034,17.04533560745028,7.911315463855402,14.053833624515033,6.142199768779527,6.142199768779527,0.12780234217517306
52474452,14.718051177346954,4.718179507957653,9.077494772734566,12.558601859991207,14.045668193169028,9.077494772734566,0.06748525754376841
52474453,0.2603181683118089,17.95932572472044,6.320108910111401,7.105699074441473,1.9343619744341864,1.9343619744341864,2.775324943189179
52492240,3.8585579038668767,16.63526459508168,5.593572826758786,10.292772510206817,2.2544033271573425,2.2544033271573425,0.25261724705937993
52538189,15.992894923249718,3.336768585207058,9.988335451000149,16.465096866612754,14.733572463194884,9.988335451000149,0.062139223848114516
52546451,5.67737173382145,22.025679762961406,10.654708687890968,12.424483131840992,5.7285215383266666,5.7285215383266666,0.173089087230769
52547772,5.06828044042078,20.562893381432282,9.719889627833917,5.112447265119795,6.778721275613204,5.112447265119795,0.1934879524297997
52550992,0.9215161387994522,18.61756084445075,6.981131482051811,7.30265632835362,2.4778100749030134,2.4778100749030134,0.9789370544603051
52608720,8.363191203860593,12.567280224047758,5.815219896097535,4.310241527525457,8.584940167627817,4.310241527525457,0.11815873893335144
52610201,11.775332766698684,6.226692318215623,5.947817328466016,10.73481816860929,10.97268408236029,5.947817328466016,0.08420816659590734
52617199,8.626239178610076,22.45124979102771,12.032617327532423,15.672876898253081,7.941495829996997,7.941495829996997,0.11459690475264753
52617860,14.10452792530464,5.528123060790197,8.596696943516372,11.745065457585527,13.501263477729337,8.596696943516372,0.07040008687782938
52668715,14.469290374639698,4.971442799172397,8.861186679423184,12.272877660480832,13.814258639373664,8.861186679423184,0.06863752278152602
52674349,1.2288921501900971,17.288837598383658,5.649325524981068,8.0347463608084,0.6721873949576784,0.6721873949576784,0.7525065144353141
52705474,7.940414426920088,23.15615105472566,12.62456300167654,6.7603788123482556,9.671123426646991,6.7603788123482556,0.12437169863432695
52718800,14.503180431336867,4.8404317426997325,8.867535277532244,12.368235557233168,13.832644851873374,8.867535277532244,0.06847823353973678
52736029,2.039236488753269,16.932842186678137,5.63730396809684,5.035578166641369,3.201081777531011,3.201081777531011,0.46745649920303695
52794539,4.589571989044006,21.702665290136284,10.127556491658769,11.018944274211695,5.077677290041303,5.077677290041303,0.2132390764735558
52837228,11.402053895235058,17.285093171744922,10.449757005409225,17.431547832331372,9.766602136258108,9.766602136258108,0.08694099411360512
52854417,11.888156857222254,9.050165236866853,7.409664320125574,8.366676135962537,11.67300631546572,7.409664320125574,0.0834156586295875
52887058,7.761543372993438,16.960667926681552,7.872500620544918,14.062130517706537,6.169800446113382,6.169800446113382,0.12720148608926776
52899477,9.85777560179271,11.541030899235995,6.611983915181446,5.632904965184816,9.96203874749119,5.632904965184816,0.10042403444198611
52903285,5.123098374883083,20.473539578533284,9.308406054357846,12.153209039764162,4.662327758280587,4.662327758280587,0.1914572401716222
52903885,18.180432714672857,4.596591821551099,12.569047762142855,15.487454695639093,17.537492740900632,12.569047762142855,0.054703300277861924
52925881,0.7843457373130364,16.938049262338392,5.3132486209701595,6.679967135308893,1.5582167118186192,1.5582167118186192,1.1307794653235548
52931930,2.5898718556937323,20.28756475051029,8.65053409366016,8.124595432472661,3.971912860021234,3.971912860021234,0.37176492176877124
52934930,18.564593789746343,1.6411760153341326,12.591819757481542,17.094157959992668,17.638898040064696,12.591819757481542,0.0535773781773576
52952113,6.570524625066542,23.336142491914575,12.12913063656543,8.065854553206401,8.258480723964656,8.065854553206401,0.1499132461399203
52954755,8.344614043027887,16.73435917941563,8.075233920104166,14.525401233940169,6.722854172546385,6.722854172546385,0.1184186743058587
52962331,3.5560691790631997,14.892597145298122,3.9108634742577504,4.744985817653574,3.8232817943117037,3.8232817943117037,0.2735178004088619
52971784,13.96691816811859,13.730254907824978,10.693694874296368,18.621345962201236,12.232727404874993,10.693694874296368,0.07108877637935013
52991459,6.763007997235236,22.675357918980996,11.468291927576677,13.56876968987963,6.663437290131577,6.663437290131577,0.14570870388069637
53023564,3.9976732713500067,15.655661353841555,4.63411528953602,9.902134835877783,2.26568983266532,2.26568983266532,0.2440409309819236
53030063,8.001381754449175,13.801701618338088,6.44137422114302,3.10832430792924,8.469878791475542,3.10832430792924,0.1234357335957922
53032790,9.241040845858599,24.04373378521904,13.323080285083835,16.165022756111096,8.865978397949704,8.865978397949704,0.10705445105117546
53092220,7.666204447436611,19.470614875605346,9.593229242662849,14.558603483879253,6.44470615157321,6.44470615157321,0.12876302790741875
53093098,0.2240714982801914,17.826707186905733,6.175656429680843,7.271945095487346,1.6811702563786464,1.6811702563786464,3.0857388116723623
53125580,7.802405187338289,17.491043862700998,8.2761626824738,14.252359940086903,6.267544560052363,6.267544560052363,0.1265437517178011
53179175,4.021019065873598,18.111911192518004,7.022904506443686,10.933706913812468,2.870354611739853,2.870354611739853,0.24265842599008072
53204369,6.747793240297781,17.16297161697009,7.437739595514702,13.194255383792656,5.200601199758909,5.200601199758909,0.14603244649900007
53273299,15.242960763469249,4.623169545427463,9.336085566938374,16.24464288132809,13.903905427618344,9.336085566938374,0.06517646857189033
53273726,5.217465603516443,22.354455376019263,10.784658400439122,11.515720458838258,5.735121597034649,5.735121597034649,0.1880595145436765
53281129,4.941803801374557,19.821670068106283,8.740931402391627,11.997098536113244,4.263070419740577,4.263070419740577,0.19834171248936106
53289644,0.21704934700818435,17.709439670825898,6.057195352931386,7.263281250084412,1.5763672150983647,1.5763672150983647,3.154083140168669
53310406,9.945640457228542,17.098425220204987,9.355550508092588,16.08043505141296,8.325141122368715,8.325141122368715,0.09954566901510296
53310825,5.5662931679868,13.508826772069924,3.852275182463968,4.213662806433681,5.708609622263631,3.852275182463968,0.176482220448769
53311173,5.16265217408697,22.696568595812547,11.04968814473252,10.881512806446048,6.038715158994311,6.038715158994311,0.19001825826984137
53312296,0.7416457894428157,18.1268907757011,6.467477437356041,7.772685945971657,1.6748363372898858,1.6748363372898858,1.188148283450711
53395590,0.7026734574794091,17.895401550589025,6.236413827759929,7.756689107489367,1.437142933518755,1.437142933518755,1.2458366359095072
53395592,0.1502257484159514,17.795398423075344,6.162156184716125,6.974435600680741,1.8849630814489886,1.8849630814489886,3.996391283992467
53430884,3.885647699866415,21.457312546436818,9.887397295242979,8.181053200196386,5.403657332693191,5.403657332693191,0.25090024891901924
53449213,8.038059456931721,23.12063890466813,12.236082457679514,14.967602792042882,7.6916598415098685,7.6916598415098685,0.12287941680596032
53457824,1.2567003920104851,16.69950430968074,5.152923427797706,6.077507738364054,2.0863745583780386,2.0863745583780386,0.7370824139868544
53495721,11.187350550499072,10.841077260251524,6.870312477168257,14.896601520769321,9.52395949534547,6.870312477168257,0.08859474998371383
53506726,13.337121113369271,4.6026021282658345,7.282136339662864,13.601138876126006,12.186421630414383,7.282136339662864,0.07442070303325982
53508986,0.6463887784382217,17.452937947335556,5.79352680549301,7.546920964874879,1.1244943968698566,1.1244943968698566,1.339784344148965
53541540,18.653942689983225,7.351789511691765,13.52045700481728,14.921952039112346,18.257613406262358,13.52045700481728,0.05332212092842299
53547976,5.85447741968486,13.455964380057052,4.093353108014663,4.039740196857736,6.035025817824078,4.039740196857736,0.16794085013978016
53558640,4.516605071043476,16.726885553238905,5.953355561695916,10.964006694961855,2.934871271921686,2.934871271921686,0.21660938820005526
53561074,6.359228584860729,12.82072054522109,3.8825522795998926,4.496390838581052,6.407079808456039,3.8825522795998926,0.15481724897363447
53606793,2.2463012501502755,16.73951132734114,5.217567051052342,8.737228790774955,0.6215420127268991,0.6215420127268991,0.4262027307601495
53643185,1.865272606055933,18.40464208666188,7.002764950875959,5.700276747050464,3.5476038006327735,3.5476038006327735,0.5088352612856495
53643250,7.842287016986625,18.046655311270648,9.3450955993661,1.338910852192029,9.072176796458512,1.338910852192029,0.1259083180778084
53648574,11.5820174549727,10.168344887056982,6.962949087515517,14.984918298438378,9.947681590297053,6.962949087515517,0.08560165261303634
53671909,18.94542551158751,3.263427086393817,13.11343859073522,16.828262187865953,18.1538982084642,13.11343859073522,0.05250604663002072
53690085,4.721042411197687,21.723699499035703,10.173306270352757,11.221074682081328,5.130306072653347,5.130306072653347,0.20742402051417982
53699931,2.1951076812082264,16.719832696489856,5.1863666980818515,8.670701818208796,0.555936279777207,0.555936279777207,0.43570940404572406
53722335,0.35877304140744637,17.381695030336225,5.75344369185998,6.805692852366434,1.694541669113405,1.694541669113405,2.1797270321990827
53742409,4.590440488563827,18.71868062990626,7.730903347965686,11.575184072646621,3.5693662182097676,3.5693662182097676,0.2131995923278821
53753481,11.335742799319497,14.979377813103527,9.145495641749688,16.677750872216443,9.612762448610855,9.145495641749688,0.08744512862422078
53784952,9.362936308629568,18.455393300459434,9.834412915308532,15.903895287758822,7.881244016723005,7.881244016723005,0.10567544442712423
53784992,4.081294424744843,15.286857411208654,4.260358526937023,9.742480353255967,2.3502770411979594,2.3502770411979594,0.23916038872603992
53785541,4.178528409603034,15.316880958363123,4.346537195256001,9.874222708984188,2.4449526077014,2.4449526077014,0.23372522144659102
53793198,3.5228719881663637,14.771022620319055,3.7074351432280093,4.970078291420905,3.6878327276434923,3.6878327276434923,0.27602410553460593
53826158,5.683378958375426,17.85313196047725,7.4517906566389325,12.410058956241928,4.296047668732563,4.296047668732563,0.17290929873302024
53832330,0.3329695635238845,17.380404936067986,5.746152356559596,6.876756765860066,1.6283644876073746,1.6283644876073746,2.309631170979148
53845486,6.169691479435499,19.456549584307712,9.420698927026413,3.0642341122788173,7.698246318545148,3.0642341122788173,0.1594974813800625
53846446,3.2214920846900834,20.01271094317851,8.66978515275622,6.166347698976553,4.954303472474217,4.954303472474217,0.3010695116840257
53857546,5.01314537587575,22.37201629707062,10.754601314979315,11.082899905861172,5.709913360492388,5.709913360492388,0.1955743337003646
53888838,20.342305521762178,7.238763524240254,15.01376318577651,16.819671159376284,19.86015771741109,15.01376318577651,0.04891816135589179
53926572,11.125188404670455,10.608173260415695,7.3761702119098995,6.93428141685594,11.12569360320754,6.93428141685594,0.08908536444554738
53982481,8.76973338396192,22.105222940392974,11.870045010613593,15.825039903144143,7.971102226895711,7.971102226895711,0.11274296043759112
53982703,5.061441964950789,22.013188051373888,10.480886937295105,11.546606487655028,5.4443020533116036,5.4443020533116036,0.1937443076548347
54006442,11.52226688004185,9.622918002626943,6.656228111516907,14.65001929721627,9.923619469742059,6.656228111516907,0.08604173439841017
54011977,2.6202607891292895,16.006282155301093,4.5026103115785565,8.596100140480342,0.9024682320977777,0.9024682320977777,0.3676118128071402
54044781,3.9781631788295533,14.38451688425174,3.5056794962715245,4.86644818451897,4.077904427672162,3.5056794962715245,0.24520843236268036
54072884,10.959612032105747,25.268250279243645,14.825194556453097,17.898662708815095,10.519094473381758,10.519094473381758,0.09041908496401391
54119932,4.722843227629833,21.719970695811938,10.170752275035074,11.226903885727038,5.128204314475127,5.128204314475127,0.20734656981405675
54138782,4.3640171755700035,21.628557963778626,10.021680331854197,10.682322729376182,4.972461111674547,4.972461111674547,0.22401347500915733
54184393,3.5340746891249486,20.832439838934082,9.35593046561834,7.2254773377952315,5.1920455701089665,5.1920455701089665,0.2751732106641954
54228904,7.239843462093607,15.304390051083661,6.996337139218284,1.5455611117928818,8.005219290814557,1.5455611117928818,0.13624268762194575
54229794,7.946359329338316,18.871115820204125,9.319611964597705,14.709172535449136,6.596667223500607,6.596667223500607,0.12427980892598715
54232479,2.17612909085736,17.015557649239128,5.492163093868421,8.827691441023392,0.7296816507048884,0.7296816507048884,0.4393423923171798
54260374,8.391452707022513,15.070554034335345,6.94063509085871,13.989700122470701,6.673624098834144,6.673624098834144,0.11776547953602691
54274825,6.591652173443052,17.261126393094845,7.429343974621943,13.080213827602481,5.062002819080706,5.062002819080706,0.14943992516058566
54279055,15.20756245463128,4.582894826575947,9.293991314569606,16.186078474527573,13.873283687379285,9.293991314569606,0.06532718732742793
54314797,1.337146600042654,16.98204818382335,5.341889975767279,7.932894014588229,0.41557306778188347,0.41557306778188347,0.6958232374973579
54320316,13.796481896113427,5.733749439155986,8.306931150412503,11.457940398147372,13.200411005806293,8.306931150412503,0.07196065935794012
54326499,9.288782586820888,22.61880747464226,12.433790088378707,16.34297118189213,8.522174782479548,8.522174782479548,0.1065100816589052
54351140,18.597895211464262,1.70464440794808,12.628713061486842,17.104429057966097,17.676471580036523,12.628713061486842,0.053481955519082636
54353223,12.564249785462733,15.601398915553158,10.416435210637431,17.975262566821254,10.849818054834214,10.416435210637431,0.07896243495985826
54406242,8.410970511446997,15.578106515087265,7.314090732398326,14.198807218366449,6.713441829770312,6.713441829770312,0.1174954135553672
534015342005836604,15.526348760357687,2.3322791980656277,9.529793552982625,14.515392194236375,14.573086195865221,9.529793552982625,0.0639944759544142
548708984302517493,3.958813240154947,16.800305731333225,5.793850742585091,10.461366486609938,2.394004889799417,2.394004889799417,0.24637743616945146
549171551202496840,15.022955396298267,2.8020381111874304,9.027414693291895,14.070583450427497,14.07162378966141,9.027414693291895,0.06612464123545427
549301732339720593,10.936375544116549,10.594313266788479,6.485763073999457,14.514625529365988,9.290971189596874,6.485763073999457,0.09060945742582095
549978484678641211,0.9860182597680986,18.63841131527443,7.017396141013298,7.1213147723487635,2.6214351736040356,2.6214351736040356,0.9207948310312328
550551028937183208,1.236550520881806,18.890439989270092,7.234053194582263,7.831830037813322,2.4848463013645454,2.4848463013645454,0.7481946880243909
551264073523811543,6.58164015439508,11.460610536864209,2.0829806670684654,6.487809551897298,6.080077452589943,2.0829806670684654,0.14966385152337416
551423603343357575,8.138057640764874,14.521537318072301,7.09621953239896,2.522099629194388,8.754461639548841,2.522099629194388,0.12138783723139301
552053633562355897,6.470791012735641,12.753129316160733,3.9341326019789005,4.510620307405778,6.516849508171884,3.9341326019789005,0.15218867835878203
552154644562670350,0.07557422481162336,17.738584505214323,6.093497084127877,7.129635394617197,1.7078680115072251,1.7078680115072251,5.695596839871668
554282156692351530,3.017663356054928,15.805598641159856,4.39604033102609,8.903513804969455,1.292244833946174,1.292244833946174,0.3207530402722486
554287388846165092,3.6319652976895993,20.78508858402084,9.185619988500003,10.204567117050928,4.134614691219966,4.134614691219966,0.2679553319049039
554338948779706744,15.211267878346803,5.473815404023306,9.779294468240822,12.494212212644477,14.653644194767717,9.779294468240822,0.0653113777347074
554540295389052125,4.989023434394507,14.016386278620388,3.9305596386796795,4.109425752808176,5.214445823092992,3.9305596386796795,0.196501354904643
556303216712717862,1.617074190480131,18.80800559579391,7.164129836113896,8.569588443680418,2.1617884072506692,2.1617884072506692,0.5823860177645431
556453561587092335,5.418774887025437,17.440840061352993,6.990762499147477,12.052619561358975,3.95938515785698,3.95938515785698,0.18119963587407525
557267473982972293,5.758595268619692,21.129361394855504,10.010197099946518,12.757618053845663,5.365322605992646,5.365322605992646,0.17068938101191003
557368397297803157,13.416903296405119,6.3502393069715755,8.063861247443949,10.88079226729585,12.883646790525773,8.063861247443949,0.07398144220399613
557817593538158401,10.299609935232485,9.573233244706339,5.853130399612094,7.343764203873415,10.053253950643924,5.853130399612094,0.09615745265715533
557873794986607231,2.5442068077759505,19.06725022681388,7.513211601947555,9.568182074305303,2.485228956405069,2.485228956405069,0.3781852452157865
558597394709287405,3.675237651504687,16.739831614011873,5.628538989959183,10.162118306934717,2.0943729282464694,2.0943729282464694,0.2648839867343007
561483905539593879,13.815434046544498,5.441091191571195,8.24483001423155,11.652792332374634,13.177280650189914,8.24483001423155,0.07186265240848319
561696274751615668,4.512501230621076,21.582938169732792,10.014756767200906,10.992604401761884,4.966493291136767,4.966493291136767,0.21680211017859163
562151087989468295,5.035188371092187,20.34566901428823,9.181772386605408,12.072097306636904,4.547882536125663,4.547882536125663,0.19473482328892897
564465514725800559,11.033025241589751,18.339887218621108,10.796515705894626,17.371969836836797,9.47913651185051,9.47913651185051,0.08982284494103995
564682816014057596,1.3265604044604573,19.02697838131119,7.387088471672585,7.52686039252123,2.797790231338324,2.797790231338324,0.7009867909366321
565845862381025091,7.9770468199991775,17.88654921497357,8.65431129777119,14.515037432699222,6.484547009496474,6.484547009496474,0.12380762700594347
565916956349123822,12.84188751977064,5.402630614169287,6.831261463144525,13.58496267985974,11.612340921234317,6.831261463144525,0.07726848177843863
566564176788326751,3.353729037449799,16.556192756195035,5.329721208753953,9.758428136527646,1.719451911835072,1.719451911835072,0.2895421120640056
567235228834537605,3.2379569701586752,20.917932014536436,9.260823521105406,8.95196933007649,4.4046257573839425,4.4046257573839425,0.29958444909266263
567444958220784708,2.7301703529742327,16.37827349511353,4.947229179171354,9.01205908911795,1.0213040565943248,1.0213040565943248,0.35333562128127644
567933019816419619,7.540493191112494,20.864709857308046,10.500181752546215,14.584897016002703,6.644699890146763,6.644699890146763,0.13088160344978922
569548244798677981,0.5349710669116925,17.178832097196796,5.53194878373119,7.014313800599426,1.3616935598873918,1.3616935598873918,1.5748749070783619
571027554473176486,8.098858293648068,19.221903198264165,10.260457156743623,2.4262578015303404,9.47923812383398,2.4262578015303404,0.1219682014476008
571031709574723537,18.736181639535815,1.7939290890061772,12.767390440664657,17.228510057125405,17.815150607255376,12.767390440664657,0.053089316037443095
571539242864932619,2.8266167138825273,16.62076706042332,5.233040811222149,9.263107633929396,1.188599033338698,1.188599033338698,0.3416914812440108
571846084759795576,6.528946392599056,12.636534042636823,3.8626292777283013,4.62540565071556,6.545401138612442,3.8626292777283013,0.15085353550550035
572435801484512661,5.541945345040866,22.995471947005495,11.363847833441971,11.353493640845288,6.329723498810024,6.329723498810024,0.177243829715397
572435816142415498,5.675359125958022,23.137922986262595,11.505296293471508,11.44422918479717,6.472178170963092,6.472178170963092,0.17314940563702505
572435835067697316,5.655200172017226,23.135360631226266,11.499378966342968,11.39287725644672,6.469984820701804,6.469984820701804,0.17375590250747006
572435867063700994,5.592937038782158,23.084719339104794,11.446373109592354,11.318538537235073,6.4200153230960995,6.4200153230960995,0.1756562549678086
572435903541837350,5.66391318499774,23.133945481560335,11.49986824349281,11.420298522928679,6.468287732264463,6.468287732264463,0.17349324458994123
572469838940652151,6.505289737539137,15.86072483596079,6.248325977962782,12.51074866069268,4.8226680417400365,4.8226680417400365,0.1513938131005529
573082159149089383,17.15056330101935,2.811182821010534,11.132317321608387,17.437540349467778,15.903122970170292,11.132317321608387,0.057969121503464706
573788729255175815,12.062193074737907,7.741097110240068,7.014840064576473,9.332766290720121,11.642140118508289,7.014840064576473,0.08222201323847589
574528050452533802,6.976638810392806,15.104153336450533,6.643538955937488,1.7449378512537794,7.697407929636881,1.7449378512537794,0.14131002398079048
574570250363828575,5.4103216575331885,16.820879439350918,6.456044147218587,11.8428591840091,3.8384333774467025,3.8384333774467025,0.18147760913973054
575374602222225785,5.412814984023345,19.61914399216243,8.7426873778979,12.452367354192074,4.5461987712691885,4.5461987712691885,0.18139553075844084
577703974478980299,2.5760749658648208,20.133207598339418,8.47586832295285,8.909344441799767,3.5294116328811045,3.5294116328811045,0.3736816093553763
578762733048842826,1.259430708975387,17.54277993638063,6.067222347380568,5.8158786840169405,2.739683561458536,2.739683561458536,0.7356020379690462
579930049387493349,16.999088310330283,3.8022573529292196,11.296593259763695,14.6798352130348,16.296578213941462,11.296593259763695,0.058482650177077426
580441849807734395,2.819602640743486,18.25221471675062,6.825514574159793,9.832678796695594,2.0336391051542315,2.0336391051542315,0.34251236317053985
583180347593401019,9.341933102123615,18.70613455858471,9.981059052694512,15.94089239287491,7.889930039885939,7.889930039885939,0.10591051527097632
583433201809490265,1.31363438504689,17.23564159404375,5.601542361499733,8.088301457702835,0.5980698538903386,0.5980698538903386,0.707396488496444
583496461835542412,11.897355806720816,7.503440949278176,6.709634249919268,9.45166155761232,11.418035152906569,6.709634249919268,0.08335169983370908
584595916036589563,1.0795768828691292,18.40160195049183,6.744759514003273,8.07514903212927,1.8436936517666513,1.8436936517666513,0.8477616122551184
585978338904685433,4.899122794679225,14.099826913168068,3.955297256177378,4.096622419026874,5.14057032071473,3.955297256177378,0.2000350943698246
587158049597481686,4.815999644577538,13.245583293255747,2.4664983165848366,5.607443428206614,4.531211834159196,2.4664983165848366,0.20341742723741313
587795283077235858,5.617365237367367,22.0027978743847,10.620238126487921,12.355148423360328,5.685003676105934,5.685003676105934,0.17490574040367984
587875188664208473,13.77348353202242,4.920945534081132,8.05050302121699,11.997822658867667,13.04742047823583,8.05050302121699,0.0720799500494469
588388462295176869,0.8268907265409696,16.892559907870048,5.243028133189546,7.003325897816919,1.2156925852976355,1.2156925852976355,1.0788758279326671
588559050060230555,7.469631188472287,13.329842957594865,5.571661073603441,3.5165095796736403,7.80439998944077,3.5165095796736403,0.13210683256575165
589753454544295716,7.971567793460599,17.516992792693816,8.392742439105918,14.413211415727845,6.434692206323049,6.434692206323049,0.12389166833365103
591230873312834346,13.830922192591409,5.57370448801606,8.300184596281754,11.575264444066764,13.213950433501212,8.300184596281754,0.07178275681790895
591960600601075742,5.698677330919614,13.355802126635984,3.797289538399629,4.300562738336368,5.808838642706536,3.797289538399629,0.17245312041554994
593332128562974077,6.50583401302492,12.959822597804092,4.218470286684884,4.22714155892231,6.628655509051519,4.218470286684884,0.1513813392871014
593399979902305782,8.328512050675052,17.913555152589392,8.873962615956067,14.840447763825443,6.825983191159368,6.825983191159368,0.11864490363039923
594684999868790964,5.802840651453445,21.676650517237256,10.432031909598559,12.698323536635685,5.630617023810597,5.630617023810597,0.16940996022885557
594880254323625379,14.578889094186584,4.12249648001845,8.574744810394026,15.17707232651188,13.3278258799232,8.574744810394026,0.06812504635626951
598483348359303456,15.517669518189908,5.252474948130658,10.049326360042938,12.829508459219838,14.943332382099305,10.049326360042938,0.06403003974666639
598540165238320862,9.839136858559314,16.875345864708958,9.147710588110959,15.921218223254549,8.20526456828073,8.20526456828073,0.10061235842012048
598600704928190553,3.1150397592501764,20.645017848517767,8.991258614990775,9.343236268329852,4.012199096687432,4.012199096687432,0.3110381441233634
598647640177093159,3.883174132426274,19.513563808242672,8.51129428335684,4.843676686376545,5.567863461572597,4.843676686376545,0.2510560590005813
598722658189048119,19.966013767030717,5.049801060775376,14.298234832815186,17.253990910610106,19.29227009132681,14.298234832815186,0.04983550851754328
600525407367572701,2.051588233058477,16.598125909676302,5.028837438322932,8.427704475492577,0.33791801015899986,0.33791801015899986,0.46477294522962814
600576477040168354,4.56025209665537,21.59448254784009,10.034375344564424,11.061968272160163,4.988368722990696,4.988368722990696,0.21458066629436054
600644787336850322,6.228823208975935,16.01538833525817,6.209195741017417,12.309448641654397,4.557632653688935,4.557632653688935,0.1580072577444946
600689703786112609,1.149083957517507,17.406981931663477,5.908116757646725,5.906966411888212,2.5652476830531206,2.5652476830531206,0.8005866971403995
600829985936198475,4.675943140005443,15.34092104692271,4.649675415933314,10.433723362128442,2.942636716721729,2.942636716721729,0.20938272728239818
602044235063163642,4.694184751055605,21.921863537827598,10.326084114322219,10.990244009017063,5.275068335659346,5.275068335659346,0.20858603744459692
602348265963130680,8.491744697076383,22.62865331031051,12.091752213784702,15.523389308947165,7.88284920297795,7.88284920297795,0.1163907954970173
602348590325459976,8.419449047899693,22.53473646199598,11.999464020456415,15.454135326731041,7.799972264224171,7.799972264224171,0.11737848238514095
602689442984691613,4.330128522525884,21.374661269531156,10.00195524164987,7.120070754088763,6.019532507615406,6.019532507615406,0.22572708554961735
602906967916854218,9.457508278130911,11.66262117137599,5.536262237871012,13.484932205257573,7.7844150612162775,5.536262237871012,0.10462978120439174
604245525254946416,14.118799800938506,4.809668979946712,8.161669852246172,15.005717709770366,12.825523623776627,8.161669852246172,0.07032942400201707
604391804107894692,1.679603207519249,19.285954269366247,7.626617691246387,8.213577354454726,2.774089823136094,2.774089823136094,0.5619230150714276
604666093708571380,6.616741155297933,23.859033127022162,12.281975181754431,12.570532009200658,7.2308628494768294,7.2308628494768294,0.1488817235738249
604938226380337686,6.925799986813619,19.189315295825615,9.60996280451702,2.451203915713832,8.371359279805786,2.451203915713832,0.14233254602705048
607133559837798983,16.6439188921772,3.900130811653868,10.953879138120563,14.333816836911877,15.948414318633528,10.953879138120563,0.05972317510849878
610265461685785634,2.599294021957021,16.530233366422728,5.076030908482135,8.973127277886013,0.9181189844053577,0.9181189844053577,0.37046723767979445
610560281626401230,3.512429936723409,20.79720719351656,9.176025195977658,9.985439661968073,4.132729899135192,4.132729899135192,0.27682197786984136
612239021482790858,7.149893268854191,19.507982381157237,9.375267791862141,14.085158562065846,5.989217601007489,5.989217601007489,0.13793306506952827
613700249253498876,16.268782808542028,2.4161277798695995,10.220956572572021,16.333923480817493,15.079909372434228,10.220956572572021,0.061091897405966634
614302016810761350,6.950443358291983,22.213165653783726,11.206085574123541,13.903975124078789,6.603017654380067,6.603017654380067,0.14183505195086862
614432345982798255,10.935329989797898,9.80884656458771,6.093631886334876,14.101466029448298,9.342578814168885,6.093631886334876,0.09061804231722065
615126022901132487,7.466932067782613,17.655039581180876,8.203638174713081,13.991303367124875,5.9634529032184584,5.9634529032184584,0.1321539550034624
615307974552362252,8.13067940236973,23.329345252561485,12.411873872993212,15.032028471404645,7.828543930538176,7.828543930538176,0.12149665308456625
615681354405157243,12.068911812673768,8.217035879387323,7.232943894245776,9.005970768835416,11.729919218385277,7.232943894245776,0.08217661656143425
616888515375292290,8.810118422457068,18.808937305834696,9.744460309862331,15.482050297795587,7.398402287580239,7.398402287580239,0.11223195389632527
617493282921278807,3.6773385068669464,17.916188769654884,7.145020850419376,3.6621166330368258,5.106908281250633,3.6621166330368258,0.2647366652954368
617504595837233332,1.9354309867786588,18.576473293488444,6.977830841066798,8.983607264262634,1.9270205128455862,1.9270205128455862,0.49129644114470006
618110235047093838,17.045626629851366,4.651599722808124,11.478258176716084,14.372697027853183,16.4246732909906,11.478258176716084,0.05832391090675867
618631910523278073,8.968298659849097,17.383341953002756,8.904963477283562,15.27947041964442,7.391118852310872,7.391118852310872,0.11027426836167312
619483022361673632,3.1958612862407385,20.76479332964883,9.108262556287023,9.319051073717546,4.146043575467107,4.146043575467107,0.303410827444319
619567362673536608,8.454263524801489,23.64860289522116,12.749761188940894,15.338753152089305,8.166768231299999,8.166768231299999,0.1169007708379204
622400091046078341,4.643399700602178,15.591728388150608,4.8966334371254,10.546179121112978,2.919199022776024,2.919199022776024,0.21081925688721728
623020462208497897,11.305039915169642,15.314328572326193,9.302220739905149,16.760004916801254,9.589603995500863,9.302220739905149,0.08768053487212418
623153656813826582,3.9123151368920475,21.303959831504635,9.802913810628748,7.653377086997211,5.52671923532234,5.52671923532234,0.24923266639883213
625358586777386062,0.2405636619742987,17.942335545982132,6.300669729589953,7.137014380585076,1.8940942222303645,1.8940942222303645,2.936308572097357
626718578774555759,8.385674910630941,15.538003862914074,7.267839027137589,14.160617804842612,6.686284443003281,6.686284443003281,0.11784566466801476
627500017408762211,6.736938945850889,23.98847745682615,12.410281100870527,12.660531425699359,7.359095020323991,7.359095020323991,0.146264286974051
628105532636221295,7.686806899230033,14.97291560776281,6.343083650406196,13.277647276567079,5.964115550211835,5.964115550211835,0.12842234473528308
628156041663377846,6.647968201634014,19.068271795295868,9.384801161825827,2.416073402748963,8.093663712449809,2.416073402748963,0.14819275522932238
628370434306614889,7.133139778233055,24.62019754812581,12.988904639462417,12.598290693729538,7.954571205084366,7.954571205084366,0.1382525473943329
628846920167906161,10.249421537591044,16.55620721994841,9.23520923955959,16.19669796574195,8.590536677573597,8.590536677573597,0.09662375779823174
628861963820378561,0.6997083330956315,17.002137326261465,5.363293266532447,6.855483336924129,1.4137120090446313,1.4137120090446313,1.2504558957502034
629657604334214852,2.411771773060503,16.624055226193818,5.130814675199907,8.836297366909937,0.7472293560751665,0.7472293560751665,0.398125343522567
630472961938618312,12.7591307776458,6.655397249339909,7.007458882327715,14.417627357657203,11.362211960688253,7.007458882327715,0.07776575394492381
630553964450826956,3.6645237928598906,14.507075761406588,3.4135834580638833,5.171937688355903,3.694332216754896,3.4135834580638833,0.2656378482443605
630971916235713858,4.077079887364498,16.463737606844244,5.511481872173849,10.426781796669422,2.4413074194957534,2.4413074194957534,0.23940169375858975
631066632238704724,3.2911376463903177,20.888563163271435,9.304089949499303,7.930045598213441,4.812486655724323,4.812486655724323,0.2948862901700395
631761067050806095,0.08057855028647012,17.71919309879403,6.083333754455263,6.986296320638949,1.8071530734406427,1.8071530734406427,5.5377562751146145
631998910601981114,5.418314135189085,13.959796795689728,4.26784691187296,3.768236676542024,5.707341812413783,3.768236676542024,0.1812147651441621
632611045895676379,7.129699015092287,20.195136428975033,9.854669441443276,14.145153061990973,6.130785327991494,6.130785327991494,0.1383183446382014
632739314530565782,7.011129662709528,20.65507568026416,10.628991488390673,4.056878920573802,8.624945420566496,4.056878920573802,0.1406246331358517
633160111807551765,6.551033163838868,22.168697170880456,11.397706838212516,6.214967323703703,8.283495604141942,6.214967323703703,0.1503525806241532
633293213463335949,6.106867986144035,13.486478201726385,4.390711214954215,3.821721880707807,6.340618516150207,3.821721880707807,0.16111185258529104
633473670831270678,14.604355447792974,4.66922797571052,8.940335507237355,12.523679429897534,13.917681962572082,8.940335507237355,0.06800706114256054
633772538334050339,3.9864523015594795,16.885415448879968,5.886514944407651,10.522730265859519,2.4425973283210873,2.4425973283210873,0.24471104180474057
635355880329805661,9.93179526167892,11.365227499536307,6.575939892675076,5.797562669812018,10.00719924275129,5.797562669812018,0.09968305511775767
635415350287429913,9.545340939598335,12.138072675128665,5.937142619058838,13.825349418547827,7.846588834981114,5.937142619058838,0.10367699869421552
635453479167942216,10.650412955923578,16.88846374112402,9.708041550341814,16.652587168654687,9.004780926071458,9.004780926071458,0.09301968250893941
637143277389380178,5.736381836633882,22.032150562096646,10.676766081510761,12.498883704956429,5.763460671919297,5.763460671919297,0.17133902955478106
638599565124490140,3.4399699195629148,19.89172216975893,8.648514471062896,5.746765910979072,5.17245250836855,5.17245250836855,0.28248827609345095
639228394282746880,1.5037418944669818,17.405681494108617,5.9820389595977534,5.558265167327299,2.9036884788204853,2.9036884788204853,0.6235417328998312
640420687296388472,6.1498067182861575,15.672880229479869,5.86343631292014,12.090177862342177,4.451358784653835,4.451358784653835,0.16000494816489674
640473347103600209,8.759845814461515,23.33592790028787,13.117045697038138,6.670100007986883,10.47641955782033,6.670100007986883,0.11286878134693343
641186582779309765,0.14078200631403048,17.814682905479717,6.1789524973027214,7.01246623321995,1.8715288020813703,1.8715288020813703,4.153134261601713
641225233588116677,7.2233528650319805,14.228958603520136,5.379252250465674,12.47846265065605,5.48875900256427,5.379252250465674,0.13654947650752497
641304933834393681,5.792286654031564,22.04715351426899,10.704461760919745,12.565241607677551,5.801551899547107,5.801551899547107,0.1697133996893701
641408235896240100,6.32145917177874,12.90900860701892,3.946310140124076,4.40660745210938,6.393447580150886,3.946310140124076,0.1557278452216649
642768690636158694,2.487007505407705,20.0524146618711,8.39446591298185,8.831419596412045,3.4568608826775673,3.4568608826775673,0.3865470037909313
643552941190255158,5.227600891994725,19.608038627885797,8.668423670512333,12.272090444457763,4.396872560465867,4.396872560465867,0.18770174798615344
644782260633230559,4.7882617719269875,17.694620060325516,6.936340483021744,11.542002285676471,3.4222059107497427,3.4222059107497427,0.20457169575961415
645082046833169782,5.661470678139073,16.08565400410351,6.563220045702551,1.5966122638806999,6.5950774694703735,1.5966122638806999,0.17356679498419234
646209186010299913,1.596820445167715,19.18788047158934,7.528463221764653,8.190964039482878,2.671911276182418,2.671911276182418,0.5893375476750335
647499540261382950,6.294831430295407,12.87061097023414,3.867185036092964,4.475415253685143,6.347613950868549,3.867185036092964,0.15637628777242146
648391789873513026,5.2210075432055625,13.383760364435174,3.279203065126806,4.75131279785616,5.212652395359343,3.279203065126806,0.18793433233841364
649271498593305635,6.058255377568585,13.066178887684005,3.8338244343546792,4.390951101240586,6.134205572984973,3.8338244343546792,0.16238365229907403
649917979938769946,8.205733617627445,17.831769052030477,8.747121336976317,14.708538390842225,6.697968454079349,6.697968454079349,0.1203987565743353
650894722794239718,11.741036998690713,7.8837928957922845,6.6938195796518665,9.109668019225285,11.315647221697075,6.6938195796518665,0.08445206278052944
651471825772202562,2.52228287718646,20.22369441354596,8.577067602216594,8.250791349506404,3.8403951712135145,3.8403951712135145,0.38134711121362136
651590529149953457,4.830702090932254,19.05741511029515,8.09155637085141,11.845456673169863,3.886148100420286,3.886148100420286,0.20281087389948735
652311757396485871,12.331799812960062,6.666143461444565,6.515981663256152,13.862530758406278,10.969441747572555,6.515981663256152,0.08043887570949358
653675062901887921,7.724773173797543,19.551359168344543,10.269329385898306,2.709614607569058,9.169468872786855,2.709614607569058,0.12779923172069113
654194009538201852,2.3872572851814744,19.062862840338962,7.485205978789646,9.396094080506465,2.4407693857112447,2.4407693857112447,0.4020492797258159
654263673961572541,1.014253287535715,18.707600179930783,7.072822239528728,7.3160806034824395,2.5676954325015036,2.5676954325015036,0.8974620144146956
654362822315075318,8.091213357417528,17.010266719994224,8.108778806302874,14.377866712202476,6.498221298792337,6.498221298792337,0.12208203551363402
655115155961969746,5.145907880656262,17.787246091073623,7.162379475839881,11.897499644591802,3.7785197560214527,3.7785197560214527,0.19062477320415705
656541516341155950,1.0982329797882924,16.609096454889684,4.979653231725422,6.681853189859329,1.4557945011816085,1.4557945011816085,0.8345622402887651
658017930165418486,14.155723321968443,5.303259559161672,8.594137081685874,11.906927524898057,13.524499680516133,8.594137081685874,0.0701472648854635
658106043154012154,18.355709396525405,4.554780617387281,12.729277319389833,15.682957323154413,17.704191186199395,12.729277319389833,0.05418377470704359
658646619954194672,13.862661136935534,6.30278879394649,8.548746771935916,11.156393568777021,13.351530704196119,8.548746771935916,0.07161958527767263
658784191155071456,4.2368928351141495,16.154958564853683,5.271990830330957,10.434326212688557,2.5555535475638225,2.5555535475638225,0.230579827083433
658804581454342640,4.246394156720622,13.73233500065839,2.6422036718758393,5.652201271379575,3.9777159146449312,2.6422036718758393,0.2300757740652094
660310339680082178,3.656497518368258,18.383743133521758,7.152461373816152,10.644348488563791,2.691493795305138,2.691493795305138,0.26620542010483705
660682507219527871,6.354814601386056,12.96731266367655,4.0555758800309025,4.309333440991875,6.453676220149252,4.0555758800309025,0.15492311735572822
660829391095210143,0.5849667991253062,17.426373009459162,5.767141984775564,7.4631423085489486,1.1631952476553293,1.1631952476553293,1.4599247748606021
661017790664427303,10.559253743593692,14.535308362165326,8.284180313238531,15.815314545318078,8.829860962384133,8.284180313238531,0.09381519795426665
661619298131144900,13.931978408926026,6.105190004757659,8.566909915382016,11.310661392141196,13.397679527597557,8.566909915382016,0.07126578810610767
664506620829969409,4.5169528114771635,19.55563944568856,8.394945595998598,11.571971006121352,3.8474076070607994,3.8474076070607994,0.2165930735774743
664995026930626855,8.236227578305368,22.712971313169888,12.04187295898451,15.245111264046887,7.709463380114617,7.709463380114617,0.11995833734223524
665285983377320322,7.320103569752356,18.03459430298845,9.03286749566198,1.194299014220486,8.574165837283255,1.194299014220486,0.1347690083567627
667240876916183414,5.174631492163895,13.449779758589349,3.324950391634673,4.704318672217746,5.1844498550625895,3.324950391634673,0.1895867041111064
668106311195140820,4.520858464684273,20.46746805155551,9.128568444675428,11.498893999833466,4.285308334367034,4.285308334367034,0.21641000425411788
668686856973626686,5.552779596543912,14.27812840789297,4.752958162086942,3.2851436940116674,5.9740143557646785,3.2851436940116674,0.17690411998574934
668825067960935962,10.458216183973038,11.340994013000785,7.103983993724063,6.07181811797454,10.554721854773346,6.07181811797454,0.09471296879845681
668880210547439250,2.18867464172965,19.3601032231219,7.729492710704889,9.040028074716602,2.6952414294522082,2.6952414294522082,0.43693410228212115
669416515017704474,3.0484595644391526,15.515921641644411,4.064699312337567,8.674223599698612,1.3783498401398728,1.3783498401398728,0.31761564013547494
669756483535908337,14.809899796521464,4.123260919547344,8.821087481930828,15.47675926806561,13.540500640137862,8.821087481930828,0.06706953189808182
670778011104116657,13.214942446295748,5.125487415590243,7.208959579097763,13.942914884907553,11.97657310642069,7.208959579097763,0.07510359162522724
671623902125220796,8.17391118672745,13.862883727963803,6.637824422279001,3.1014985146576564,8.660553598826679,3.1014985146576564,0.12086182428500618
671882192427658113,5.672366699425028,16.294120044894292,6.130654451850523,11.891164405344192,4.027167461884534,4.027167461884534,0.17323916723786928
673618382327247833,9.096633194893155,17.781341728739548,9.24309002055053,15.500725653941775,7.553754979903733,7.553754979903733,0.10873544467939585
673667437584241325,4.917281944146168,16.16434284156951,5.6106484668567145,11.10962190174102,3.250330788501354,3.250330788501354,0.19931110332891172
676759193993863114,5.129185841905459,15.393908473440053,4.971764938409954,10.938650109716274,3.4025867478585705,3.4025867478585705,0.19123435850878287
676863018438068627,8.118699590312746,14.833193444783392,6.562500542023038,13.634966219301273,6.393430333909051,6.393430333909051,0.12167375008799258
677353796235788057,5.169490351703689,19.6343860993003,9.099843407467125,3.908066840938904,6.785473180932641,3.908066840938904,0.1897716730189454
679549078708065289,8.41570722126166,17.494227464811033,8.64013891713045,14.809935002882943,6.863607779407229,6.863607779407229,0.11743005883331005
681294831848601446,7.534887529074977,19.885723084025308,10.386990010511825,3.0692358534357154,9.032188686246684,3.0692358534357154,0.1309776989106685
681984555043356793,5.914070785442657,20.206571498557178,9.37392726737247,12.967599441558955,5.137509396962585,5.137509396962585,0.166276725977444
682732554537545976,8.705972513878926,15.230156494647881,7.286344735683837,14.346333054777627,6.993853076566648,6.993853076566648,0.11355929154036298
683253387866026760,4.864419388173364,16.25190047740055,5.667363496938722,11.097456229744402,3.2078534968660257,3.2078534968660257,0.20143342490005575
683419374652644627,4.292374912810015,15.153817924142718,4.7628887122543615,3.568324203877774,4.8698143052222225,3.568324203877774,0.22766726881250027
683959567296407076,14.87478403040166,2.8342778384074934,8.827188076505035,14.378823023747707,13.831872974060998,8.827188076505035,0.06677892635845764
684276111985663750,7.553187383032638,19.889871529298365,10.39913393660409,3.0712107684125525,9.049867098940691,3.0712107684125525,0.13066451269924897
685522508132856082,6.17963998931724,13.429824413640064,4.401093800313232,3.84415148810894,6.405644872408519,3.84415148810894,0.1592447977433697
686055814693911306,3.0577062389400096,20.661966943595967,9.003240173238638,9.133010080309113,4.067888765763991,4.067888765763991,0.31668556994576025
686088974677118082,9.440346518157131,11.040568773597764,5.822397990227563,5.890465661796594,9.417027830666925,5.822397990227563,0.1048179956668037
688382665214505680,14.511299404473348,4.971554221055717,8.907887178612569,12.296210143379755,13.859114450026409,8.907887178612569,0.0684401826502743
688440633801136672,2.5685570844204424,16.517303349114584,5.054341587760765,8.932196001599266,0.8811715305055258,0.8811715305055258,0.37473434832561586
688527920286591172,0.5485377061767318,17.44791926854937,5.788944347420809,7.440836579589798,1.1998191874813113,1.1998191874813113,1.5419303927526642
689803734611520502,2.190840617546815,16.11151580823081,4.755589586800779,5.28552640686282,2.8416517390157514,2.8416517390157514,0.4365209837561142
689988576141953763,17.926250095832245,1.2613134294213597,11.94591842418423,16.557276282828663,16.991696462603876,11.94591842418423,0.05547465472207138
690077496342128940,2.8214534210485764,16.78150162918005,5.399056434871439,9.345570551173887,1.2405261731749955,1.2405261731749955,0.34229537695010626
692635815829294148,4.933441406799365,22.195350584663785,10.59588651047602,11.145726778882672,5.545395413263843,5.545395413263843,0.19867123090956454
692690736208081397,13.171151308737775,7.478938467954187,8.174567801102484,10.06313756325611,12.7875292600948,8.174567801102484,0.07535141275509355
692747310050859560,4.118233130506344,17.715818175623845,7.155006465165958,3.14815728501639,5.476718030106161,3.14815728501639,0.23706608171273905
693535146849398838,11.466565723479517,9.785843377609565,6.6680743631846555,14.673129187868032,9.858507134051154,6.6680743631846555,0.08645608592099666
693580362829882827,7.144864838173326,22.607411475608853,11.55231312523857,14.046163410724331,6.884272138397922,6.884272138397922,0.1380288000310208
695008307440529296,18.43196664088261,1.9431554748280515,12.490173206179126,16.811418300549636,17.541093745337786,12.490173206179126,0.05396081373219942
695155686927508143,4.047204006573635,16.937951703958646,5.960018026840557,10.601385097245783,2.5159609823870164,2.5159609823870164,0.24112631025985792
696568972343201433,10.925665143681751,10.85317648903464,6.6062512372313975,14.631147759685932,9.266085654777442,6.6062512372313975,0.0906974760223921
697623189194493800,7.90935418140632,22.16914886114035,12.011779420034786,5.532967357064217,9.59815114367897,5.532967357064217,0.12485401161575493
698312292468788103,13.25978150555675,5.005684734463617,7.241855659124407,13.906342708856487,12.035817237096545,7.241855659124407,0.07485152355104525
698312324969137172,13.42530347008697,4.896680339544605,7.410984731995863,14.077217163765921,12.195289123917396,7.410984731995863,0.07393549447608586
698312346476999849,13.461559322447732,4.845220664775227,7.444317523470773,14.089804046200681,12.235042854287098,7.444317523470773,0.07373783325526238
698312366002400383,13.279565313818932,5.089798730813648,7.2759839226054455,14.014581726881426,12.037881833779483,7.2759839226054455,0.0747408437079164
698725929556587296,5.562990572217678,16.515954247484682,6.267190360385163,11.873997061138429,3.945300821711016,3.945300821711016,0.17658514299952138
699184242751473256,0.25446833092992527,17.48469801568253,5.853654139233997,6.862944794974012,1.7191545570954279,1.7191545570954279,2.821126494929923
699455719266132450,8.396860589848659,23.777726057709362,12.813299722422292,15.240067729387157,8.170715924153706,8.170715924153706,0.11769052692175705
700134617928939908,1.0615517956204374,18.33875946743702,6.780738162779054,6.489465869884559,2.7951053327656763,2.7951053327656763,0.8609172692689564
700859437931507959,7.082227427389817,20.833104919661253,10.778529497808035,4.237693991329285,8.709071970192497,4.237693991329285,0.13923257236138825
701379308767487416,16.503701827878853,2.4060351782491636,10.60564713849184,14.889797479465201,15.654826690502736,10.60564713849184,0.060227533014410396
701519587246830822,2.8756465150156982,20.542512966673826,8.92556364924607,8.021090530250772,4.3314514467472165,4.3314514467472165,0.3360614222669941
704201021761597436,1.1405594492957294,18.842309821541882,7.199723965483751,7.489369003618187,2.6115126195598855,2.6115126195598855,0.8060879311891936
705022840214875903,9.498105065200994,23.74386233128646,13.71385589982187,6.970954599978667,11.208234308248805,6.970954599978667,0.10418723208455095
705350379570787090,1.4662644444642736,18.957152082012517,7.2988308765891015,8.244777666562161,2.3974287357617787,2.3974287357617787,0.6384617894726204
705668629737875310,4.123272788838353,19.121742227900185,7.920364902837971,11.170328513834356,3.374993220822776,3.374993220822776,0.23678318924671182
706351778017219235,5.381874832686651,20.159178907295814,9.149659876549896,12.436623972849102,4.716749786620651,4.716749786620651,0.1824193420173191
706356638386568044,5.468611354162102,20.04678955042649,9.092969443811535,12.523516335765688,4.739747842030913,4.739747842030913,0.17957798388148924
706357979909942586,5.3402111563974275,20.020771991622833,9.028720825220008,12.39545416168369,4.6336983664959215,4.6336983664959215,0.18381639448388837
706494156839410838,4.0171688337550275,18.872964366079746,7.6795848166494345,11.049179877645718,3.1853885408197984,3.1853885408197984,0.24288535165266928
707223031567138922,10.97952165390231,6.948392042293735,5.154864790761761,10.145878802957677,10.174832290026359,5.154864790761761,0.09025660414209224
707283217949702436,9.6932512573056,11.512428056623742,5.688808791445066,13.659244554081576,8.0231479958251,5.688808791445066,0.10211113487505151
708626810243307113,6.168758835651927,18.332992107536935,8.053018043320842,12.969519469447349,4.849519725733121,4.849519725733121,0.1595212108516221
709408626307472076,19.088668951206657,3.1843358739371537,13.238772895055277,17.02346717207754,18.282744244110177,13.238772895055277,0.05211408892106172
710202128153189712,6.134132077943642,23.159048037510765,11.838043158806379,8.255588922158372,7.789805176227789,7.789805176227789,0.1604072527654651
711402753265928559,5.178647735726887,17.431742590730458,6.87493037082612,11.827787698535102,3.727710636917352,3.727710636917352,0.1894424576263748
712158021471707255,4.795277961973063,21.854486132668235,10.293943348110448,11.23663357785319,5.247269664915954,5.247269664915954,0.20427849200149314
712262301345135292,11.680766009088128,6.705523783847598,5.746388699077698,12.914512253770566,10.395740606557068,5.746388699077698,0.08488412376823054
712284140232798079,11.680766009088128,6.705523783847598,5.746388699077698,12.914512253770566,10.395740606557068,5.746388699077698,0.08488412376823054
712349930202774204,1.0470103835379074,18.675315278351558,7.017965919094878,7.7794202303031685,2.269906012007057,2.269906012007057,0.8718316890170952
712359823273007794,8.402835588365308,23.644763800005656,12.727248740341084,15.279443899460595,8.128980908393086,8.128980908393086,0.11760782501408482
713172242078826529,4.036521232798692,15.530571378086448,4.514381648704411,9.862440390688462,2.3020168256481326,2.3020168256481326,0.24174903106285256
713624151554100780,1.5563772014512804,16.38613706960657,4.73190064695204,7.543485816212214,0.601139787413834,0.601139787413834,0.6037272181262954
714377701528965422,7.102426352334433,24.335477637056705,12.76540936310144,12.99663426175889,7.714685714349438,7.714685714349438,0.13884210002034697
714670482096384597,5.7896053938330745,13.208338625116127,3.7056898962969558,4.421306335562574,5.861132192455711,3.7056898962969558,0.16979066221432873
715114759668615418,3.153033627652239,19.822131171995174,8.281248533777738,10.075614900418266,3.254451010722255,3.254451010722255,0.307405368176816
715313764611581951,3.2988960989805465,20.615678897884926,8.987354645787244,9.785075689785087,3.9499281354384492,3.9499281354384492,0.2942131712410793
715378065890700582,1.0095557104065092,18.484722871439736,6.897922263035959,6.749010831835398,2.7328142346143194,2.7328142346143194,0.9012616406918665
717338236140443946,2.587340471136199,20.265494212023405,8.60889252924439,8.5416082078229,3.7791242275296257,3.7791242275296257,0.3721151118515337
717877485430444519,9.230953167652759,23.59269869928952,13.029659587437216,16.220812759086613,8.726978280878333,8.726978280878333,0.10717018744308567
718051160607923605,2.6704330591213115,19.55067861391179,7.963360223464816,9.58076945432263,2.9136062673409815,2.9136062673409815,0.3609543990632159
718069047508654436,5.526268288324825,14.237499686923924,4.685406655111877,3.3518495336348555,5.930530882467443,3.3518495336348555,0.177737702639442
719605170711816265,12.297448162615044,6.4646691802672445,6.762993809926431,10.398190170801215,11.666430514327397,6.762993809926431,0.08066176094331545
720161564831875605,5.465858679803596,22.95142724933168,11.313621206509351,11.22926860396436,6.286596137601797,6.286596137601797,0.1796667967206252
720169989167279784,5.503108817410277,17.300835066088954,7.4812266604998126,1.6596586245942122,6.709737122733609,1.6596586245942122,0.17847235036605874
720494975110782197,6.210883672269048,14.713205102641723,5.028380731351622,11.688722872691685,4.476458108603038,4.476458108603038,0.158456414653014
720952782993284483,6.512233210480715,16.277205858824118,6.598082753464576,12.678478490269606,4.865574128756326,4.865574128756326,0.1512348352164819
722079813111451075,4.888603046154172,21.57715640876262,10.343340143621829,6.787162856026583,6.607927823309598,6.607927823309598,0.20045691965227078
722082045108955258,7.560343408391689,20.93381824500978,10.556365397904296,14.607206776093474,6.6788191403714565,6.6788191403714565,0.13054245047350338
722239695102639642,3.6797520538086728,15.445616937524258,4.245480045235905,9.396869845254272,1.951945177898574,1.951945177898574,0.26456761865962836
722503811840502032,2.0475733911242235,16.996943353270616,5.449517986848333,8.688963592548875,0.6018099991430567,0.6018099991430567,0.46564182818288435
724499520908533591,6.159073742336778,18.679322655901437,8.315563708877516,13.030665491114172,4.917499655818675,4.917499655818675,0.15976804894243946
724812786793812111,7.333129951237393,21.351276852108192,11.229392737721536,4.755900603951573,8.991374956507672,4.755900603951573,0.13453282891058968
726890842389291587,11.680766009088128,6.705523783847598,5.746388699077698,12.914512253770566,10.395740606557068,5.746388699077698,0.08488412376823054
727557284655130228,3.8845133166412884,19.334087946551744,8.374069011957161,4.643666376878581,5.548646765622974,4.643666376878581,0.25097167973401113
727716425054670664,1.8951026356051166,15.892873577530782,4.329033023653326,6.168134834768235,2.0197446104359043,2.0197446104359043,0.501227346480197
728068126846472435,5.458749144577244,17.325964163374753,7.477828892537831,1.711996706001702,6.672249667136637,1.711996706001702,0.17989658716215598
729554998945769967,2.023368583774555,16.920077875182795,5.365315749053665,8.619340494182948,0.5177650826952758,0.5177650826952758,0.4709497953588322
729883698713955634,4.5154981595061106,16.625122187974487,5.8569768480426285,10.921523855108479,2.9144316937049806,2.9144316937049806,0.21666133653209102
730427233403003806,3.3870955085782586,16.90868979005678,5.69701980117545,9.95848190465133,1.8547783200705164,1.8547783200705164,0.28677161194466827
731826340233671263,5.139930625432425,22.670890114917302,11.024377797012148,10.870582706266097,6.012617125243621,6.012617125243621,0.1908422212970568
731985170250976258,8.589874444546062,12.682280883380574,6.130154277753432,4.254674876468902,8.85061056560878,4.254674876468902,0.11507646127472186
732068531393078498,6.0710330508119945,19.650422693001083,9.510050613994611,3.334581796055331,7.6308101625277835,3.334581796055331,0.16204742249248177
735578419438653716,6.786573468679075,22.60251209267457,11.424385733184787,13.62048785679031,6.647260896850356,6.647260896850356,0.14521009679895447
736295621510170074,1.7562390211132402,16.993063983717892,5.618049116983855,5.32107965844706,2.937966964275698,2.937966964275698,0.5387237250299108
739116609943778306,0.2299065880433763,17.927599008458706,6.283515702558645,7.171102843615253,1.8540628843455549,1.8540628843455549,3.031161050559316
739222634773710782,2.1284491076633416,16.893228510495955,5.35615862203697,8.710589464534841,0.5968456609589402,0.5968456609589402,0.4487425791152835
739340943221084317,7.078816674470876,11.594272979642911,3.2829388294808686,5.6921327054819715,6.838111509138131,3.2829388294808686,0.1392987236400916
739776038240648327,7.3988248480394745,14.373605850196226,6.383184797897133,2.4723794648799786,7.969797898948632,2.4723794648799786,0.1333542281976948
740808604549304446,3.619442950044268,14.720444903579963,3.70873126687164,4.896245341860273,3.792845438900336,3.70873126687164,0.2688574642576782
742265784665629640,0.8214833318461671,18.258096023581107,6.598672684340909,7.8175583555637,1.7942444570318448,1.7942444570318448,1.0852068240849533
742643748995522886,2.0518680828292655,16.920010426330975,5.627654470987461,5.024656483422852,3.2076163152421193,3.2076163152421193,0.46471250165354233
743517816016987005,10.902666124801055,17.77103734586996,10.386393086971761,17.115520129390234,9.309123827524715,9.309123827524715,0.0908870621590439
745583253920309322,6.943744457521101,22.117641907125247,11.13636638537156,13.912872420696534,6.563305089933201,6.563305089933201,0.1419699431219754
745647738527624779,7.880809050337879,19.130606039345132,10.080674535122212,2.3062900827092325,9.261851464032777,2.3062900827092325,0.12530057963956218
746222250886022872,5.4470371825135695,17.339308250640226,7.482353223372309,1.7286304975749238,6.663734274259068,1.7286304975749238,0.1802764191219758
747048050097929410,6.798370875282063,22.370595764643518,11.631788048826152,6.334051885854164,8.531048985678718,6.334051885854164,0.14496176243338202
747937797086662089,8.439127871750253,22.91183088411094,12.256574369295878,15.441953005396117,7.923349130291237,7.923349130291237,0.1171079781236525
750218471903867145,2.6218934422732603,15.751648636735492,4.497483043093814,5.042068596234751,3.1455281144278255,3.1455281144278255,0.36739131094155686
750526187830005720,4.9278605790920835,21.48177544703576,10.033655455656607,11.670535126704682,5.055460161549209,5.055460161549209,0.19889175212184923
750564384185817629,7.382333920298493,17.49853604812392,8.042419935174372,13.87180699753281,5.861273717247651,5.861273717247651,0.133648138488867
750662610827372615,3.4518213828281916,21.050697014318903,9.392717906425359,9.425474276226254,4.441406350690586,4.441406350690586,0.28154568944109876
751419245457888371,0.8790783228927793,17.700192464056606,6.155727170144177,6.220088996222329,2.4701997930392174,2.4701997930392174,1.0213687471349642
752174290794940635,3.5907199496943423,20.861066261513272,9.243046131542716,10.061950847339624,4.1978370016511946,4.1978370016511946,0.27094984545842277
753640610205687012,3.2087140583038156,16.06083903920891,4.751626905959473,9.31448118496802,1.4815028864819633,1.4815028864819633,0.3022322214548336
754895013944592964,4.5016477508890755,16.398679779737872,5.634176049299535,10.810724521274414,2.8615265563440366,2.8615265563440366,0.21731346120675837
755933245094974115,6.289550247191472,18.52235340086456,8.253920321535254,13.120374017365933,5.00097271078719,5.00097271078719,0.15650553815419954
755952376148639107,5.356777130431073,22.475918213342204,10.91215096829898,11.649545419123676,5.863696769804914,5.863696769804914,0.18325835490389586
756373781930465840,5.7803278023848845,18.89052767589408,8.831959284109267,2.690221430028045,7.253892043763735,2.690221430028045,0.1700585466671484
757898715723200984,8.038684450604826,22.55708297501238,12.309308669095968,5.957725472618522,9.744316152444762,5.957725472618522,0.1228699805317658
760165895117553641,16.746376797227363,7.106877670524695,11.6901536521262,13.100749141546626,16.372683354841797,11.6901536521262,0.05935994499212338
760907034908557093,4.380474481912313,21.623117993504508,10.020373726046092,10.719940633148111,4.970198037014477,4.970198037014477,0.22319064733813407
760958043751310639,2.4487191042239203,16.173107346007562,4.937641838888656,4.901556423548316,3.2203496539229985,3.2203496539229985,0.39235394686794955
761515523247022201,6.237128467682526,18.624649585379945,8.863533358110512,2.141454981452539,7.642125355140912,2.141454981452539,0.15780017796699297
761718230870384077,4.508326032585903,16.512292993426165,5.746439656072163,10.867009115007788,2.8870988282278476,2.8870988282278476,0.2169985354614467
761734836187738677,5.4938723898238395,22.12939554509659,10.681347876396632,12.123536290484305,5.69390712599519,5.69390712599519,0.17876703834344917
762408080060331673,13.72659824048659,14.513014624982556,10.829024573625631,18.66281503379582,11.993253873907083,10.829024573625631,0.07232436949472018
763694852078964309,7.405163007198651,14.497426169402686,6.487852386368994,2.351460347557408,8.00322315551745,2.351460347557408,0.13324160968134072
764652071728217097,7.812332050092229,19.588620089921797,9.745959774150576,14.711958374733738,6.599365217058753,6.599365217058753,0.12638498911181864
765205166812515394,5.264158411757224,21.93055752185892,10.468156284945339,11.90631641842864,5.473137098593999,5.473137098593999,0.18642253327347466
765323061447346007,16.567326445446337,6.293504483088526,11.33075087725463,13.264181721205887,16.11203532555586,11.33075087725463,0.059997624890416
766964039883686554,3.7584890290796475,15.188270525067228,4.444624340091776,4.1387156703565635,4.2578535194685125,4.1387156703565635,0.25916880739156245
770229270654622365,6.637886838984562,19.848878518957406,9.395470532523548,13.64520331268378,5.62435618614167,5.62435618614167,0.14841448422881287
770869320258914486,8.586154188324954,22.328463185703384,12.435973087299713,5.54803630637255,10.254328470631068,5.54803630637255,0.11512574821019161
771084327839050776,4.58095797008775,17.560156391407787,6.736742508170131,11.311847549423515,3.1928571023110255,3.1928571023110255,0.21363148449317393
771776079617148623,9.835029948435132,24.13553372024216,14.10366856531937,7.353530676749387,11.550494890560604,7.353530676749387,0.10065394922714956
771793196571267930,9.825916334325266,23.86396497216354,13.94575990012123,7.054539930964312,11.530242603640332,7.054539930964312,0.10074636600974102
773240222646224667,0.709257867570465,18.22762311870118,6.568827931399256,7.685887360744612,1.8282814333663329,1.8282814333663329,1.2357000655454564
774545010096556204,9.093054056081195,14.783935549736379,7.278412448279269,14.541082092235502,7.368181197951738,7.278412448279269,0.10877777873377141
774781482022487824,7.943632338917869,18.687485931915802,9.191554418352009,14.669380788951685,6.565222519580637,6.565222519580637,0.12432194285679306
775404892024131437,4.844380898869409,14.230047136769853,4.074714881608632,3.989757792604234,5.130980252111593,3.989757792604234,0.20224979030815807
776014861241735902,1.4222833915344344,17.147452932255707,5.696253001981152,5.644548330672232,2.681949615318564,2.681949615318564,0.6569079092375946
776745452894507466,8.042763020405562,18.802141051578282,9.322831099800599,14.783282733287946,6.675816702684224,6.675816702684224,0.1228084370740036
779598253679590567,0.8660524723140324,16.836316722256573,5.1995789913632695,6.798831252000919,1.3984365297668255,1.3984365297668255,1.0351404594044995
779831052182176019,6.577649103976471,19.805187414351423,9.855929785566547,3.2565594910174576,8.124472869076858,3.2565594910174576,0.14975330156304714
780141460555894020,0.49631901896971947,18.09778761576297,6.442582987415352,7.472409727100157,1.8160147256920525,1.8160147256920525,1.676954730921938
781418110690128742,4.52736141484024,16.18310410986934,5.435910942332682,10.736265981921271,2.856261932843148,2.856261932843148,0.21610587770234174
782690732521177969,3.20220958375668,19.966862293710598,8.629635075835097,6.119682156013788,4.935877245561801,4.935877245561801,0.30282753854235195
783200712500479389,5.601545561816118,19.989747419219356,9.096142530424721,12.65389997186703,4.821215056876045,4.821215056876045,0.1753910390012685
783468485250196758,7.725550461684442,19.008269924499913,9.301105550712725,14.533662998314865,6.414625089431289,6.414625089431289,0.12778653781560959
785082616651050507,18.790551362382754,3.915837223023671,13.049292441639945,16.39294872902037,18.06586778684783,13.049292441639945,0.052936517352866995
786308508636297203,0.4605385571519654,18.048054448549603,6.392728515654028,7.45878818090092,1.7731421306426416,1.7731421306426416,1.7839985978500563
786858671294872745,4.543054047198485,21.480061848704125,9.938995751418776,11.120652049601988,4.900721593047178,4.900721593047178,0.21537548127473935
786892739148623801,3.3667369779935776,14.454489756724382,3.021132884895604,5.9743453762078484,3.062349746774813,3.021132884895604,0.28845568797052606
788284791294189813,9.80337909990166,17.45949139330258,9.483842486971598,16.05175070600183,8.212832927943365,8.212832927943365,0.10097563568074759
789275713131287156,8.227448082483162,22.381564910055268,11.817668826792572,15.263615651676854,7.606434369798558,7.606434369798558,0.12008480750585598
790816914345274713,4.649786319221701,21.965453399549332,10.352634750711323,10.849772343041915,5.3056122469874385,5.3056122469874385,0.21053578683174526
791273631100844517,3.440063540900629,15.696238865887112,4.430623159295279,9.311307143899974,1.7063166058485775,1.7063166058485775,0.28248080534328196
792514918043734073,13.446366319444644,13.164946577204958,10.015665156228453,17.96612491583971,11.715160827405668,10.015665156228453,0.07382053433507006
793535631103106347,6.5695590614241555,12.665686938428967,3.9480943426441444,4.561748167163336,6.604347608903393,3.9480943426441444,0.14993494934078436
797666977010512780,7.098893439920269,17.107067380333834,7.591347304886723,13.499685871040741,5.5365206757739776,5.5365206757739776,0.1389102378505377
801677979931509402,3.1893012383282118,20.395326044818802,8.938177276767547,6.868407443725599,4.8803246299803265,4.8803246299803265,0.30401593759416523
802359279474337656,7.828970761377787,21.12514267206663,10.803602252646654,14.877052983654261,6.950606288829378,6.950606288829378,0.12611977393976842
802688730710512644,4.57091494540977,15.461058195742517,4.7190788997236774,10.394423649753202,2.8398011564767427,2.8398011564767427,0.21409081768502897
802827603438229708,0.3067427514461779,17.444915627106273,5.816882688697424,6.818218902882462,1.7292878269568948,1.7292878269568948,2.4585564129772197
803707023095655942,15.138008379525926,4.172359072829925,9.42235389175565,13.108483643230842,14.421683958891602,9.42235389175565,0.06562537407077547
803712476358119746,11.676915913018316,6.691948300876237,5.737919922296556,12.894240662990747,10.395232297945613,5.737919922296556,0.08491187399025159
804235967095343482,4.780065233939099,15.907762651738992,5.290385826773817,10.852532340028018,3.082676487150362,3.082676487150362,0.2049152935590614
805942258921052192,10.694562351136906,11.40179761338897,7.377286439743879,6.165231642282847,10.810362127404625,6.165231642282847,0.09263923515108308
806430918323857030,5.5508910239415865,23.062588941351567,11.420622121153169,11.241474394697592,6.39968644273531,6.39968644273531,0.1769632427458288
807354529237189568,4.03329276311278,21.090631327632074,9.704756275846213,6.983506595207126,5.727545931595431,5.727545931595431,0.24193785858200392
808755513807830917,3.660092741516633,14.177562106238986,2.7994266502089884,5.950205449638996,3.32296008846266,2.7994266502089884,0.26595088705090025
808832407323703451,13.541379880155095,5.137341585297114,7.835607850530491,11.764684548342474,12.824840365161506,7.835607850530491,0.07330636700871866
809333299428005644,4.270901001943269,14.312458368574363,3.6665542312318293,4.559678678673149,4.44111101965941,3.6665542312318293,0.2287857811365226
809620182647254901,12.534998894331878,5.953610884226863,6.86311620104907,10.890470769906438,11.832708116581882,6.86311620104907,0.07914523842567212
811026130816354743,6.621111676634783,24.163077926509118,12.519174451715639,12.039302919862244,7.500636764639011,7.500636764639011,0.14878491060881963
813099815984205443,4.3416354339211685,16.7170520933483,5.86876774871051,10.793153003036107,2.7581011001592444,2.7581011001592444,0.22514229609276581
813906334016229973,9.788219076016652,13.06100753555147,6.752451384754071,14.501811583076426,8.060115136885008,6.752451384754071,0.10113044546367775
814028670818722419,3.4214111024362683,20.81978608377168,9.182167415959364,9.780174137202895,4.156473383008907,4.156473383008907,0.28397706797373234
815428632272085329,2.5291520355206276,15.442777826684733,4.021223031621378,5.6272401220004395,2.6949392419064324,2.6949392419064324,0.38035076955980557
818359277182559055,9.619732943878724,11.591979583438198,5.661790700734323,13.62234588029147,7.946808577704186,5.661790700734323,0.10288348515066746
821030675435216627,4.638339714154286,20.943061714198606,9.8205507060082,6.02909980236933,6.373074979950744,6.02909980236933,0.21104438692160832
821285421345961579,10.973089871242937,9.66111922608628,6.064495169216866,14.061988062122897,9.39037800424781,6.064495169216866,0.09030902951460933
821947800997638307,13.497875894706217,5.01278327027307,7.507978137268868,14.285874050573131,12.239665178447964,7.507978137268868,0.07354089769191889
823075195848107845,10.402275225739471,18.16344625579285,10.291838684797765,16.76721584936989,8.853702441968784,8.853702441968784,0.09521746274075478
823143613030338927,12.11821282420813,10.02139489794274,7.456755554930854,15.469898748167823,10.482449678723496,7.456755554930854,0.08184503039746409
824582948839792664,6.798504915578891,22.367967570697065,11.630197847762885,6.330255631166389,8.531135446813623,6.330255631166389,0.14495894577703358
825261368700959639,2.3447546358916904,15.39795651500857,3.8217416906849895,6.28219701055854,2.1371517857503646,2.1371517857503646,0.40903900347253613
825357042765109909,4.991930929640331,16.181549179711222,5.665248505491482,11.189990477502688,3.328082322855092,3.328082322855092,0.19638915252737632
825415053290113653,6.537408910176476,12.194120636265737,3.2896997755523576,5.2339533787812815,6.387302474515851,3.2896997755523576,0.15066120131107186
826162182781186712,13.492260354856475,13.79332371202744,10.323473793859387,18.22054107215295,11.757683743287876,10.323473793859387,0.07357128055913842
827415644569762331,3.059333000179054,15.914302231167627,4.535075756709867,9.040802427900143,1.3251075398302876,1.3251075398302876,0.3165225064731465
827599653801923303,4.345173115679764,21.686347982853285,10.06594583268287,10.573674295905107,5.022596844453057,5.022596844453057,0.22496311706570693
828957064823370406,0.27643671384916413,17.891121625844487,6.239394945069935,7.308037297052324,1.717562050498236,1.717562050498236,2.6564890277963
829202459815400479,9.178734391035798,21.900009927033963,11.92534882039208,16.22463897757297,8.267380989783403,8.267380989783403,0.10777331884465859
829737607287146165,4.985698305688679,17.768574016954734,7.595049485013561,2.3729644044615923,6.310493069498943,2.3729644044615923,0.19662983132157802
830456448676584755,7.016876880175669,20.053733811103076,9.705240471840465,14.024983454774453,5.9995204083730025,5.9995204083730025,0.14051107203857047
830546863527097176,0.705847988302601,17.247119353275675,5.660172513198077,6.408511900426812,1.9837957535452435,1.9837957535452435,1.2409288284088806
831250943446647268,1.1457376272161017,18.765244017781225,7.1071674656589625,7.85576798525544,2.333788035234953,2.333788035234953,0.8027372523335743
831443447835778403,6.54891352526217,20.234350267594937,10.132436877365453,3.7602835150125045,8.146905936276799,3.7602835150125045,0.15040051223415024
831847179747729654,4.7619629477143395,16.23031030581494,5.5958736411439824,10.988109623224338,3.101132767100211,3.101132767100211,0.20567824369581236
831978562322702951,0.8546700089231699,18.416452555764018,6.757757762357488,7.751362760859932,1.9988823488491652,1.9988823488491652,1.0474823663183477
831980203296811461,0.777408572519142,18.241014872698653,6.5816226034390155,7.769583171201829,1.7992302918204666,1.7992302918204666,1.1397198879979982
834188475826652543,7.579494798799589,14.966115260640017,6.258145698172451,13.171157775954638,5.8562047768500305,5.8562047768500305,0.13021689918408616
835485143685646452,4.783012266162257,16.663014799557327,6.013666834021741,11.192006136166906,3.1890216759218566,3.1890216759218566,0.20479162154264619
836224189571898631,6.389554825456488,23.117929399084034,11.92067877415407,7.862652571149256,8.084400584360996,7.862652571149256,0.15409377482678993
837617435139917268,4.57765961774938,21.26357015747505,10.017557601245164,6.605389435253752,6.301100661592867,6.301100661592867,0.21378212219749806
839353043419162021,2.951488539959102,17.952718974371532,6.912281696103976,4.362983796142554,4.438245009962249,4.362983796142554,0.32770891547028475
839701869911797731,1.8086555468773886,15.987264634914727,4.423469748383932,6.163486605519796,1.9991167842928472,1.9991167842928472,0.5239290041809936
840119666770919275,7.470034327293699,17.584664334378676,8.154309292015189,13.975259137128484,5.957237080930399,5.957237080930399,0.13209979727496188
840607331908560244,14.772719355627226,4.261704133971351,8.7965287749803,15.509962556958493,13.491221405184962,8.7965287749803,0.06723719960611246
840712325040919020,7.335460133684687,21.496651048324992,11.3226099149509,4.928516973345226,9.004936675962965,4.928516973345226,0.13449066796414172
841304513878963200,2.388622547620699,16.7955345564689,5.306903574516973,8.918147265003695,0.8006848709535619,0.8006848709535619,0.40182871482703214
841455744807692982,3.792153416661155,18.024961843151807,6.87355893578525,10.701218497954521,2.643198926190845,2.643198926190845,0.25692717962228734
842577056486051421,1.1652364800688049,17.33659495573244,5.693577312006888,7.9988809759994455,0.7363044563285521,0.7363044563285521,0.7903660823513553
842651523753576308,3.962639062530308,17.120048624160397,6.100769352328323,10.590491992252343,2.4824305912119105,2.4824305912119105,0.2461454204049267
843579221824479246,3.848998312384758,17.133488353174908,6.072433920447164,10.488275318625263,2.376506619198906,2.376506619198906,0.2532287737028965
844068528153943411,10.062024572325699,17.76145414631645,9.834493934191912,16.36270206661827,8.489493630189296,8.489493630189296,0.09840558767426187
844886538694387858,4.64972167264412,16.249557618855324,6.109364251196952,2.5043163000279196,5.619582078777593,2.5043163000279196,0.2105386523508251
846986376815412901,14.362205970595703,7.897111713743017,9.56881183895912,10.678667236871888,14.073196700398652,9.56881183895912,0.06914574457265939
847122003938479347,9.780771640200879,17.392660777452218,9.427995286264585,16.013473612826218,8.185452694627951,8.185452694627951,0.10120667053283601
847297156579855046,4.288214295845407,13.711296395105435,2.6569502919082106,5.610485773027543,4.0329167291739445,2.6569502919082106,0.22788312798369073
850666818338598615,5.200612507319205,12.701841201284038,1.8758077202066947,6.158115137581928,4.721085249255096,1.8758077202066947,0.18865744262935227
852753902699444231,8.766725377905134,23.11380175211585,12.99001389282504,6.40446497245145,10.473326998110812,6.40446497245145,0.11278120809875151
852986934018677953,4.860145417736037,20.398255017850413,9.522859896127137,5.069054554948724,6.5687998962515275,5.069054554948724,0.2016069924934642
853531231228833355,6.995702375811662,17.450187246206188,7.79278358886222,13.5052190941247,5.4804946975111735,5.4804946975111735,0.14093037546344553
854269178753370152,9.158809301880087,24.648714374351783,14.064489883096304,8.19036245988051,10.89306676971121,8.19036245988051,0.10800524855792643
854464602254373850,8.729722276641052,14.340998090328707,7.447561729257968,2.9676427566185453,9.317490821501542,2.9676427566185453,0.11325384521385126
856550832635722499,18.25844593058458,1.531172623851995,12.289338959368498,16.794929133875897,17.33728614224077,12.289338959368498,0.05447084158327542
856678083000821060,4.987569859179589,16.222302462677344,5.701520113736535,11.203812320984769,3.3287152179375066,3.3287152179375066,0.19655749752422227
857164271085722596,13.849722818571928,4.934744406456972,8.144283619789647,12.01250639828899,13.134801701164665,8.144283619789647,0.07168601218861873
857427415890334878,9.026831991837499,13.175252142482066,6.134879256118282,13.796420391610395,7.29978987877641,6.134879256118282,0.10956704373372285
857918213730778256,4.912084579503255,16.774127299881116,6.726186870001995,2.14340628999103,6.018662799012861,2.14340628999103,0.1995177822994977
858068027873898251,9.536858909451285,20.54743727492043,11.248015093586776,16.443742552901654,8.328864121944186,8.328864121944186,0.10376825160522551
858068395098620771,16.794588694788743,7.082728457311575,11.7304003340105,13.15609716816307,16.417795184247886,11.7304003340105,0.05919055018536539
858778017596263853,0.10307725663525719,17.6216102058718,5.976763512458564,7.091711633351928,1.6341412385331386,1.6341412385331386,4.924234336078703
858889058897346588,4.0977135444463455,16.255028126830595,5.311205645182426,10.346040040628996,2.4271028780190327,2.4271028780190327,0.23822492635854559
859272629345608670,4.769673303863689,15.180908326050833,4.532077449465271,10.43587478934398,3.034950526421656,3.034950526421656,0.20535258478357912
859278740184118442,6.401473646622495,22.484999872588315,11.213634823708814,13.179987353653122,6.359629225282713,6.359629225282713,0.15381128254199697
859477116752256153,8.987041561902895,13.244524150564425,6.146531630188475,13.788734009135506,7.258817040775662,6.146531630188475,0.11004681701825433
860118544528692769,6.171457718566028,12.424931606617603,3.0856686985076363,5.216990131476109,6.012116979129037,3.0856686985076363,0.15945256188837872
860214814961263869,4.748823882854626,19.28197228296328,8.665606666424134,3.849380199849948,6.34733719595105,3.849380199849948,0.20623557880416862
861562729483207247,2.154650871701293,19.102543398500778,7.4903307031188735,9.115784877958335,2.44100127625273,2.44100127625273,0.44352764880419354
861784147951896334,8.190099797370284,17.113483707862574,8.241536213571205,14.498232607874808,6.605099037154694,6.605099037154694,0.12062580963346324
862395904656281056,4.493365439555537,19.43591212823685,8.290332661803452,11.54623468384321,3.7787087220800157,3.7787087220800157,0.21770529977618375
863122077574641935,4.6638810454371145,21.726146140455732,10.162488579575765,11.124870323455294,5.11517351720116,5.11517351720116,0.2099128820518742
863668175659514649,7.579307451363534,14.274958616701882,5.707189629930503,12.860695829976974,5.844635859368819,5.707189629930503,0.130220076007302
863843775999116073,6.3841830068374295,19.411109072430182,9.491815411761952,2.904994793225691,7.893141668213418,2.904994793225691,0.1542214337481718
864330520311480547,2.4711499067538596,16.634682107925663,5.155955803216584,8.905389730276246,0.8155250514752723,0.8155250514752723,0.3889310371881524
864662791083152036,0.5463467089967325,17.5995877990823,5.940250669672157,7.5325086013871,1.2741797377234847,1.2741797377234847,1.547157254892212
865225666104756420,5.017967993857699,17.897673221404595,7.202457583102061,11.807722771718714,3.6879210563716387,3.6879210563716387,0.19539004565877408
866570797047292576,6.669610323687978,24.19107038508505,12.551158563244678,12.131223194470358,7.526477725253046,7.526477725253046,0.1477189900430215
866760195768806468,4.075984832952202,14.446785306126515,3.688028894753826,4.63179010718506,4.255985927781658,3.688028894753826,0.23946447125696396
867993338712158581,13.510872606308288,5.112276457650547,7.791449269162284,11.776544943635086,12.785853287357801,7.791449269162284,0.07347067516718406
868082230911607347,6.611627359304315,21.694637215882615,10.716341564929236,13.609901442950726,6.174577458745915,6.174577458745915,0.1489951611532339
868699412050432804,14.02460621865912,5.422280061600697,8.478088608093866,11.766399297880344,13.40061149944732,8.478088608093866,0.07079843391874271
869384351246628871,2.6768970781570194,16.920289270793067,5.504160029005278,9.27345132347553,1.1540035726005728,1.1540035726005728,0.36011417487020564
870527312327340177,16.104011256089276,5.774074253436331,10.38203936544864,17.6225696103966,14.663962624383208,10.38203936544864,0.06171311437618335
870889896669576615,13.955750924779682,4.799473996165662,8.232376062763546,12.147066603487604,13.230202423999563,8.232376062763546,0.0711452561554035
871730633283379525,1.9463735252320085,19.645585792477615,7.996931839074988,7.9811724277727345,3.2792447642315676,3.2792447642315676,0.48866934001534473
872328403142933403,3.4775849707856703,15.075042662806737,3.6974022660611707,8.802568118701101,1.8419146507874338,1.8419146507874338,0.2795181688669692
873745990637321415,10.188063273828373,23.089924915130513,13.14494581321587,17.243346343864026,9.376921569958,9.376921569958,0.09720002427899942
873800024931120764,8.733597483653861,18.66948485875902,9.61012574260922,15.383125411981851,7.307550269518418,7.307550269518418,0.11320416193407623
873874443853153665,5.747600399300772,19.567575842446374,8.827075218885524,12.770342441286513,4.79982706010437,4.79982706010437,0.17101031734650937
874686282814242987,6.297339682951942,18.757940457051145,8.98938338246368,2.246691080899543,7.71910091850014,2.246691080899543,0.15631497615561463
874724845616921931,14.729859242485203,5.009332980473042,9.157304510504726,12.403807720998167,14.095905865860123,9.157304510504726,0.06743152336437275
874725103753806598,12.122736841410383,6.710568188766468,6.643219858214393,10.155250607884138,11.516951352234742,6.643219858214393,0.08181473699180207
874725704041286705,6.492436456938548,23.873564076054006,12.407416232981646,9.37308327767051,8.04240175936832,8.04240175936832,0.15168898578423137
875400629375636096,4.5452289659412335,14.71936575370577,4.4350080941234795,3.7352246906514286,4.982781104539185,3.7352246906514286,0.21527464142930064
876689830803378456,5.203993064233865,22.676831988769038,11.039999235957051,11.045179682077169,6.011811252718415,6.011811252718415,0.18853719978316846
876812545083823268,12.2424484226025,9.767286268992601,7.481560169416734,15.480164109597219,10.6184834131344,7.481560169416734,0.08102120144725242
877423132566054942,6.5921522372532415,22.465927312071216,11.602823441457945,6.616317353275477,8.32686844109717,6.616317353275477,0.14942875842442652
877551972813715839,2.629403637286345,15.141605500962429,3.6021435594870614,6.143030561317631,2.4107137284763756,2.4107137284763756,0.3663804013224772
878022456989537209,7.832405353814077,17.70098710063014,8.4420738026744,14.335939180465902,6.321959315810395,6.321959315810395,0.12606516628895897
878342497859586024,3.209518945525535,18.510645087858077,7.148622171963493,10.238045157212268,2.4378679759291457,2.4378679759291457,0.30215871746315237
878345113794797280,8.094443643742975,14.718260669884089,7.2050838109754185,2.338020821408858,8.748345417777394,2.338020821408858,0.12203391022935026
878869172354794212,8.287356205870381,15.078353068152238,6.868554215559054,13.89420223860538,6.569613403506088,6.569613403506088,0.11922708127026865
879109424040368993,6.089004401759729,13.191600498116532,4.025429179456341,4.203232265943396,6.217496952125987,4.025429179456341,0.16157687651921343
879184902656869741,1.1792925161003787,17.330404838338875,5.835057612276032,5.876586785500867,2.5493423630929177,2.5493423630929177,0.7816820527085266
879677616363290344,6.074545326827332,19.27340928174497,8.732645261153964,13.047314580205926,4.9907587278956465,4.9907587278956465,0.16195524481052442
881166181186050929,2.994580237062497,15.296817279455533,3.7751967108440376,8.3486372100339,1.4373992226613597,1.4373992226613597,0.3231456040542807
882561956783087793,14.26505751367764,4.512414414811828,8.281299455810087,15.009210866774504,12.994534899292967,8.281299455810087,0.06961336556069153
884013514535350819,5.750443953477746,16.752676001125437,6.570148504807611,12.136965272143533,4.164394599155107,4.164394599155107,0.17092719936331646
884613041906381054,12.645492978887397,6.791013383277131,7.320000053893483,10.239806322201352,12.11681348313709,7.320000053893483,0.07845910720412902
884908539438212086,11.667034446984694,17.169418377938257,10.570141506600892,17.635142860500988,10.020571790190225,10.020571790190225,0.08498317944979335
886378373066837454,7.159729792347809,21.81954223853531,11.007718703438265,14.18429547179778,6.617539137024097,6.617539137024097,0.13774617356338248
886871167668195765,11.666698066532211,17.169252406006105,10.56981719642504,17.634799753603975,10.020232284476696,10.020232284476696,0.08498560890623007
887061719314888767,8.03180927049268,18.699539268443942,9.24663706191306,14.752204745979508,6.649806490384055,6.649806490384055,0.12297386310185966
888296287022908459,4.457745567695046,15.865610389418773,5.08281327380376,10.50606326046943,2.74957044930469,2.74957044930469,0.21940671877077214
888360812984921293,13.004254856317575,5.237194361168747,6.989029137856106,13.6987544306309,11.7789586633913,6.989029137856106,0.07631109215781919
888656865890341217,4.591682790842668,17.53746843583037,6.720955932240375,11.315143053867619,3.1967961976862864,3.1967961976862864,0.21314313958987646
889694157859022963,5.182591462135327,16.483979348971584,6.042601796862454,11.500840278217025,3.5604692800707403,3.5604692800707403,0.18930102908162058
889935277414203190,5.91106821349426,13.56949839333174,4.287332720967159,3.854650853347792,6.142133265942972,3.854650853347792,0.1663597824019195
890084442453802553,15.191638642172641,3.6246818872839346,9.177784329890406,15.66934187853482,13.948569197986846,9.177784329890406,0.06539521521533416
890768353337358362,15.135351482509769,4.468696655068688,9.479303180887324,12.947364071328037,14.455630775023439,9.479303180887324,0.06563681849729579
891353208032146142,5.4219004226149075,17.51988010279305,7.613565743877023,1.8374753523469545,6.676182641058386,1.8374753523469545,0.1810970722877411
891567522553682064,9.719836930374324,13.003011994017976,6.654089032791999,14.408890916854668,7.993041839423025,6.654089032791999,0.10183468494337623
892020508004232135,6.861963312689549,24.2916747973614,12.671858609371748,12.48730600466283,7.629286972850515,7.629286972850515,0.14363764287256486
892113107850098005,2.181546787645481,19.567095099111803,8.032897035139102,6.8443814641476255,3.868591593758656,3.868591593758656,0.4382991422376149
892716929803333450,7.2062837224805545,21.585412325960178,11.318755207503,5.088065777828271,8.888559265724261,5.088065777828271,0.1368684871794837
892744973488950593,1.6983306075070776,18.75709139127941,7.267990392641992,6.234082691161983,3.4321485315692266,3.4321485315692266,0.5560712784543229
892761823089767349,1.8508469808983894,18.9578381246098,7.469627251391004,6.308855780505023,3.5852350960736588,3.5852350960736588,0.5125978663582765
893438632455160707,18.578440754965936,1.59281002961569,12.601100051252201,17.132948122250678,17.647167593128394,12.601100051252201,0.053537659439486955
893716421577154531,7.555807790225685,21.074884946591364,10.651557131242294,14.60748189945051,6.71157875485462,6.71157875485462,0.13061978923722706
895837214785840282,1.7258129682363081,18.814604261750922,7.322329663540811,6.27302171242167,3.46044904067287,3.46044904067287,0.5477012253702942
896232345865509396,4.2406191486675775,16.74839531749955,5.856386458194887,10.709491909608992,2.663678178897565,2.663678178897565,0.23038188003823512
896399886172098431,6.288180469655825,13.857369327031094,4.962652712426922,3.2817362347649857,6.660777913477991,3.2817362347649857,0.15653909665671623
896899207791125247,12.913219298086636,6.98356342990898,7.26821412778383,14.80147482309836,11.47331082810071,7.26821412778383,0.07684493568374987
896992738466574153,5.045412673715978,16.774624616552202,6.238235430690399,11.483195890893759,3.4695617614675256,3.4695617614675256,0.19434787128119846
897053305111664749,2.671494506176518,18.37980360972926,6.912441483751643,9.707947567865563,2.031840006347132,2.031840006347132,0.3608161581310778
897714614763558618,5.672355249020366,22.740825709251908,11.193577604202876,11.963417833769908,6.149116784135582,6.149116784135582,0.17323951088590941
897738408951536733,5.582533291242986,22.68024582043912,11.124801375776316,11.859749686864776,6.07808623459536,6.07808623459536,0.17597785155804377
898803034016367682,17.859082001838722,2.1440342618528665,11.951331552360609,16.13831510563285,17.001871984707773,11.951331552360609,0.05568213341292255
899212092415626033,8.664790588569657,18.00776744181226,9.13309196956177,15.168052717993117,7.16066723454442,7.16066723454442,0.11409285708481393
900105062585449125,3.703311442974737,16.51282421791558,5.411513667976804,10.083154594326079,2.0691783349774706,2.0691783349774706,0.2629287700977378
900137614649229914,7.554166878271063,13.31222901909935,5.636787723680712,3.530735905715207,7.890689130066579,3.530735905715207,0.13064779170661114
901439717910084309,1.02685145511535,18.494515183823726,6.9094401100238,6.738978563817939,2.75070722081425,2.75070722081425,0.8874284143313592
902039232279530268,7.720761843656509,24.448550841967897,13.285423532715996,8.894745097101355,9.397994300714554,8.894745097101355,0.1278647809498392
902043056459773980,12.206755522876758,8.315960853155783,7.433225800825453,9.009022354125735,11.893354119794441,7.433225800825453,0.08125618471425079
903486801540157597,13.565152224583134,9.755925991267246,9.433246497425595,9.144096004857467,13.499734136505088,9.144096004857467,0.07317884086216286
905061136653144135,16.66588066363219,6.160802356816488,11.397734043903126,13.408805614232199,16.19647634349811,11.397734043903126,0.059644943207138285
905154333114072297,7.442206158020635,14.275518830239537,6.339705920574984,2.5715117484953085,7.993081629436842,2.5715117484953085,0.13258720048862183
905154358245611560,7.4106943923804485,14.255236947977458,6.29707630526901,2.5895446481049076,7.9560357157078005,2.5895446481049076,0.13314348151543667
905154383393409495,7.3958651255479895,14.270717828964381,6.297339283437256,2.5735564159368254,7.944114065437213,2.5735564159368254,0.1334068827615004
905154408774749090,7.44510042524245,14.268840282626716,6.33670896494659,2.5782579452522065,7.994607343460872,2.5782579452522065,0.1325363406237057
905154459106096953,7.436758362902119,14.287163217511036,6.344602354991295,2.559721847543192,7.990007288512411,2.559721847543192,0.1326830384960011
906558735828371317,9.126676399868499,24.644998307742462,14.047087806169296,8.200151671010525,10.860742982097923,8.200151671010525,0.1083813885587504
907136929576085999,6.549298651780921,19.096564205405947,9.35463360267169,2.4871273179033757,8.005000028942964,2.4871273179033757,0.150391801055915
907311721592352305,5.021622063897831,22.347712509397887,10.887843490363881,8.171880772566201,6.62626738096336,6.62626738096336,0.19525064276979198
907970414270132974,6.385445416477665,12.226718968368536,3.107660194721806,5.3195162877420055,6.204538542675978,3.107660194721806,0.1541914141254332
908463326021223147,3.596436934258212,15.275791244723358,4.003844420160251,9.15488063967691,1.8934011598136415,1.8934011598136415,0.2705307889151574
908515528408361637,6.144408318650556,13.178217487642495,4.070822108145147,4.18099226145362,6.278493459420661,4.070822108145147,0.16014327522645164
909430637865426557,19.72155397679697,6.404640042771163,14.302307327599348,16.4372843910328,19.190658766730635,14.302307327599348,0.05045013126471294
910075730457319527,4.939468724040374,20.69982562462877,9.428942425463491,11.923462736734908,4.648215591728653,4.648215591728653,0.19843361567650608
910236251610012703,8.483163665905733,12.388577585873609,5.03539469939471,12.825036235339537,6.792592109547464,5.03539469939471,0.11650715737510937
910246575940347861,0.7184513825925717,17.400797855468355,5.7417033729849845,7.5854652195239325,1.0478643308946838,1.0478643308946838,1.2218196722111274
911446741074991676,8.076316159990462,22.041613689197753,11.527528213364066,15.124687618893892,7.392322773785174,7.392322773785174,0.12230446822657681
912266648636837241,1.2681152460329843,18.174667522722412,6.53273228542533,8.323080896878066,1.532592372903834,1.532592372903834,0.7309325752341559
912519329404994614,7.541757912763554,13.280933080744125,5.597973054731319,3.562813074898617,7.869926831101978,3.562813074898617,0.13085994236087511
912548857441480143,7.431318536249112,13.40168430999972,5.5979910372328785,3.4454002901319627,7.780725561127664,3.4454002901319627,0.1327788746667511
912556149336364754,5.065312429641974,22.55832691640712,10.917464934436977,10.894758737796668,5.89515578334723,5.89515578334723,0.19359913144098306
912556709616696491,12.994029494193745,5.484058192295264,7.274790860157449,11.36609413208078,12.266622873667817,7.274790860157449,0.07637068485628719
913558500955052687,7.359187772832414,21.448536038416698,11.303298862668706,4.8620883773972645,9.023772805455641,4.8620883773972645,0.1340628538193078
913639609236218890,13.391927466267452,8.1317089026132,8.64789183727639,9.840250800712614,13.10877519329706,8.64789183727639,0.07411839431394827
913737146291379712,8.337436622537602,23.73177848693398,13.149458753173096,7.338916359007933,10.071811507288182,7.338916359007933,0.11851940876555526
914459090622383604,18.717196687928553,6.687467191355117,13.441622552545594,15.238316014933025,18.254791703479768,13.441622552545594,0.05314287864363513
914485386467874668,10.650079096294927,11.104941186343256,7.162239174856174,6.337263380913188,10.713982686105638,6.337263380913188,0.0930225713729544
915084960312092772,6.625610252491624,21.82015938026556,10.811150096874748,13.607350675912564,6.230725236667177,6.230725236667177,0.14868539247119353
915365547791555861,6.960460438975899,22.149574005211512,11.164911807922728,13.926228384820613,6.586673381126736,6.586673381126736,0.141633822417543
916716228670191811,3.9375480730928616,16.24018146102839,5.227404115638419,10.178377721360157,2.2601900990537365,2.2601900990537365,0.24767506959588353
916890386805703130,10.322753360197051,23.352939684729016,13.369550428960624,17.37658257079198,9.546744426970163,9.546744426970163,0.09594393779083861
917522748571398471,6.340208922949687,13.133747140495833,4.234225393166525,4.108831309419283,6.493262786422458,4.108831309419283,0.1552744657764905
918907030463472865,7.1152120805323875,21.249416711430435,10.591354341610462,14.16879822500122,6.405564023454387,6.405564023454387,0.13859606465319774
919001786154332854,5.942617055083552,22.763274418081075,11.281511869377859,12.396785063361216,6.266583864104533,6.266583864104533,0.16549120867401598
919679227749204195,3.145993664281563,20.72155833336214,9.064474062212646,9.268116420644533,4.107524933799839,4.107524933799839,0.30807207389338215
920157313941291970,14.443729679215728,4.473546537824378,8.469262916909253,15.218976539548871,13.163031375644513,8.469262916909253,0.06875815365497945
920404797652866756,7.400192055343622,14.265195643558593,6.296441193464773,2.579207965347645,7.9473698002069035,2.579207965347645,0.13332991910354286
920404826869152671,7.412711090358929,14.25746309163426,6.300564061182368,2.587455744533173,7.958613979393263,2.587455744533173,0.13310774073067994
920404851897057844,7.4365197110158405,14.286990500673415,6.344265000890117,2.5598748544618024,7.989722915576406,2.5598748544618024,0.13268724004507526
920413920053955949,6.714294496867874,21.7564040673103,10.797393527480912,13.713460696864228,6.270049054489095,6.270049054489095,0.14675033497006046
921731934713652513,7.5418237127718095,13.36141959109259,5.667365507260742,3.481384205804028,7.889201818747255,3.481384205804028,0.13085881558988285
921849366931019999,16.99073710347737,6.636316622884317,11.397419782127999,18.777579450382383,15.49811139537865,11.397419782127999,0.058511227101874654
921976393482779982,11.68167403794854,6.705596258811219,5.747519176943251,12.916117412355964,10.396479594002196,5.747519176943251,0.08487758163899457
923210724512697789,2.24964666014129,16.758790128327885,5.238635382772956,8.75294430533792,0.6355714499070357,0.6355714499070357,0.4255959063818845
924646883925954105,4.388412076477528,16.001527478345242,5.187502679589921,10.507568608138627,2.6921836956557588,2.6921836956557588,0.222795942743473
925223043414842459,14.08631770740248,5.4267997477827885,8.548923142462565,11.795789477217873,13.467530513166372,8.548923142462565,0.07049045570706454
927578061672342952,7.653704538282224,14.184973799066807,5.6950966067928634,12.892540015200607,5.9189627811463525,5.6950966067928634,0.12897060947611794
929079995393281579,9.456339766502975,19.235326472670312,10.380792106107393,16.15352006463803,8.063636194943863,8.063636194943863,0.10464257492237929
929106155344380274,4.643828917043283,17.740839698912993,6.919429327770434,11.420847043747685,3.301076818335022,3.301076818335022,0.21080018219191524
931228431205741838,8.590720908508851,22.353769921082456,12.453360702169645,5.5753422915182265,10.260409853683985,5.5753422915182265,0.11506525298964863
933290625920870944,13.39708665139547,13.710620619687942,10.207927903928029,18.107910049165493,11.662669323656775,10.207927903928029,0.07409006297641348
934235942108626439,11.106178575538996,10.562761061607384,7.33201249037772,6.952815192487807,11.098392879215481,6.952815192487807,0.08923648621688166
934235976511164442,11.106178575538996,10.562761061607384,7.33201249037772,6.952815192487807,11.098392879215481,6.952815192487807,0.08923648621688166
934254178274913102,2.900491788255657,20.47726194990201,8.897757868306318,7.644898413268405,4.4583194932092125,4.4583194932092125,0.33327869914996583
934254553856369722,2.781083693494091,20.381628425361743,8.79236608064839,7.66827551026254,4.32523090818826,4.32523090818826,0.3470916177333364
934255592855102634,2.956595808468774,20.51617096628282,8.943396553608068,7.616271385965548,4.524380667686313,4.524380667686313,0.3271613463675323
934256042476670989,2.8211461432217675,20.41355401571669,8.827636106884132,7.659087808412901,4.370322209088541,4.370322209088541,0.3423313832895358
934275202717613061,6.770866045714599,13.005632602651847,4.559715548703131,4.039822878989499,6.948143593075778,4.039822878989499,0.14554206025071703
937635084114386852,8.10101158987628,22.251329800251646,11.67825744291896,15.139971434148482,7.470495530882308,7.470495530882308,0.12193617690218214
937739898532382078,5.6096211442106085,14.1592739941601,4.671833850022948,3.3758785761067895,5.998282013874648,3.3758785761067895,0.17514296916424504
937765096957535160,9.377939392581514,22.152964353982153,12.179523690096872,16.42801518125699,8.491271193624318,8.491271193624318,0.10550816570769707
938308796750327498,7.593273963784473,13.541631723200176,5.867884050411903,3.3012839128752107,7.98601579748798,3.3012839128752107,0.12998367206308098
939852912388913682,2.603608061313737,15.362030655972351,3.946280944737572,5.62691983642265,2.7335807289423224,2.7335807289423224,0.3698760979112039
940440797741865839,5.8572169497466176,13.28554283827733,3.883796628353153,4.259365701560725,5.97430652066901,3.883796628353153,0.16786361961226437
940492283292597065,3.9585511810330214,21.490580471509325,9.839769174828152,9.959246160958456,4.843129805799885,4.843129805799885,0.24639334466775667
941181143521798221,11.722637612628615,25.699703497503034,15.429632572620479,18.68467737920145,11.2275564353943,11.2275564353943,0.08458349420537323
941405417225779197,7.894739691462492,21.97584408355365,11.886152305432237,5.308571102378164,9.571504512772139,5.308571102378164,0.1250822464010793
941986228114776472,5.907734143515111,13.024834170432396,3.5990787825840567,4.572282394015265,5.932898898490481,3.5990787825840567,0.1664521059207361
942157457050611710,6.482645401848949,13.160300638921749,4.417989655807543,3.9946820400083696,6.666741303261685,3.9946820400083696,0.15191460863426087
942839218482237117,8.94762897571358,24.042578323077745,13.203119688028497,15.827617759214432,8.650431987656999,8.650431987656999,0.11052619450734394
942858349908946356,5.409566241093731,23.021856140795094,11.365354639989608,10.851187646328869,6.387875838949612,6.387875838949612,0.18150249152853187
943254648335275963,15.01099919306891,6.693123928378143,9.876262577387129,11.761311882273185,14.589807571803625,9.876262577387129,0.06617696071737457
943631586247465070,5.643157725382748,13.178991687369432,3.4905948553814317,4.5996596530020755,5.665234238989974,3.4905948553814317,0.17412023973855878
944099436117551075,4.717552776627793,16.885654032463336,6.721202125924414,2.3397504411571655,5.855454834522035,2.3397504411571655,0.20757426983498115
944814894478944448,3.5253125012760824,16.490070788164576,5.322181561518871,9.895342754248396,1.8811604040494312,1.8811604040494312,0.2758382897055102
945648970226298157,3.7522558135565607,16.048790683645684,4.949547238978805,9.883752071847809,2.04297064049809,2.04297064049809,0.2595881603918611
946245466416766945,1.8442350863981156,16.37167628653719,4.748297298706088,7.963893597926931,0.3101689288220918,0.3101689288220918,0.5143410933153136
946942152314059431,12.295045599652838,7.727130846939716,6.791382901117654,14.493808029882288,10.818558282862815,6.791382901117654,0.08067739581595473
947603156471550068,2.7261886893196814,14.988917868134262,3.3926961096529573,6.458048854305502,2.277613326381118,2.277613326381118,0.35383341663599943
947655534552526991,3.207792353207274,15.922254468406395,4.596927828955362,9.215681569141255,1.4734397332763338,1.4734397332763338,0.3023164374361009
949142116052615875,0.9546956631276994,17.961351184122126,6.418879865167341,6.274658699806015,2.6326704187491234,2.6326704187491234,0.9481408096763199
949160817922917345,11.035154661690102,17.97908121231055,10.592255817546837,17.28591816910176,9.453323274454524,9.453323274454524,0.08980566775964469
949938972628207213,6.829923394547541,21.875828620141665,10.924186267086794,13.823550961997409,6.395455348409913,6.395455348409913,0.14430173943723523
949958386396884561,2.67735314478398,16.180165068484143,4.71465982076204,8.80985104380341,0.9429512527577247,0.9429512527577247,0.3600550408499741
950016635621275606,13.323339432160836,5.653599743793252,7.732694828179546,11.307870288812115,12.671215871687506,7.732694828179546,0.07449711042872914
950041853346200508,1.918911161378659,15.91819174856812,4.379415209635098,6.0341673127756,2.1402055437983747,2.1402055437983747,0.49531649491556995
950052276023928506,18.82585282091172,3.926974477145942,13.084028413868465,16.42661786236659,18.100836505176712,13.084028413868465,0.05283777748155534
950175437910794894,9.786101005829426,23.550086786667375,13.244720465730065,16.816814243152013,9.15313119415019,9.15313119415019,0.10115211238589827
951995612084594204,14.86742785735865,3.478703429296458,8.825956055389605,15.141460140739243,13.670813875977785,8.825956055389605,0.06681174678308911
952876845906063521,10.776510320778149,10.949580523364144,6.501131506684612,14.52240000904221,9.114572247600664,6.501131506684612,0.0919412541805464
952889664707070763,7.161466822333159,13.146719965583037,5.104909647626988,3.7533048703686305,7.423863805348713,3.7533048703686305,0.1377132230260185
954199869409361501,6.862281590857202,24.30339349585468,12.681027908997269,12.465799959508406,7.639945660749478,7.639945660749478,0.14363107653002574
955233639796735067,6.914821870256562,20.4988813071387,10.48086069795383,3.9123801044100097,8.518611126363126,3.9123801044100097,0.1425552948450601
955256297236854785,11.662380919398196,6.890603189809251,6.120927960765395,9.952064125833862,11.021543583304988,6.120927960765395,0.08501680117762786
955272334235306587,8.11390286018514,14.49292348580006,7.055817571045152,2.5361533214766374,8.724469530184804,2.5361533214766374,0.12174480475624473
956136699566538884,10.933384835007953,10.593221077721333,6.48204365231159,14.510909781161578,9.288109873892907,6.48204365231159,0.09063401802383332
956404664058927153,3.434563210535109,15.747938090427786,4.487371003296504,9.343576248366778,1.6999147332109723,1.6999147332109723,0.28292038943295816
956737871290842094,6.287406445610125,18.660166919447025,8.914484684317697,2.1505579106599484,7.694898675978867,2.1505579106599484,0.15655806601868438
958536556489455533,9.71865195085632,11.70786732075571,5.838826066418649,13.788934737375238,8.037299997427658,5.838826066418649,0.10184697502316359
958541071883618998,9.720202647845085,11.663281846031952,5.8123503211182275,13.76748085219428,8.041154296638084,5.8123503211182275,0.10183089248361255
958767950041380450,7.1125946026698195,21.00382179264499,10.903240946441791,4.42663207665949,8.753338281744536,4.42663207665949,0.13864636168929267
959293048175371033,8.231595530385329,17.879614815166878,8.794857938332038,14.744117073227649,6.728610018954759,6.728610018954759,0.12002502958202904
959431087080377518,7.428266536400302,19.801707140214578,10.277237113009509,2.995967311389006,8.921955528529816,2.995967311389006,0.13283270393852947
960090157496125101,12.689665611548865,9.220080234317145,7.737884259482426,15.687839879125992,11.089069180513794,7.737884259482426,0.07818812706854633
961534676926744397,6.743910561173149,11.794975520316779,3.025751053789084,5.664503314638782,6.4863730957694585,3.025751053789084,0.14611529345126115
962165832798178895,2.016330830404512,19.619211183491917,8.022583011301204,7.32251562062563,3.6062448903351307,3.6062448903351307,0.47251591558058126
962421606426356360,5.216472086034279,22.41752327354035,10.83402429773704,11.447683007763786,5.782850636278786,5.782850636278786,0.18809465822775176
963721505306368285,2.921382182418519,20.22295403703261,8.730749992106443,6.947558558749717,4.600212663547723,4.600212663547723,0.33097434870008147
963824260733841709,3.4281855037045457,14.753224502584944,3.6039435084078577,5.15535087442068,3.527382701487395,3.527382701487395,0.28343180905596205
964563614460941938,4.0507332232459605,15.343897220827854,4.820957581590453,3.6615764113081557,4.673083491870157,3.6615764113081557,0.24092128937594767
964576233970271176,0.5455726412037474,17.535647755345913,5.943289997235429,6.509737616473762,2.079234590741421,2.079234590741421,1.5490123592216989
964677706441318207,4.273040356892923,13.764421579801999,2.745031923353153,5.518516037078942,4.056270344373714,2.745031923353153,0.22867385580463917
965271264541734186,1.4879563436567234,19.187321751790147,7.548617878290208,7.581590773833641,2.949809531329091,2.949809531329091,0.6297402343550668
966666297101138788,8.241245266417977,22.720643369010748,12.0490208651917,15.249693102430323,7.715580551016919,7.715580551016919,0.11988617623150591
967615701891020277,14.5620024082325,4.53106232863579,8.603346300144345,15.40249701378001,13.266519248202103,8.603346300144345,0.06820350809917441
968006354295930995,8.040060178074636,24.25820228815121,13.320163814345255,8.288256354111235,9.758290264958193,8.288256354111235,0.12284921464014649
968019910571732803,13.578084248330528,5.617770019967719,8.021646881759962,11.431101421271139,12.94592393710428,8.021646881759962,0.07310965350444121
968211839647559972,3.246700531434848,15.054037696846219,3.5656520446240747,8.433555294298584,1.6999810849313126,1.6999810849313126,0.29880175731506664
968751336227474963,7.152411715104334,17.852988758487964,8.177330542143821,13.756179301765533,5.68918994089226,5.68918994089226,0.13788516693244765
968770924518536928,2.6094862138884634,15.995849404775113,4.796262156335981,4.833867695979144,3.303432532035076,3.303432532035076,0.3690736623327825
969525788706336177,0.6389198127420109,18.03267979610791,6.3733244116287775,7.6819241375607925,1.6226166623644154,1.6226166623644154,1.3533268194408852
970168506820404750,12.054098017479225,6.711047534456577,6.555258723573387,10.144874686010702,11.43825824321807,6.555258723573387,0.08227677599455474
970362065191933500,6.103870057671476,13.34258269051782,4.221978329771101,4.001152768183616,6.288318416911524,4.001152768183616,0.161189707505791
970921559496889488,6.507801870179375,22.15139605848693,11.007901282899565,13.408896511987699,6.28082814075315,6.28082814075315,0.1513362566927047
971071205108257107,11.628798391412422,6.723382523684705,5.6877248000744185,12.8442480416715,10.349267056295115,5.6877248000744185,0.08526022586697192
971943099569006967,6.725925836695802,24.18800734023975,12.686275883575561,9.794500418698071,8.23459406416485,8.23459406416485,0.14650027321188505
973945946707624089,4.2616534100635395,19.657661191395324,8.75726278667979,4.669256940229665,5.938304180706023,4.669256940229665,0.2292708535008132
974302574899708640,4.485737191265916,19.368049155631528,8.232572146615018,11.53636262740797,3.744149514690204,3.744149514690204,0.21806744658298766
974703050666653931,14.190616715711265,5.131383694255526,8.588721027096584,12.029562732466502,13.537578777181714,8.588721027096584,0.06997598633378703
975211414909665659,4.800594544628775,21.70282003049063,10.175176783906549,11.362104931351075,5.142260421019371,5.142260421019371,0.20405687328204603
975268861656323863,8.240789471206645,13.78158311204825,6.634808042563618,3.193898069420315,8.712943305575946,3.193898069420315,0.11989272759516517
977519015726399290,14.883453851177759,3.464274779809498,8.841834434805806,15.154266097864914,13.68705763490186,8.841834434805806,0.06674028631398601
978886552213942803,14.704449685740842,3.0480618026915725,8.692538091928755,13.902125890790316,13.730771444884835,8.692538091928755,0.06754725918405241
978965916068667978,7.497628689924805,22.462251491135266,11.581684510001434,14.473108844166118,7.079817379467305,7.079817379467305,0.1316200147193423
980740092749473740,4.287062922691041,16.85057101940197,5.972503801608694,10.794833050177287,2.732359522886952,2.732359522886952,0.22794293531276646
981163890605149741,10.38841705804667,23.661737551130475,13.588846982911054,17.435492404275795,9.669966105165111,9.669966105165111,0.0953432719604532
981196268342208181,4.860257613732135,17.046519855838017,6.9339499552845565,2.215125430513471,6.0332453733208,2.215125430513471,0.20160243234778133
982545032402908815,4.633636164450262,15.012449129089896,4.262110761518657,10.175518768597302,2.9024223278637535,2.9024223278637535,0.2112540899340823
982844657289641009,15.462131216354786,3.3271612197659373,9.438021600043832,15.839229652940565,14.231780553532188,9.438021600043832,0.06425855084354161
982865812494991455,15.462116191392086,3.327494836428573,9.438029212198579,15.839396465692142,14.231731718892386,9.438029212198579,0.06425861288409687
983342780207894845,17.15740079686795,6.465995052536676,11.531309040783755,18.862168747724017,15.674743506921034,11.531309040783755,0.05794615375575505
983418681697230401,7.1230234824275085,17.750077245546827,8.085594905163422,13.702814678182227,5.645828884486267,5.645828884486267,0.13844617872734932
983937204393341862,3.140302138551828,19.65114947619318,8.131763369266862,10.11175281584949,3.1251487983755943,3.1251487983755943,0.3086131963135157
984132157349204072,5.9308515028977355,13.477646576997511,4.199484351575369,3.9545587572641874,6.132938408862459,3.9545587572641874,0.16581406448484343
985362187058829435,4.295138670308169,13.815626064372182,2.8736927309347613,5.364073111666048,4.138411558384398,2.8736927309347613,0.2275241067490333
985472399990254110,12.724674360237872,7.066591070180996,7.517979636180446,10.08272529476689,12.24878708175871,7.517979636180446,0.0779746894081334
985603215386469690,5.9165617161742885,23.269819450060027,11.660890924667386,11.828845606411145,6.613140874231914,6.613140874231914,0.16620788536278217
985751848271531215,5.821835592666018,23.15058925591907,11.546184062919595,11.786792272032471,6.497084763016722,6.497084763016722,0.16886655908490003
987497194203671899,16.35908493381335,3.76278728949882,10.641568818881531,14.1617924388414,15.645196380640009,10.641568818881531,0.060756719102020774
987729274107863972,6.630255809027412,19.099109882707605,9.397202952634462,2.4563577998448425,8.081356040279658,2.4563577998448425,0.14858276243507448
989824435216148231,2.288568490733444,15.43321092067038,3.835395133292352,6.4068324041225395,2.0132315134418897,2.0132315134418897,0.4186608020157445
989858144273012695,7.425850382583847,13.422264202495807,5.610768842640498,3.4246869281112495,7.779844446079406,3.4246869281112495,0.1328753495172024
992627417330266479,5.58443652344566,16.737977580822747,6.471768583461868,11.976343505882712,3.99790991480937,3.99790991480937,0.17591893160834227
992721286990282291,4.297459043162262,21.835785076318285,10.185421023004595,10.201213043981976,5.185992640496905,5.185992640496905,0.22740405088136736
993383922351576836,11.206760403144822,10.33375521629687,6.64390624569029,14.671114593269959,9.570695053590546,6.64390624569029,0.08844266300379582
993577781842464127,3.563990575129424,21.19007515371767,9.530956974088165,9.421480419038264,4.596918202599511,4.596918202599511,0.27292646623816075
994159110756261681,4.700865047291418,17.813838085410644,7.004793617238362,11.4930099673864,3.374008094397191,3.374008094397191,0.2082957946431313
994449417374523129,11.087868755575501,6.844581782520733,5.25973341125761,10.23301286044329,10.281484237104475,5.25973341125761,0.0893825286877492
994811812813340129,1.2513372994892726,18.16913442306511,6.526289228317767,8.306277533863435,1.5298855602778043,1.5298855602778043,0.7400076948796885
995088706348537572,5.072590172535714,20.347951029302404,9.19517277881668,12.111089532130633,4.574110810264203,4.574110810264203,0.19332674088691215
995526459863483646,8.03798640104046,23.044299365954693,12.184722971544728,14.981433612429207,7.666127068467944,7.666127068467944,0.12288051991241321
996270414184195438,6.998635604202374,23.529559677720272,12.152422589894224,13.509870594028943,7.19570663818132,7.19570663818132,0.1408721415997185
997886868932295020,4.873511250348789,14.575357757567557,4.523441389734678,3.556314170833671,5.307482881432113,3.556314170833671,0.2010651931127874
998408541452672847,1.5124971038241197,19.02559178575052,7.445170694538992,6.913541927288317,3.193356743907413,3.193356743907413,0.6201561526085526
999943947740090590,5.316638484971395,22.784714455920692,11.149277861841076,11.144442301870999,6.119319096476776,6.119319096476776,0.18461634513259953
1000762258749813139,1.7497014993877773,16.22920291990005,4.580683186907165,7.629793043282926,0.6027392806522335,0.6027392806522335,0.5406277717409996
1002329555901600444,3.4244598440800913,15.112322697635589,3.7200355525056543,8.767841065521564,1.7903014926599858,1.7903014926599858,0.2837314210515589
1002955022936612156,13.02179944264372,7.4713463387502035,7.524236510100384,15.1909419726345,11.534047220132974,7.524236510100384,0.07620905992132163
1003167972548646535,7.993421887064004,22.984394123419648,12.127132267278933,14.941675112710595,7.613987018448429,7.613987018448429,0.12355713244089432
1003654664710367771,8.694011360514242,12.634809703691854,6.196770535547277,4.3243157073112695,8.950641403306603,4.3243157073112695,0.11371374893715439
1003657966231423372,8.703277540338194,12.61242393003617,6.189187803009929,4.346259265461165,8.955779896727218,4.346259265461165,0.11359405578408963
1008772230903306548,3.9138330710427187,15.65171400342311,4.589933123334708,9.808608699698434,2.1806239662545286,2.1806239662545286,0.24913841265955258
1009696350646566156,8.074512304904294,23.022770796509295,12.184476113125902,15.02619191325482,7.685574939011707,7.685574939011707,0.12233145693597533
1011539622945987023,13.30803600024779,5.746063760920968,7.7438385628470465,11.235446553371398,12.669912375586536,7.7438385628470465,0.07458213865039737
1011646740978772855,8.599064898312944,23.02653219390834,12.857514544877745,6.346487201806663,10.307458120064625,6.346487201806663,0.11495488442601863
1011756765325293519,5.353481213510219,19.724898318168332,8.803829612560827,12.40070791357686,4.536265107050419,4.536265107050419,0.18336911063755812
1013940615100135123,2.280615338880113,16.770526058761682,5.25741982576116,8.79234753968793,0.6746780107466499,0.6746780107466499,0.42005946263894073
1013949858008669237,7.920806422731604,14.2059366965418,6.682982482872891,2.721254617794635,8.470611335859555,2.721254617794635,0.12467574297341479
1016640853512861175,0.22236308100920518,17.72023361095921,6.067799833676034,7.271130047847948,1.5804660428942259,1.5804660428942259,3.1020922025852107
1017293471564733475,5.906880337128077,20.261865180761085,9.860033607899439,4.1398386683268225,7.546648027106693,4.1398386683268225,0.16647576510207387
1018385414175209461,3.735886832866822,16.539400255777192,5.450748674884479,10.128137795194112,2.1082710523698887,2.1082710523698887,0.26069590777072826
1018982479207111681,3.2825198254274137,17.31960831754192,6.458009268402109,3.81269354244934,4.578012330060522,3.81269354244934,0.29563758724566835
1019750955436579079,2.1429802372537536,16.20895724148871,4.856006935160593,5.263749875413842,2.8574018690038248,2.8574018690038248,0.44583540389298026
1021620037926112815,9.033285712077124,21.867742245920446,11.836793375886032,16.081353884962663,8.136819407625277,8.136819407625277,0.10948962197445333
1021851047276536648,4.23248956552906,15.879666669337961,4.986874770013375,10.283362447063187,2.5201464926654693,2.5201464926654693,0.2308141739004709
1022048086717209299,8.136301355242013,18.825506989880388,9.388358681322611,14.87324988108775,6.766957277892085,6.766957277892085,0.12141372162925386
1023053614954754762,8.106941606287126,22.614579710429553,11.923794233171579,15.116701100433707,7.581452057364652,7.581452057364652,0.12184807056917839
1023111129937009121,7.216618633766461,23.433788812892374,12.155267659665105,13.865257027361167,7.271684972709448,7.271684972709448,0.1366751569345112
1023985121498242862,7.960716314467961,21.19693380198605,10.909936987651358,15.008527954495918,7.0782617487467725,7.0782617487467725,0.12405845349068137
1024008343348248280,0.12870760394332115,17.825799023543606,6.186646785629568,7.063190380771797,1.8410713938356966,1.8410713938356966,4.3723950702042345
1024933602083067392,6.715055943341181,16.769857717871115,7.112289392044366,13.039814298611136,5.119482291205698,5.119482291205698,0.1467339385492609
1025273862003028720,7.288984346180383,19.31460950939582,9.88313171827741,2.502893643138016,8.729392143030324,2.502893643138016,0.13533659744683774
1026011586961386844,8.262805298490939,17.82596065089516,8.77615591413809,14.758769254940256,6.752310544916558,6.752310544916558,0.11957709934732658
1026663761984876970,8.300379236061655,19.895969429066803,10.194974550386068,15.209090992321572,7.097456527579314,7.097456527579314,0.11904224462952097
1029022545889038824,3.4218502979519925,20.81230865477369,9.175704351581158,9.791039966084016,4.148444241209072,4.148444241209072,0.28394165435751617
1029934508668716956,1.4290787064381358,19.12649140837042,7.489558138636257,7.527453820262364,2.910621680251764,2.910621680251764,0.6539885721967958
1031377966614697036,5.3018823320833235,14.01381416986259,4.223920926198279,3.8059622574982246,5.590778290988613,3.8059622574982246,0.18512065582412157
1034333306104698250,5.359511133715324,16.072388661774337,5.758584723838012,11.498428942991591,3.6876025987216074,3.6876025987216074,0.18316658314413528
1037137814691368924,2.2188924694389103,16.817423693951177,5.294182584496698,8.757505675471057,0.6374441167414694,0.6374441167414694,0.4312403499425588
1037137838814503708,2.21944332649836,16.81632738139809,5.293140560060943,8.757402939898148,0.6373442553950971,0.6373442553950971,0.4311379323545231
1038369050294244492,7.7543404937944125,21.17292606950127,10.803746155263068,14.805429556142508,6.900708597306711,6.900708597306711,0.12731813712304477
1042076183667479199,0.9770799716200228,18.410833569615274,6.8288757011925485,6.68494006012342,2.707814660066458,2.707814660066458,0.9284361666255034
1042298260025618001,4.83674886354772,17.560560290119923,6.839938157716392,11.549107083941154,3.4331377187318783,3.4331377187318783,0.20256246117437
1045930442276845410,18.547985869091157,1.6586146340454222,12.57740466848638,17.06669214494247,17.624926629346152,12.57740466848638,0.05362509426058122
1046996332735534663,12.443921809310721,5.25820242124656,6.403798711334802,12.224507962384811,11.427103940400986,6.403798711334802,0.07971988467416549
