id,url,status,http_code,file_path,file_size,width,height,mode,md5_hash,error
846221,https://a0.muscache.com/pictures/12059499/34463139_original.jpg,success_cached,200.0,c:\Prathik\MY DOCUMENTS\Rental_price_prediction\datasets\multimodal_v3\images\846221.jpg,343643,1024,768,RGB,4fada2f219601e5d78f7430dd4d623ae,
976034,https://a0.muscache.com/pictures/17429978/e4656a27_original.jpg,success_cached,200.0,c:\Prathik\MY DOCUMENTS\Rental_price_prediction\datasets\multimodal_v3\images\976034.jpg,742120,2544,1696,RGB,b1805f2b41993786828591ece646ddcd,
1851921,https://a0.muscache.com/pictures/ae64bc29-5476-48e1-9b3e-9beee48fcc07.jpg,success_cached,200.0,c:\Prathik\MY DOCUMENTS\Rental_price_prediction\datasets\multimodal_v3\images\1851921.jpg,1981433,5715,3810,RGB,3fbc1758744ffe307094bf38a367365b,
875735,https://a0.muscache.com/pictures/12674237/1c1681e6_original.jpg,success_cached,200.0,c:\Prathik\MY DOCUMENTS\Rental_price_prediction\datasets\multimodal_v3\images\875735.jpg,3737110,4608,3456,RGB,647bc23a9cfdf5b2b9abaffcf4e9306b,
1421061,https://a0.muscache.com/pictures/miso/Hosting-1421061/original/1250bf57-c760-4773-9624-c7513856e976.jpeg,success_cached,200.0,c:\Prathik\MY DOCUMENTS\Rental_price_prediction\datasets\multimodal_v3\images\1421061.jpg,1013071,2048,1363,RGB,e20103c57f10b9320051fd69a7b4a57e,
259576,https://a0.muscache.com/pictures/3564e991-a326-46fb-91fd-22d72b30d7ad.jpg,success_cached,200.0,c:\Prathik\MY DOCUMENTS\Rental_price_prediction\datasets\multimodal_v3\images\259576.jpg,3267409,4032,3024,RGB,b9c0737b1ff3dbd1f39e5d3b1e4d45dc,
943832,https://a0.muscache.com/pictures/miso/Hosting-943832/original/56c4ed0f-23c8-4073-a29c-781bd7692f6b.jpeg,success_cached,200.0,c:\Prathik\MY DOCUMENTS\Rental_price_prediction\datasets\multimodal_v3\images\943832.jpg,360111,781,781,RGB,f04ff8dbc236dd2c885c61c1f7b08835,
209068,https://a0.muscache.com/pictures/1829924/9f3bf225_original.jpg,success_cached,200.0,c:\Prathik\MY DOCUMENTS\Rental_price_prediction\datasets\multimodal_v3\images\209068.jpg,669615,1600,1200,RGB,83f693aec00dea9361a7acc326665911,
1332684,https://a0.muscache.com/pictures/111ad28e-afe3-4de2-97a8-3d6d40470e13.jpg,success_cached,200.0,c:\Prathik\MY DOCUMENTS\Rental_price_prediction\datasets\multimodal_v3\images\1332684.jpg,2270023,4032,3024,RGB,19fdbd2957d12f3c50063fdf634540af,
1312301,https://a0.muscache.com/pictures/45a8c79e-7410-4004-ae61-458ecef226d6.jpg,success_cached,200.0,c:\Prathik\MY DOCUMENTS\Rental_price_prediction\datasets\multimodal_v3\images\1312301.jpg,573649,1600,1200,RGB,eb2ef147a8c3f4e497026e915e8af274,
881707,https://a0.muscache.com/pictures/miso/Hosting-881707/original/2c0551a6-89a4-4878-9171-9ca935f659e6.jpeg,success_cached,200.0,c:\Prathik\MY DOCUMENTS\Rental_price_prediction\datasets\multimodal_v3\images\881707.jpg,2656793,3229,2153,RGB,b9b151bc6863254bb6d6363402ee10b8,
621243,https://a0.muscache.com/pictures/fd26f75e-e0c6-458c-a44a-9d262468ebe3.jpg,success_cached,200.0,c:\Prathik\MY DOCUMENTS\Rental_price_prediction\datasets\multimodal_v3\images\621243.jpg,2227164,3960,2640,RGB,bd205c3bd3c61033c2ba5ccdac2f787d,
1039028,https://a0.muscache.com/pictures/15621161/dab31af1_original.jpg,success_cached,200.0,c:\Prathik\MY DOCUMENTS\Rental_price_prediction\datasets\multimodal_v3\images\1039028.jpg,1737835,3648,2736,RGB,96e514660a387f9e8c6f20f26150ce70,
1066156,https://a0.muscache.com/pictures/airflow/Hosting-1066156/original/2ed6400e-82d7-4963-baf7-a050dff524b7.jpg,success_cached,200.0,c:\Prathik\MY DOCUMENTS\Rental_price_prediction\datasets\multimodal_v3\images\1066156.jpg,2074092,4200,2800,RGB,7e61c095f65651b7db74ab5f0ab98d41,
1569954,https://a0.muscache.com/pictures/33560600/cfe5827d_original.jpg,success_cached,200.0,c:\Prathik\MY DOCUMENTS\Rental_price_prediction\datasets\multimodal_v3\images\1569954.jpg,74525,576,432,RGB,a525d61b2d31edf0369a139dc3808618,
1879067,https://a0.muscache.com/pictures/miso/Hosting-1879067/original/4c9161dd-03af-4b18-ad90-5dd9228e3c20.jpeg,success_cached,200.0,c:\Prathik\MY DOCUMENTS\Rental_price_prediction\datasets\multimodal_v3\images\1879067.jpg,200751,1200,1500,RGB,23fe55ff311d1fff42193705e60a971e,
2254521,https://a0.muscache.com/pictures/593a6eec-1273-40f1-9d6a-18242e4613cc.jpg,success_cached,200.0,c:\Prathik\MY DOCUMENTS\Rental_price_prediction\datasets\multimodal_v3\images\2254521.jpg,1409099,3264,2448,RGB,1772c0413752bbc37cb40c1dbe90ddb7,
2296152,https://a0.muscache.com/pictures/6a61be3d-d8d9-45c9-97d3-2d245eb5d776.jpg,success_cached,200.0,c:\Prathik\MY DOCUMENTS\Rental_price_prediction\datasets\multimodal_v3\images\2296152.jpg,703512,3888,2916,RGB,587b94287099ee165c465edc631bbbb1,
3445336,https://a0.muscache.com/pictures/43616190/d3b36bfd_original.jpg,success_cached,200.0,c:\Prathik\MY DOCUMENTS\Rental_price_prediction\datasets\multimodal_v3\images\3445336.jpg,591418,3264,2448,RGB,6e3e15b084f1ef49d35c44a49070d907,
2411109,https://a0.muscache.com/pictures/f19cbda1-21e2-4139-b182-4ef2985db55e.jpg,success_cached,200.0,c:\Prathik\MY DOCUMENTS\Rental_price_prediction\datasets\multimodal_v3\images\2411109.jpg,486674,4032,3024,RGB,e23bd186ffd4b2a08ae2883c97dd6fd8,
3649639,https://a0.muscache.com/pictures/831d7e2f-3392-4a54-b102-e662260f8457.jpg,success_cached,200.0,c:\Prathik\MY DOCUMENTS\Rental_price_prediction\datasets\multimodal_v3\images\3649639.jpg,1098965,3908,2541,RGB,7ae784c1711637cfb3b4209273ff3092,
3040444,https://a0.muscache.com/pictures/d1282941-b8b6-441a-9d44-5cd1d68e7f8b.jpg,success_cached,200.0,c:\Prathik\MY DOCUMENTS\Rental_price_prediction\datasets\multimodal_v3\images\3040444.jpg,803609,4096,2731,RGB,b4c8217a067a7f913e29712a981db5f1,
3454237,https://a0.muscache.com/pictures/3cc51b22-6456-4209-b9d5-147df9faaaaf.jpg,success_cached,200.0,c:\Prathik\MY DOCUMENTS\Rental_price_prediction\datasets\multimodal_v3\images\3454237.jpg,1531934,3072,2304,RGB,fd853470b88bd15fcce68a11ba6803f2,
3066648,https://a0.muscache.com/pictures/7fe65816-b832-4460-9346-8fe056a1af7b.jpg,success_cached,200.0,c:\Prathik\MY DOCUMENTS\Rental_price_prediction\datasets\multimodal_v3\images\3066648.jpg,2103436,4032,3024,RGB,bb67c5dbab6be3e86dc8c1f1866d1780,
3868910,https://a0.muscache.com/pictures/8de52616-96d8-4887-9bae-78c0c0016884.jpg,success_cached,200.0,c:\Prathik\MY DOCUMENTS\Rental_price_prediction\datasets\multimodal_v3\images\3868910.jpg,982512,3648,2432,RGB,bee414badc599cf7ebb87d89ddb25c1f,
4241484,https://a0.muscache.com/pictures/miso/Hosting-4241484/original/18d31407-e5f9-4d66-a74a-e6540425a221.jpeg,success_cached,200.0,c:\Prathik\MY DOCUMENTS\Rental_price_prediction\datasets\multimodal_v3\images\4241484.jpg,142311,1298,865,RGB,5d1f43558015172f209889610f87afdc,
4124504,https://a0.muscache.com/pictures/60122faf-089a-4667-ac9b-c7aeae3187bc.jpg,success_cached,200.0,c:\Prathik\MY DOCUMENTS\Rental_price_prediction\datasets\multimodal_v3\images\4124504.jpg,664002,6000,4000,RGB,3c55c4bc7780532ffd29246d05627b3d,
3990524,https://a0.muscache.com/pictures/a3aa735d-7310-46e1-be95-3a6f7fadb557.jpg,success_cached,200.0,c:\Prathik\MY DOCUMENTS\Rental_price_prediction\datasets\multimodal_v3\images\3990524.jpg,1458623,3285,2190,RGB,c9cc15b0a1d85996e490d7e1920559b8,
3220474,https://a0.muscache.com/pictures/506eab9a-dae4-4b31-8e3e-0c4a9d38a540.jpg,success_cached,200.0,c:\Prathik\MY DOCUMENTS\Rental_price_prediction\datasets\multimodal_v3\images\3220474.jpg,3603997,4032,3024,RGB,fd8c7dc5e2e070d7d7e27e5f9938f1ac,
3314819,https://a0.muscache.com/pictures/42052824/3b0cc939_original.jpg,success_cached,200.0,c:\Prathik\MY DOCUMENTS\Rental_price_prediction\datasets\multimodal_v3\images\3314819.jpg,86665,625,417,RGB,6938122e17ad4c29ba4aff4d10067702,
4895765,https://a0.muscache.com/pictures/64826532/f42c1049_original.jpg,success_cached,200.0,c:\Prathik\MY DOCUMENTS\Rental_price_prediction\datasets\multimodal_v3\images\4895765.jpg,97494,640,480,RGB,175ee5862cd495478f77326961aa85ad,
4994407,https://a0.muscache.com/pictures/62531736/33168055_original.jpg,success_cached,200.0,c:\Prathik\MY DOCUMENTS\Rental_price_prediction\datasets\multimodal_v3\images\4994407.jpg,33405,580,436,RGB,e40076ef3500f065a9d2a8fb43c283b0,
3268055,https://a0.muscache.com/pictures/f5ccb94a-a418-4926-b650-3d6f882b1552.jpg,success_cached,200.0,c:\Prathik\MY DOCUMENTS\Rental_price_prediction\datasets\multimodal_v3\images\3268055.jpg,4287460,3024,4032,RGB,423173ba0aff1d7a9f18cb6a8f75b46b,
4846733,https://a0.muscache.com/pictures/miso/Hosting-4846733/original/9ac94520-5274-42b5-8143-1a480187a352.jpeg,success_cached,200.0,c:\Prathik\MY DOCUMENTS\Rental_price_prediction\datasets\multimodal_v3\images\4846733.jpg,331959,2048,1361,RGB,fd7e7e9b7c8c186e53fd4f34331250ba,
4515772,https://a0.muscache.com/pictures/56710558/bab1fd1b_original.jpg,success_cached,200.0,c:\Prathik\MY DOCUMENTS\Rental_price_prediction\datasets\multimodal_v3\images\4515772.jpg,1531132,3264,2448,RGB,3616617fc7dacb36ebed8f0c34c7ab85,
4304358,https://a0.muscache.com/pictures/miso/Hosting-4304358/original/0066047d-691f-46b1-b8b8-c9018f6f8959.jpeg,success_cached,200.0,c:\Prathik\MY DOCUMENTS\Rental_price_prediction\datasets\multimodal_v3\images\4304358.jpg,1586066,4032,3024,RGB,ff7818dd625084f904bc4dfc804506fc,
4875054,https://a0.muscache.com/pictures/3b78efa5-54e1-4d4d-ad8f-56e154d415c7.jpg,success_cached,200.0,c:\Prathik\MY DOCUMENTS\Rental_price_prediction\datasets\multimodal_v3\images\4875054.jpg,1693424,4032,3024,RGB,f28fbfccfe32fb79a0e6903acfafea0b,
5114762,https://a0.muscache.com/pictures/miso/Hosting-5114762/original/2bff024d-1758-46a3-ba5e-9f7ac43713fc.jpeg,success_cached,200.0,c:\Prathik\MY DOCUMENTS\Rental_price_prediction\datasets\multimodal_v3\images\5114762.jpg,2168632,3162,2448,RGB,a4e5ad6cfcb3be9e7d5266e273564cbb,
5151226,https://a0.muscache.com/pictures/99551814/bcfc4837_original.jpg,success_cached,200.0,c:\Prathik\MY DOCUMENTS\Rental_price_prediction\datasets\multimodal_v3\images\5151226.jpg,63171,666,442,RGB,465a36c2016fa4cc84f1db9326fa762b,
4108784,https://a0.muscache.com/pictures/51654839/b4ecab81_original.jpg,success_cached,200.0,c:\Prathik\MY DOCUMENTS\Rental_price_prediction\datasets\multimodal_v3\images\4108784.jpg,1373809,4000,3000,RGB,0774c7b86cd487eaf6f333458821bc36,
4764715,https://a0.muscache.com/pictures/miso/Hosting-4764715/original/ee7843b6-5613-44a9-87d5-0a6627421f9a.jpeg,success_cached,200.0,c:\Prathik\MY DOCUMENTS\Rental_price_prediction\datasets\multimodal_v3\images\4764715.jpg,1367060,3402,2268,RGB,d48a0767f5e70d04faca7fdf792ad6d7,
5261984,https://a0.muscache.com/pictures/e1f5109b-8d5e-46d0-8280-9cb2f676aa35.jpg,success_cached,200.0,c:\Prathik\MY DOCUMENTS\Rental_price_prediction\datasets\multimodal_v3\images\5261984.jpg,2134525,4032,3024,RGB,0ad0a0d7afed687c3866f44c57604594,
5288006,https://a0.muscache.com/pictures/2ba45d15-515b-4189-a96a-868794bc2e21.jpg,success_cached,200.0,c:\Prathik\MY DOCUMENTS\Rental_price_prediction\datasets\multimodal_v3\images\5288006.jpg,3831080,5184,3456,RGB,64d85bf08c49f45200022cac5c43b61b,
6054250,https://a0.muscache.com/pictures/536c8658-376b-4752-a8f6-62141999cd26.jpg,success_cached,200.0,c:\Prathik\MY DOCUMENTS\Rental_price_prediction\datasets\multimodal_v3\images\6054250.jpg,2171073,4200,2804,RGB,4f5e894e59163a0e23577ee2a1755766,
6079982,https://a0.muscache.com/pictures/76027145/c2decffb_original.jpg,success_cached,200.0,c:\Prathik\MY DOCUMENTS\Rental_price_prediction\datasets\multimodal_v3\images\6079982.jpg,2600822,4608,3456,RGB,2c49f893451a18910301234142d5efa0,
6145162,https://a0.muscache.com/pictures/448b678c-030a-4dea-8d36-6b1fb10d53f5.jpg,success_cached,200.0,c:\Prathik\MY DOCUMENTS\Rental_price_prediction\datasets\multimodal_v3\images\6145162.jpg,400814,1440,1080,RGB,39c69515494ba99e671d78fbb9b6386a,
4931736,https://a0.muscache.com/pictures/70673979/0d86ce5f_original.jpg,success_cached,200.0,c:\Prathik\MY DOCUMENTS\Rental_price_prediction\datasets\multimodal_v3\images\4931736.jpg,282982,1512,1134,RGB,a6945e36a2d69a8d19595deec1bef73a,
6363332,https://a0.muscache.com/pictures/15cbac49-f70f-45ff-a1da-0ab036d45cba.jpg,success_cached,200.0,c:\Prathik\MY DOCUMENTS\Rental_price_prediction\datasets\multimodal_v3\images\6363332.jpg,298406,960,960,RGB,4bf753de1b05bcb17c5bea194f48c51e,
6170347,https://a0.muscache.com/pictures/c3e003fc-6989-4b71-976d-11fee77d873c.jpg,success_cached,200.0,c:\Prathik\MY DOCUMENTS\Rental_price_prediction\datasets\multimodal_v3\images\6170347.jpg,1178408,4032,3024,RGB,5a8a291e3a47542b0f4ab15cfb2bf8ed,
6399802,https://a0.muscache.com/pictures/b09431d3-e147-4499-b990-832df5dbc0ce.jpg,success_cached,200.0,c:\Prathik\MY DOCUMENTS\Rental_price_prediction\datasets\multimodal_v3\images\6399802.jpg,447960,1440,1080,RGB,8358a38f773295537ec6e8a5b34afd77,
6197585,https://a0.muscache.com/pictures/77239177/2703e60b_original.jpg,success_cached,200.0,c:\Prathik\MY DOCUMENTS\Rental_price_prediction\datasets\multimodal_v3\images\6197585.jpg,911580,3264,2448,RGB,5e4cbf821e9b0839e1ee2d8d16088b1e,
6724476,https://a0.muscache.com/pictures/miso/Hosting-6724476/original/5928d05e-c3f6-4de1-8607-beafe828e632.jpeg,success_cached,200.0,c:\Prathik\MY DOCUMENTS\Rental_price_prediction\datasets\multimodal_v3\images\6724476.jpg,206348,840,678,RGB,4cd480c92e277ab269259eb3437f5f88,
6818139,https://a0.muscache.com/pictures/2a1d786c-5b5d-4752-ab16-fa8569401aca.jpg,success_cached,200.0,c:\Prathik\MY DOCUMENTS\Rental_price_prediction\datasets\multimodal_v3\images\6818139.jpg,507347,1440,1080,RGB,589e29e1ad374a3f902f5120f25d73fa,
6760016,https://a0.muscache.com/pictures/85597515/bb3d35e3_original.jpg,success_cached,200.0,c:\Prathik\MY DOCUMENTS\Rental_price_prediction\datasets\multimodal_v3\images\6760016.jpg,1547399,3264,2448,RGB,6a44a7659c0782f701317eb78340f56c,
7103096,https://a0.muscache.com/pictures/90087470/58545d32_original.jpg,success_cached,200.0,c:\Prathik\MY DOCUMENTS\Rental_price_prediction\datasets\multimodal_v3\images\7103096.jpg,222589,1024,683,RGB,3d813b78aa324b7d034c14fd3788feec,
7001873,https://a0.muscache.com/pictures/646be848-78c9-43bf-a978-71b2f53db241.jpg,success_cached,200.0,c:\Prathik\MY DOCUMENTS\Rental_price_prediction\datasets\multimodal_v3\images\7001873.jpg,3271452,5312,2988,RGB,35243ad9c4da316fd1992bc352ab4e22,
7418991,https://a0.muscache.com/pictures/hosting/Hosting-7418991/original/971b770f-7a7e-4f9a-b97d-93e578aae2cf.jpeg,success_cached,200.0,c:\Prathik\MY DOCUMENTS\Rental_price_prediction\datasets\multimodal_v3\images\7418991.jpg,1195646,3865,2899,RGB,4893e61f3a09c6acd0748f8ba77e404b,
7438838,https://a0.muscache.com/pictures/104852917/aed9d578_original.jpg,success_cached,200.0,c:\Prathik\MY DOCUMENTS\Rental_price_prediction\datasets\multimodal_v3\images\7438838.jpg,76188,797,534,RGB,6fa98d33bbe2a119dc638dc06c3eb58d,
7665735,https://a0.muscache.com/pictures/97367121/c41f2c22_original.jpg,success_cached,200.0,c:\Prathik\MY DOCUMENTS\Rental_price_prediction\datasets\multimodal_v3\images\7665735.jpg,684507,2064,1161,RGB,b3dee5025f0033c0d409d86d38caa0dd,
7859259,https://a0.muscache.com/pictures/dcac39e8-3343-4433-9d70-5df220eca93c.jpg,success_cached,200.0,c:\Prathik\MY DOCUMENTS\Rental_price_prediction\datasets\multimodal_v3\images\7859259.jpg,921638,2448,3264,RGB,2da0eda77db12869b2f1cd3a7a457833,
7887572,https://a0.muscache.com/pictures/674030e1-8e3c-4474-8271-e64eb8943753.jpg,success_cached,200.0,c:\Prathik\MY DOCUMENTS\Rental_price_prediction\datasets\multimodal_v3\images\7887572.jpg,3570465,4032,3024,RGB,4a793b7cafd6b04a2be52d6b78c9c6f3,
7938930,https://a0.muscache.com/pictures/7c796240-80c5-470f-9779-3077192d298b.jpg,success_cached,200.0,c:\Prathik\MY DOCUMENTS\Rental_price_prediction\datasets\multimodal_v3\images\7938930.jpg,1918257,4748,3159,RGB,b2e7393234d67035b0f85e829634bdef,
7967886,https://a0.muscache.com/pictures/miso/Hosting-7967886/original/ddbab0fc-52b8-47d7-91f5-12c309773bf3.jpeg,success_cached,200.0,c:\Prathik\MY DOCUMENTS\Rental_price_prediction\datasets\multimodal_v3\images\7967886.jpg,189461,1140,855,RGB,177bbb2e9ce41afaff5d445c7350fac9,
8089299,https://a0.muscache.com/pictures/miso/Hosting-8089299/original/b423ac6d-d7b6-436e-b4a7-e4e0362af7d2.jpeg,success_cached,200.0,c:\Prathik\MY DOCUMENTS\Rental_price_prediction\datasets\multimodal_v3\images\8089299.jpg,1138557,4032,3024,RGB,481d529fbb2107cb945f1bfb6f519ae1,
8193368,https://a0.muscache.com/pictures/ca7c9136-7b70-48c3-8c12-00885fa277e1.jpg,success_cached,200.0,c:\Prathik\MY DOCUMENTS\Rental_price_prediction\datasets\multimodal_v3\images\8193368.jpg,1653434,5760,3840,RGB,e363d02b156cc86bef21c8914d8c53d5,
8265544,https://a0.muscache.com/pictures/cbc7cbdf-6d37-4c33-8b0c-caa4ead937ff.jpg,success_cached,200.0,c:\Prathik\MY DOCUMENTS\Rental_price_prediction\datasets\multimodal_v3\images\8265544.jpg,671401,1764,1825,RGB,d33cb86f985d877225a4f82d7dfdd3d8,
8304698,https://a0.muscache.com/pictures/1afe228b-bef3-4b5a-b432-b5ac3de4a04c.jpg,success_cached,200.0,c:\Prathik\MY DOCUMENTS\Rental_price_prediction\datasets\multimodal_v3\images\8304698.jpg,798681,3264,2448,RGB,f90da954c02f3d89460260cf1b4f7e7d,
1571095,https://a0.muscache.com/pictures/60a2a79f-164a-4039-aa32-9d6672629be0.jpg,failed_http_404,404.0,,0,0,0,,,HTTP 404
3968877,https://a0.muscache.com/pictures/99c8af61-43bc-4d8e-96be-7fa6a84336a8.jpg,failed_http_404,404.0,,0,0,0,,,HTTP 404
3986614,https://a0.muscache.com/pictures/d36ca3ae-21c7-4c3f-ba1b-8a685b9e9868.jpg,failed_http_404,404.0,,0,0,0,,,HTTP 404
1475299,https://a0.muscache.com/pictures/f88ba155-93cf-4b8f-97bd-fa5679e8b77b.jpg,failed_http_404,404.0,,0,0,0,,,HTTP 404
8782463,https://a0.muscache.com/pictures/21c2f545-86ab-4c53-975f-0c89724c1219.jpg,success_cached,200.0,c:\Prathik\MY DOCUMENTS\Rental_price_prediction\datasets\multimodal_v3\images\8782463.jpg,1944637,4608,3072,RGB,e63dba2cc3acc7591e7455a4b72c6952,
9022608,https://a0.muscache.com/pictures/a41c54e5-6eb4-44a3-875b-fded8ef4726a.jpg,success_cached,200.0,c:\Prathik\MY DOCUMENTS\Rental_price_prediction\datasets\multimodal_v3\images\9022608.jpg,1162232,2958,2369,RGB,4a707ac729ad5a5012083e3a8d39fdf8,
1768955,https://a0.muscache.com/pictures/24983468/1c037ed5_original.jpg,failed_http_404,404.0,,0,0,0,,,HTTP 404
10085566,https://a0.muscache.com/pictures/f1963bb5-40a6-44c0-9b32-e0caa9f836c0.jpg,success_cached,200.0,c:\Prathik\MY DOCUMENTS\Rental_price_prediction\datasets\multimodal_v3\images\10085566.jpg,60132,432,324,RGB,a52111999f7f6630ec25f22cddf3ed15,
9944111,https://a0.muscache.com/pictures/7406b089-7507-4e79-9b20-c9469b4cac81.jpg,success_cached,200.0,c:\Prathik\MY DOCUMENTS\Rental_price_prediction\datasets\multimodal_v3\images\9944111.jpg,982950,2048,1365,RGB,eddbb33b42dcd4a2009a1bf3ce7b637c,
10263107,https://a0.muscache.com/pictures/cb4a4033-1019-4318-981e-45ed979c479f.jpg,success_cached,200.0,c:\Prathik\MY DOCUMENTS\Rental_price_prediction\datasets\multimodal_v3\images\10263107.jpg,434538,961,1057,RGB,36212398fcd181254ba41c94349c0a03,
2454666,https://a0.muscache.com/pictures/cd89dc05-bf62-49db-8998-57c043de104e.jpg,failed_http_404,404.0,,0,0,0,,,HTTP 404
10360188,https://a0.muscache.com/pictures/51681cfb-ab30-47a8-b585-8ea39d878d88.jpg,success_cached,200.0,c:\Prathik\MY DOCUMENTS\Rental_price_prediction\datasets\multimodal_v3\images\10360188.jpg,1865415,4032,3024,RGB,a0110b60b76a7c70fc5881cf179f7829,
314540,https://a0.muscache.com/pictures/miso/Hosting-314540/original/60de5223-6198-46dc-bc0f-00857e70b1b1.jpeg,failed_http_404,404.0,,0,0,0,,,HTTP 404
10632884,https://a0.muscache.com/pictures/miso/Hosting-10632884/original/27e0ccb9-f30e-4bbb-bb86-c155927a1882.jpeg,success_cached,200.0,c:\Prathik\MY DOCUMENTS\Rental_price_prediction\datasets\multimodal_v3\images\10632884.jpg,2001169,5761,3841,RGB,20362c0bb4a84773ebb32c59ba8b253d,
10724022,https://a0.muscache.com/pictures/aa14ad05-4792-4e28-919c-84167c3e9b5e.jpg,success_cached,200.0,c:\Prathik\MY DOCUMENTS\Rental_price_prediction\datasets\multimodal_v3\images\10724022.jpg,538210,2411,1170,RGB,042ef8152360e5b7de409c65f6c04576,
11291801,https://a0.muscache.com/pictures/814f8d50-4c73-4edf-9564-944bcf0c09a0.jpg,success_cached,200.0,c:\Prathik\MY DOCUMENTS\Rental_price_prediction\datasets\multimodal_v3\images\11291801.jpg,1647591,2592,3872,RGB,c7ffbad6e90f7465a2a5de7030c01e07,
10853381,https://a0.muscache.com/pictures/miso/Hosting-10853381/original/a9a31997-33e0-48b1-9430-be7fa34ef12b.jpeg,success_cached,200.0,c:\Prathik\MY DOCUMENTS\Rental_price_prediction\datasets\multimodal_v3\images\10853381.jpg,3777743,4032,3024,RGB,defdb96ab27073a04ab8cb9c536626d9,
11489172,https://a0.muscache.com/pictures/f7d763f4-ab05-49ef-bfe2-a266d0623ac9.jpg,success_cached,200.0,c:\Prathik\MY DOCUMENTS\Rental_price_prediction\datasets\multimodal_v3\images\11489172.jpg,44549,496,330,RGB,24fde5200535b393565cde6438d86c98,
11553531,https://a0.muscache.com/pictures/677cac85-6c00-443b-a14c-50504d0e5ac4.jpg,success_cached,200.0,c:\Prathik\MY DOCUMENTS\Rental_price_prediction\datasets\multimodal_v3\images\11553531.jpg,1747287,4032,3024,RGB,61b735e93c9b8fc1d37aa6def335e408,
11609580,https://a0.muscache.com/pictures/1c018d86-a5c8-467e-803c-99e705ef760c.jpg,success_cached,200.0,c:\Prathik\MY DOCUMENTS\Rental_price_prediction\datasets\multimodal_v3\images\11609580.jpg,432515,1988,1212,RGB,fb97d2df2e670e1aa7ec4a7961082402,
6829875,https://a0.muscache.com/pictures/miso/Hosting-6829875/original/2cdb17e4-4fc8-48a4-a04f-eb4371fbbac9.jpeg,failed_http_404,404.0,,0,0,0,,,HTTP 404
11811039,https://a0.muscache.com/pictures/13753d7d-dded-41b8-b016-8840efb95a86.jpg,success_cached,200.0,c:\Prathik\MY DOCUMENTS\Rental_price_prediction\datasets\multimodal_v3\images\11811039.jpg,1482764,5709,3806,RGB,cbd0b1ab4f70bd7811476a3cc63f817d,
6698737,https://a0.muscache.com/pictures/miso/Hosting-6698737/original/3618a84e-dffd-47f4-a34c-7764bc53b02c.jpeg,failed_http_404,404.0,,0,0,0,,,HTTP 404
11938223,https://a0.muscache.com/pictures/miso/Hosting-11938223/original/333c52b8-ff03-49a2-b738-8b29bd46d387.jpeg,success_cached,200.0,c:\Prathik\MY DOCUMENTS\Rental_price_prediction\datasets\multimodal_v3\images\11938223.jpg,643294,1967,1311,RGB,1abfeb7a9166217c65d724cbede7c29d,
12281167,https://a0.muscache.com/pictures/c8366e02-f3b4-4a15-bb11-cde7a2a0f695.jpg,success_cached,200.0,c:\Prathik\MY DOCUMENTS\Rental_price_prediction\datasets\multimodal_v3\images\12281167.jpg,2128296,3264,2448,RGB,10453615d20e263931cee20944eac0e9,
6056098,https://a0.muscache.com/pictures/24d50b8b-bfa9-4544-9559-19c6d64ac9bf.jpg,failed_http_404,404.0,,0,0,0,,,HTTP 404
7947839,https://a0.muscache.com/pictures/eb5a4f28-3b92-4db9-8755-0e774f6ccb57.jpg,failed_http_404,404.0,,0,0,0,,,HTTP 404
6765734,https://a0.muscache.com/pictures/c3c8846c-4b56-4af6-a030-bcbbeb3aa1ec.jpg,failed_http_404,404.0,,0,0,0,,,HTTP 404
3369973,https://a0.muscache.com/pictures/a383c128-ab36-44ba-9a9c-a1ad2f451e7c.jpg,failed_http_404,404.0,,0,0,0,,,HTTP 404
6180513,https://a0.muscache.com/pictures/prohost-api/Hosting-6180513/original/ba8aad6a-6d0a-4a1d-a635-83017f990f8e.jpeg,failed_http_404,404.0,,0,0,0,,,HTTP 404
12763722,https://a0.muscache.com/pictures/prohost-api/Hosting-12763722/original/4825f490-e6a2-4dbe-9da3-e55470ca3233.jpeg,success_cached,200.0,c:\Prathik\MY DOCUMENTS\Rental_price_prediction\datasets\multimodal_v3\images\12763722.jpg,187615,1280,853,RGB,f041d2bd2551c01ca3355983de16c716,
12809255,https://a0.muscache.com/pictures/960a1e35-9a5c-42e9-b1c7-a2c6a6c9e6af.jpg,success_cached,200.0,c:\Prathik\MY DOCUMENTS\Rental_price_prediction\datasets\multimodal_v3\images\12809255.jpg,1468226,4160,3120,RGB,15de779d195a65b7aec9e07a44838dd4,
12813635,https://a0.muscache.com/pictures/miso/Hosting-12813635/original/487e3a7f-9edb-446b-8260-ef176997ea25.jpeg,success_cached,200.0,c:\Prathik\MY DOCUMENTS\Rental_price_prediction\datasets\multimodal_v3\images\12813635.jpg,1144012,2048,1536,RGB,0b199ab834ef1051911529d4be4c2a18,
4448604,https://a0.muscache.com/pictures/miso/Hosting-4448604/original/67b8cd3b-7f73-4a2c-9e23-327cf96adae4.jpeg,failed_http_404,404.0,,0,0,0,,,HTTP 404
12834984,https://a0.muscache.com/pictures/161c5411-4103-47b0-adfa-2035ef8cdb03.jpg,success_cached,200.0,c:\Prathik\MY DOCUMENTS\Rental_price_prediction\datasets\multimodal_v3\images\12834984.jpg,1035183,1865,2490,RGB,f9274896e732224801924554a19af767,
7063293,https://a0.muscache.com/pictures/89588929/0cd312b9_original.jpg,failed_http_404,404.0,,0,0,0,,,HTTP 404
12835184,https://a0.muscache.com/pictures/fedfd30a-1df1-48d2-9ca4-b0ec02358b9b.jpg,success_cached,200.0,c:\Prathik\MY DOCUMENTS\Rental_price_prediction\datasets\multimodal_v3\images\12835184.jpg,1441803,4608,3456,RGB,14bcaa90bcebc38d374182777a03c978,
12848084,https://a0.muscache.com/pictures/hosting/Hosting-12848084/original/85400805-0462-4c33-864d-638595a02079.jpeg,success_cached,200.0,c:\Prathik\MY DOCUMENTS\Rental_price_prediction\datasets\multimodal_v3\images\12848084.jpg,1790616,4032,3024,RGB,9c720f91bfb0c5748f9527f2eda6c747,
5464591,https://a0.muscache.com/pictures/36812185-bda3-43af-969a-6c850bca7f8f.jpg,failed_http_404,404.0,,0,0,0,,,HTTP 404
12970301,https://a0.muscache.com/pictures/56ac4bcf-688e-4fd9-825e-dad6d54fc89f.jpg,success_cached,200.0,c:\Prathik\MY DOCUMENTS\Rental_price_prediction\datasets\multimodal_v3\images\12970301.jpg,1143906,2592,1728,RGB,f453b4fc52ddc8301d93d933d358f381,
12918380,https://a0.muscache.com/pictures/66709dd3-8055-4c71-a51a-769719c1ff77.jpg,success_cached,200.0,c:\Prathik\MY DOCUMENTS\Rental_price_prediction\datasets\multimodal_v3\images\12918380.jpg,1080083,3264,2448,RGB,9994ae9faeb49ec2a8f969e49d67e60c,
13274313,https://a0.muscache.com/pictures/miso/Hosting-13274313/original/408c88cb-786f-4400-954f-e98ecb7ba68b.jpeg,success_cached,200.0,c:\Prathik\MY DOCUMENTS\Rental_price_prediction\datasets\multimodal_v3\images\13274313.jpg,125699,1024,683,RGB,149fed64dcbac33f6b2854f1302481f7,
13186091,https://a0.muscache.com/pictures/956b61fc-047e-4a7e-a690-8019b0671b5d.jpg,success_cached,200.0,c:\Prathik\MY DOCUMENTS\Rental_price_prediction\datasets\multimodal_v3\images\13186091.jpg,283861,1115,1087,RGB,09543a0b06e6716e2a3b0c8d67aba7fa,
13234214,https://a0.muscache.com/pictures/de092deb-6024-4e8b-83bc-b2a08304c001.jpg,success_cached,200.0,c:\Prathik\MY DOCUMENTS\Rental_price_prediction\datasets\multimodal_v3\images\13234214.jpg,503357,1504,996,RGB,dcaa109b7b7e815e574e23473d13ce0b,
13279595,https://a0.muscache.com/pictures/miso/Hosting-13279595/original/fce6798c-acb1-4271-8141-fdb4171a2857.jpeg,success_cached,200.0,c:\Prathik\MY DOCUMENTS\Rental_price_prediction\datasets\multimodal_v3\images\13279595.jpg,1865622,4032,3024,RGB,b64fe458e5fc83af0dffe391fafbdd80,
13333422,https://a0.muscache.com/pictures/c101e3fa-04c5-4590-a4a1-56bc44406321.jpg,success_cached,200.0,c:\Prathik\MY DOCUMENTS\Rental_price_prediction\datasets\multimodal_v3\images\13333422.jpg,1191000,4272,2848,RGB,46351faa24ee1fb6a48ae999dc0cd3e4,
13426466,https://a0.muscache.com/pictures/2974661e-3cc5-4d61-9ca5-c3dfa1852811.jpg,success_cached,200.0,c:\Prathik\MY DOCUMENTS\Rental_price_prediction\datasets\multimodal_v3\images\13426466.jpg,33356,320,320,RGB,fd0ff8dd6c978c036d8bc488cf2b0803,
13355384,https://a0.muscache.com/pictures/84cd3a30-baed-4772-9dcd-9d6ada9d7931.jpg,success_cached,200.0,c:\Prathik\MY DOCUMENTS\Rental_price_prediction\datasets\multimodal_v3\images\13355384.jpg,1175713,4032,3024,RGB,a9a55d51d6bb9ecf5b85069869792b3a,
8070733,https://a0.muscache.com/pictures/d4432a74-1654-4eb5-ae23-ede7db6bffe6.jpg,failed_http_404,404.0,,0,0,0,,,HTTP 404
13556933,https://a0.muscache.com/pictures/31dfdfd5-e74b-4e73-8140-d01629ec58b1.jpg,success_cached,200.0,c:\Prathik\MY DOCUMENTS\Rental_price_prediction\datasets\multimodal_v3\images\13556933.jpg,2132207,4032,3024,RGB,36edd4e4ee59fb943af6e6ef52e8ebb0,
11618840,https://a0.muscache.com/pictures/854d72ea-b762-4004-aa34-8ebd2aa519b7.jpg,failed_http_404,404.0,,0,0,0,,,HTTP 404
13686565,https://a0.muscache.com/pictures/b5b52b18-a207-4a39-920b-702ca6f1abf8.jpg,success_cached,200.0,c:\Prathik\MY DOCUMENTS\Rental_price_prediction\datasets\multimodal_v3\images\13686565.jpg,1784642,3769,2511,RGB,a4aad058e95b3b8a4b9dc575ce788797,
10289755,https://a0.muscache.com/pictures/6867ca5d-8876-4c00-9216-1820c94b4b11.jpg,failed_http_404,404.0,,0,0,0,,,HTTP 404
12105828,https://a0.muscache.com/pictures/7ef56b66-3a57-4f69-96b0-94f761765bcb.jpg,failed_http_404,404.0,,0,0,0,,,HTTP 404
14167740,https://a0.muscache.com/pictures/a6009dda-7303-406e-8857-693b8086f422.jpg,success_cached,200.0,c:\Prathik\MY DOCUMENTS\Rental_price_prediction\datasets\multimodal_v3\images\14167740.jpg,1413365,3264,2448,RGB,46512f24c1d1386b61d662f2288986c6,
13524286,https://a0.muscache.com/pictures/prohost-api/Hosting-13524286/original/4672e680-db7a-47ff-9564-b293d2fcf8bc.jpeg,failed_http_404,404.0,,0,0,0,,,HTTP 404
14168464,https://a0.muscache.com/pictures/641c5348-a059-4c2b-b634-1b0ca1444b08.jpg,success_cached,200.0,c:\Prathik\MY DOCUMENTS\Rental_price_prediction\datasets\multimodal_v3\images\14168464.jpg,592854,2245,2875,RGB,0b14ae7cc33d861cee8ec54491b0b21c,
14236639,https://a0.muscache.com/pictures/97c68748-4219-4237-80a9-d93d940524a6.jpg,success_cached,200.0,c:\Prathik\MY DOCUMENTS\Rental_price_prediction\datasets\multimodal_v3\images\14236639.jpg,2382554,4288,2848,RGB,a2bef7e6cae51958dd20755847bbf39c,
14357005,https://a0.muscache.com/pictures/a8ea9644-f143-4eb3-a98d-7a772d5e6610.jpg,success_cached,200.0,c:\Prathik\MY DOCUMENTS\Rental_price_prediction\datasets\multimodal_v3\images\14357005.jpg,290432,1440,900,RGB,2f2049352c6ec964b9ea413327c5a33d,
12377575,https://a0.muscache.com/pictures/51c14af1-e4e6-4123-a8d2-b921cf83f305.jpg,failed_http_404,404.0,,0,0,0,,,HTTP 404
13340576,https://a0.muscache.com/pictures/e4d6ea21-a04a-43ca-a9e7-9ff31bd8251a.jpg,failed_http_404,404.0,,0,0,0,,,HTTP 404
14561813,https://a0.muscache.com/pictures/b9e93842-27eb-43db-bc1d-66dbccf02c73.jpg,success_cached,200.0,c:\Prathik\MY DOCUMENTS\Rental_price_prediction\datasets\multimodal_v3\images\14561813.jpg,927586,4200,2800,RGB,54e72056fdda6c8382a8131456577908,
14652591,https://a0.muscache.com/pictures/miso/Hosting-14652591/original/e02ea998-0bb5-4aef-90b2-3bc511aa3920.jpeg,success_cached,200.0,c:\Prathik\MY DOCUMENTS\Rental_price_prediction\datasets\multimodal_v3\images\14652591.jpg,1014932,4032,2268,RGB,5a99d0b5de55372128e02616ace891a8,
14757919,https://a0.muscache.com/pictures/miso/Hosting-14757919/original/49b1afe7-2192-4a6f-9427-08d6d534049d.jpeg,success_cached,200.0,c:\Prathik\MY DOCUMENTS\Rental_price_prediction\datasets\multimodal_v3\images\14757919.jpg,2975349,4032,3024,RGB,14164f1c80bffa504df553ef3e486e49,
14835813,https://a0.muscache.com/pictures/b6aae56c-a9b9-4d2a-8402-48b7d9252047.jpg,success_cached,200.0,c:\Prathik\MY DOCUMENTS\Rental_price_prediction\datasets\multimodal_v3\images\14835813.jpg,552287,2048,1536,RGB,a70bef5e01e14eaf9731ebee2bbcaaab,
12543684,https://a0.muscache.com/pictures/miso/Hosting-12543684/original/be3a438b-b84c-4d0b-b0d8-0d3ef78a02d9.jpeg,failed_http_404,404.0,,0,0,0,,,HTTP 404
13582513,https://a0.muscache.com/pictures/c09c040a-be99-4c41-babb-62847263e93e.jpg,failed_http_404,404.0,,0,0,0,,,HTTP 404
13514183,https://a0.muscache.com/pictures/prohost-api/Hosting-13514183/original/9457f84d-f6eb-46e1-b288-e02bb13a609f.jpeg,failed_http_404,404.0,,0,0,0,,,HTTP 404
15091721,https://a0.muscache.com/pictures/dccaf9f5-773e-47f0-bf6e-640673f5133c.jpg,success_cached,200.0,c:\Prathik\MY DOCUMENTS\Rental_price_prediction\datasets\multimodal_v3\images\15091721.jpg,433130,2016,1512,RGB,bd3eab24962d10cf159f24e9a17eba46,
15158878,https://a0.muscache.com/pictures/b7323ee0-efe5-4deb-b219-10d393d37b40.jpg,success_cached,200.0,c:\Prathik\MY DOCUMENTS\Rental_price_prediction\datasets\multimodal_v3\images\15158878.jpg,221034,935,722,RGB,3ac736e3b8ddaf953786ca2b005552be,
15124397,https://a0.muscache.com/pictures/8dc84982-d1fc-4ef7-a7b2-5b760f7945a0.jpg,success_cached,200.0,c:\Prathik\MY DOCUMENTS\Rental_price_prediction\datasets\multimodal_v3\images\15124397.jpg,4183036,4000,3000,RGB,40147473e9c198b015aa7ef63793e0c9,
15192947,https://a0.muscache.com/pictures/miso/Hosting-15192947/original/93b65a87-0b18-4025-8737-cfa75e07d4cb.jpeg,success_cached,200.0,c:\Prathik\MY DOCUMENTS\Rental_price_prediction\datasets\multimodal_v3\images\15192947.jpg,1650342,4032,3024,RGB,9fd94be65fe26b21a1a0b5fc2cdd075e,
15231248,https://a0.muscache.com/pictures/29e11aaf-ad9b-4367-9303-a86f8c095853.jpg,success_cached,200.0,c:\Prathik\MY DOCUMENTS\Rental_price_prediction\datasets\multimodal_v3\images\15231248.jpg,157487,960,720,RGB,b5432c21d9ae4c616575d6d92504d59b,
15289199,https://a0.muscache.com/pictures/dc3f6357-2e03-4ecb-ac53-3ad6bed7b3fb.jpg,success_cached,200.0,c:\Prathik\MY DOCUMENTS\Rental_price_prediction\datasets\multimodal_v3\images\15289199.jpg,190242,1280,853,RGB,095687556e329ba0a2d3b7cb711923ae,
15422307,https://a0.muscache.com/pictures/miso/Hosting-15422307/original/b412b436-5635-47ee-8596-aa98b2312f6a.jpeg,success_cached,200.0,c:\Prathik\MY DOCUMENTS\Rental_price_prediction\datasets\multimodal_v3\images\15422307.jpg,1149974,3600,2403,RGB,23ab5969659b901fe345cfb538050650,
15444450,https://a0.muscache.com/pictures/531a255f-de2b-45ad-8433-b156b3b4ab5a.jpg,success_cached,200.0,c:\Prathik\MY DOCUMENTS\Rental_price_prediction\datasets\multimodal_v3\images\15444450.jpg,1547331,4032,3024,RGB,36ad44ad2b50beb1ea248b20052c34d1,
15476300,https://a0.muscache.com/pictures/4f603fe3-8179-4c87-bc99-a17704a8d1ea.jpg,success_cached,200.0,c:\Prathik\MY DOCUMENTS\Rental_price_prediction\datasets\multimodal_v3\images\15476300.jpg,877961,2560,1536,RGB,55163a3dd8486cb7ac9379fc962ca880,
13901952,https://a0.muscache.com/pictures/9379f8cd-ad52-4627-8359-d9f685507f7f.jpg,failed_http_404,404.0,,0,0,0,,,HTTP 404
15546661,https://a0.muscache.com/pictures/f3301f5c-3c74-4f2f-8bda-e157582abf6e.jpg,success_cached,200.0,c:\Prathik\MY DOCUMENTS\Rental_price_prediction\datasets\multimodal_v3\images\15546661.jpg,955433,2592,1728,RGB,e1dc453fb27c130d3bb35f624a5597dc,
14122794,https://a0.muscache.com/pictures/a0d9887d-12ed-4b7f-8212-7de0ffa863fb.jpg,failed_http_404,404.0,,0,0,0,,,HTTP 404
15009504,https://a0.muscache.com/pictures/9c521404-2b05-4861-98ce-cb643cad14f8.jpg,failed_http_404,404.0,,0,0,0,,,HTTP 404
15530268,https://a0.muscache.com/pictures/7de7953b-53b4-499c-a388-3c62f18f6a92.jpg,failed_http_404,404.0,,0,0,0,,,HTTP 404
15685101,https://a0.muscache.com/pictures/a93af43d-c02c-43ad-9381-dacbf5298e5f.jpg,success_cached,200.0,c:\Prathik\MY DOCUMENTS\Rental_price_prediction\datasets\multimodal_v3\images\15685101.jpg,1573449,3889,2565,RGB,d7705394a5c32e8d7d84a3b9e857c6f7,
14934441,https://a0.muscache.com/pictures/ce702879-5134-43a9-b170-7989992ff177.jpg,failed_http_404,404.0,,0,0,0,,,HTTP 404
15647883,https://a0.muscache.com/pictures/0fa4fb21-1efb-44fd-b2e4-aec4faebf638.jpg,failed_http_404,404.0,,0,0,0,,,HTTP 404
15995355,https://a0.muscache.com/pictures/bf57953e-7ecf-4230-95e6-c54fa2e86860.jpg,success_cached,200.0,c:\Prathik\MY DOCUMENTS\Rental_price_prediction\datasets\multimodal_v3\images\15995355.jpg,1109637,4032,3024,RGB,1297a38466f536c4266bd07296a8c2fa,
15788106,https://a0.muscache.com/pictures/9cb3cfc7-23ed-494b-8c46-0560f670f799.jpg,failed_http_404,404.0,,0,0,0,,,HTTP 404
16095359,https://a0.muscache.com/pictures/ab0198e0-68f5-44b8-975c-5e5d1d4bf424.jpg,success_cached,200.0,c:\Prathik\MY DOCUMENTS\Rental_price_prediction\datasets\multimodal_v3\images\16095359.jpg,2476091,4032,3024,RGB,49e2d4d2b0de0adbd7d3e50fcb931db6,
16147877,https://a0.muscache.com/pictures/278658fc-b3d3-44e1-a281-07c43a989bfb.jpg,success_cached,200.0,c:\Prathik\MY DOCUMENTS\Rental_price_prediction\datasets\multimodal_v3\images\16147877.jpg,1550550,3960,2640,RGB,ff6e53a1542b443bc29b9e7e74afd584,
16155218,https://a0.muscache.com/pictures/miso/Hosting-16155218/original/7ee9e43c-3430-432c-998c-1fc1b11a3687.jpeg,success_cached,200.0,c:\Prathik\MY DOCUMENTS\Rental_price_prediction\datasets\multimodal_v3\images\16155218.jpg,1843498,4032,3024,RGB,7af68f2fb18a6b08d6c4cff21bd1aaca,
16267469,https://a0.muscache.com/pictures/650b0211-8834-4890-87a9-9a72af64b485.jpg,success_cached,200.0,c:\Prathik\MY DOCUMENTS\Rental_price_prediction\datasets\multimodal_v3\images\16267469.jpg,298217,1600,1069,RGB,c0e6020f157dfc3fb51e9a48384b8291,
15577790,https://a0.muscache.com/pictures/miso/Hosting-15577790/original/f3ba72c7-668a-43a3-9983-d3a7bf467914.jpeg,failed_timeout_or_error,,,0,0,0,,,"HTTPSConnectionPool(host='a0.muscache.com', port=443): Read timed out."
16587446,https://a0.muscache.com/pictures/cd134629-5fae-46f3-ab23-512af8b40b4f.jpg,failed_timeout_or_error,,,0,0,0,,,"HTTPSConnectionPool(host='a0.muscache.com', port=443): Max retries exceeded with url: /pictures/cd134629-5fae-46f3-ab23-512af8b40b4f.jpg (Caused by NameResolutionError(""<urllib3.connection.HTTPSConnection object at 0x00000232C40814F0>: Failed to resolve 'a0.muscache.com' ([Errno 11001] getaddrinfo failed)""))"
16636978,https://a0.muscache.com/pictures/8f877a4f-4c94-4e27-92cc-54552d3aab7b.jpg,success_cached,200.0,c:\Prathik\MY DOCUMENTS\Rental_price_prediction\datasets\multimodal_v3\images\16636978.jpg,679062,4032,3024,RGB,dcb392a5ca8719b8b2f92e00af1338c4,
16660917,https://a0.muscache.com/pictures/miso/Hosting-16660917/original/ec42e8bc-66cc-4d04-aa1d-5c2f5dc88219.jpeg,success_cached,200.0,c:\Prathik\MY DOCUMENTS\Rental_price_prediction\datasets\multimodal_v3\images\16660917.jpg,90748,1080,720,RGB,e66b83d9a9f212999606be20f38479f4,
16384751,https://a0.muscache.com/pictures/airflow/Hosting-16384751/original/35674e92-cb6b-47c9-98af-6bb39926b4fa.jpg,failed_timeout_or_error,,,0,0,0,,,"HTTPSConnectionPool(host='a0.muscache.com', port=443): Read timed out."
16700354,https://a0.muscache.com/pictures/66ddd29c-7c4c-4aae-b5bc-b56b20377e09.jpg,success_cached,200.0,c:\Prathik\MY DOCUMENTS\Rental_price_prediction\datasets\multimodal_v3\images\16700354.jpg,2313256,4032,3024,RGB,3da07bf6e4b6cba95525cb6c32c30fe9,
16024372,https://a0.muscache.com/pictures/55fd3789-5a92-456b-8afe-67759a821c56.jpg,failed_timeout_or_error,,,0,0,0,,,"HTTPSConnectionPool(host='a0.muscache.com', port=443): Read timed out."
16856815,https://a0.muscache.com/pictures/36e772e0-1352-4bfb-8808-3b1f3b443e8a.jpg,success_cached,200.0,c:\Prathik\MY DOCUMENTS\Rental_price_prediction\datasets\multimodal_v3\images\16856815.jpg,348765,2016,1512,RGB,0c3f7bcb097196119048e47661995763,
16977918,https://a0.muscache.com/pictures/miso/Hosting-16977918/original/75e0a51c-bb05-4ecd-9b80-f023468f7f7b.png,failed_timeout_or_error,,,0,0,0,,,"HTTPSConnectionPool(host='a0.muscache.com', port=443): Max retries exceeded with url: /pictures/miso/Hosting-16977918/original/75e0a51c-bb05-4ecd-9b80-f023468f7f7b.png (Caused by NameResolutionError(""<urllib3.connection.HTTPSConnection object at 0x00000232C40CB590>: Failed to resolve 'a0.muscache.com' ([Errno 11001] getaddrinfo failed)""))"
13112074,https://a0.muscache.com/pictures/b473db26-6e56-415b-8dfc-c8af34ce7b11.jpg,failed_timeout_or_error,,,0,0,0,,,"HTTPSConnectionPool(host='a0.muscache.com', port=443): Read timed out."
16810083,https://a0.muscache.com/pictures/50c56ea5-2265-4921-9c68-5c47fbb80417.jpg,success_cached,200.0,c:\Prathik\MY DOCUMENTS\Rental_price_prediction\datasets\multimodal_v3\images\16810083.jpg,4989486,5676,3784,RGB,b027550c0dd97aad500a9aaa911e8403,
17036413,https://a0.muscache.com/pictures/dbd1369c-6567-48a7-8dd0-c24ff4417a51.jpg,success_cached,200.0,c:\Prathik\MY DOCUMENTS\Rental_price_prediction\datasets\multimodal_v3\images\17036413.jpg,362630,1822,1295,RGB,6d4f0d9b90d9e654ef36271e599e6196,
16937995,https://a0.muscache.com/pictures/prohost-api/Hosting-16937995/original/7b282863-1e74-4d87-b7f1-a738734094e5.jpeg,success_cached,200.0,c:\Prathik\MY DOCUMENTS\Rental_price_prediction\datasets\multimodal_v3\images\16937995.jpg,502061,1607,1080,RGB,638d623e987b5592c6de4164fa06d29f,
17095670,https://a0.muscache.com/pictures/f538e9d8-7a4f-436b-aef7-955cda9aa833.jpg,success_cached,200.0,c:\Prathik\MY DOCUMENTS\Rental_price_prediction\datasets\multimodal_v3\images\17095670.jpg,341448,2016,1512,RGB,d037c588898bc4cd648f56ce61f00515,
12310425,https://a0.muscache.com/pictures/miso/Hosting-12310425/original/de4dfd84-2f17-4135-b24b-d153296a43d3.png,failed_timeout_or_error,,,0,0,0,,,"HTTPSConnectionPool(host='a0.muscache.com', port=443): Read timed out."
17157429,https://a0.muscache.com/pictures/1948f842-c17f-4c1d-abae-1e22a742657b.jpg,success_cached,200.0,c:\Prathik\MY DOCUMENTS\Rental_price_prediction\datasets\multimodal_v3\images\17157429.jpg,860542,3634,2724,RGB,a2b3a51fae135177982dd56f5ae1d075,
17395670,https://a0.muscache.com/pictures/c8cc42ba-2731-4833-a1b4-e80ab3f1bb87.jpg,failed_timeout_or_error,,,0,0,0,,,"HTTPSConnectionPool(host='a0.muscache.com', port=443): Max retries exceeded with url: /pictures/c8cc42ba-2731-4833-a1b4-e80ab3f1bb87.jpg (Caused by NameResolutionError(""<urllib3.connection.HTTPSConnection object at 0x00000232C406B3E0>: Failed to resolve 'a0.muscache.com' ([Errno 11001] getaddrinfo failed)""))"
17155164,https://a0.muscache.com/pictures/miso/Hosting-17155164/original/5a812275-4194-478b-9824-d398b7adccbc.jpeg,success_cached,200.0,c:\Prathik\MY DOCUMENTS\Rental_price_prediction\datasets\multimodal_v3\images\17155164.jpg,2099094,4200,2800,RGB,dcd4b972e35d1263508005ad34d19b2c,
17529983,https://a0.muscache.com/pictures/4548a8c5-8212-4725-b3fe-703ce0caf04c.jpg,failed_timeout_or_error,,,0,0,0,,,"HTTPSConnectionPool(host='a0.muscache.com', port=443): Max retries exceeded with url: /pictures/4548a8c5-8212-4725-b3fe-703ce0caf04c.jpg (Caused by NameResolutionError(""<urllib3.connection.HTTPSConnection object at 0x00000232C3C155B0>: Failed to resolve 'a0.muscache.com' ([Errno 11001] getaddrinfo failed)""))"
17158172,https://a0.muscache.com/pictures/miso/Hosting-17158172/original/361a70f4-172f-4237-87ae-c75634e70747.jpeg,success_cached,200.0,c:\Prathik\MY DOCUMENTS\Rental_price_prediction\datasets\multimodal_v3\images\17158172.jpg,2492828,4032,3024,RGB,729bbabb156b02f8643aed1167a89c9b,
17310280,https://a0.muscache.com/pictures/0aec11d7-b0b5-4170-90f1-26917ca90b21.jpg,success_cached,200.0,c:\Prathik\MY DOCUMENTS\Rental_price_prediction\datasets\multimodal_v3\images\17310280.jpg,1591752,3436,2456,RGB,b15b0ba0f4b43e4b891ba60c788a6816,
5481195,https://a0.muscache.com/pictures/fd7b446f-d1d2-43e6-b0c9-7cbac9d102d8.jpg,failed_timeout_or_error,,,0,0,0,,,"HTTPSConnectionPool(host='a0.muscache.com', port=443): Read timed out."
17552287,https://a0.muscache.com/pictures/airflow/Hosting-17552287/original/4bac36b2-bef3-4396-b949-e4550ad95556.jpg,success_cached,200.0,c:\Prathik\MY DOCUMENTS\Rental_price_prediction\datasets\multimodal_v3\images\17552287.jpg,175049,1300,867,RGB,35593e75d789e851f763dd156f3a8040,
17591050,https://a0.muscache.com/pictures/0e71df71-4647-429e-bab5-4c76afaf9ae1.jpg,success_cached,200.0,c:\Prathik\MY DOCUMENTS\Rental_price_prediction\datasets\multimodal_v3\images\17591050.jpg,1909763,3024,3024,RGB,04f5fcb03b281aff323718d85a85d23e,
17618702,https://a0.muscache.com/pictures/dc23ca8e-e78f-417f-8812-04530c0efe5f.jpg,success_cached,200.0,c:\Prathik\MY DOCUMENTS\Rental_price_prediction\datasets\multimodal_v3\images\17618702.jpg,721048,1600,1200,RGB,5314a765b8f8fe32df7d3c489c6f06a9,
17446056,https://a0.muscache.com/pictures/e9a91bdf-13ea-4c32-b38b-576665dd9a89.jpg,success_cached,200.0,c:\Prathik\MY DOCUMENTS\Rental_price_prediction\datasets\multimodal_v3\images\17446056.jpg,3814693,3738,2622,RGB,a544e46b6c880fac5e774fe5ca196fd7,
17653835,https://a0.muscache.com/pictures/6458dc7b-eac0-464c-b5d9-a60cc6f5e2a4.jpg,success_cached,200.0,c:\Prathik\MY DOCUMENTS\Rental_price_prediction\datasets\multimodal_v3\images\17653835.jpg,1188952,3730,2458,RGB,5caa2e91905bc29f9cb0d06ce88b75cb,
17606368,https://a0.muscache.com/pictures/prohost-api/Hosting-17606368/original/1b409f6b-ee86-4c6c-842f-ff8b4c8a128c.png,success_cached,200.0,c:\Prathik\MY DOCUMENTS\Rental_price_prediction\datasets\multimodal_v3\images\17606368.jpg,811508,1825,1080,RGB,b6f045a3927004958847c3902b2efd76,
18022683,https://a0.muscache.com/pictures/6ff8faf1-2dc0-4300-a75a-57411655c9fb.jpg,failed_timeout_or_error,,,0,0,0,,,"HTTPSConnectionPool(host='a0.muscache.com', port=443): Max retries exceeded with url: /pictures/6ff8faf1-2dc0-4300-a75a-57411655c9fb.jpg (Caused by NameResolutionError(""<urllib3.connection.HTTPSConnection object at 0x00000232C4081610>: Failed to resolve 'a0.muscache.com' ([Errno 11001] getaddrinfo failed)""))"
15174633,https://a0.muscache.com/pictures/miso/Hosting-15174633/original/af26e72b-e235-4041-907f-54f40e49d2fc.jpeg,failed_timeout_or_error,,,0,0,0,,,"HTTPSConnectionPool(host='a0.muscache.com', port=443): Read timed out."
17780854,https://a0.muscache.com/pictures/miso/Hosting-17780854/original/2d689979-7e05-4775-b8a1-d8874fbfe8e5.jpeg,success_cached,200.0,c:\Prathik\MY DOCUMENTS\Rental_price_prediction\datasets\multimodal_v3\images\17780854.jpg,1675640,4032,3024,RGB,ed08d6d884023afd6ece20af9a388fde,
17861930,https://a0.muscache.com/pictures/79b6843a-b5ef-4417-bbbc-bea94e7eb996.jpg,success_cached,200.0,c:\Prathik\MY DOCUMENTS\Rental_price_prediction\datasets\multimodal_v3\images\17861930.jpg,458217,2016,1512,RGB,7de8cc320b74f70158f6354afe7db555,
17726977,https://a0.muscache.com/pictures/b938c32e-62ae-4d40-b766-bfbb935e1a7a.jpg,success_cached,200.0,c:\Prathik\MY DOCUMENTS\Rental_price_prediction\datasets\multimodal_v3\images\17726977.jpg,2070035,4032,3024,RGB,c316500b480a1ec5aed639b7c9613048,
18055958,https://a0.muscache.com/pictures/503cdcb4-f5e2-4820-8816-cc3e091211f1.jpg,success_cached,200.0,c:\Prathik\MY DOCUMENTS\Rental_price_prediction\datasets\multimodal_v3\images\18055958.jpg,550220,1632,1224,RGB,4c8832b627964d946242143002598fbb,
17826503,https://a0.muscache.com/pictures/miso/Hosting-17826503/original/bbe065fa-d113-4eb4-b39a-1f1469519686.jpeg,success_cached,200.0,c:\Prathik\MY DOCUMENTS\Rental_price_prediction\datasets\multimodal_v3\images\17826503.jpg,1920136,4032,3024,RGB,b06db9b4ed477a95be6f531c515f1dba,
18151750,https://a0.muscache.com/pictures/26024e90-c189-4ff6-af4d-9b230068edf4.jpg,failed_timeout_or_error,,,0,0,0,,,"HTTPSConnectionPool(host='a0.muscache.com', port=443): Max retries exceeded with url: /pictures/26024e90-c189-4ff6-af4d-9b230068edf4.jpg (Caused by NameResolutionError(""<urllib3.connection.HTTPSConnection object at 0x00000232C3C172C0>: Failed to resolve 'a0.muscache.com' ([Errno 11001] getaddrinfo failed)""))"
18404153,https://a0.muscache.com/pictures/miso/Hosting-18404153/original/3f9e6e70-0504-4fa3-83bf-e272d8684dd2.jpeg,failed_timeout_or_error,,,0,0,0,,,"HTTPSConnectionPool(host='a0.muscache.com', port=443): Max retries exceeded with url: /pictures/miso/Hosting-18404153/original/3f9e6e70-0504-4fa3-83bf-e272d8684dd2.jpeg (Caused by NameResolutionError(""<urllib3.connection.HTTPSConnection object at 0x00000232C4080E60>: Failed to resolve 'a0.muscache.com' ([Errno 11001] getaddrinfo failed)""))"
18473371,https://a0.muscache.com/pictures/401f362c-33d2-4eb9-a958-4d6b5bddb3fc.jpg,failed_timeout_or_error,,,0,0,0,,,"HTTPSConnectionPool(host='a0.muscache.com', port=443): Max retries exceeded with url: /pictures/401f362c-33d2-4eb9-a958-4d6b5bddb3fc.jpg (Caused by NameResolutionError(""<urllib3.connection.HTTPSConnection object at 0x00000232C4081B20>: Failed to resolve 'a0.muscache.com' ([Errno 11001] getaddrinfo failed)""))"
18521819,https://a0.muscache.com/pictures/d98d041e-18b2-46ef-9d44-26e187bf17b0.jpg,failed_timeout_or_error,,,0,0,0,,,"HTTPSConnectionPool(host='a0.muscache.com', port=443): Max retries exceeded with url: /pictures/d98d041e-18b2-46ef-9d44-26e187bf17b0.jpg (Caused by NameResolutionError(""<urllib3.connection.HTTPSConnection object at 0x00000232C3AB7560>: Failed to resolve 'a0.muscache.com' ([Errno 11001] getaddrinfo failed)""))"
18627613,https://a0.muscache.com/pictures/81e7f36d-57d7-4f53-b66e-89d94d530413.jpg,failed_timeout_or_error,,,0,0,0,,,"HTTPSConnectionPool(host='a0.muscache.com', port=443): Max retries exceeded with url: /pictures/81e7f36d-57d7-4f53-b66e-89d94d530413.jpg (Caused by NameResolutionError(""<urllib3.connection.HTTPSConnection object at 0x00000232C40CBEF0>: Failed to resolve 'a0.muscache.com' ([Errno 11001] getaddrinfo failed)""))"
18059317,https://a0.muscache.com/pictures/miso/Hosting-18059317/original/1e52bfdb-ef61-44f0-a757-6d66356a43bf.jpeg,success_cached,200.0,c:\Prathik\MY DOCUMENTS\Rental_price_prediction\datasets\multimodal_v3\images\18059317.jpg,1740890,4016,3012,RGB,5807fc7c1f99f487c2ca74407abe59fa,
15827350,https://a0.muscache.com/pictures/7967260c-2f70-4baa-9a71-54db44f5ecb2.jpg,failed_timeout_or_error,,,0,0,0,,,"HTTPSConnectionPool(host='a0.muscache.com', port=443): Read timed out."
18092896,https://a0.muscache.com/pictures/miso/Hosting-18092896/original/5d5d5574-a44f-429f-a2de-59fac601dc99.jpeg,success_cached,200.0,c:\Prathik\MY DOCUMENTS\Rental_price_prediction\datasets\multimodal_v3\images\18092896.jpg,1163594,2301,1536,RGB,98fd41a2e70b20981ab3625a9dcfad16,
18918238,https://a0.muscache.com/pictures/09834a34-719e-44f9-8c6d-ccbb9654b040.jpg,failed_timeout_or_error,,,0,0,0,,,"HTTPSConnectionPool(host='a0.muscache.com', port=443): Max retries exceeded with url: /pictures/09834a34-719e-44f9-8c6d-ccbb9654b040.jpg (Caused by NameResolutionError(""<urllib3.connection.HTTPSConnection object at 0x00000232C40C80B0>: Failed to resolve 'a0.muscache.com' ([Errno 11001] getaddrinfo failed)""))"
18121899,https://a0.muscache.com/pictures/60d57bd0-3e65-436d-9291-b154803e952a.jpg,success_cached,200.0,c:\Prathik\MY DOCUMENTS\Rental_price_prediction\datasets\multimodal_v3\images\18121899.jpg,1804026,4032,3024,RGB,264c82e45050b0f89a39e47e0693dd7f,
18309080,https://a0.muscache.com/pictures/miso/Hosting-18309080/original/62f5d29a-145b-48e5-b268-2a9aef93511c.jpeg,success_cached,200.0,c:\Prathik\MY DOCUMENTS\Rental_price_prediction\datasets\multimodal_v3\images\18309080.jpg,1569148,4000,3000,RGB,bac48cb426290bbc4b85ae783508e3b1,
197263,https://a0.muscache.com/pictures/miso/Hosting-197263/original/b0db6064-8a13-47fd-8c76-861ffda8d4dc.jpeg,failed_timeout_or_error,,,0,0,0,,,"HTTPSConnectionPool(host='a0.muscache.com', port=443): Read timed out."
18308979,https://a0.muscache.com/pictures/miso/Hosting-18308979/original/727ed38f-00e1-4e3c-af4a-a6254f74da71.jpeg,success_cached,200.0,c:\Prathik\MY DOCUMENTS\Rental_price_prediction\datasets\multimodal_v3\images\18308979.jpg,1703827,4000,3000,RGB,6816752bb784dd58aa8da58435c850ba,
19066512,https://a0.muscache.com/pictures/ae961052-9c7f-4b5a-8b95-8f82bed6835b.jpg,failed_timeout_or_error,,,0,0,0,,,"HTTPSConnectionPool(host='a0.muscache.com', port=443): Max retries exceeded with url: /pictures/ae961052-9c7f-4b5a-8b95-8f82bed6835b.jpg (Caused by NameResolutionError(""<urllib3.connection.HTTPSConnection object at 0x00000232C406AB70>: Failed to resolve 'a0.muscache.com' ([Errno 11001] getaddrinfo failed)""))"
19264539,https://a0.muscache.com/pictures/cb777c20-2db5-4e7e-bd80-aaeaa2f5ccc6.jpg,failed_timeout_or_error,,,0,0,0,,,"HTTPSConnectionPool(host='a0.muscache.com', port=443): Max retries exceeded with url: /pictures/cb777c20-2db5-4e7e-bd80-aaeaa2f5ccc6.jpg (Caused by NameResolutionError(""<urllib3.connection.HTTPSConnection object at 0x00000232C406B4A0>: Failed to resolve 'a0.muscache.com' ([Errno 11001] getaddrinfo failed)""))"
18910863,https://a0.muscache.com/pictures/d5c3aa31-9f4e-4e31-8810-b86b138d85b6.jpg,success_cached,200.0,c:\Prathik\MY DOCUMENTS\Rental_price_prediction\datasets\multimodal_v3\images\18910863.jpg,1385014,4032,3024,RGB,24781d81a2cc3039740df42663eb67c4,
18721359,https://a0.muscache.com/pictures/374c7485-16f7-416c-873e-a2860b20855b.jpg,success_cached,200.0,c:\Prathik\MY DOCUMENTS\Rental_price_prediction\datasets\multimodal_v3\images\18721359.jpg,1907660,4160,3120,RGB,7bb99eaf817127bbf40b8f512bcba735,
19032051,https://a0.muscache.com/pictures/77604b8c-1598-43f1-8eab-591a23b72d7d.jpg,success_cached,200.0,c:\Prathik\MY DOCUMENTS\Rental_price_prediction\datasets\multimodal_v3\images\19032051.jpg,980487,3603,2386,RGB,f13c9d959c4cde1253a33fe783e5e4c1,
19101996,https://a0.muscache.com/pictures/0826fcf0-6eed-4a1b-9a28-c3cbbcb14552.jpg,success_cached,200.0,c:\Prathik\MY DOCUMENTS\Rental_price_prediction\datasets\multimodal_v3\images\19101996.jpg,88770,504,672,RGB,10a55ce482ec37c4ef28037dfebcffc3,
19029460,https://a0.muscache.com/pictures/d9fe812b-8b96-4ced-a4d6-fc399921ccd5.jpg,success_cached,200.0,c:\Prathik\MY DOCUMENTS\Rental_price_prediction\datasets\multimodal_v3\images\19029460.jpg,1382792,4032,3024,RGB,6b5c78fd5aff17c88617bcd00c452ebc,
19066373,https://a0.muscache.com/pictures/24c7c235-38bc-4ccb-933c-9f3617b17f41.jpg,success_cached,200.0,c:\Prathik\MY DOCUMENTS\Rental_price_prediction\datasets\multimodal_v3\images\19066373.jpg,739318,1632,1224,RGB,78eb0d0f67932047eb50233c95ce2730,
19135906,https://a0.muscache.com/pictures/d95d2dc7-54f2-45f7-8650-80cdb239f8a0.jpg,success_cached,200.0,c:\Prathik\MY DOCUMENTS\Rental_price_prediction\datasets\multimodal_v3\images\19135906.jpg,588926,1600,1200,RGB,4a109be9431eb796170d0399bddd6c12,
20016326,https://a0.muscache.com/pictures/miso/Hosting-20016326/original/d9805ccb-3bcc-4501-9dba-f362bfe37380.jpeg,failed_timeout_or_error,,,0,0,0,,,"HTTPSConnectionPool(host='a0.muscache.com', port=443): Max retries exceeded with url: /pictures/miso/Hosting-20016326/original/d9805ccb-3bcc-4501-9dba-f362bfe37380.jpeg (Caused by NameResolutionError(""<urllib3.connection.HTTPSConnection object at 0x00000232C40F9220>: Failed to resolve 'a0.muscache.com' ([Errno 11001] getaddrinfo failed)""))"
20036903,https://a0.muscache.com/pictures/6c6a4b98-0734-48ee-9844-fd9354eb0b30.jpg,failed_timeout_or_error,,,0,0,0,,,"HTTPSConnectionPool(host='a0.muscache.com', port=443): Max retries exceeded with url: /pictures/6c6a4b98-0734-48ee-9844-fd9354eb0b30.jpg (Caused by NameResolutionError(""<urllib3.connection.HTTPSConnection object at 0x00000232C40FB530>: Failed to resolve 'a0.muscache.com' ([Errno 11001] getaddrinfo failed)""))"
19439841,https://a0.muscache.com/pictures/73f4b175-1429-403d-9863-b12c20195320.jpg,success_cached,200.0,c:\Prathik\MY DOCUMENTS\Rental_price_prediction\datasets\multimodal_v3\images\19439841.jpg,18150,300,219,RGB,4154453bd9c040308e0253561ff3f00b,
18928361,https://a0.muscache.com/pictures/miso/Hosting-18928361/original/0b9b20d5-791a-4643-8d23-a93e1080757f.jpeg,success_cached,200.0,c:\Prathik\MY DOCUMENTS\Rental_price_prediction\datasets\multimodal_v3\images\18928361.jpg,5949590,4618,3464,RGB,568b3b266f7c069b697c2f2d21175a59,
19858349,https://a0.muscache.com/pictures/miso/Hosting-19858349/original/692715c2-ddd2-4bfd-a468-f837613346d4.jpeg,success_cached,200.0,c:\Prathik\MY DOCUMENTS\Rental_price_prediction\datasets\multimodal_v3\images\19858349.jpg,321941,2048,1365,RGB,1b949ab062c4c1ddf8132822b02519eb,
19992336,https://a0.muscache.com/pictures/69d50f2a-8c66-400f-997b-eaff9236f056.jpg,success_cached,200.0,c:\Prathik\MY DOCUMENTS\Rental_price_prediction\datasets\multimodal_v3\images\19992336.jpg,503284,1905,1270,RGB,a5bacd717c60cdac7fbd97636dbe4b46,
19643402,https://a0.muscache.com/pictures/miso/Hosting-19643402/original/5c935c07-6bc3-4e3b-9ab6-5badb08fb4f2.jpeg,success_cached,200.0,c:\Prathik\MY DOCUMENTS\Rental_price_prediction\datasets\multimodal_v3\images\19643402.jpg,1741650,4200,2800,RGB,50e340529110100a34223241ee7286dc,
19548415,https://a0.muscache.com/pictures/d045127c-535f-40be-9ce3-6902321bf897.jpg,success_cached,200.0,c:\Prathik\MY DOCUMENTS\Rental_price_prediction\datasets\multimodal_v3\images\19548415.jpg,1963812,4200,2795,RGB,708e246c4bc2d209b2975a3e8696f792,
20192369,https://a0.muscache.com/pictures/cf0d2e71-d200-44f8-9b0a-523d7e48c76d.jpg,failed_timeout_or_error,,,0,0,0,,,"HTTPSConnectionPool(host='a0.muscache.com', port=443): Max retries exceeded with url: /pictures/cf0d2e71-d200-44f8-9b0a-523d7e48c76d.jpg (Caused by NameResolutionError(""<urllib3.connection.HTTPSConnection object at 0x00000232C3CE5BE0>: Failed to resolve 'a0.muscache.com' ([Errno 11001] getaddrinfo failed)""))"
20208429,https://a0.muscache.com/pictures/5f07a5e8-f5c5-4205-9248-96d1dfa98efc.jpg,failed_timeout_or_error,,,0,0,0,,,"HTTPSConnectionPool(host='a0.muscache.com', port=443): Max retries exceeded with url: /pictures/5f07a5e8-f5c5-4205-9248-96d1dfa98efc.jpg (Caused by NameResolutionError(""<urllib3.connection.HTTPSConnection object at 0x00000232C3C84AA0>: Failed to resolve 'a0.muscache.com' ([Errno 11001] getaddrinfo failed)""))"
19620931,https://a0.muscache.com/pictures/8200899b-a017-4226-98d2-242dbe305a03.jpg,success_cached,200.0,c:\Prathik\MY DOCUMENTS\Rental_price_prediction\datasets\multimodal_v3\images\19620931.jpg,199891,1296,968,RGB,c629e70447ee4cbff4f55ba38c802185,
20121078,https://a0.muscache.com/pictures/3813167f-52ef-42a1-b38e-4f334f13b30a.jpg,success_cached,200.0,c:\Prathik\MY DOCUMENTS\Rental_price_prediction\datasets\multimodal_v3\images\20121078.jpg,222234,2048,1536,RGB,13dc20958b41aa8fe9692fc4a454a9cc,
20153704,https://a0.muscache.com/pictures/1df605ea-b0de-437d-9e4b-6002986a8240.jpg,success_cached,200.0,c:\Prathik\MY DOCUMENTS\Rental_price_prediction\datasets\multimodal_v3\images\20153704.jpg,1272480,3264,2448,RGB,00525704fc4cdc6e23378792f70cac2a,
20131746,https://a0.muscache.com/pictures/6c071299-df78-495d-ac40-66942bbb6b7d.jpg,success_cached,200.0,c:\Prathik\MY DOCUMENTS\Rental_price_prediction\datasets\multimodal_v3\images\20131746.jpg,1485335,3940,2627,RGB,b4684de75eb3bfc87f0efeea2596a5e7,
20473937,https://a0.muscache.com/pictures/20ffcff6-b32d-4c84-b219-954beddeae02.jpg,failed_timeout_or_error,,,0,0,0,,,"HTTPSConnectionPool(host='a0.muscache.com', port=443): Max retries exceeded with url: /pictures/20ffcff6-b32d-4c84-b219-954beddeae02.jpg (Caused by NameResolutionError(""<urllib3.connection.HTTPSConnection object at 0x00000232C40694F0>: Failed to resolve 'a0.muscache.com' ([Errno 11001] getaddrinfo failed)""))"
20241154,https://a0.muscache.com/pictures/4bc01a57-f1ef-4e01-9015-6735c2e03c86.jpg,success_cached,200.0,c:\Prathik\MY DOCUMENTS\Rental_price_prediction\datasets\multimodal_v3\images\20241154.jpg,270832,1763,1177,RGB,6b97105d96b01140eff918628e46d38e,
20439998,https://a0.muscache.com/pictures/55c69ea6-5a66-497d-b07a-d0d771e0136b.jpg,success_cached,200.0,c:\Prathik\MY DOCUMENTS\Rental_price_prediction\datasets\multimodal_v3\images\20439998.jpg,128854,1334,890,RGB,d301dbb9d2228eb9b47baa1b0d148ced,
20456408,https://a0.muscache.com/pictures/miso/Hosting-20456408/original/1707df6e-a21a-4333-a2d6-2487a905532f.jpeg,success_cached,200.0,c:\Prathik\MY DOCUMENTS\Rental_price_prediction\datasets\multimodal_v3\images\20456408.jpg,264613,960,720,RGB,b55bb08e59b5b0114a9bfbc4859aeafb,
20174635,https://a0.muscache.com/pictures/miso/Hosting-20174635/original/ea01d615-e739-440b-8f1e-7e921e4fb506.jpeg,success_cached,200.0,c:\Prathik\MY DOCUMENTS\Rental_price_prediction\datasets\multimodal_v3\images\20174635.jpg,2962821,4032,2688,RGB,4f8aa6e188afcb0a88a0ef05f7c6d977,
20441967,https://a0.muscache.com/pictures/1b0217ae-3cf3-4d20-aa1c-3e3f17c02d74.jpg,success_cached,200.0,c:\Prathik\MY DOCUMENTS\Rental_price_prediction\datasets\multimodal_v3\images\20441967.jpg,1003580,2500,1667,RGB,ebe37374727c532371373b90d1870350,
20268605,https://a0.muscache.com/pictures/airflow/Hosting-20268605/original/ed2eef4d-a16b-4ab1-bf8b-6cff9a897814.jpg,success_cached,200.0,c:\Prathik\MY DOCUMENTS\Rental_price_prediction\datasets\multimodal_v3\images\20268605.jpg,1875720,4200,2800,RGB,c3b3b939aeab1de70c088bf325bcfc04,
12587092,https://a0.muscache.com/pictures/pro_photo_tool/Hosting-12587092-unapproved/original/0c4b9f5e-f381-4060-bed9-fcbe4cae013e.JPEG,failed_timeout_or_error,,,0,0,0,,,"HTTPSConnectionPool(host='a0.muscache.com', port=443): Read timed out."
20408452,https://a0.muscache.com/pictures/miso/Hosting-20408452/original/8a26545d-317e-47db-9c6c-ff28f7c26bf7.jpeg,success_cached,200.0,c:\Prathik\MY DOCUMENTS\Rental_price_prediction\datasets\multimodal_v3\images\20408452.jpg,2039323,4032,3024,RGB,5509c81a18518d4b72673d0e688ad21b,
20804217,https://a0.muscache.com/pictures/747b4ac6-6329-48a8-adc1-fc81a7c386fd.jpg,failed_timeout_or_error,,,0,0,0,,,"HTTPSConnectionPool(host='a0.muscache.com', port=443): Max retries exceeded with url: /pictures/747b4ac6-6329-48a8-adc1-fc81a7c386fd.jpg (Caused by NameResolutionError(""<urllib3.connection.HTTPSConnection object at 0x00000232C406AF30>: Failed to resolve 'a0.muscache.com' ([Errno 11001] getaddrinfo failed)""))"
20456656,https://a0.muscache.com/pictures/miso/Hosting-20456656/original/06baea36-2b53-4f5e-a22d-4c66f7444234.jpeg,success_cached,200.0,c:\Prathik\MY DOCUMENTS\Rental_price_prediction\datasets\multimodal_v3\images\20456656.jpg,1166005,2560,1440,RGB,ac71cc110dbf8df12f5bfde57c98f82d,
4285157,https://a0.muscache.com/pictures/miso/Hosting-4285157/original/951becb1-cd3c-4155-aefd-1d7989373e03.jpeg,failed_timeout_or_error,,,0,0,0,,,"HTTPSConnectionPool(host='a0.muscache.com', port=443): Read timed out."
20812644,https://a0.muscache.com/pictures/2dcdc2f3-ff91-44f6-9766-70aa355ff2c6.jpg,failed_timeout_or_error,,,0,0,0,,,"HTTPSConnectionPool(host='a0.muscache.com', port=443): Max retries exceeded with url: /pictures/2dcdc2f3-ff91-44f6-9766-70aa355ff2c6.jpg (Caused by NameResolutionError(""<urllib3.connection.HTTPSConnection object at 0x00000232C40F9C10>: Failed to resolve 'a0.muscache.com' ([Errno 11001] getaddrinfo failed)""))"
20482319,https://a0.muscache.com/pictures/9cf74556-96ad-4a4d-b7eb-631d99252768.jpg,success_cached,200.0,c:\Prathik\MY DOCUMENTS\Rental_price_prediction\datasets\multimodal_v3\images\20482319.jpg,1962205,4032,3024,RGB,1482c3f70652d1930849de8b327dabb9,
20773653,https://a0.muscache.com/pictures/d9a59f4b-661f-4717-8943-2c592bb13f12.jpg,success_cached,200.0,c:\Prathik\MY DOCUMENTS\Rental_price_prediction\datasets\multimodal_v3\images\20773653.jpg,507561,1606,1136,RGB,eb7a5e2728cf69046cf7fe5ff3a79d6d,
20583406,https://a0.muscache.com/pictures/0dcdbf3c-b5eb-4ebe-86ed-981b42aef769.jpg,success_cached,200.0,c:\Prathik\MY DOCUMENTS\Rental_price_prediction\datasets\multimodal_v3\images\20583406.jpg,1262870,4032,3024,RGB,ecd48c7ad3362939298f32272223a939,
20697183,https://a0.muscache.com/pictures/miso/Hosting-20697183/original/cd5f80a8-5566-4d54-879d-64f50b5d265b.png,success_cached,200.0,c:\Prathik\MY DOCUMENTS\Rental_price_prediction\datasets\multimodal_v3\images\20697183.jpg,21675,464,343,RGB,fa5478fd4d879785407790355c0116a5,
20759062,https://a0.muscache.com/pictures/6191fd09-58e6-402a-a1ba-d74f5cb23506.jpg,success_cached,200.0,c:\Prathik\MY DOCUMENTS\Rental_price_prediction\datasets\multimodal_v3\images\20759062.jpg,338599,1766,1179,RGB,a7202ad8750b33809b0ff32c9d70d107,
20801691,https://a0.muscache.com/pictures/e5d22a3b-63be-43e5-b7d8-4b06033c903a.jpg,success_cached,200.0,c:\Prathik\MY DOCUMENTS\Rental_price_prediction\datasets\multimodal_v3\images\20801691.jpg,1239551,2626,1478,RGB,6fe744d5aa7a7c4d16813709ce68866e,
20504787,https://a0.muscache.com/pictures/miso/Hosting-20504787/original/3332d53e-d13c-4404-987b-0fedcea8f831.jpeg,success_cached,200.0,c:\Prathik\MY DOCUMENTS\Rental_price_prediction\datasets\multimodal_v3\images\20504787.jpg,1690978,4032,3024,RGB,a3796cf6f048a9f3dee9e2cab32c9780,
20663042,https://a0.muscache.com/pictures/21cbfe3a-ea3e-467a-9703-928a1d497189.jpg,success_cached,200.0,c:\Prathik\MY DOCUMENTS\Rental_price_prediction\datasets\multimodal_v3\images\20663042.jpg,1108420,4032,3024,RGB,afa644d4a58cba9194624ea1f52f22fe,
20994069,https://a0.muscache.com/pictures/monet/Select-20994069/original/e7e4f8c4-ed47-4dd8-a950-c9ab738edac0,failed_timeout_or_error,,,0,0,0,,,"HTTPSConnectionPool(host='a0.muscache.com', port=443): Max retries exceeded with url: /pictures/monet/Select-20994069/original/e7e4f8c4-ed47-4dd8-a950-c9ab738edac0 (Caused by NameResolutionError(""<urllib3.connection.HTTPSConnection object at 0x00000232C40CB440>: Failed to resolve 'a0.muscache.com' ([Errno 11001] getaddrinfo failed)""))"
20928043,https://a0.muscache.com/pictures/miso/Hosting-20928043/original/687bab53-1b6a-4191-bd78-71caefc98e73.jpeg,failed_timeout_or_error,,,0,0,0,,,"HTTPSConnectionPool(host='a0.muscache.com', port=443): Max retries exceeded with url: /pictures/miso/Hosting-20928043/original/687bab53-1b6a-4191-bd78-71caefc98e73.jpeg (Caused by NameResolutionError(""<urllib3.connection.HTTPSConnection object at 0x00000232C40FA300>: Failed to resolve 'a0.muscache.com' ([Errno 11001] getaddrinfo failed)""))"
21013638,https://a0.muscache.com/pictures/91c312ae-3a5f-4806-b2d6-150705cf7090.jpg,failed_timeout_or_error,,,0,0,0,,,"HTTPSConnectionPool(host='a0.muscache.com', port=443): Max retries exceeded with url: /pictures/91c312ae-3a5f-4806-b2d6-150705cf7090.jpg (Caused by NameResolutionError(""<urllib3.connection.HTTPSConnection object at 0x00000232C40CBF20>: Failed to resolve 'a0.muscache.com' ([Errno 11001] getaddrinfo failed)""))"
20994289,https://a0.muscache.com/pictures/miso/Hosting-20994289/original/fe684ca0-47ad-4172-aaba-6cfa5f4121a8.png,failed_timeout_or_error,,,0,0,0,,,"HTTPSConnectionPool(host='a0.muscache.com', port=443): Max retries exceeded with url: /pictures/miso/Hosting-20994289/original/fe684ca0-47ad-4172-aaba-6cfa5f4121a8.png (Caused by NameResolutionError(""<urllib3.connection.HTTPSConnection object at 0x00000232C3AB5F10>: Failed to resolve 'a0.muscache.com' ([Errno 11001] getaddrinfo failed)""))"
20855873,https://a0.muscache.com/pictures/88d63005-7434-44a6-8881-c861cb464845.jpg,success_cached,200.0,c:\Prathik\MY DOCUMENTS\Rental_price_prediction\datasets\multimodal_v3\images\20855873.jpg,69888,480,640,RGB,453f5dac6629951b4f23853a066639c0,
21189890,https://a0.muscache.com/pictures/prohost-api/Hosting-21189890/original/09b84180-b5eb-40ec-bbb3-d5ddde27562e.png,failed_timeout_or_error,,,0,0,0,,,"HTTPSConnectionPool(host='a0.muscache.com', port=443): Max retries exceeded with url: /pictures/prohost-api/Hosting-21189890/original/09b84180-b5eb-40ec-bbb3-d5ddde27562e.png (Caused by NameResolutionError(""<urllib3.connection.HTTPSConnection object at 0x00000232C40F8AD0>: Failed to resolve 'a0.muscache.com' ([Errno 11001] getaddrinfo failed)""))"
21176027,https://a0.muscache.com/pictures/93f13b7e-c9db-4e8f-b119-84371067b082.jpg,failed_timeout_or_error,,,0,0,0,,,"HTTPSConnectionPool(host='a0.muscache.com', port=443): Max retries exceeded with url: /pictures/93f13b7e-c9db-4e8f-b119-84371067b082.jpg (Caused by NameResolutionError(""<urllib3.connection.HTTPSConnection object at 0x00000232C40F9130>: Failed to resolve 'a0.muscache.com' ([Errno 11001] getaddrinfo failed)""))"
21292861,https://a0.muscache.com/pictures/914314b9-9282-4698-a6a9-e8b7a25047cc.jpg,failed_timeout_or_error,,,0,0,0,,,"HTTPSConnectionPool(host='a0.muscache.com', port=443): Max retries exceeded with url: /pictures/914314b9-9282-4698-a6a9-e8b7a25047cc.jpg (Caused by NameResolutionError(""<urllib3.connection.HTTPSConnection object at 0x00000232C406B110>: Failed to resolve 'a0.muscache.com' ([Errno 11001] getaddrinfo failed)""))"
21312568,https://a0.muscache.com/pictures/f50f4a15-1940-4c92-a9c6-e342f7ec1abd.jpg,failed_timeout_or_error,,,0,0,0,,,"HTTPSConnectionPool(host='a0.muscache.com', port=443): Max retries exceeded with url: /pictures/f50f4a15-1940-4c92-a9c6-e342f7ec1abd.jpg (Caused by NameResolutionError(""<urllib3.connection.HTTPSConnection object at 0x00000232C40682F0>: Failed to resolve 'a0.muscache.com' ([Errno 11001] getaddrinfo failed)""))"
21364022,https://a0.muscache.com/pictures/ed8b6d85-186f-46a2-a693-d5c9623356fb.jpg,failed_timeout_or_error,,,0,0,0,,,"HTTPSConnectionPool(host='a0.muscache.com', port=443): Max retries exceeded with url: /pictures/ed8b6d85-186f-46a2-a693-d5c9623356fb.jpg (Caused by NameResolutionError(""<urllib3.connection.HTTPSConnection object at 0x00000232C3CE4F20>: Failed to resolve 'a0.muscache.com' ([Errno 11001] getaddrinfo failed)""))"
20872849,https://a0.muscache.com/pictures/d787d239-bc5e-4d52-9c48-39edceb490de.jpg,success_cached,200.0,c:\Prathik\MY DOCUMENTS\Rental_price_prediction\datasets\multimodal_v3\images\20872849.jpg,1213058,2000,1500,RGB,7b3a0856d0ce9422d158a0e281437306,
20858987,https://a0.muscache.com/pictures/cf7794aa-5efb-4ce5-b357-dae086faf2c9.jpg,success_cached,200.0,c:\Prathik\MY DOCUMENTS\Rental_price_prediction\datasets\multimodal_v3\images\20858987.jpg,525368,2048,1536,RGB,88db4d6f7e792791a29ed2ef356923a7,
8664712,https://a0.muscache.com/pictures/miso/Hosting-8664712/original/792232de-026a-4d30-be41-b698b1800ca8.jpeg,failed_timeout_or_error,,,0,0,0,,,"HTTPSConnectionPool(host='a0.muscache.com', port=443): Read timed out."
20830901,https://a0.muscache.com/pictures/bd3d77fa-99f5-44e9-a0c3-a50a57909f99.jpg,success_cached,200.0,c:\Prathik\MY DOCUMENTS\Rental_price_prediction\datasets\multimodal_v3\images\20830901.jpg,461181,2048,1536,RGB,222802c31473b11e2e8c69499a4a0c4a,
21399365,https://a0.muscache.com/pictures/63bb7340-c208-4095-a6b4-138a9cb10532.jpg,failed_timeout_or_error,,,0,0,0,,,"HTTPSConnectionPool(host='a0.muscache.com', port=443): Max retries exceeded with url: /pictures/63bb7340-c208-4095-a6b4-138a9cb10532.jpg (Caused by NameResolutionError(""<urllib3.connection.HTTPSConnection object at 0x00000232C40CBCB0>: Failed to resolve 'a0.muscache.com' ([Errno 11001] getaddrinfo failed)""))"
21383423,https://a0.muscache.com/pictures/bacaddd5-65e8-440f-a88f-3bef9a52b489.jpg,failed_timeout_or_error,,,0,0,0,,,"HTTPSConnectionPool(host='a0.muscache.com', port=443): Max retries exceeded with url: /pictures/bacaddd5-65e8-440f-a88f-3bef9a52b489.jpg (Caused by NameResolutionError(""<urllib3.connection.HTTPSConnection object at 0x00000232C3C85040>: Failed to resolve 'a0.muscache.com' ([Errno 11001] getaddrinfo failed)""))"
21432436,https://a0.muscache.com/pictures/c1629b10-d6c1-49dc-a78e-94f5d58c5006.jpg,failed_timeout_or_error,,,0,0,0,,,"HTTPSConnectionPool(host='a0.muscache.com', port=443): Max retries exceeded with url: /pictures/c1629b10-d6c1-49dc-a78e-94f5d58c5006.jpg (Caused by NameResolutionError(""<urllib3.connection.HTTPSConnection object at 0x00000232C3C84D40>: Failed to resolve 'a0.muscache.com' ([Errno 11001] getaddrinfo failed)""))"
21456384,https://a0.muscache.com/pictures/6828a627-f59b-42ce-87c5-0c433b3af40e.jpg,failed_timeout_or_error,,,0,0,0,,,"HTTPSConnectionPool(host='a0.muscache.com', port=443): Max retries exceeded with url: /pictures/6828a627-f59b-42ce-87c5-0c433b3af40e.jpg (Caused by NameResolutionError(""<urllib3.connection.HTTPSConnection object at 0x00000232C3C84050>: Failed to resolve 'a0.muscache.com' ([Errno 11001] getaddrinfo failed)""))"
7630648,https://a0.muscache.com/pictures/miso/Hosting-7630648/original/03670dff-6a7f-462a-95ae-b91ad3e97f25.jpeg,failed_timeout_or_error,,,0,0,0,,,"HTTPSConnectionPool(host='a0.muscache.com', port=443): Read timed out."
21580160,https://a0.muscache.com/pictures/prohost-api/Hosting-21580160/original/fe372485-4755-4481-9f1d-b84c15eee634.jpeg,failed_timeout_or_error,,,0,0,0,,,"HTTPSConnectionPool(host='a0.muscache.com', port=443): Max retries exceeded with url: /pictures/prohost-api/Hosting-21580160/original/fe372485-4755-4481-9f1d-b84c15eee634.jpeg (Caused by NameResolutionError(""<urllib3.connection.HTTPSConnection object at 0x00000232C41A59D0>: Failed to resolve 'a0.muscache.com' ([Errno 11001] getaddrinfo failed)""))"
21631995,https://a0.muscache.com/pictures/2a0d282e-a99f-4c73-ae00-1281f17746af.jpg,failed_timeout_or_error,,,0,0,0,,,"HTTPSConnectionPool(host='a0.muscache.com', port=443): Max retries exceeded with url: /pictures/2a0d282e-a99f-4c73-ae00-1281f17746af.jpg (Caused by NameResolutionError(""<urllib3.connection.HTTPSConnection object at 0x00000232C40F9CD0>: Failed to resolve 'a0.muscache.com' ([Errno 11001] getaddrinfo failed)""))"
14430828,https://a0.muscache.com/pictures/57d8cdfb-23e0-4229-a2f0-b4218727e1a7.jpg,failed_timeout_or_error,,,0,0,0,,,"HTTPSConnectionPool(host='a0.muscache.com', port=443): Read timed out."
21693285,https://a0.muscache.com/pictures/monet/Select-21693285/original/6edaac7e-a99f-4d22-bd81-a902067176f2,failed_timeout_or_error,,,0,0,0,,,"HTTPSConnectionPool(host='a0.muscache.com', port=443): Max retries exceeded with url: /pictures/monet/Select-21693285/original/6edaac7e-a99f-4d22-bd81-a902067176f2 (Caused by NameResolutionError(""<urllib3.connection.HTTPSConnection object at 0x00000232C40F8EC0>: Failed to resolve 'a0.muscache.com' ([Errno 11001] getaddrinfo failed)""))"
21713835,https://a0.muscache.com/pictures/13d50c76-bcd6-4e14-b82c-709a2adb3b12.jpg,failed_timeout_or_error,,,0,0,0,,,"HTTPSConnectionPool(host='a0.muscache.com', port=443): Max retries exceeded with url: /pictures/13d50c76-bcd6-4e14-b82c-709a2adb3b12.jpg (Caused by NameResolutionError(""<urllib3.connection.HTTPSConnection object at 0x00000232C40C9820>: Failed to resolve 'a0.muscache.com' ([Errno 11001] getaddrinfo failed)""))"
21591133,https://a0.muscache.com/pictures/miso/Hosting-21591133/original/d3a6f7b6-4961-4ab1-8677-64577a17718c.jpeg,failed_timeout_or_error,,,0,0,0,,,"HTTPSConnectionPool(host='a0.muscache.com', port=443): Max retries exceeded with url: /pictures/miso/Hosting-21591133/original/d3a6f7b6-4961-4ab1-8677-64577a17718c.jpeg (Caused by NameResolutionError(""<urllib3.connection.HTTPSConnection object at 0x00000232C40C83E0>: Failed to resolve 'a0.muscache.com' ([Errno 11001] getaddrinfo failed)""))"
21709922,https://a0.muscache.com/pictures/3b75817c-2c2c-40c5-a455-e3e9bd59d69f.jpg,failed_timeout_or_error,,,0,0,0,,,"HTTPSConnectionPool(host='a0.muscache.com', port=443): Max retries exceeded with url: /pictures/3b75817c-2c2c-40c5-a455-e3e9bd59d69f.jpg (Caused by NameResolutionError(""<urllib3.connection.HTTPSConnection object at 0x00000232C39E3080>: Failed to resolve 'a0.muscache.com' ([Errno 11001] getaddrinfo failed)""))"
21829016,https://a0.muscache.com/pictures/hosting/Hosting-U3RheVN1cHBseUxpc3Rpbmc6MjE4MjkwMTY%3D/original/3d083758-6472-4dda-84ff-5361493e087d.jpeg,failed_timeout_or_error,,,0,0,0,,,"HTTPSConnectionPool(host='a0.muscache.com', port=443): Max retries exceeded with url: /pictures/hosting/Hosting-U3RheVN1cHBseUxpc3Rpbmc6MjE4MjkwMTY%3D/original/3d083758-6472-4dda-84ff-5361493e087d.jpeg (Caused by NameResolutionError(""<urllib3.connection.HTTPSConnection object at 0x00000232C3C87110>: Failed to resolve 'a0.muscache.com' ([Errno 11001] getaddrinfo failed)""))"
21894298,https://a0.muscache.com/pictures/miso/Hosting-21894298/original/b9f61774-25b3-43d2-ba23-519dc9121c49.jpeg,failed_timeout_or_error,,,0,0,0,,,"HTTPSConnectionPool(host='a0.muscache.com', port=443): Max retries exceeded with url: /pictures/miso/Hosting-21894298/original/b9f61774-25b3-43d2-ba23-519dc9121c49.jpeg (Caused by NameResolutionError(""<urllib3.connection.HTTPSConnection object at 0x00000232C3C85B80>: Failed to resolve 'a0.muscache.com' ([Errno 11001] getaddrinfo failed)""))"
21798869,https://a0.muscache.com/pictures/ab4f5253-6433-431d-a537-ab4468ab8543.jpg,failed_timeout_or_error,,,0,0,0,,,"HTTPSConnectionPool(host='a0.muscache.com', port=443): Max retries exceeded with url: /pictures/ab4f5253-6433-431d-a537-ab4468ab8543.jpg (Caused by NameResolutionError(""<urllib3.connection.HTTPSConnection object at 0x00000232C3CE6030>: Failed to resolve 'a0.muscache.com' ([Errno 11001] getaddrinfo failed)""))"
12871394,https://a0.muscache.com/pictures/af9fdfdd-672a-459a-bb31-913dc23ff9b5.jpg,failed_timeout_or_error,,,0,0,0,,,"HTTPSConnectionPool(host='a0.muscache.com', port=443): Read timed out."
22049704,https://a0.muscache.com/pictures/67c19a24-4966-4982-9b08-04e4b39549db.jpg,failed_timeout_or_error,,,0,0,0,,,"HTTPSConnectionPool(host='a0.muscache.com', port=443): Max retries exceeded with url: /pictures/67c19a24-4966-4982-9b08-04e4b39549db.jpg (Caused by NameResolutionError(""<urllib3.connection.HTTPSConnection object at 0x00000232C3C84F20>: Failed to resolve 'a0.muscache.com' ([Errno 11001] getaddrinfo failed)""))"
21278647,https://a0.muscache.com/pictures/28aa86be-e9da-4664-831a-9e973a64f914.jpg,success_cached,200.0,c:\Prathik\MY DOCUMENTS\Rental_price_prediction\datasets\multimodal_v3\images\21278647.jpg,1667316,2592,1728,RGB,09d380c1296a721ffd4839a271a725c3,
21911184,https://a0.muscache.com/pictures/miso/Hosting-21911184/original/d7622ed9-244b-4d30-ad47-d75fb0f64c65.jpeg,failed_timeout_or_error,,,0,0,0,,,"HTTPSConnectionPool(host='a0.muscache.com', port=443): Max retries exceeded with url: /pictures/miso/Hosting-21911184/original/d7622ed9-244b-4d30-ad47-d75fb0f64c65.jpeg (Caused by NameResolutionError(""<urllib3.connection.HTTPSConnection object at 0x00000232C406BEF0>: Failed to resolve 'a0.muscache.com' ([Errno 11001] getaddrinfo failed)""))"
22035029,https://a0.muscache.com/pictures/b1369efa-c8cc-49f3-9185-e289c49acc20.jpg,failed_timeout_or_error,,,0,0,0,,,"HTTPSConnectionPool(host='a0.muscache.com', port=443): Max retries exceeded with url: /pictures/b1369efa-c8cc-49f3-9185-e289c49acc20.jpg (Caused by NameResolutionError(""<urllib3.connection.HTTPSConnection object at 0x00000232C40CBCB0>: Failed to resolve 'a0.muscache.com' ([Errno 11001] getaddrinfo failed)""))"
21297231,https://a0.muscache.com/pictures/5afc635f-75ca-401e-ba10-f45aab432bc7.jpg,success_cached,200.0,c:\Prathik\MY DOCUMENTS\Rental_price_prediction\datasets\multimodal_v3\images\21297231.jpg,767384,2560,1440,RGB,bcb3dda4bbdc3df12d7f60b13e220f45,
22030235,https://a0.muscache.com/pictures/a0f93a50-adf2-46fe-b183-8edd7d014311.jpg,failed_timeout_or_error,,,0,0,0,,,"HTTPSConnectionPool(host='a0.muscache.com', port=443): Max retries exceeded with url: /pictures/a0f93a50-adf2-46fe-b183-8edd7d014311.jpg (Caused by NameResolutionError(""<urllib3.connection.HTTPSConnection object at 0x00000232C40CB3E0>: Failed to resolve 'a0.muscache.com' ([Errno 11001] getaddrinfo failed)""))"
21253016,https://a0.muscache.com/pictures/908c3c8c-db12-4ca1-ba85-6626a060c662.jpg,success_cached,200.0,c:\Prathik\MY DOCUMENTS\Rental_price_prediction\datasets\multimodal_v3\images\21253016.jpg,2350557,3849,2502,RGB,9ec9488176772b9d0e9f137114422b7e,
21947972,https://a0.muscache.com/pictures/c34c86cc-fd8d-4bcc-9e8e-200ce7efc4d2.jpg,failed_timeout_or_error,,,0,0,0,,,"HTTPSConnectionPool(host='a0.muscache.com', port=443): Max retries exceeded with url: /pictures/c34c86cc-fd8d-4bcc-9e8e-200ce7efc4d2.jpg (Caused by NameResolutionError(""<urllib3.connection.HTTPSConnection object at 0x00000232C40C91C0>: Failed to resolve 'a0.muscache.com' ([Errno 11001] getaddrinfo failed)""))"
22107175,https://a0.muscache.com/pictures/bd3c425a-ab07-49f8-8784-637ceac5af32.jpg,failed_timeout_or_error,,,0,0,0,,,"HTTPSConnectionPool(host='a0.muscache.com', port=443): Max retries exceeded with url: /pictures/bd3c425a-ab07-49f8-8784-637ceac5af32.jpg (Caused by NameResolutionError(""<urllib3.connection.HTTPSConnection object at 0x00000232C3C86A80>: Failed to resolve 'a0.muscache.com' ([Errno 11001] getaddrinfo failed)""))"
22063379,https://a0.muscache.com/pictures/5b9b3aef-32bf-430b-9252-6ee815ffffcb.jpg,failed_timeout_or_error,,,0,0,0,,,"HTTPSConnectionPool(host='a0.muscache.com', port=443): Max retries exceeded with url: /pictures/5b9b3aef-32bf-430b-9252-6ee815ffffcb.jpg (Caused by NameResolutionError(""<urllib3.connection.HTTPSConnection object at 0x00000232C406AE40>: Failed to resolve 'a0.muscache.com' ([Errno 11001] getaddrinfo failed)""))"
22114590,https://a0.muscache.com/pictures/a4149dc1-faa0-441e-bb0a-d2a7d0ccdae8.jpg,failed_timeout_or_error,,,0,0,0,,,"HTTPSConnectionPool(host='a0.muscache.com', port=443): Max retries exceeded with url: /pictures/a4149dc1-faa0-441e-bb0a-d2a7d0ccdae8.jpg (Caused by NameResolutionError(""<urllib3.connection.HTTPSConnection object at 0x00000232C41A56D0>: Failed to resolve 'a0.muscache.com' ([Errno 11001] getaddrinfo failed)""))"
22119778,https://a0.muscache.com/pictures/bac6ce5d-d2ff-4506-8dae-a1ba8ff31e8a.jpg,failed_timeout_or_error,,,0,0,0,,,"HTTPSConnectionPool(host='a0.muscache.com', port=443): Max retries exceeded with url: /pictures/bac6ce5d-d2ff-4506-8dae-a1ba8ff31e8a.jpg (Caused by NameResolutionError(""<urllib3.connection.HTTPSConnection object at 0x00000232C40C85C0>: Failed to resolve 'a0.muscache.com' ([Errno 11001] getaddrinfo failed)""))"
22095619,https://a0.muscache.com/pictures/640195c2-fc1f-4f19-addf-43c38453f552.jpg,failed_timeout_or_error,,,0,0,0,,,"HTTPSConnectionPool(host='a0.muscache.com', port=443): Max retries exceeded with url: /pictures/640195c2-fc1f-4f19-addf-43c38453f552.jpg (Caused by NameResolutionError(""<urllib3.connection.HTTPSConnection object at 0x00000232C3C875C0>: Failed to resolve 'a0.muscache.com' ([Errno 11001] getaddrinfo failed)""))"
22308959,https://a0.muscache.com/pictures/48de09e3-4a78-4243-9483-173c6ca93642.jpg,failed_timeout_or_error,,,0,0,0,,,"HTTPSConnectionPool(host='a0.muscache.com', port=443): Max retries exceeded with url: /pictures/48de09e3-4a78-4243-9483-173c6ca93642.jpg (Caused by NameResolutionError(""<urllib3.connection.HTTPSConnection object at 0x00000232C41A5250>: Failed to resolve 'a0.muscache.com' ([Errno 11001] getaddrinfo failed)""))"
22151438,https://a0.muscache.com/pictures/a960dce8-81db-4491-84c6-d225ffe6e8c3.jpg,failed_timeout_or_error,,,0,0,0,,,"HTTPSConnectionPool(host='a0.muscache.com', port=443): Max retries exceeded with url: /pictures/a960dce8-81db-4491-84c6-d225ffe6e8c3.jpg (Caused by NameResolutionError(""<urllib3.connection.HTTPSConnection object at 0x00000232C40CA840>: Failed to resolve 'a0.muscache.com' ([Errno 11001] getaddrinfo failed)""))"
22163415,https://a0.muscache.com/pictures/b94c2b3d-894f-41d9-b2ed-8dc46b48d270.jpg,failed_timeout_or_error,,,0,0,0,,,"HTTPSConnectionPool(host='a0.muscache.com', port=443): Max retries exceeded with url: /pictures/b94c2b3d-894f-41d9-b2ed-8dc46b48d270.jpg (Caused by NameResolutionError(""<urllib3.connection.HTTPSConnection object at 0x00000232C3C85C40>: Failed to resolve 'a0.muscache.com' ([Errno 11001] getaddrinfo failed)""))"
22437203,https://a0.muscache.com/pictures/airflow/Hosting-22437203/original/86f1b389-186e-466d-b532-f62f65ccd286.jpg,failed_timeout_or_error,,,0,0,0,,,"HTTPSConnectionPool(host='a0.muscache.com', port=443): Max retries exceeded with url: /pictures/airflow/Hosting-22437203/original/86f1b389-186e-466d-b532-f62f65ccd286.jpg (Caused by NameResolutionError(""<urllib3.connection.HTTPSConnection object at 0x00000232C40F9C10>: Failed to resolve 'a0.muscache.com' ([Errno 11001] getaddrinfo failed)""))"
5716399,https://a0.muscache.com/pictures/a2b500ba-c241-41d2-9586-a10ed1dd7382.jpg,failed_timeout_or_error,,,0,0,0,,,"HTTPSConnectionPool(host='a0.muscache.com', port=443): Read timed out."
22511514,https://a0.muscache.com/pictures/ba0b9ebc-ae21-466c-9d9c-5b676603acf2.jpg,failed_timeout_or_error,,,0,0,0,,,"HTTPSConnectionPool(host='a0.muscache.com', port=443): Max retries exceeded with url: /pictures/ba0b9ebc-ae21-466c-9d9c-5b676603acf2.jpg (Caused by NameResolutionError(""<urllib3.connection.HTTPSConnection object at 0x00000232C40CB230>: Failed to resolve 'a0.muscache.com' ([Errno 11001] getaddrinfo failed)""))"
22437447,https://a0.muscache.com/pictures/miso/Hosting-22437447/original/1be83f95-2341-469d-bca1-e547975778ff.jpeg,failed_timeout_or_error,,,0,0,0,,,"HTTPSConnectionPool(host='a0.muscache.com', port=443): Max retries exceeded with url: /pictures/miso/Hosting-22437447/original/1be83f95-2341-469d-bca1-e547975778ff.jpeg (Caused by NameResolutionError(""<urllib3.connection.HTTPSConnection object at 0x00000232C3C86690>: Failed to resolve 'a0.muscache.com' ([Errno 11001] getaddrinfo failed)""))"
22408602,https://a0.muscache.com/pictures/miso/Hosting-22408602/original/982eec82-f1da-4dd5-962d-9114c6841e36.jpeg,failed_timeout_or_error,,,0,0,0,,,"HTTPSConnectionPool(host='a0.muscache.com', port=443): Max retries exceeded with url: /pictures/miso/Hosting-22408602/original/982eec82-f1da-4dd5-962d-9114c6841e36.jpeg (Caused by NameResolutionError(""<urllib3.connection.HTTPSConnection object at 0x00000232C3CE6BD0>: Failed to resolve 'a0.muscache.com' ([Errno 11001] getaddrinfo failed)""))"
22486185,https://a0.muscache.com/pictures/3cd1c79e-18f6-4c55-af89-a179a4965be7.jpg,failed_timeout_or_error,,,0,0,0,,,"HTTPSConnectionPool(host='a0.muscache.com', port=443): Max retries exceeded with url: /pictures/3cd1c79e-18f6-4c55-af89-a179a4965be7.jpg (Caused by NameResolutionError(""<urllib3.connection.HTTPSConnection object at 0x00000232C3CE75F0>: Failed to resolve 'a0.muscache.com' ([Errno 11001] getaddrinfo failed)""))"
22306380,https://a0.muscache.com/pictures/7aaf10f0-5e1d-4d2b-91ac-6bb7c17630c7.jpg,failed_timeout_or_error,,,0,0,0,,,"HTTPSConnectionPool(host='a0.muscache.com', port=443): Max retries exceeded with url: /pictures/7aaf10f0-5e1d-4d2b-91ac-6bb7c17630c7.jpg (Caused by NameResolutionError(""<urllib3.connection.HTTPSConnection object at 0x00000232C3C87680>: Failed to resolve 'a0.muscache.com' ([Errno 11001] getaddrinfo failed)""))"
22326909,https://a0.muscache.com/pictures/miso/Hosting-22326909/original/f9b8e521-f4f5-4b35-a152-90806ce03e87.jpeg,failed_timeout_or_error,,,0,0,0,,,"HTTPSConnectionPool(host='a0.muscache.com', port=443): Max retries exceeded with url: /pictures/miso/Hosting-22326909/original/f9b8e521-f4f5-4b35-a152-90806ce03e87.jpeg (Caused by NameResolutionError(""<urllib3.connection.HTTPSConnection object at 0x00000232C40F9310>: Failed to resolve 'a0.muscache.com' ([Errno 11001] getaddrinfo failed)""))"
21382558,https://a0.muscache.com/pictures/5d2f5cc4-7d7c-4dd5-a586-734c0ad1c1a2.jpg,success_cached,200.0,c:\Prathik\MY DOCUMENTS\Rental_price_prediction\datasets\multimodal_v3\images\21382558.jpg,1044365,2592,1728,RGB,50c8b3190dfd4f7d57d6c5d4f80536c7,
11283225,https://a0.muscache.com/pictures/miso/Hosting-11283225/original/b124d0e8-1ff6-4cc2-a432-a6f8c775e457.jpeg,failed_timeout_or_error,,,0,0,0,,,"HTTPSConnectionPool(host='a0.muscache.com', port=443): Read timed out."
22792399,https://a0.muscache.com/pictures/5e42c510-60e3-436b-8932-2a31e6f5a438.jpg,failed_timeout_or_error,,,0,0,0,,,"HTTPSConnectionPool(host='a0.muscache.com', port=443): Max retries exceeded with url: /pictures/5e42c510-60e3-436b-8932-2a31e6f5a438.jpg (Caused by NameResolutionError(""<urllib3.connection.HTTPSConnection object at 0x00000232C40F9370>: Failed to resolve 'a0.muscache.com' ([Errno 11001] getaddrinfo failed)""))"
22510926,https://a0.muscache.com/pictures/197230ea-a035-47d7-b486-59e65e7bbfa4.jpg,failed_timeout_or_error,,,0,0,0,,,"HTTPSConnectionPool(host='a0.muscache.com', port=443): Max retries exceeded with url: /pictures/197230ea-a035-47d7-b486-59e65e7bbfa4.jpg (Caused by NameResolutionError(""<urllib3.connection.HTTPSConnection object at 0x00000232C41A56D0>: Failed to resolve 'a0.muscache.com' ([Errno 11001] getaddrinfo failed)""))"
22684155,https://a0.muscache.com/pictures/a4eae5e3-9eaa-4470-9c6a-930fa65eb7dc.jpg,failed_timeout_or_error,,,0,0,0,,,"HTTPSConnectionPool(host='a0.muscache.com', port=443): Max retries exceeded with url: /pictures/a4eae5e3-9eaa-4470-9c6a-930fa65eb7dc.jpg (Caused by NameResolutionError(""<urllib3.connection.HTTPSConnection object at 0x00000232C40FAAB0>: Failed to resolve 'a0.muscache.com' ([Errno 11001] getaddrinfo failed)""))"
22740737,https://a0.muscache.com/pictures/9af07df7-c010-4600-a61f-e2c9f9d36b97.jpg,failed_timeout_or_error,,,0,0,0,,,"HTTPSConnectionPool(host='a0.muscache.com', port=443): Max retries exceeded with url: /pictures/9af07df7-c010-4600-a61f-e2c9f9d36b97.jpg (Caused by NameResolutionError(""<urllib3.connection.HTTPSConnection object at 0x00000232C3C862D0>: Failed to resolve 'a0.muscache.com' ([Errno 11001] getaddrinfo failed)""))"
14352724,https://a0.muscache.com/pictures/38fa30c0-20b0-4146-95e4-ffc1fb932715.jpg,failed_timeout_or_error,,,0,0,0,,,"HTTPSConnectionPool(host='a0.muscache.com', port=443): Read timed out."
23150406,https://a0.muscache.com/pictures/3674cefe-f71d-4f3f-a613-b2a180746ca3.jpg,failed_timeout_or_error,,,0,0,0,,,"HTTPSConnectionPool(host='a0.muscache.com', port=443): Max retries exceeded with url: /pictures/3674cefe-f71d-4f3f-a613-b2a180746ca3.jpg (Caused by NameResolutionError(""<urllib3.connection.HTTPSConnection object at 0x00000232C3CB56D0>: Failed to resolve 'a0.muscache.com' ([Errno 11001] getaddrinfo failed)""))"
22773505,https://a0.muscache.com/pictures/315b4a4c-cfe2-492e-b993-e01f6592f7d0.jpg,failed_timeout_or_error,,,0,0,0,,,"HTTPSConnectionPool(host='a0.muscache.com', port=443): Max retries exceeded with url: /pictures/315b4a4c-cfe2-492e-b993-e01f6592f7d0.jpg (Caused by NameResolutionError(""<urllib3.connection.HTTPSConnection object at 0x00000232C3AB6FC0>: Failed to resolve 'a0.muscache.com' ([Errno 11001] getaddrinfo failed)""))"
23076921,https://a0.muscache.com/pictures/miso/Hosting-23076921/original/0b4be094-c35e-4619-acb3-f9353003e307.jpeg,failed_timeout_or_error,,,0,0,0,,,"HTTPSConnectionPool(host='a0.muscache.com', port=443): Max retries exceeded with url: /pictures/miso/Hosting-23076921/original/0b4be094-c35e-4619-acb3-f9353003e307.jpeg (Caused by NameResolutionError(""<urllib3.connection.HTTPSConnection object at 0x00000232C40C81D0>: Failed to resolve 'a0.muscache.com' ([Errno 11001] getaddrinfo failed)""))"
22921667,https://a0.muscache.com/pictures/33cc7aa4-67ce-4e2c-80b1-2e62b7203d94.jpg,failed_timeout_or_error,,,0,0,0,,,"HTTPSConnectionPool(host='a0.muscache.com', port=443): Max retries exceeded with url: /pictures/33cc7aa4-67ce-4e2c-80b1-2e62b7203d94.jpg (Caused by NameResolutionError(""<urllib3.connection.HTTPSConnection object at 0x00000232C3AB6F90>: Failed to resolve 'a0.muscache.com' ([Errno 11001] getaddrinfo failed)""))"
22594761,https://a0.muscache.com/pictures/d52dccbb-a7fa-402d-a703-4540e4d77377.jpg,failed_timeout_or_error,,,0,0,0,,,"HTTPSConnectionPool(host='a0.muscache.com', port=443): Max retries exceeded with url: /pictures/d52dccbb-a7fa-402d-a703-4540e4d77377.jpg (Caused by NameResolutionError(""<urllib3.connection.HTTPSConnection object at 0x00000232C40CA9F0>: Failed to resolve 'a0.muscache.com' ([Errno 11001] getaddrinfo failed)""))"
436476,https://a0.muscache.com/pictures/pro_photo_tool/Hosting-436476-unapproved/original/177bcf78-c363-4071-bba9-10f2721710b2.JPEG,failed_timeout_or_error,,,0,0,0,,,"HTTPSConnectionPool(host='a0.muscache.com', port=443): Read timed out."
8867635,https://a0.muscache.com/pictures/018834ed-a3e6-4a6d-b3ef-f6c579531c7f.jpg,failed_timeout_or_error,,,0,0,0,,,"HTTPSConnectionPool(host='a0.muscache.com', port=443): Read timed out."
22848760,https://a0.muscache.com/pictures/597d416b-9d21-4f07-8851-f349ba970b68.jpg,failed_timeout_or_error,,,0,0,0,,,"HTTPSConnectionPool(host='a0.muscache.com', port=443): Max retries exceeded with url: /pictures/597d416b-9d21-4f07-8851-f349ba970b68.jpg (Caused by NameResolutionError(""<urllib3.connection.HTTPSConnection object at 0x00000232C3AB6270>: Failed to resolve 'a0.muscache.com' ([Errno 11001] getaddrinfo failed)""))"
15568000,https://a0.muscache.com/pictures/6c5d68d1-c1a8-4d51-add9-5ed6a1b555ab.jpg,failed_timeout_or_error,,,0,0,0,,,"HTTPSConnectionPool(host='a0.muscache.com', port=443): Read timed out."
22984192,https://a0.muscache.com/pictures/3062ab66-66aa-430c-8ff9-50d229eafb72.jpg,failed_timeout_or_error,,,0,0,0,,,"HTTPSConnectionPool(host='a0.muscache.com', port=443): Max retries exceeded with url: /pictures/3062ab66-66aa-430c-8ff9-50d229eafb72.jpg (Caused by NameResolutionError(""<urllib3.connection.HTTPSConnection object at 0x00000232C40FB830>: Failed to resolve 'a0.muscache.com' ([Errno 11001] getaddrinfo failed)""))"
23084647,https://a0.muscache.com/pictures/05973a7c-6dde-4716-8220-a2a51972bfb7.jpg,failed_timeout_or_error,,,0,0,0,,,"HTTPSConnectionPool(host='a0.muscache.com', port=443): Max retries exceeded with url: /pictures/05973a7c-6dde-4716-8220-a2a51972bfb7.jpg (Caused by NameResolutionError(""<urllib3.connection.HTTPSConnection object at 0x00000232C40CA720>: Failed to resolve 'a0.muscache.com' ([Errno 11001] getaddrinfo failed)""))"
23343151,https://a0.muscache.com/pictures/2b75b0e8-598e-4114-a427-4df490f82712.jpg,failed_timeout_or_error,,,0,0,0,,,"HTTPSConnectionPool(host='a0.muscache.com', port=443): Max retries exceeded with url: /pictures/2b75b0e8-598e-4114-a427-4df490f82712.jpg (Caused by NameResolutionError(""<urllib3.connection.HTTPSConnection object at 0x00000232C40CB740>: Failed to resolve 'a0.muscache.com' ([Errno 11001] getaddrinfo failed)""))"
22924150,https://a0.muscache.com/pictures/78af14b3-7b65-48b8-8115-9ffc273da81b.jpg,failed_timeout_or_error,,,0,0,0,,,"HTTPSConnectionPool(host='a0.muscache.com', port=443): Max retries exceeded with url: /pictures/78af14b3-7b65-48b8-8115-9ffc273da81b.jpg (Caused by NameResolutionError(""<urllib3.connection.HTTPSConnection object at 0x00000232C3C86C60>: Failed to resolve 'a0.muscache.com' ([Errno 11001] getaddrinfo failed)""))"
23068704,https://a0.muscache.com/pictures/miso/Hosting-23068704/original/6fc60cf3-1934-4204-bfab-ebe8bb319f20.jpeg,failed_timeout_or_error,,,0,0,0,,,"HTTPSConnectionPool(host='a0.muscache.com', port=443): Max retries exceeded with url: /pictures/miso/Hosting-23068704/original/6fc60cf3-1934-4204-bfab-ebe8bb319f20.jpeg (Caused by NameResolutionError(""<urllib3.connection.HTTPSConnection object at 0x00000232C40C96A0>: Failed to resolve 'a0.muscache.com' ([Errno 11001] getaddrinfo failed)""))"
23430202,https://a0.muscache.com/pictures/782903d9-e23d-40f4-bb1c-50ee220c62a7.jpg,failed_timeout_or_error,,,0,0,0,,,"HTTPSConnectionPool(host='a0.muscache.com', port=443): Max retries exceeded with url: /pictures/782903d9-e23d-40f4-bb1c-50ee220c62a7.jpg (Caused by NameResolutionError(""<urllib3.connection.HTTPSConnection object at 0x00000232C40CBF80>: Failed to resolve 'a0.muscache.com' ([Errno 11001] getaddrinfo failed)""))"
23480306,https://a0.muscache.com/pictures/miso/Hosting-23480306/original/0ec54340-746c-4c36-95d4-9a76f249573f.jpeg,failed_timeout_or_error,,,0,0,0,,,"HTTPSConnectionPool(host='a0.muscache.com', port=443): Max retries exceeded with url: /pictures/miso/Hosting-23480306/original/0ec54340-746c-4c36-95d4-9a76f249573f.jpeg (Caused by NameResolutionError(""<urllib3.connection.HTTPSConnection object at 0x00000232C3AB7740>: Failed to resolve 'a0.muscache.com' ([Errno 11001] getaddrinfo failed)""))"
23518897,https://a0.muscache.com/pictures/adc0a159-1536-44c5-83c0-718e16a4f3a2.jpg,failed_timeout_or_error,,,0,0,0,,,"HTTPSConnectionPool(host='a0.muscache.com', port=443): Max retries exceeded with url: /pictures/adc0a159-1536-44c5-83c0-718e16a4f3a2.jpg (Caused by NameResolutionError(""<urllib3.connection.HTTPSConnection object at 0x00000232C3C85040>: Failed to resolve 'a0.muscache.com' ([Errno 11001] getaddrinfo failed)""))"
1574329,https://a0.muscache.com/pictures/7e1dc2b1-2dba-4533-8887-0420ba22e9f3.jpg,failed_timeout_or_error,,,0,0,0,,,"HTTPSConnectionPool(host='a0.muscache.com', port=443): Read timed out."
23578212,https://a0.muscache.com/pictures/e83022de-895d-4def-b867-0da85208d83b.jpg,failed_timeout_or_error,,,0,0,0,,,"HTTPSConnectionPool(host='a0.muscache.com', port=443): Max retries exceeded with url: /pictures/e83022de-895d-4def-b867-0da85208d83b.jpg (Caused by NameResolutionError(""<urllib3.connection.HTTPSConnection object at 0x00000232C3CB57C0>: Failed to resolve 'a0.muscache.com' ([Errno 11001] getaddrinfo failed)""))"
23564110,https://a0.muscache.com/pictures/a7ebfa19-da53-4eee-a4ae-682ea3535c02.jpg,failed_timeout_or_error,,,0,0,0,,,"HTTPSConnectionPool(host='a0.muscache.com', port=443): Max retries exceeded with url: /pictures/a7ebfa19-da53-4eee-a4ae-682ea3535c02.jpg (Caused by NameResolutionError(""<urllib3.connection.HTTPSConnection object at 0x00000232C3CA64B0>: Failed to resolve 'a0.muscache.com' ([Errno 11001] getaddrinfo failed)""))"
23596421,https://a0.muscache.com/pictures/8fa184cc-3047-4f77-9eae-fc2b90de94bd.jpg,failed_timeout_or_error,,,0,0,0,,,"HTTPSConnectionPool(host='a0.muscache.com', port=443): Max retries exceeded with url: /pictures/8fa184cc-3047-4f77-9eae-fc2b90de94bd.jpg (Caused by NameResolutionError(""<urllib3.connection.HTTPSConnection object at 0x00000232C3C87FE0>: Failed to resolve 'a0.muscache.com' ([Errno 11001] getaddrinfo failed)""))"
23644478,https://a0.muscache.com/pictures/98248628-ebfc-4a67-a5ed-ba21b05018a4.jpg,failed_timeout_or_error,,,0,0,0,,,"HTTPSConnectionPool(host='a0.muscache.com', port=443): Max retries exceeded with url: /pictures/98248628-ebfc-4a67-a5ed-ba21b05018a4.jpg (Caused by NameResolutionError(""<urllib3.connection.HTTPSConnection object at 0x00000232C3CA5B50>: Failed to resolve 'a0.muscache.com' ([Errno 11001] getaddrinfo failed)""))"
23563574,https://a0.muscache.com/pictures/861d300e-37f4-46e8-811c-c608206d84e4.jpg,failed_timeout_or_error,,,0,0,0,,,"HTTPSConnectionPool(host='a0.muscache.com', port=443): Max retries exceeded with url: /pictures/861d300e-37f4-46e8-811c-c608206d84e4.jpg (Caused by NameResolutionError(""<urllib3.connection.HTTPSConnection object at 0x00000232C3CA4800>: Failed to resolve 'a0.muscache.com' ([Errno 11001] getaddrinfo failed)""))"
23579032,https://a0.muscache.com/pictures/ea24bfdc-7305-477b-85d3-04332822c35e.jpg,failed_timeout_or_error,,,0,0,0,,,"HTTPSConnectionPool(host='a0.muscache.com', port=443): Max retries exceeded with url: /pictures/ea24bfdc-7305-477b-85d3-04332822c35e.jpg (Caused by NameResolutionError(""<urllib3.connection.HTTPSConnection object at 0x00000232C3C860F0>: Failed to resolve 'a0.muscache.com' ([Errno 11001] getaddrinfo failed)""))"
23748903,https://a0.muscache.com/pictures/miso/Hosting-23748903/original/ac9a596b-286b-4a97-9fa9-ae72a8368a9f.jpeg,failed_timeout_or_error,,,0,0,0,,,"HTTPSConnectionPool(host='a0.muscache.com', port=443): Max retries exceeded with url: /pictures/miso/Hosting-23748903/original/ac9a596b-286b-4a97-9fa9-ae72a8368a9f.jpeg (Caused by NameResolutionError(""<urllib3.connection.HTTPSConnection object at 0x00000232C3CACB00>: Failed to resolve 'a0.muscache.com' ([Errno 11001] getaddrinfo failed)""))"
23748278,https://a0.muscache.com/pictures/miso/Hosting-23748278/original/2cd24019-28f5-4677-8c14-4bc586cde630.jpeg,failed_timeout_or_error,,,0,0,0,,,"HTTPSConnectionPool(host='a0.muscache.com', port=443): Max retries exceeded with url: /pictures/miso/Hosting-23748278/original/2cd24019-28f5-4677-8c14-4bc586cde630.jpeg (Caused by NameResolutionError(""<urllib3.connection.HTTPSConnection object at 0x00000232C3AB43B0>: Failed to resolve 'a0.muscache.com' ([Errno 11001] getaddrinfo failed)""))"
23546508,https://a0.muscache.com/pictures/3e924a59-7851-49f3-a6eb-02a2c13b3062.jpg,failed_timeout_or_error,,,0,0,0,,,"HTTPSConnectionPool(host='a0.muscache.com', port=443): Max retries exceeded with url: /pictures/3e924a59-7851-49f3-a6eb-02a2c13b3062.jpg (Caused by NameResolutionError(""<urllib3.connection.HTTPSConnection object at 0x00000232C40F9C10>: Failed to resolve 'a0.muscache.com' ([Errno 11001] getaddrinfo failed)""))"
23523473,https://a0.muscache.com/pictures/eadf418e-aafc-44c9-9d21-a733d2d0ce73.jpg,failed_timeout_or_error,,,0,0,0,,,"HTTPSConnectionPool(host='a0.muscache.com', port=443): Max retries exceeded with url: /pictures/eadf418e-aafc-44c9-9d21-a733d2d0ce73.jpg (Caused by NameResolutionError(""<urllib3.connection.HTTPSConnection object at 0x00000232C40F9160>: Failed to resolve 'a0.muscache.com' ([Errno 11001] getaddrinfo failed)""))"
23740885,https://a0.muscache.com/pictures/06ff747d-6d5e-4973-bac4-7300c5e5b7dc.jpg,failed_timeout_or_error,,,0,0,0,,,"HTTPSConnectionPool(host='a0.muscache.com', port=443): Max retries exceeded with url: /pictures/06ff747d-6d5e-4973-bac4-7300c5e5b7dc.jpg (Caused by NameResolutionError(""<urllib3.connection.HTTPSConnection object at 0x00000232C40CB890>: Failed to resolve 'a0.muscache.com' ([Errno 11001] getaddrinfo failed)""))"
2072026,https://a0.muscache.com/pictures/miso/Hosting-2072026/original/4c2b11ec-8bde-49d6-a14d-1d3da1a83665.jpeg,failed_timeout_or_error,,,0,0,0,,,"HTTPSConnectionPool(host='a0.muscache.com', port=443): Read timed out."
23877206,https://a0.muscache.com/pictures/fd60701c-4893-4a66-b88f-1fe7ad10e8ba.jpg,failed_timeout_or_error,,,0,0,0,,,"HTTPSConnectionPool(host='a0.muscache.com', port=443): Max retries exceeded with url: /pictures/fd60701c-4893-4a66-b88f-1fe7ad10e8ba.jpg (Caused by NameResolutionError(""<urllib3.connection.HTTPSConnection object at 0x00000232C3CE6720>: Failed to resolve 'a0.muscache.com' ([Errno 11001] getaddrinfo failed)""))"
23859984,https://a0.muscache.com/pictures/c1c642da-57fd-4c5a-9351-83d9d05b7b41.jpg,failed_timeout_or_error,,,0,0,0,,,"HTTPSConnectionPool(host='a0.muscache.com', port=443): Max retries exceeded with url: /pictures/c1c642da-57fd-4c5a-9351-83d9d05b7b41.jpg (Caused by NameResolutionError(""<urllib3.connection.HTTPSConnection object at 0x00000232C3CA64B0>: Failed to resolve 'a0.muscache.com' ([Errno 11001] getaddrinfo failed)""))"
23675467,https://a0.muscache.com/pictures/109cdcae-a51a-4a5e-be45-92f023aa902f.jpg,failed_timeout_or_error,,,0,0,0,,,"HTTPSConnectionPool(host='a0.muscache.com', port=443): Max retries exceeded with url: /pictures/109cdcae-a51a-4a5e-be45-92f023aa902f.jpg (Caused by NameResolutionError(""<urllib3.connection.HTTPSConnection object at 0x00000232C40CBD40>: Failed to resolve 'a0.muscache.com' ([Errno 11001] getaddrinfo failed)""))"
23748724,https://a0.muscache.com/pictures/monet/Select-23748724/original/e567371c-989e-4530-837c-14b941928b87,failed_timeout_or_error,,,0,0,0,,,"HTTPSConnectionPool(host='a0.muscache.com', port=443): Max retries exceeded with url: /pictures/monet/Select-23748724/original/e567371c-989e-4530-837c-14b941928b87 (Caused by NameResolutionError(""<urllib3.connection.HTTPSConnection object at 0x00000232C4068B60>: Failed to resolve 'a0.muscache.com' ([Errno 11001] getaddrinfo failed)""))"
23874576,https://a0.muscache.com/pictures/27d8a7f1-822f-4356-89cd-c716ab090994.jpg,failed_timeout_or_error,,,0,0,0,,,"HTTPSConnectionPool(host='a0.muscache.com', port=443): Max retries exceeded with url: /pictures/27d8a7f1-822f-4356-89cd-c716ab090994.jpg (Caused by NameResolutionError(""<urllib3.connection.HTTPSConnection object at 0x00000232C41DAEA0>: Failed to resolve 'a0.muscache.com' ([Errno 11001] getaddrinfo failed)""))"
23748992,https://a0.muscache.com/pictures/miso/Hosting-23748992/original/b170cd53-7bfb-4053-9b80-71c21724c5e5.jpeg,failed_timeout_or_error,,,0,0,0,,,"HTTPSConnectionPool(host='a0.muscache.com', port=443): Max retries exceeded with url: /pictures/miso/Hosting-23748992/original/b170cd53-7bfb-4053-9b80-71c21724c5e5.jpeg (Caused by NameResolutionError(""<urllib3.connection.HTTPSConnection object at 0x00000232C3CB56A0>: Failed to resolve 'a0.muscache.com' ([Errno 11001] getaddrinfo failed)""))"
23788596,https://a0.muscache.com/pictures/miso/Hosting-23788596/original/80fc7e72-f4a4-41f4-a106-43d5f6cacf28.jpeg,failed_timeout_or_error,,,0,0,0,,,"HTTPSConnectionPool(host='a0.muscache.com', port=443): Max retries exceeded with url: /pictures/miso/Hosting-23788596/original/80fc7e72-f4a4-41f4-a106-43d5f6cacf28.jpeg (Caused by NameResolutionError(""<urllib3.connection.HTTPSConnection object at 0x00000232C3CA5610>: Failed to resolve 'a0.muscache.com' ([Errno 11001] getaddrinfo failed)""))"
23859316,https://a0.muscache.com/pictures/miso/Hosting-23859316/original/8d287ea9-4e7c-458c-9f24-8e58a8dbdae2.jpeg,failed_timeout_or_error,,,0,0,0,,,"HTTPSConnectionPool(host='a0.muscache.com', port=443): Max retries exceeded with url: /pictures/miso/Hosting-23859316/original/8d287ea9-4e7c-458c-9f24-8e58a8dbdae2.jpeg (Caused by NameResolutionError(""<urllib3.connection.HTTPSConnection object at 0x00000232C3CA6270>: Failed to resolve 'a0.muscache.com' ([Errno 11001] getaddrinfo failed)""))"
23921294,https://a0.muscache.com/pictures/bdf5d93b-a668-41f7-8535-402c9543f106.jpg,failed_timeout_or_error,,,0,0,0,,,"HTTPSConnectionPool(host='a0.muscache.com', port=443): Max retries exceeded with url: /pictures/bdf5d93b-a668-41f7-8535-402c9543f106.jpg (Caused by NameResolutionError(""<urllib3.connection.HTTPSConnection object at 0x00000232C41D9820>: Failed to resolve 'a0.muscache.com' ([Errno 11001] getaddrinfo failed)""))"
23935850,https://a0.muscache.com/pictures/aac1273d-4052-4c92-a67a-ee0fb6d34f85.jpg,failed_timeout_or_error,,,0,0,0,,,"HTTPSConnectionPool(host='a0.muscache.com', port=443): Max retries exceeded with url: /pictures/aac1273d-4052-4c92-a67a-ee0fb6d34f85.jpg (Caused by NameResolutionError(""<urllib3.connection.HTTPSConnection object at 0x00000232C41D8080>: Failed to resolve 'a0.muscache.com' ([Errno 11001] getaddrinfo failed)""))"
23623536,https://a0.muscache.com/pictures/7a26cc56-ec12-40aa-8999-fe9e7560db63.jpg,failed_timeout_or_error,,,0,0,0,,,"HTTPSConnectionPool(host='a0.muscache.com', port=443): Max retries exceeded with url: /pictures/7a26cc56-ec12-40aa-8999-fe9e7560db63.jpg (Caused by NameResolutionError(""<urllib3.connection.HTTPSConnection object at 0x00000232C3CA5A60>: Failed to resolve 'a0.muscache.com' ([Errno 11001] getaddrinfo failed)""))"
24056179,https://a0.muscache.com/pictures/37addbd5-87c4-415d-8bed-08957903070b.jpg,failed_timeout_or_error,,,0,0,0,,,"HTTPSConnectionPool(host='a0.muscache.com', port=443): Max retries exceeded with url: /pictures/37addbd5-87c4-415d-8bed-08957903070b.jpg (Caused by NameResolutionError(""<urllib3.connection.HTTPSConnection object at 0x00000232C3CB6F30>: Failed to resolve 'a0.muscache.com' ([Errno 11001] getaddrinfo failed)""))"
23881173,https://a0.muscache.com/pictures/ee67210b-8e93-41f0-9a4b-50ed89d1a8d2.jpg,failed_timeout_or_error,,,0,0,0,,,"HTTPSConnectionPool(host='a0.muscache.com', port=443): Max retries exceeded with url: /pictures/ee67210b-8e93-41f0-9a4b-50ed89d1a8d2.jpg (Caused by NameResolutionError(""<urllib3.connection.HTTPSConnection object at 0x00000232C3CA59A0>: Failed to resolve 'a0.muscache.com' ([Errno 11001] getaddrinfo failed)""))"
24347730,https://a0.muscache.com/pictures/8db7eb5e-2cd7-4fc2-9066-108676d22b8f.jpg,failed_timeout_or_error,,,0,0,0,,,"HTTPSConnectionPool(host='a0.muscache.com', port=443): Max retries exceeded with url: /pictures/8db7eb5e-2cd7-4fc2-9066-108676d22b8f.jpg (Caused by NameResolutionError(""<urllib3.connection.HTTPSConnection object at 0x00000232C3AB7E60>: Failed to resolve 'a0.muscache.com' ([Errno 11001] getaddrinfo failed)""))"
9794899,https://a0.muscache.com/pictures/ef67ea52-acf2-4dca-b58f-9fd9aae025ae.jpg,failed_timeout_or_error,,,0,0,0,,,"HTTPSConnectionPool(host='a0.muscache.com', port=443): Read timed out."
4587394,https://a0.muscache.com/pictures/57609340/7c7579ab_original.jpg,failed_timeout_or_error,,,0,0,0,,,"HTTPSConnectionPool(host='a0.muscache.com', port=443): Read timed out."
24428641,https://a0.muscache.com/pictures/airflow/Hosting-24428641/original/6b44d21e-3b04-4ed7-9734-25b4ddab1c72.jpg,failed_timeout_or_error,,,0,0,0,,,"HTTPSConnectionPool(host='a0.muscache.com', port=443): Max retries exceeded with url: /pictures/airflow/Hosting-24428641/original/6b44d21e-3b04-4ed7-9734-25b4ddab1c72.jpg (Caused by NameResolutionError(""<urllib3.connection.HTTPSConnection object at 0x00000232C40CA870>: Failed to resolve 'a0.muscache.com' ([Errno 11001] getaddrinfo failed)""))"
24222452,https://a0.muscache.com/pictures/miso/Hosting-24222452/original/cd5e3709-2fa4-403c-9ef0-b5834a9e7fdc.jpeg,failed_timeout_or_error,,,0,0,0,,,"HTTPSConnectionPool(host='a0.muscache.com', port=443): Max retries exceeded with url: /pictures/miso/Hosting-24222452/original/cd5e3709-2fa4-403c-9ef0-b5834a9e7fdc.jpeg (Caused by NameResolutionError(""<urllib3.connection.HTTPSConnection object at 0x00000232C41DB830>: Failed to resolve 'a0.muscache.com' ([Errno 11001] getaddrinfo failed)""))"
24476866,https://a0.muscache.com/pictures/30f38538-af76-4834-9b42-b89c9935017c.jpg,failed_timeout_or_error,,,0,0,0,,,"HTTPSConnectionPool(host='a0.muscache.com', port=443): Max retries exceeded with url: /pictures/30f38538-af76-4834-9b42-b89c9935017c.jpg (Caused by NameResolutionError(""<urllib3.connection.HTTPSConnection object at 0x00000232C41D9EE0>: Failed to resolve 'a0.muscache.com' ([Errno 11001] getaddrinfo failed)""))"
723349,https://a0.muscache.com/pictures/c2bba064-a9b5-42c4-ba5d-f38e9e32be20.jpg,failed_timeout_or_error,,,0,0,0,,,"HTTPSConnectionPool(host='a0.muscache.com', port=443): Read timed out."
24287936,https://a0.muscache.com/pictures/8aadf944-ef16-4331-880d-e57ac2086ed9.jpg,failed_timeout_or_error,,,0,0,0,,,"HTTPSConnectionPool(host='a0.muscache.com', port=443): Max retries exceeded with url: /pictures/8aadf944-ef16-4331-880d-e57ac2086ed9.jpg (Caused by NameResolutionError(""<urllib3.connection.HTTPSConnection object at 0x00000232C3C0A6F0>: Failed to resolve 'a0.muscache.com' ([Errno 11001] getaddrinfo failed)""))"
24098735,https://a0.muscache.com/pictures/prohost-api/Hosting-24098735/original/981401ab-e971-42b4-a766-1d74c3d9f422.jpeg,failed_timeout_or_error,,,0,0,0,,,"HTTPSConnectionPool(host='a0.muscache.com', port=443): Max retries exceeded with url: /pictures/prohost-api/Hosting-24098735/original/981401ab-e971-42b4-a766-1d74c3d9f422.jpeg (Caused by NameResolutionError(""<urllib3.connection.HTTPSConnection object at 0x00000232C33871A0>: Failed to resolve 'a0.muscache.com' ([Errno 11001] getaddrinfo failed)""))"
24445744,https://a0.muscache.com/pictures/81dc917c-a2cf-4fc7-a3da-049772f38498.jpg,failed_timeout_or_error,,,0,0,0,,,"HTTPSConnectionPool(host='a0.muscache.com', port=443): Max retries exceeded with url: /pictures/81dc917c-a2cf-4fc7-a3da-049772f38498.jpg (Caused by NameResolutionError(""<urllib3.connection.HTTPSConnection object at 0x00000232C3CA6E10>: Failed to resolve 'a0.muscache.com' ([Errno 11001] getaddrinfo failed)""))"
24280176,https://a0.muscache.com/pictures/ffbacbd9-cb14-42bd-aa64-50fd83086f04.jpg,failed_timeout_or_error,,,0,0,0,,,"HTTPSConnectionPool(host='a0.muscache.com', port=443): Max retries exceeded with url: /pictures/ffbacbd9-cb14-42bd-aa64-50fd83086f04.jpg (Caused by NameResolutionError(""<urllib3.connection.HTTPSConnection object at 0x00000232C41A5790>: Failed to resolve 'a0.muscache.com' ([Errno 11001] getaddrinfo failed)""))"
25251626,https://a0.muscache.com/pictures/a021c6b9-18b1-47e3-9f11-f9353038406e.jpg,failed_timeout_or_error,,,0,0,0,,,"HTTPSConnectionPool(host='a0.muscache.com', port=443): Max retries exceeded with url: /pictures/a021c6b9-18b1-47e3-9f11-f9353038406e.jpg (Caused by NameResolutionError(""<urllib3.connection.HTTPSConnection object at 0x00000232C3C14980>: Failed to resolve 'a0.muscache.com' ([Errno 11001] getaddrinfo failed)""))"
24797144,https://a0.muscache.com/pictures/bf8e3931-9812-42a4-be8a-5daaa098d34b.jpg,failed_timeout_or_error,,,0,0,0,,,"HTTPSConnectionPool(host='a0.muscache.com', port=443): Max retries exceeded with url: /pictures/bf8e3931-9812-42a4-be8a-5daaa098d34b.jpg (Caused by NameResolutionError(""<urllib3.connection.HTTPSConnection object at 0x00000232C3C0A6F0>: Failed to resolve 'a0.muscache.com' ([Errno 11001] getaddrinfo failed)""))"
24493492,https://a0.muscache.com/pictures/07b601c9-4e73-4c98-86d6-6e5abc7f4b4b.jpg,failed_timeout_or_error,,,0,0,0,,,"HTTPSConnectionPool(host='a0.muscache.com', port=443): Max retries exceeded with url: /pictures/07b601c9-4e73-4c98-86d6-6e5abc7f4b4b.jpg (Caused by NameResolutionError(""<urllib3.connection.HTTPSConnection object at 0x00000232C3CA4A70>: Failed to resolve 'a0.muscache.com' ([Errno 11001] getaddrinfo failed)""))"
24594949,https://a0.muscache.com/pictures/8374d814-c122-4448-bde3-a93dc110f195.jpg,failed_timeout_or_error,,,0,0,0,,,"HTTPSConnectionPool(host='a0.muscache.com', port=443): Max retries exceeded with url: /pictures/8374d814-c122-4448-bde3-a93dc110f195.jpg (Caused by NameResolutionError(""<urllib3.connection.HTTPSConnection object at 0x00000232C41DAFC0>: Failed to resolve 'a0.muscache.com' ([Errno 11001] getaddrinfo failed)""))"
24396068,https://a0.muscache.com/pictures/2a35b92f-bb25-4823-ac71-2708a242fb17.jpg,failed_timeout_or_error,,,0,0,0,,,"HTTPSConnectionPool(host='a0.muscache.com', port=443): Max retries exceeded with url: /pictures/2a35b92f-bb25-4823-ac71-2708a242fb17.jpg (Caused by NameResolutionError(""<urllib3.connection.HTTPSConnection object at 0x00000232C41D98B0>: Failed to resolve 'a0.muscache.com' ([Errno 11001] getaddrinfo failed)""))"
24834700,https://a0.muscache.com/pictures/miso/Hosting-24834700/original/a331c170-7599-4005-b9e9-a49f922e0882.jpeg,failed_timeout_or_error,,,0,0,0,,,"HTTPSConnectionPool(host='a0.muscache.com', port=443): Max retries exceeded with url: /pictures/miso/Hosting-24834700/original/a331c170-7599-4005-b9e9-a49f922e0882.jpeg (Caused by NameResolutionError(""<urllib3.connection.HTTPSConnection object at 0x00000232C41D92E0>: Failed to resolve 'a0.muscache.com' ([Errno 11001] getaddrinfo failed)""))"
24942698,https://a0.muscache.com/pictures/a400e0a8-f173-4c12-86e9-37c7c73d8e6f.jpg,failed_timeout_or_error,,,0,0,0,,,"HTTPSConnectionPool(host='a0.muscache.com', port=443): Max retries exceeded with url: /pictures/a400e0a8-f173-4c12-86e9-37c7c73d8e6f.jpg (Caused by NameResolutionError(""<urllib3.connection.HTTPSConnection object at 0x00000232C40CAAB0>: Failed to resolve 'a0.muscache.com' ([Errno 11001] getaddrinfo failed)""))"
24882481,https://a0.muscache.com/pictures/b432cded-d143-4814-a18d-a278c74b604d.jpg,failed_timeout_or_error,,,0,0,0,,,"HTTPSConnectionPool(host='a0.muscache.com', port=443): Max retries exceeded with url: /pictures/b432cded-d143-4814-a18d-a278c74b604d.jpg (Caused by NameResolutionError(""<urllib3.connection.HTTPSConnection object at 0x00000232C41D8470>: Failed to resolve 'a0.muscache.com' ([Errno 11001] getaddrinfo failed)""))"
24817711,https://a0.muscache.com/pictures/8d8f6cd5-cef5-4465-9392-a2f6afce1e2f.jpg,failed_timeout_or_error,,,0,0,0,,,"HTTPSConnectionPool(host='a0.muscache.com', port=443): Max retries exceeded with url: /pictures/8d8f6cd5-cef5-4465-9392-a2f6afce1e2f.jpg (Caused by NameResolutionError(""<urllib3.connection.HTTPSConnection object at 0x00000232C41DBE90>: Failed to resolve 'a0.muscache.com' ([Errno 11001] getaddrinfo failed)""))"
942934,https://a0.muscache.com/pictures/pro_photo_tool/Hosting-942934-unapproved/original/622ab03e-cfff-4a7c-a8fd-ab818857f3c6.JPEG,failed_timeout_or_error,,,0,0,0,,,"HTTPSConnectionPool(host='a0.muscache.com', port=443): Read timed out."
246315,https://a0.muscache.com/pictures/5908617/cfe79153_original.jpg,failed_timeout_or_error,,,0,0,0,,,"HTTPSConnectionPool(host='a0.muscache.com', port=443): Read timed out."
24752561,https://a0.muscache.com/pictures/miso/Hosting-24752561/original/26a3d36e-bcf5-4edd-a448-759771abe4b5.jpeg,failed_timeout_or_error,,,0,0,0,,,"HTTPSConnectionPool(host='a0.muscache.com', port=443): Max retries exceeded with url: /pictures/miso/Hosting-24752561/original/26a3d36e-bcf5-4edd-a448-759771abe4b5.jpeg (Caused by NameResolutionError(""<urllib3.connection.HTTPSConnection object at 0x00000232C3B0C050>: Failed to resolve 'a0.muscache.com' ([Errno 11001] getaddrinfo failed)""))"
24916446,https://a0.muscache.com/pictures/985ae14e-45d0-48c4-84a6-01ee4cbef781.jpg,failed_timeout_or_error,,,0,0,0,,,"HTTPSConnectionPool(host='a0.muscache.com', port=443): Max retries exceeded with url: /pictures/985ae14e-45d0-48c4-84a6-01ee4cbef781.jpg (Caused by NameResolutionError(""<urllib3.connection.HTTPSConnection object at 0x00000232C41D97F0>: Failed to resolve 'a0.muscache.com' ([Errno 11001] getaddrinfo failed)""))"
24697002,https://a0.muscache.com/pictures/miso/Hosting-24697002/original/e89f66fc-0b17-4ba0-9368-ea36ea7e564f.jpeg,failed_timeout_or_error,,,0,0,0,,,"HTTPSConnectionPool(host='a0.muscache.com', port=443): Max retries exceeded with url: /pictures/miso/Hosting-24697002/original/e89f66fc-0b17-4ba0-9368-ea36ea7e564f.jpeg (Caused by NameResolutionError(""<urllib3.connection.HTTPSConnection object at 0x00000232C3CE6600>: Failed to resolve 'a0.muscache.com' ([Errno 11001] getaddrinfo failed)""))"
24945996,https://a0.muscache.com/pictures/2e2be1be-7c22-47f7-8291-37865089b194.jpg,failed_timeout_or_error,,,0,0,0,,,"HTTPSConnectionPool(host='a0.muscache.com', port=443): Max retries exceeded with url: /pictures/2e2be1be-7c22-47f7-8291-37865089b194.jpg (Caused by NameResolutionError(""<urllib3.connection.HTTPSConnection object at 0x00000232C3C16A80>: Failed to resolve 'a0.muscache.com' ([Errno 11001] getaddrinfo failed)""))"
25068792,https://a0.muscache.com/pictures/miso/Hosting-25068792/original/c9e71dee-c97b-4a74-8874-6d32d70ca9b5.jpeg,failed_timeout_or_error,,,0,0,0,,,"HTTPSConnectionPool(host='a0.muscache.com', port=443): Max retries exceeded with url: /pictures/miso/Hosting-25068792/original/c9e71dee-c97b-4a74-8874-6d32d70ca9b5.jpeg (Caused by NameResolutionError(""<urllib3.connection.HTTPSConnection object at 0x00000232C40FA690>: Failed to resolve 'a0.muscache.com' ([Errno 11001] getaddrinfo failed)""))"
25132222,https://a0.muscache.com/pictures/4b53cb22-c9cd-4953-9e63-cf171f7d04b7.jpg,failed_timeout_or_error,,,0,0,0,,,"HTTPSConnectionPool(host='a0.muscache.com', port=443): Max retries exceeded with url: /pictures/4b53cb22-c9cd-4953-9e63-cf171f7d04b7.jpg (Caused by NameResolutionError(""<urllib3.connection.HTTPSConnection object at 0x00000232C41D8920>: Failed to resolve 'a0.muscache.com' ([Errno 11001] getaddrinfo failed)""))"
25281090,https://a0.muscache.com/pictures/miso/Hosting-25281090/original/0af2ceb2-077d-4776-a4de-b9ff2c641f30.jpeg,failed_timeout_or_error,,,0,0,0,,,"HTTPSConnectionPool(host='a0.muscache.com', port=443): Max retries exceeded with url: /pictures/miso/Hosting-25281090/original/0af2ceb2-077d-4776-a4de-b9ff2c641f30.jpeg (Caused by NameResolutionError(""<urllib3.connection.HTTPSConnection object at 0x00000232C40FB020>: Failed to resolve 'a0.muscache.com' ([Errno 11001] getaddrinfo failed)""))"
25518066,https://a0.muscache.com/pictures/041c5a6a-f20e-4583-b82c-bf1730d5b95d.jpg,failed_timeout_or_error,,,0,0,0,,,"HTTPSConnectionPool(host='a0.muscache.com', port=443): Max retries exceeded with url: /pictures/041c5a6a-f20e-4583-b82c-bf1730d5b95d.jpg (Caused by NameResolutionError(""<urllib3.connection.HTTPSConnection object at 0x00000232C3C16A50>: Failed to resolve 'a0.muscache.com' ([Errno 11001] getaddrinfo failed)""))"
25519478,https://a0.muscache.com/pictures/prohost-api/Hosting-25519478/original/1085c000-0e57-4001-b0de-1c1a5ea724cc.jpeg,failed_timeout_or_error,,,0,0,0,,,"HTTPSConnectionPool(host='a0.muscache.com', port=443): Max retries exceeded with url: /pictures/prohost-api/Hosting-25519478/original/1085c000-0e57-4001-b0de-1c1a5ea724cc.jpeg (Caused by NameResolutionError(""<urllib3.connection.HTTPSConnection object at 0x00000232C41DAE10>: Failed to resolve 'a0.muscache.com' ([Errno 11001] getaddrinfo failed)""))"
25519626,https://a0.muscache.com/pictures/prohost-api/Hosting-25519626/original/1158a138-29b9-4b3f-a959-5e16067ba01a.jpeg,failed_timeout_or_error,,,0,0,0,,,"HTTPSConnectionPool(host='a0.muscache.com', port=443): Max retries exceeded with url: /pictures/prohost-api/Hosting-25519626/original/1158a138-29b9-4b3f-a959-5e16067ba01a.jpeg (Caused by NameResolutionError(""<urllib3.connection.HTTPSConnection object at 0x00000232C41D9BB0>: Failed to resolve 'a0.muscache.com' ([Errno 11001] getaddrinfo failed)""))"
25013010,https://a0.muscache.com/pictures/miso/Hosting-25013010/original/66707b6a-c79c-4b37-92dd-cd889f14ed80.jpeg,failed_timeout_or_error,,,0,0,0,,,"HTTPSConnectionPool(host='a0.muscache.com', port=443): Max retries exceeded with url: /pictures/miso/Hosting-25013010/original/66707b6a-c79c-4b37-92dd-cd889f14ed80.jpeg (Caused by NameResolutionError(""<urllib3.connection.HTTPSConnection object at 0x00000232C41D88F0>: Failed to resolve 'a0.muscache.com' ([Errno 11001] getaddrinfo failed)""))"
1127777,https://a0.muscache.com/pictures/airflow/Hosting-1127777/original/11bf3c9b-4956-41e9-a3c9-48331c8dc969.jpg,failed_timeout_or_error,,,0,0,0,,,"HTTPSConnectionPool(host='a0.muscache.com', port=443): Read timed out."
25322676,https://a0.muscache.com/pictures/miso/Hosting-25322676/original/1d2741ec-f937-46b2-a09c-8984d5712f09.jpeg,failed_timeout_or_error,,,0,0,0,,,"HTTPSConnectionPool(host='a0.muscache.com', port=443): Max retries exceeded with url: /pictures/miso/Hosting-25322676/original/1d2741ec-f937-46b2-a09c-8984d5712f09.jpeg (Caused by NameResolutionError(""<urllib3.connection.HTTPSConnection object at 0x00000232C3B0C4D0>: Failed to resolve 'a0.muscache.com' ([Errno 11001] getaddrinfo failed)""))"
26595874,https://a0.muscache.com/pictures/246f4d55-11ee-4d3f-a522-6bb2b53c43be.jpg,failed_timeout_or_error,,,0,0,0,,,"HTTPSConnectionPool(host='a0.muscache.com', port=443): Max retries exceeded with url: /pictures/246f4d55-11ee-4d3f-a522-6bb2b53c43be.jpg (Caused by NameResolutionError(""<urllib3.connection.HTTPSConnection object at 0x00000232C3C09070>: Failed to resolve 'a0.muscache.com' ([Errno 11001] getaddrinfo failed)""))"
25135375,https://a0.muscache.com/pictures/miso/Hosting-25135375/original/857e1e4c-ef6d-43ea-8c04-f9edd8262ef4.jpeg,failed_timeout_or_error,,,0,0,0,,,"HTTPSConnectionPool(host='a0.muscache.com', port=443): Max retries exceeded with url: /pictures/miso/Hosting-25135375/original/857e1e4c-ef6d-43ea-8c04-f9edd8262ef4.jpeg (Caused by NameResolutionError(""<urllib3.connection.HTTPSConnection object at 0x00000232C41DADB0>: Failed to resolve 'a0.muscache.com' ([Errno 11001] getaddrinfo failed)""))"
25138871,https://a0.muscache.com/pictures/743b8b8e-eb41-4ec2-b2b3-5bed9d3b14d1.jpg,failed_timeout_or_error,,,0,0,0,,,"HTTPSConnectionPool(host='a0.muscache.com', port=443): Max retries exceeded with url: /pictures/743b8b8e-eb41-4ec2-b2b3-5bed9d3b14d1.jpg (Caused by NameResolutionError(""<urllib3.connection.HTTPSConnection object at 0x00000232C3AB61E0>: Failed to resolve 'a0.muscache.com' ([Errno 11001] getaddrinfo failed)""))"
25212461,https://a0.muscache.com/pictures/63dd53e1-b74b-47e8-a178-d57408b8e981.jpg,failed_timeout_or_error,,,0,0,0,,,"HTTPSConnectionPool(host='a0.muscache.com', port=443): Max retries exceeded with url: /pictures/63dd53e1-b74b-47e8-a178-d57408b8e981.jpg (Caused by NameResolutionError(""<urllib3.connection.HTTPSConnection object at 0x00000232C41D85F0>: Failed to resolve 'a0.muscache.com' ([Errno 11001] getaddrinfo failed)""))"
25471043,https://a0.muscache.com/pictures/monet/Select-25471043/original/d96110c1-a1d5-40e3-9f08-c953e1f45d43,failed_timeout_or_error,,,0,0,0,,,"HTTPSConnectionPool(host='a0.muscache.com', port=443): Max retries exceeded with url: /pictures/monet/Select-25471043/original/d96110c1-a1d5-40e3-9f08-c953e1f45d43 (Caused by NameResolutionError(""<urllib3.connection.HTTPSConnection object at 0x00000232C41D8CE0>: Failed to resolve 'a0.muscache.com' ([Errno 11001] getaddrinfo failed)""))"
26189814,https://a0.muscache.com/pictures/miso/Hosting-26189814/original/ccb8caf7-4d90-4b25-8522-3f3c2152276a.jpeg,failed_timeout_or_error,,,0,0,0,,,"HTTPSConnectionPool(host='a0.muscache.com', port=443): Max retries exceeded with url: /pictures/miso/Hosting-26189814/original/ccb8caf7-4d90-4b25-8522-3f3c2152276a.jpeg (Caused by NameResolutionError(""<urllib3.connection.HTTPSConnection object at 0x00000232C41DB2F0>: Failed to resolve 'a0.muscache.com' ([Errno 11001] getaddrinfo failed)""))"
25422541,https://a0.muscache.com/pictures/43dcf6a3-2e57-412e-b0da-6eafd103b347.jpg,failed_timeout_or_error,,,0,0,0,,,"HTTPSConnectionPool(host='a0.muscache.com', port=443): Max retries exceeded with url: /pictures/43dcf6a3-2e57-412e-b0da-6eafd103b347.jpg (Caused by NameResolutionError(""<urllib3.connection.HTTPSConnection object at 0x00000232C41D8410>: Failed to resolve 'a0.muscache.com' ([Errno 11001] getaddrinfo failed)""))"
26038824,https://a0.muscache.com/pictures/9a7a98b2-3c85-4464-b84b-2ee43eec4cc6.jpg,failed_timeout_or_error,,,0,0,0,,,"HTTPSConnectionPool(host='a0.muscache.com', port=443): Max retries exceeded with url: /pictures/9a7a98b2-3c85-4464-b84b-2ee43eec4cc6.jpg (Caused by NameResolutionError(""<urllib3.connection.HTTPSConnection object at 0x00000232C3B0C4D0>: Failed to resolve 'a0.muscache.com' ([Errno 11001] getaddrinfo failed)""))"
26281901,https://a0.muscache.com/pictures/3050c27c-eb00-437f-897b-cc269a34f1d5.jpg,failed_timeout_or_error,,,0,0,0,,,"HTTPSConnectionPool(host='a0.muscache.com', port=443): Max retries exceeded with url: /pictures/3050c27c-eb00-437f-897b-cc269a34f1d5.jpg (Caused by NameResolutionError(""<urllib3.connection.HTTPSConnection object at 0x00000232C41D9310>: Failed to resolve 'a0.muscache.com' ([Errno 11001] getaddrinfo failed)""))"
26276337,https://a0.muscache.com/pictures/92c65292-8459-4984-a2c0-d7f74c69ae98.jpg,failed_timeout_or_error,,,0,0,0,,,"HTTPSConnectionPool(host='a0.muscache.com', port=443): Max retries exceeded with url: /pictures/92c65292-8459-4984-a2c0-d7f74c69ae98.jpg (Caused by NameResolutionError(""<urllib3.connection.HTTPSConnection object at 0x00000232C41D8260>: Failed to resolve 'a0.muscache.com' ([Errno 11001] getaddrinfo failed)""))"
26339145,https://a0.muscache.com/pictures/miso/Hosting-26339145/original/1080a4b4-6494-4dae-a24e-d58ec7d887a6.jpeg,failed_timeout_or_error,,,0,0,0,,,"HTTPSConnectionPool(host='a0.muscache.com', port=443): Max retries exceeded with url: /pictures/miso/Hosting-26339145/original/1080a4b4-6494-4dae-a24e-d58ec7d887a6.jpeg (Caused by NameResolutionError(""<urllib3.connection.HTTPSConnection object at 0x00000232C3CAC6E0>: Failed to resolve 'a0.muscache.com' ([Errno 11001] getaddrinfo failed)""))"
8624659,https://a0.muscache.com/pictures/miso/Hosting-8624659/original/467214f8-e4b6-4f48-a77b-56f063006176.jpeg,failed_timeout_or_error,,,0,0,0,,,"HTTPSConnectionPool(host='a0.muscache.com', port=443): Read timed out."
26103338,https://a0.muscache.com/pictures/airflow/Hosting-26103338/original/cf9aab61-2b3f-4955-bb31-41b37b6ea646.jpg,failed_timeout_or_error,,,0,0,0,,,"HTTPSConnectionPool(host='a0.muscache.com', port=443): Max retries exceeded with url: /pictures/airflow/Hosting-26103338/original/cf9aab61-2b3f-4955-bb31-41b37b6ea646.jpg (Caused by NameResolutionError(""<urllib3.connection.HTTPSConnection object at 0x00000232C3AB5BE0>: Failed to resolve 'a0.muscache.com' ([Errno 11001] getaddrinfo failed)""))"
26634224,https://a0.muscache.com/pictures/miso/Hosting-26634224/original/df082b2b-0be6-4a39-ac24-e34b2934e816.jpeg,failed_timeout_or_error,,,0,0,0,,,"HTTPSConnectionPool(host='a0.muscache.com', port=443): Max retries exceeded with url: /pictures/miso/Hosting-26634224/original/df082b2b-0be6-4a39-ac24-e34b2934e816.jpeg (Caused by NameResolutionError(""<urllib3.connection.HTTPSConnection object at 0x00000232C41DB200>: Failed to resolve 'a0.muscache.com' ([Errno 11001] getaddrinfo failed)""))"
26190390,https://a0.muscache.com/pictures/287924ca-6d37-43d2-8889-2174db115ba4.jpg,failed_timeout_or_error,,,0,0,0,,,"HTTPSConnectionPool(host='a0.muscache.com', port=443): Max retries exceeded with url: /pictures/287924ca-6d37-43d2-8889-2174db115ba4.jpg (Caused by NameResolutionError(""<urllib3.connection.HTTPSConnection object at 0x00000232C3CA5A00>: Failed to resolve 'a0.muscache.com' ([Errno 11001] getaddrinfo failed)""))"
26098132,https://a0.muscache.com/pictures/dffc973c-8689-4d31-bf66-9911b6cbdfee.jpg,failed_timeout_or_error,,,0,0,0,,,"HTTPSConnectionPool(host='a0.muscache.com', port=443): Max retries exceeded with url: /pictures/dffc973c-8689-4d31-bf66-9911b6cbdfee.jpg (Caused by NameResolutionError(""<urllib3.connection.HTTPSConnection object at 0x00000232C3B0C110>: Failed to resolve 'a0.muscache.com' ([Errno 11001] getaddrinfo failed)""))"
26639631,https://a0.muscache.com/pictures/26431e81-0b72-465b-83dc-7ad00b8b0832.jpg,failed_timeout_or_error,,,0,0,0,,,"HTTPSConnectionPool(host='a0.muscache.com', port=443): Max retries exceeded with url: /pictures/26431e81-0b72-465b-83dc-7ad00b8b0832.jpg (Caused by NameResolutionError(""<urllib3.connection.HTTPSConnection object at 0x00000232C3CA7380>: Failed to resolve 'a0.muscache.com' ([Errno 11001] getaddrinfo failed)""))"
14751215,https://a0.muscache.com/pictures/ca9f2216-493c-49b5-8326-6f415dd661a2.jpg,failed_timeout_or_error,,,0,0,0,,,"HTTPSConnectionPool(host='a0.muscache.com', port=443): Read timed out."
26910515,https://a0.muscache.com/pictures/miso/Hosting-26910515/original/e06f8551-53d7-4543-b6b6-f324aa903b81.jpeg,failed_timeout_or_error,,,0,0,0,,,"HTTPSConnectionPool(host='a0.muscache.com', port=443): Max retries exceeded with url: /pictures/miso/Hosting-26910515/original/e06f8551-53d7-4543-b6b6-f324aa903b81.jpeg (Caused by NameResolutionError(""<urllib3.connection.HTTPSConnection object at 0x00000232C41D8350>: Failed to resolve 'a0.muscache.com' ([Errno 11001] getaddrinfo failed)""))"
26735499,https://a0.muscache.com/pictures/473e67e2-1a71-4f61-8f08-46d84ce42df5.jpg,failed_timeout_or_error,,,0,0,0,,,"HTTPSConnectionPool(host='a0.muscache.com', port=443): Max retries exceeded with url: /pictures/473e67e2-1a71-4f61-8f08-46d84ce42df5.jpg (Caused by NameResolutionError(""<urllib3.connection.HTTPSConnection object at 0x00000232C41D9EB0>: Failed to resolve 'a0.muscache.com' ([Errno 11001] getaddrinfo failed)""))"
27699328,https://a0.muscache.com/pictures/45c1a156-5c55-4e84-9cbc-92cb6755a073.jpg,failed_timeout_or_error,,,0,0,0,,,"HTTPSConnectionPool(host='a0.muscache.com', port=443): Max retries exceeded with url: /pictures/45c1a156-5c55-4e84-9cbc-92cb6755a073.jpg (Caused by NameResolutionError(""<urllib3.connection.HTTPSConnection object at 0x00000232C41D8950>: Failed to resolve 'a0.muscache.com' ([Errno 11001] getaddrinfo failed)""))"
26528680,https://a0.muscache.com/pictures/b9d279dc-50bf-42a6-8193-6f554d3d22e8.jpg,failed_timeout_or_error,,,0,0,0,,,"HTTPSConnectionPool(host='a0.muscache.com', port=443): Max retries exceeded with url: /pictures/b9d279dc-50bf-42a6-8193-6f554d3d22e8.jpg (Caused by NameResolutionError(""<urllib3.connection.HTTPSConnection object at 0x00000232C3AB52E0>: Failed to resolve 'a0.muscache.com' ([Errno 11001] getaddrinfo failed)""))"
26093158,https://a0.muscache.com/pictures/1cbad847-82f6-43ab-93ea-e985a7f70e8f.jpg,failed_timeout_or_error,,,0,0,0,,,"HTTPSConnectionPool(host='a0.muscache.com', port=443): Max retries exceeded with url: /pictures/1cbad847-82f6-43ab-93ea-e985a7f70e8f.jpg (Caused by NameResolutionError(""<urllib3.connection.HTTPSConnection object at 0x00000232C3CA7440>: Failed to resolve 'a0.muscache.com' ([Errno 11001] getaddrinfo failed)""))"
26721327,https://a0.muscache.com/pictures/miso/Hosting-26721327/original/5575a294-b942-4d67-bdc0-31833f09f905.jpeg,failed_timeout_or_error,,,0,0,0,,,"HTTPSConnectionPool(host='a0.muscache.com', port=443): Max retries exceeded with url: /pictures/miso/Hosting-26721327/original/5575a294-b942-4d67-bdc0-31833f09f905.jpeg (Caused by NameResolutionError(""<urllib3.connection.HTTPSConnection object at 0x00000232C40F9340>: Failed to resolve 'a0.muscache.com' ([Errno 11001] getaddrinfo failed)""))"
26740506,https://a0.muscache.com/pictures/0cb1ff42-f35e-467b-8ac8-7dd5a1623c93.jpg,failed_timeout_or_error,,,0,0,0,,,"HTTPSConnectionPool(host='a0.muscache.com', port=443): Max retries exceeded with url: /pictures/0cb1ff42-f35e-467b-8ac8-7dd5a1623c93.jpg (Caused by NameResolutionError(""<urllib3.connection.HTTPSConnection object at 0x00000232C3CA4B30>: Failed to resolve 'a0.muscache.com' ([Errno 11001] getaddrinfo failed)""))"
27123967,https://a0.muscache.com/pictures/d98cd39b-441e-4480-b12b-0cdcb9a6df4c.jpg,failed_timeout_or_error,,,0,0,0,,,"HTTPSConnectionPool(host='a0.muscache.com', port=443): Max retries exceeded with url: /pictures/d98cd39b-441e-4480-b12b-0cdcb9a6df4c.jpg (Caused by NameResolutionError(""<urllib3.connection.HTTPSConnection object at 0x00000232C40F8A40>: Failed to resolve 'a0.muscache.com' ([Errno 11001] getaddrinfo failed)""))"
26829259,https://a0.muscache.com/pictures/cb2977d5-61c8-465b-a426-2398b9a6d34e.jpg,failed_timeout_or_error,,,0,0,0,,,"HTTPSConnectionPool(host='a0.muscache.com', port=443): Max retries exceeded with url: /pictures/cb2977d5-61c8-465b-a426-2398b9a6d34e.jpg (Caused by NameResolutionError(""<urllib3.connection.HTTPSConnection object at 0x00000232C40FAF00>: Failed to resolve 'a0.muscache.com' ([Errno 11001] getaddrinfo failed)""))"
27461996,https://a0.muscache.com/pictures/miso/Hosting-27461996/original/fe24062f-1adb-4023-a8d6-fef3d4808a26.jpeg,failed_timeout_or_error,,,0,0,0,,,"HTTPSConnectionPool(host='a0.muscache.com', port=443): Max retries exceeded with url: /pictures/miso/Hosting-27461996/original/fe24062f-1adb-4023-a8d6-fef3d4808a26.jpeg (Caused by NameResolutionError(""<urllib3.connection.HTTPSConnection object at 0x00000232C40F94C0>: Failed to resolve 'a0.muscache.com' ([Errno 11001] getaddrinfo failed)""))"
27466554,https://a0.muscache.com/pictures/a7ef3ff1-f1cd-406d-ace2-0d5109096fd4.jpg,failed_timeout_or_error,,,0,0,0,,,"HTTPSConnectionPool(host='a0.muscache.com', port=443): Max retries exceeded with url: /pictures/a7ef3ff1-f1cd-406d-ace2-0d5109096fd4.jpg (Caused by NameResolutionError(""<urllib3.connection.HTTPSConnection object at 0x00000232C3AB6ED0>: Failed to resolve 'a0.muscache.com' ([Errno 11001] getaddrinfo failed)""))"
27337463,https://a0.muscache.com/pictures/29be9fd7-4503-4c86-91ff-616920c3a34f.jpg,failed_timeout_or_error,,,0,0,0,,,"HTTPSConnectionPool(host='a0.muscache.com', port=443): Max retries exceeded with url: /pictures/29be9fd7-4503-4c86-91ff-616920c3a34f.jpg (Caused by NameResolutionError(""<urllib3.connection.HTTPSConnection object at 0x00000232C41DA9F0>: Failed to resolve 'a0.muscache.com' ([Errno 11001] getaddrinfo failed)""))"
27306911,https://a0.muscache.com/pictures/37c87fa0-ad51-45f3-acca-859a75aa0b99.jpg,failed_timeout_or_error,,,0,0,0,,,"HTTPSConnectionPool(host='a0.muscache.com', port=443): Max retries exceeded with url: /pictures/37c87fa0-ad51-45f3-acca-859a75aa0b99.jpg (Caused by NameResolutionError(""<urllib3.connection.HTTPSConnection object at 0x00000232C41DAAB0>: Failed to resolve 'a0.muscache.com' ([Errno 11001] getaddrinfo failed)""))"
11483381,https://a0.muscache.com/pictures/66346370-ae14-495b-a94a-e2b9dd9627c1.jpg,failed_timeout_or_error,,,0,0,0,,,"HTTPSConnectionPool(host='a0.muscache.com', port=443): Read timed out."
27566298,https://a0.muscache.com/pictures/airflow/Hosting-27566298/original/e7f60309-f124-4363-b573-8022a2ba12ac.jpg,failed_timeout_or_error,,,0,0,0,,,"HTTPSConnectionPool(host='a0.muscache.com', port=443): Max retries exceeded with url: /pictures/airflow/Hosting-27566298/original/e7f60309-f124-4363-b573-8022a2ba12ac.jpg (Caused by NameResolutionError(""<urllib3.connection.HTTPSConnection object at 0x00000232C40FABA0>: Failed to resolve 'a0.muscache.com' ([Errno 11001] getaddrinfo failed)""))"
27906707,https://a0.muscache.com/pictures/c3db810b-113f-4966-90db-d55fb482b865.jpg,failed_timeout_or_error,,,0,0,0,,,"HTTPSConnectionPool(host='a0.muscache.com', port=443): Max retries exceeded with url: /pictures/c3db810b-113f-4966-90db-d55fb482b865.jpg (Caused by NameResolutionError(""<urllib3.connection.HTTPSConnection object at 0x00000232C40F9C10>: Failed to resolve 'a0.muscache.com' ([Errno 11001] getaddrinfo failed)""))"
27853519,https://a0.muscache.com/pictures/pro_photo_tool/Hosting-27853519-unapproved/original/bc9c137e-10be-4e29-a98c-9d9be3607eb6.JPEG,failed_timeout_or_error,,,0,0,0,,,"HTTPSConnectionPool(host='a0.muscache.com', port=443): Max retries exceeded with url: /pictures/pro_photo_tool/Hosting-27853519-unapproved/original/bc9c137e-10be-4e29-a98c-9d9be3607eb6.JPEG (Caused by NameResolutionError(""<urllib3.connection.HTTPSConnection object at 0x00000232C40FACF0>: Failed to resolve 'a0.muscache.com' ([Errno 11001] getaddrinfo failed)""))"
27340168,https://a0.muscache.com/pictures/6c2b1172-87e3-433b-a49c-c9503daef453.jpg,failed_timeout_or_error,,,0,0,0,,,"HTTPSConnectionPool(host='a0.muscache.com', port=443): Max retries exceeded with url: /pictures/6c2b1172-87e3-433b-a49c-c9503daef453.jpg (Caused by NameResolutionError(""<urllib3.connection.HTTPSConnection object at 0x00000232C3CA6840>: Failed to resolve 'a0.muscache.com' ([Errno 11001] getaddrinfo failed)""))"
27156940,https://a0.muscache.com/pictures/miso/Hosting-27156940/original/a87f55e2-81da-4ca9-ac46-8d9cdc61e1bd.jpeg,failed_timeout_or_error,,,0,0,0,,,"HTTPSConnectionPool(host='a0.muscache.com', port=443): Max retries exceeded with url: /pictures/miso/Hosting-27156940/original/a87f55e2-81da-4ca9-ac46-8d9cdc61e1bd.jpeg (Caused by NameResolutionError(""<urllib3.connection.HTTPSConnection object at 0x00000232C40FA510>: Failed to resolve 'a0.muscache.com' ([Errno 11001] getaddrinfo failed)""))"
27285680,https://a0.muscache.com/pictures/miso/Hosting-27285680/original/66d13a01-afaa-4cc3-b777-ef9f1d0c0236.png,failed_timeout_or_error,,,0,0,0,,,"HTTPSConnectionPool(host='a0.muscache.com', port=443): Max retries exceeded with url: /pictures/miso/Hosting-27285680/original/66d13a01-afaa-4cc3-b777-ef9f1d0c0236.png (Caused by NameResolutionError(""<urllib3.connection.HTTPSConnection object at 0x00000232C3CB5E20>: Failed to resolve 'a0.muscache.com' ([Errno 11001] getaddrinfo failed)""))"
28286510,https://a0.muscache.com/pictures/6fcda975-7978-4e47-a563-06461355d173.jpg,failed_timeout_or_error,,,0,0,0,,,"HTTPSConnectionPool(host='a0.muscache.com', port=443): Max retries exceeded with url: /pictures/6fcda975-7978-4e47-a563-06461355d173.jpg (Caused by NameResolutionError(""<urllib3.connection.HTTPSConnection object at 0x00000232C40F9C70>: Failed to resolve 'a0.muscache.com' ([Errno 11001] getaddrinfo failed)""))"
28216747,https://a0.muscache.com/pictures/b17bcb40-ffb0-488b-b897-bdeb9531f22e.jpg,failed_timeout_or_error,,,0,0,0,,,"HTTPSConnectionPool(host='a0.muscache.com', port=443): Max retries exceeded with url: /pictures/b17bcb40-ffb0-488b-b897-bdeb9531f22e.jpg (Caused by NameResolutionError(""<urllib3.connection.HTTPSConnection object at 0x00000232C40F9130>: Failed to resolve 'a0.muscache.com' ([Errno 11001] getaddrinfo failed)""))"
28149961,https://a0.muscache.com/pictures/prohost-api/Hosting-28149961/original/d78ca06a-4606-47f6-b605-fab8af625d66.jpeg,failed_timeout_or_error,,,0,0,0,,,"HTTPSConnectionPool(host='a0.muscache.com', port=443): Max retries exceeded with url: /pictures/prohost-api/Hosting-28149961/original/d78ca06a-4606-47f6-b605-fab8af625d66.jpeg (Caused by NameResolutionError(""<urllib3.connection.HTTPSConnection object at 0x00000232C40FB8F0>: Failed to resolve 'a0.muscache.com' ([Errno 11001] getaddrinfo failed)""))"
28610923,https://a0.muscache.com/pictures/2381a15d-2e1a-49dc-97ee-6252be7ac55e.jpg,failed_timeout_or_error,,,0,0,0,,,"HTTPSConnectionPool(host='a0.muscache.com', port=443): Max retries exceeded with url: /pictures/2381a15d-2e1a-49dc-97ee-6252be7ac55e.jpg (Caused by NameResolutionError(""<urllib3.connection.HTTPSConnection object at 0x00000232C3CB64B0>: Failed to resolve 'a0.muscache.com' ([Errno 11001] getaddrinfo failed)""))"
28566916,https://a0.muscache.com/pictures/8c0c3b1d-d68e-43bc-92cd-0be7fbe36aa5.jpg,failed_timeout_or_error,,,0,0,0,,,"HTTPSConnectionPool(host='a0.muscache.com', port=443): Max retries exceeded with url: /pictures/8c0c3b1d-d68e-43bc-92cd-0be7fbe36aa5.jpg (Caused by NameResolutionError(""<urllib3.connection.HTTPSConnection object at 0x00000232C40FA480>: Failed to resolve 'a0.muscache.com' ([Errno 11001] getaddrinfo failed)""))"
28156491,https://a0.muscache.com/pictures/4526770e-36c3-462f-a072-31a5f0bc5232.jpg,failed_timeout_or_error,,,0,0,0,,,"HTTPSConnectionPool(host='a0.muscache.com', port=443): Max retries exceeded with url: /pictures/4526770e-36c3-462f-a072-31a5f0bc5232.jpg (Caused by NameResolutionError(""<urllib3.connection.HTTPSConnection object at 0x00000232C3CB7C20>: Failed to resolve 'a0.muscache.com' ([Errno 11001] getaddrinfo failed)""))"
28133323,https://a0.muscache.com/pictures/miso/Hosting-28133323/original/8861b8b0-15ac-4706-bc7a-ab95bf25ed64.jpeg,failed_timeout_or_error,,,0,0,0,,,"HTTPSConnectionPool(host='a0.muscache.com', port=443): Max retries exceeded with url: /pictures/miso/Hosting-28133323/original/8861b8b0-15ac-4706-bc7a-ab95bf25ed64.jpeg (Caused by NameResolutionError(""<urllib3.connection.HTTPSConnection object at 0x00000232C41DA660>: Failed to resolve 'a0.muscache.com' ([Errno 11001] getaddrinfo failed)""))"
28607789,https://a0.muscache.com/pictures/e474dba7-3d36-4227-b884-fa27c53e064f.jpg,failed_timeout_or_error,,,0,0,0,,,"HTTPSConnectionPool(host='a0.muscache.com', port=443): Max retries exceeded with url: /pictures/e474dba7-3d36-4227-b884-fa27c53e064f.jpg (Caused by NameResolutionError(""<urllib3.connection.HTTPSConnection object at 0x00000232C40FAC90>: Failed to resolve 'a0.muscache.com' ([Errno 11001] getaddrinfo failed)""))"
28335156,https://a0.muscache.com/pictures/miso/Hosting-28335156/original/888aec90-68a9-4463-87b7-fadd62aecfd9.jpeg,failed_timeout_or_error,,,0,0,0,,,"HTTPSConnectionPool(host='a0.muscache.com', port=443): Max retries exceeded with url: /pictures/miso/Hosting-28335156/original/888aec90-68a9-4463-87b7-fadd62aecfd9.jpeg (Caused by NameResolutionError(""<urllib3.connection.HTTPSConnection object at 0x00000232C41DA9F0>: Failed to resolve 'a0.muscache.com' ([Errno 11001] getaddrinfo failed)""))"
28758757,https://a0.muscache.com/pictures/miso/Hosting-28758757/original/6364020e-e55d-4107-8de9-d23d3aa899a5.jpeg,failed_timeout_or_error,,,0,0,0,,,"HTTPSConnectionPool(host='a0.muscache.com', port=443): Max retries exceeded with url: /pictures/miso/Hosting-28758757/original/6364020e-e55d-4107-8de9-d23d3aa899a5.jpeg (Caused by NameResolutionError(""<urllib3.connection.HTTPSConnection object at 0x00000232C40CB350>: Failed to resolve 'a0.muscache.com' ([Errno 11001] getaddrinfo failed)""))"
29003338,https://a0.muscache.com/pictures/23d69496-398d-4f35-820b-26f6f0fff22d.jpg,failed_timeout_or_error,,,0,0,0,,,"HTTPSConnectionPool(host='a0.muscache.com', port=443): Max retries exceeded with url: /pictures/23d69496-398d-4f35-820b-26f6f0fff22d.jpg (Caused by NameResolutionError(""<urllib3.connection.HTTPSConnection object at 0x00000232C40C84A0>: Failed to resolve 'a0.muscache.com' ([Errno 11001] getaddrinfo failed)""))"
28142713,https://a0.muscache.com/pictures/9dd6805f-3ffd-4df8-ac98-d5d88a0bf433.jpg,failed_timeout_or_error,,,0,0,0,,,"HTTPSConnectionPool(host='a0.muscache.com', port=443): Max retries exceeded with url: /pictures/9dd6805f-3ffd-4df8-ac98-d5d88a0bf433.jpg (Caused by NameResolutionError(""<urllib3.connection.HTTPSConnection object at 0x00000232C3CA6840>: Failed to resolve 'a0.muscache.com' ([Errno 11001] getaddrinfo failed)""))"
28001503,https://a0.muscache.com/pictures/af0faa98-2995-44f5-92c4-51ef571e68f8.jpg,failed_timeout_or_error,,,0,0,0,,,"HTTPSConnectionPool(host='a0.muscache.com', port=443): Max retries exceeded with url: /pictures/af0faa98-2995-44f5-92c4-51ef571e68f8.jpg (Caused by NameResolutionError(""<urllib3.connection.HTTPSConnection object at 0x00000232C40FA480>: Failed to resolve 'a0.muscache.com' ([Errno 11001] getaddrinfo failed)""))"
28986868,https://a0.muscache.com/pictures/4d3fe9ff-2981-4d7a-8855-d3fe8855a591.jpg,failed_timeout_or_error,,,0,0,0,,,"HTTPSConnectionPool(host='a0.muscache.com', port=443): Max retries exceeded with url: /pictures/4d3fe9ff-2981-4d7a-8855-d3fe8855a591.jpg (Caused by NameResolutionError(""<urllib3.connection.HTTPSConnection object at 0x00000232C40FBC80>: Failed to resolve 'a0.muscache.com' ([Errno 11001] getaddrinfo failed)""))"
26280621,https://a0.muscache.com/pictures/8bd2de52-e733-44f1-9434-36d3faf26a3c.jpg,failed_timeout_or_error,,,0,0,0,,,"HTTPSConnectionPool(host='a0.muscache.com', port=443): Max retries exceeded with url: /pictures/8bd2de52-e733-44f1-9434-36d3faf26a3c.jpg (Caused by NameResolutionError(""<urllib3.connection.HTTPSConnection object at 0x00000232C41D9580>: Failed to resolve 'a0.muscache.com' ([Errno 11001] getaddrinfo failed)""))"
28960407,https://a0.muscache.com/pictures/miso/Hosting-28960407/original/a76201d3-db51-4b90-be00-8357f11c5d7b.jpeg,failed_timeout_or_error,,,0,0,0,,,"HTTPSConnectionPool(host='a0.muscache.com', port=443): Max retries exceeded with url: /pictures/miso/Hosting-28960407/original/a76201d3-db51-4b90-be00-8357f11c5d7b.jpeg (Caused by NameResolutionError(""<urllib3.connection.HTTPSConnection object at 0x00000232C40CA630>: Failed to resolve 'a0.muscache.com' ([Errno 11001] getaddrinfo failed)""))"
28583038,https://a0.muscache.com/pictures/b541990f-3e5e-41d5-b4c6-80daf02489cb.jpg,failed_timeout_or_error,,,0,0,0,,,"HTTPSConnectionPool(host='a0.muscache.com', port=443): Max retries exceeded with url: /pictures/b541990f-3e5e-41d5-b4c6-80daf02489cb.jpg (Caused by NameResolutionError(""<urllib3.connection.HTTPSConnection object at 0x00000232C40CB6E0>: Failed to resolve 'a0.muscache.com' ([Errno 11001] getaddrinfo failed)""))"
29125407,https://a0.muscache.com/pictures/c971c48b-10f1-48b5-9d93-bb2ffe6380ad.jpg,failed_timeout_or_error,,,0,0,0,,,"HTTPSConnectionPool(host='a0.muscache.com', port=443): Max retries exceeded with url: /pictures/c971c48b-10f1-48b5-9d93-bb2ffe6380ad.jpg (Caused by NameResolutionError(""<urllib3.connection.HTTPSConnection object at 0x00000232C40C81D0>: Failed to resolve 'a0.muscache.com' ([Errno 11001] getaddrinfo failed)""))"
29073142,https://a0.muscache.com/pictures/0770fb1f-5081-42a4-ac70-35686d3ec1be.jpg,failed_timeout_or_error,,,0,0,0,,,"HTTPSConnectionPool(host='a0.muscache.com', port=443): Max retries exceeded with url: /pictures/0770fb1f-5081-42a4-ac70-35686d3ec1be.jpg (Caused by NameResolutionError(""<urllib3.connection.HTTPSConnection object at 0x00000232C40CBB00>: Failed to resolve 'a0.muscache.com' ([Errno 11001] getaddrinfo failed)""))"
28865830,https://a0.muscache.com/pictures/miso/Hosting-28865830/original/5b3e8cc3-d5d9-4857-8f88-8fece944f867.jpeg,failed_timeout_or_error,,,0,0,0,,,"HTTPSConnectionPool(host='a0.muscache.com', port=443): Max retries exceeded with url: /pictures/miso/Hosting-28865830/original/5b3e8cc3-d5d9-4857-8f88-8fece944f867.jpeg (Caused by NameResolutionError(""<urllib3.connection.HTTPSConnection object at 0x00000232C3CB5130>: Failed to resolve 'a0.muscache.com' ([Errno 11001] getaddrinfo failed)""))"
29208295,https://a0.muscache.com/pictures/miso/Hosting-29208295/original/daff7d1f-e3b1-4a6d-bb84-1f09932d3d59.jpeg,failed_timeout_or_error,,,0,0,0,,,"HTTPSConnectionPool(host='a0.muscache.com', port=443): Max retries exceeded with url: /pictures/miso/Hosting-29208295/original/daff7d1f-e3b1-4a6d-bb84-1f09932d3d59.jpeg (Caused by NameResolutionError(""<urllib3.connection.HTTPSConnection object at 0x00000232C3CA4CB0>: Failed to resolve 'a0.muscache.com' ([Errno 11001] getaddrinfo failed)""))"
28466957,https://a0.muscache.com/pictures/50c37711-cfee-4669-9907-0e348d3e78f0.jpg,failed_timeout_or_error,,,0,0,0,,,"HTTPSConnectionPool(host='a0.muscache.com', port=443): Max retries exceeded with url: /pictures/50c37711-cfee-4669-9907-0e348d3e78f0.jpg (Caused by NameResolutionError(""<urllib3.connection.HTTPSConnection object at 0x00000232C40CA4E0>: Failed to resolve 'a0.muscache.com' ([Errno 11001] getaddrinfo failed)""))"
29187033,https://a0.muscache.com/pictures/81daa493-8341-4d27-9457-faabf12de1d5.jpg,failed_timeout_or_error,,,0,0,0,,,"HTTPSConnectionPool(host='a0.muscache.com', port=443): Max retries exceeded with url: /pictures/81daa493-8341-4d27-9457-faabf12de1d5.jpg (Caused by NameResolutionError(""<urllib3.connection.HTTPSConnection object at 0x00000232C40CBD40>: Failed to resolve 'a0.muscache.com' ([Errno 11001] getaddrinfo failed)""))"
29026930,https://a0.muscache.com/pictures/57a20d1c-3180-4988-bf94-eb7f741219c5.jpg,failed_timeout_or_error,,,0,0,0,,,"HTTPSConnectionPool(host='a0.muscache.com', port=443): Max retries exceeded with url: /pictures/57a20d1c-3180-4988-bf94-eb7f741219c5.jpg (Caused by NameResolutionError(""<urllib3.connection.HTTPSConnection object at 0x00000232C41D99A0>: Failed to resolve 'a0.muscache.com' ([Errno 11001] getaddrinfo failed)""))"
29777058,https://a0.muscache.com/pictures/f47dc54d-4509-4084-9471-daf3fe5ce452.jpg,failed_timeout_or_error,,,0,0,0,,,"HTTPSConnectionPool(host='a0.muscache.com', port=443): Max retries exceeded with url: /pictures/f47dc54d-4509-4084-9471-daf3fe5ce452.jpg (Caused by NameResolutionError(""<urllib3.connection.HTTPSConnection object at 0x00000232C40686E0>: Failed to resolve 'a0.muscache.com' ([Errno 11001] getaddrinfo failed)""))"
29659193,https://a0.muscache.com/pictures/6f5d769e-bf2f-496c-ad13-81a8ec121276.jpg,failed_timeout_or_error,,,0,0,0,,,"HTTPSConnectionPool(host='a0.muscache.com', port=443): Max retries exceeded with url: /pictures/6f5d769e-bf2f-496c-ad13-81a8ec121276.jpg (Caused by NameResolutionError(""<urllib3.connection.HTTPSConnection object at 0x00000232C40C8260>: Failed to resolve 'a0.muscache.com' ([Errno 11001] getaddrinfo failed)""))"
29634104,https://a0.muscache.com/pictures/a786e076-bc4b-4be5-877e-201a1cb364d9.jpg,failed_timeout_or_error,,,0,0,0,,,"HTTPSConnectionPool(host='a0.muscache.com', port=443): Max retries exceeded with url: /pictures/a786e076-bc4b-4be5-877e-201a1cb364d9.jpg (Caused by NameResolutionError(""<urllib3.connection.HTTPSConnection object at 0x00000232C40CBD70>: Failed to resolve 'a0.muscache.com' ([Errno 11001] getaddrinfo failed)""))"
29228806,https://a0.muscache.com/pictures/cb29d288-03b7-4278-a5aa-3870966b9320.jpg,failed_timeout_or_error,,,0,0,0,,,"HTTPSConnectionPool(host='a0.muscache.com', port=443): Max retries exceeded with url: /pictures/cb29d288-03b7-4278-a5aa-3870966b9320.jpg (Caused by NameResolutionError(""<urllib3.connection.HTTPSConnection object at 0x00000232C40CB920>: Failed to resolve 'a0.muscache.com' ([Errno 11001] getaddrinfo failed)""))"
29678853,https://a0.muscache.com/pictures/3338b2d9-fd61-4b37-9e40-94ded49b0f21.jpg,failed_timeout_or_error,,,0,0,0,,,"HTTPSConnectionPool(host='a0.muscache.com', port=443): Max retries exceeded with url: /pictures/3338b2d9-fd61-4b37-9e40-94ded49b0f21.jpg (Caused by NameResolutionError(""<urllib3.connection.HTTPSConnection object at 0x00000232C40FBE90>: Failed to resolve 'a0.muscache.com' ([Errno 11001] getaddrinfo failed)""))"
29358894,https://a0.muscache.com/pictures/prohost-api/Hosting-29358894/original/70859b30-05c9-41c2-8bb7-18b5915f2ccd.jpeg,failed_timeout_or_error,,,0,0,0,,,"HTTPSConnectionPool(host='a0.muscache.com', port=443): Max retries exceeded with url: /pictures/prohost-api/Hosting-29358894/original/70859b30-05c9-41c2-8bb7-18b5915f2ccd.jpeg (Caused by NameResolutionError(""<urllib3.connection.HTTPSConnection object at 0x00000232C40F9580>: Failed to resolve 'a0.muscache.com' ([Errno 11001] getaddrinfo failed)""))"
30050870,https://a0.muscache.com/pictures/miso/Hosting-30050870/original/8414cd78-2519-45b8-8542-81ed4a3bcfca.jpeg,failed_timeout_or_error,,,0,0,0,,,"HTTPSConnectionPool(host='a0.muscache.com', port=443): Max retries exceeded with url: /pictures/miso/Hosting-30050870/original/8414cd78-2519-45b8-8542-81ed4a3bcfca.jpeg (Caused by NameResolutionError(""<urllib3.connection.HTTPSConnection object at 0x00000232C40C9E20>: Failed to resolve 'a0.muscache.com' ([Errno 11001] getaddrinfo failed)""))"
28712523,https://a0.muscache.com/pictures/a23a3547-9660-4dd1-850c-694f36bab2a4.jpg,failed_timeout_or_error,,,0,0,0,,,"HTTPSConnectionPool(host='a0.muscache.com', port=443): Max retries exceeded with url: /pictures/a23a3547-9660-4dd1-850c-694f36bab2a4.jpg (Caused by NameResolutionError(""<urllib3.connection.HTTPSConnection object at 0x00000232C41A5250>: Failed to resolve 'a0.muscache.com' ([Errno 11001] getaddrinfo failed)""))"
29301481,https://a0.muscache.com/pictures/prohost-api/Hosting-29301481/original/840d1cf0-9503-4c49-a380-a1fd8fb7046c.jpeg,failed_timeout_or_error,,,0,0,0,,,"HTTPSConnectionPool(host='a0.muscache.com', port=443): Max retries exceeded with url: /pictures/prohost-api/Hosting-29301481/original/840d1cf0-9503-4c49-a380-a1fd8fb7046c.jpeg (Caused by NameResolutionError(""<urllib3.connection.HTTPSConnection object at 0x00000232C40C8D40>: Failed to resolve 'a0.muscache.com' ([Errno 11001] getaddrinfo failed)""))"
28544931,https://a0.muscache.com/pictures/647ff56b-46b5-476b-86ef-571ea65fe474.jpg,failed_timeout_or_error,,,0,0,0,,,"HTTPSConnectionPool(host='a0.muscache.com', port=443): Max retries exceeded with url: /pictures/647ff56b-46b5-476b-86ef-571ea65fe474.jpg (Caused by NameResolutionError(""<urllib3.connection.HTTPSConnection object at 0x00000232C41DAAB0>: Failed to resolve 'a0.muscache.com' ([Errno 11001] getaddrinfo failed)""))"
27645716,https://a0.muscache.com/pictures/d384b4a9-a040-49be-9bca-75fc68d25845.jpg,failed_timeout_or_error,,,0,0,0,,,"HTTPSConnectionPool(host='a0.muscache.com', port=443): Max retries exceeded with url: /pictures/d384b4a9-a040-49be-9bca-75fc68d25845.jpg (Caused by NameResolutionError(""<urllib3.connection.HTTPSConnection object at 0x00000232C4069C40>: Failed to resolve 'a0.muscache.com' ([Errno 11001] getaddrinfo failed)""))"
28838800,https://a0.muscache.com/pictures/miso/Hosting-28838800/original/ec572431-63c6-4b0b-8d1b-d3e27fb3a8a0.jpeg,failed_timeout_or_error,,,0,0,0,,,"HTTPSConnectionPool(host='a0.muscache.com', port=443): Max retries exceeded with url: /pictures/miso/Hosting-28838800/original/ec572431-63c6-4b0b-8d1b-d3e27fb3a8a0.jpeg (Caused by NameResolutionError(""<urllib3.connection.HTTPSConnection object at 0x00000232C406AE10>: Failed to resolve 'a0.muscache.com' ([Errno 11001] getaddrinfo failed)""))"
29793507,https://a0.muscache.com/pictures/miso/Hosting-29793507/original/446011bd-d47a-4a77-b7a1-c29e7f0fcdaa.png,failed_timeout_or_error,,,0,0,0,,,"HTTPSConnectionPool(host='a0.muscache.com', port=443): Max retries exceeded with url: /pictures/miso/Hosting-29793507/original/446011bd-d47a-4a77-b7a1-c29e7f0fcdaa.png (Caused by NameResolutionError(""<urllib3.connection.HTTPSConnection object at 0x00000232C4068C50>: Failed to resolve 'a0.muscache.com' ([Errno 11001] getaddrinfo failed)""))"
29680084,https://a0.muscache.com/pictures/miso/Hosting-29680084/original/23f4aa5e-1425-422d-8701-d7f9b141ddac.jpeg,failed_timeout_or_error,,,0,0,0,,,"HTTPSConnectionPool(host='a0.muscache.com', port=443): Max retries exceeded with url: /pictures/miso/Hosting-29680084/original/23f4aa5e-1425-422d-8701-d7f9b141ddac.jpeg (Caused by NameResolutionError(""<urllib3.connection.HTTPSConnection object at 0x00000232C3CB6B70>: Failed to resolve 'a0.muscache.com' ([Errno 11001] getaddrinfo failed)""))"
29886393,https://a0.muscache.com/pictures/prohost-api/Hosting-29886393/original/951f47ae-459d-4fd5-8f3a-66a8ea9c3fc9.jpeg,failed_timeout_or_error,,,0,0,0,,,"HTTPSConnectionPool(host='a0.muscache.com', port=443): Max retries exceeded with url: /pictures/prohost-api/Hosting-29886393/original/951f47ae-459d-4fd5-8f3a-66a8ea9c3fc9.jpeg (Caused by NameResolutionError(""<urllib3.connection.HTTPSConnection object at 0x00000232C41DB050>: Failed to resolve 'a0.muscache.com' ([Errno 11001] getaddrinfo failed)""))"
29482441,https://a0.muscache.com/pictures/prohost-api/Hosting-29482441/original/a2b1ccb6-958e-41dd-9f87-72ac81418bf6.jpeg,failed_timeout_or_error,,,0,0,0,,,"HTTPSConnectionPool(host='a0.muscache.com', port=443): Max retries exceeded with url: /pictures/prohost-api/Hosting-29482441/original/a2b1ccb6-958e-41dd-9f87-72ac81418bf6.jpeg (Caused by NameResolutionError(""<urllib3.connection.HTTPSConnection object at 0x00000232C3B0E3F0>: Failed to resolve 'a0.muscache.com' ([Errno 11001] getaddrinfo failed)""))"
30069015,https://a0.muscache.com/pictures/6fac4624-9dc4-4871-845d-2cb3a6d60f95.jpg,failed_timeout_or_error,,,0,0,0,,,"HTTPSConnectionPool(host='a0.muscache.com', port=443): Max retries exceeded with url: /pictures/6fac4624-9dc4-4871-845d-2cb3a6d60f95.jpg (Caused by NameResolutionError(""<urllib3.connection.HTTPSConnection object at 0x00000232C3CB5100>: Failed to resolve 'a0.muscache.com' ([Errno 11001] getaddrinfo failed)""))"
30200015,https://a0.muscache.com/pictures/51be90c4-738f-4048-8cf7-2db5ea5bc3dd.jpg,failed_timeout_or_error,,,0,0,0,,,"HTTPSConnectionPool(host='a0.muscache.com', port=443): Max retries exceeded with url: /pictures/51be90c4-738f-4048-8cf7-2db5ea5bc3dd.jpg (Caused by NameResolutionError(""<urllib3.connection.HTTPSConnection object at 0x00000232C398C080>: Failed to resolve 'a0.muscache.com' ([Errno 11001] getaddrinfo failed)""))"
27931927,https://a0.muscache.com/pictures/e8ee575d-c578-4e93-a4c2-ae6252799748.jpg,failed_timeout_or_error,,,0,0,0,,,"HTTPSConnectionPool(host='a0.muscache.com', port=443): Max retries exceeded with url: /pictures/e8ee575d-c578-4e93-a4c2-ae6252799748.jpg (Caused by NameResolutionError(""<urllib3.connection.HTTPSConnection object at 0x00000232C406A300>: Failed to resolve 'a0.muscache.com' ([Errno 11001] getaddrinfo failed)""))"
30126158,https://a0.muscache.com/pictures/1ea2c88f-bb40-41cf-aef2-2a7bd0590772.jpg,failed_timeout_or_error,,,0,0,0,,,"HTTPSConnectionPool(host='a0.muscache.com', port=443): Max retries exceeded with url: /pictures/1ea2c88f-bb40-41cf-aef2-2a7bd0590772.jpg (Caused by NameResolutionError(""<urllib3.connection.HTTPSConnection object at 0x00000232C406B590>: Failed to resolve 'a0.muscache.com' ([Errno 11001] getaddrinfo failed)""))"
30103018,https://a0.muscache.com/pictures/prohost-api/Hosting-30103018/original/53238011-c82b-4752-9e7e-ab6c86e6ea83.jpeg,failed_timeout_or_error,,,0,0,0,,,"HTTPSConnectionPool(host='a0.muscache.com', port=443): Max retries exceeded with url: /pictures/prohost-api/Hosting-30103018/original/53238011-c82b-4752-9e7e-ab6c86e6ea83.jpeg (Caused by NameResolutionError(""<urllib3.connection.HTTPSConnection object at 0x00000232C3AB5E80>: Failed to resolve 'a0.muscache.com' ([Errno 11001] getaddrinfo failed)""))"
30043315,https://a0.muscache.com/pictures/f9cfb3cb-6399-48a7-8d6e-7231aa4da72c.jpg,failed_timeout_or_error,,,0,0,0,,,"HTTPSConnectionPool(host='a0.muscache.com', port=443): Max retries exceeded with url: /pictures/f9cfb3cb-6399-48a7-8d6e-7231aa4da72c.jpg (Caused by NameResolutionError(""<urllib3.connection.HTTPSConnection object at 0x00000232C41DB5C0>: Failed to resolve 'a0.muscache.com' ([Errno 11001] getaddrinfo failed)""))"
29491343,https://a0.muscache.com/pictures/miso/Hosting-29491343/original/14e48590-bfad-4b46-8e46-cd580024d8aa.jpeg,failed_timeout_or_error,,,0,0,0,,,"HTTPSConnectionPool(host='a0.muscache.com', port=443): Max retries exceeded with url: /pictures/miso/Hosting-29491343/original/14e48590-bfad-4b46-8e46-cd580024d8aa.jpeg (Caused by NameResolutionError(""<urllib3.connection.HTTPSConnection object at 0x00000232C40FBE30>: Failed to resolve 'a0.muscache.com' ([Errno 11001] getaddrinfo failed)""))"
30247995,https://a0.muscache.com/pictures/364164c1-7e26-4dd8-ad8e-286c065da58e.jpg,failed_timeout_or_error,,,0,0,0,,,"HTTPSConnectionPool(host='a0.muscache.com', port=443): Max retries exceeded with url: /pictures/364164c1-7e26-4dd8-ad8e-286c065da58e.jpg (Caused by NameResolutionError(""<urllib3.connection.HTTPSConnection object at 0x00000232C40CB4A0>: Failed to resolve 'a0.muscache.com' ([Errno 11001] getaddrinfo failed)""))"
30530457,https://a0.muscache.com/pictures/f8bb946b-bc9c-4cda-9686-6d75ca45c062.jpg,failed_timeout_or_error,,,0,0,0,,,"HTTPSConnectionPool(host='a0.muscache.com', port=443): Max retries exceeded with url: /pictures/f8bb946b-bc9c-4cda-9686-6d75ca45c062.jpg (Caused by NameResolutionError(""<urllib3.connection.HTTPSConnection object at 0x00000232C40CA180>: Failed to resolve 'a0.muscache.com' ([Errno 11001] getaddrinfo failed)""))"
30509573,https://a0.muscache.com/pictures/miso/Hosting-30509573/original/22e55a1d-9a27-4e98-afe3-2aebeafff967.jpeg,failed_timeout_or_error,,,0,0,0,,,"HTTPSConnectionPool(host='a0.muscache.com', port=443): Max retries exceeded with url: /pictures/miso/Hosting-30509573/original/22e55a1d-9a27-4e98-afe3-2aebeafff967.jpeg (Caused by NameResolutionError(""<urllib3.connection.HTTPSConnection object at 0x00000232C40696A0>: Failed to resolve 'a0.muscache.com' ([Errno 11001] getaddrinfo failed)""))"
31186872,https://a0.muscache.com/pictures/2b20ff64-2df2-4834-8587-581158414936.jpg,failed_timeout_or_error,,,0,0,0,,,"HTTPSConnectionPool(host='a0.muscache.com', port=443): Max retries exceeded with url: /pictures/2b20ff64-2df2-4834-8587-581158414936.jpg (Caused by NameResolutionError(""<urllib3.connection.HTTPSConnection object at 0x00000232C40FBAA0>: Failed to resolve 'a0.muscache.com' ([Errno 11001] getaddrinfo failed)""))"
30467126,https://a0.muscache.com/pictures/9a861cbb-4851-4bde-bd77-c413922de707.jpg,failed_timeout_or_error,,,0,0,0,,,"HTTPSConnectionPool(host='a0.muscache.com', port=443): Max retries exceeded with url: /pictures/9a861cbb-4851-4bde-bd77-c413922de707.jpg (Caused by NameResolutionError(""<urllib3.connection.HTTPSConnection object at 0x00000232C406B680>: Failed to resolve 'a0.muscache.com' ([Errno 11001] getaddrinfo failed)""))"
30565966,https://a0.muscache.com/pictures/a629ed48-434c-49ae-b147-38a1c52c52aa.jpg,failed_timeout_or_error,,,0,0,0,,,"HTTPSConnectionPool(host='a0.muscache.com', port=443): Max retries exceeded with url: /pictures/a629ed48-434c-49ae-b147-38a1c52c52aa.jpg (Caused by NameResolutionError(""<urllib3.connection.HTTPSConnection object at 0x00000232C40CB110>: Failed to resolve 'a0.muscache.com' ([Errno 11001] getaddrinfo failed)""))"
30533902,https://a0.muscache.com/pictures/miso/Hosting-30533902/original/975ae2f5-6a2c-41c3-b4dc-b66d1614be62.jpeg,failed_timeout_or_error,,,0,0,0,,,"HTTPSConnectionPool(host='a0.muscache.com', port=443): Max retries exceeded with url: /pictures/miso/Hosting-30533902/original/975ae2f5-6a2c-41c3-b4dc-b66d1614be62.jpeg (Caused by NameResolutionError(""<urllib3.connection.HTTPSConnection object at 0x00000232C3C84320>: Failed to resolve 'a0.muscache.com' ([Errno 11001] getaddrinfo failed)""))"
31260089,https://a0.muscache.com/pictures/miso/Hosting-31260089/original/112ca18b-9896-47b1-825c-b7beeafb52da.jpeg,failed_timeout_or_error,,,0,0,0,,,"HTTPSConnectionPool(host='a0.muscache.com', port=443): Max retries exceeded with url: /pictures/miso/Hosting-31260089/original/112ca18b-9896-47b1-825c-b7beeafb52da.jpeg (Caused by NameResolutionError(""<urllib3.connection.HTTPSConnection object at 0x00000232C3CB4B60>: Failed to resolve 'a0.muscache.com' ([Errno 11001] getaddrinfo failed)""))"
31089456,https://a0.muscache.com/pictures/173638f8-cc54-44ab-833e-a4e2555d3db7.jpg,failed_timeout_or_error,,,0,0,0,,,"HTTPSConnectionPool(host='a0.muscache.com', port=443): Max retries exceeded with url: /pictures/173638f8-cc54-44ab-833e-a4e2555d3db7.jpg (Caused by NameResolutionError(""<urllib3.connection.HTTPSConnection object at 0x00000232C3CE7470>: Failed to resolve 'a0.muscache.com' ([Errno 11001] getaddrinfo failed)""))"
30376123,https://a0.muscache.com/pictures/d29c1ad1-d53e-4854-a607-c89a83d9feb9.jpg,failed_timeout_or_error,,,0,0,0,,,"HTTPSConnectionPool(host='a0.muscache.com', port=443): Max retries exceeded with url: /pictures/d29c1ad1-d53e-4854-a607-c89a83d9feb9.jpg (Caused by NameResolutionError(""<urllib3.connection.HTTPSConnection object at 0x00000232C41DB860>: Failed to resolve 'a0.muscache.com' ([Errno 11001] getaddrinfo failed)""))"
31087353,https://a0.muscache.com/pictures/miso/Hosting-31087353/original/b7b05dbf-4896-4f0b-b466-bf50c2f77764.jpeg,failed_timeout_or_error,,,0,0,0,,,"HTTPSConnectionPool(host='a0.muscache.com', port=443): Max retries exceeded with url: /pictures/miso/Hosting-31087353/original/b7b05dbf-4896-4f0b-b466-bf50c2f77764.jpeg (Caused by NameResolutionError(""<urllib3.connection.HTTPSConnection object at 0x00000232C3B19F40>: Failed to resolve 'a0.muscache.com' ([Errno 11001] getaddrinfo failed)""))"
30085585,https://a0.muscache.com/pictures/c50f5f13-7e4c-4ee7-95fc-514e90a58a3c.jpg,failed_timeout_or_error,,,0,0,0,,,"HTTPSConnectionPool(host='a0.muscache.com', port=443): Max retries exceeded with url: /pictures/c50f5f13-7e4c-4ee7-95fc-514e90a58a3c.jpg (Caused by NameResolutionError(""<urllib3.connection.HTTPSConnection object at 0x00000232C33871A0>: Failed to resolve 'a0.muscache.com' ([Errno 11001] getaddrinfo failed)""))"
31071936,https://a0.muscache.com/pictures/9d8adb39-4882-4ff4-99e3-d0e1d817a26e.jpg,failed_timeout_or_error,,,0,0,0,,,"HTTPSConnectionPool(host='a0.muscache.com', port=443): Max retries exceeded with url: /pictures/9d8adb39-4882-4ff4-99e3-d0e1d817a26e.jpg (Caused by NameResolutionError(""<urllib3.connection.HTTPSConnection object at 0x00000232C3CB6960>: Failed to resolve 'a0.muscache.com' ([Errno 11001] getaddrinfo failed)""))"
31337044,https://a0.muscache.com/pictures/6a3e399c-ab4e-432d-b27f-97b1e62b2a67.jpg,failed_timeout_or_error,,,0,0,0,,,"HTTPSConnectionPool(host='a0.muscache.com', port=443): Max retries exceeded with url: /pictures/6a3e399c-ab4e-432d-b27f-97b1e62b2a67.jpg (Caused by NameResolutionError(""<urllib3.connection.HTTPSConnection object at 0x00000232C3CE7D70>: Failed to resolve 'a0.muscache.com' ([Errno 11001] getaddrinfo failed)""))"
31241544,https://a0.muscache.com/pictures/ca0bc85d-8215-4f1c-8714-25ab770db7b1.jpg,failed_timeout_or_error,,,0,0,0,,,"HTTPSConnectionPool(host='a0.muscache.com', port=443): Max retries exceeded with url: /pictures/ca0bc85d-8215-4f1c-8714-25ab770db7b1.jpg (Caused by NameResolutionError(""<urllib3.connection.HTTPSConnection object at 0x00000232C3CE6900>: Failed to resolve 'a0.muscache.com' ([Errno 11001] getaddrinfo failed)""))"
31219623,https://a0.muscache.com/pictures/6b394b34-53b2-4e42-9ea7-5be0bf32f92a.jpg,failed_timeout_or_error,,,0,0,0,,,"HTTPSConnectionPool(host='a0.muscache.com', port=443): Max retries exceeded with url: /pictures/6b394b34-53b2-4e42-9ea7-5be0bf32f92a.jpg (Caused by NameResolutionError(""<urllib3.connection.HTTPSConnection object at 0x00000232C40C9130>: Failed to resolve 'a0.muscache.com' ([Errno 11001] getaddrinfo failed)""))"
31318561,https://a0.muscache.com/pictures/prohost-api/Hosting-31318561/original/c705561d-3b40-4be7-bc41-0c36dafd7043.jpeg,failed_timeout_or_error,,,0,0,0,,,"HTTPSConnectionPool(host='a0.muscache.com', port=443): Max retries exceeded with url: /pictures/prohost-api/Hosting-31318561/original/c705561d-3b40-4be7-bc41-0c36dafd7043.jpeg (Caused by NameResolutionError(""<urllib3.connection.HTTPSConnection object at 0x00000232C3B1A8A0>: Failed to resolve 'a0.muscache.com' ([Errno 11001] getaddrinfo failed)""))"
31380319,https://a0.muscache.com/pictures/b92f8cc3-4c13-4ffc-8840-d7d3f2311088.jpg,failed_timeout_or_error,,,0,0,0,,,"HTTPSConnectionPool(host='a0.muscache.com', port=443): Max retries exceeded with url: /pictures/b92f8cc3-4c13-4ffc-8840-d7d3f2311088.jpg (Caused by NameResolutionError(""<urllib3.connection.HTTPSConnection object at 0x00000232C3AB7560>: Failed to resolve 'a0.muscache.com' ([Errno 11001] getaddrinfo failed)""))"
31327477,https://a0.muscache.com/pictures/7ebddb3a-1e94-4e11-ab33-1998dd68fc12.jpg,failed_timeout_or_error,,,0,0,0,,,"HTTPSConnectionPool(host='a0.muscache.com', port=443): Max retries exceeded with url: /pictures/7ebddb3a-1e94-4e11-ab33-1998dd68fc12.jpg (Caused by NameResolutionError(""<urllib3.connection.HTTPSConnection object at 0x00000232C3AB5400>: Failed to resolve 'a0.muscache.com' ([Errno 11001] getaddrinfo failed)""))"
30853857,https://a0.muscache.com/pictures/10c4d37a-0ea1-4e31-b41b-1146c818c53c.jpg,failed_timeout_or_error,,,0,0,0,,,"HTTPSConnectionPool(host='a0.muscache.com', port=443): Max retries exceeded with url: /pictures/10c4d37a-0ea1-4e31-b41b-1146c818c53c.jpg (Caused by NameResolutionError(""<urllib3.connection.HTTPSConnection object at 0x00000232C3CB5C40>: Failed to resolve 'a0.muscache.com' ([Errno 11001] getaddrinfo failed)""))"
30766159,https://a0.muscache.com/pictures/miso/Hosting-30766159/original/17a0b3bd-6a98-4486-a06a-ad461760eddc.jpeg,failed_timeout_or_error,,,0,0,0,,,"HTTPSConnectionPool(host='a0.muscache.com', port=443): Max retries exceeded with url: /pictures/miso/Hosting-30766159/original/17a0b3bd-6a98-4486-a06a-ad461760eddc.jpeg (Caused by NameResolutionError(""<urllib3.connection.HTTPSConnection object at 0x00000232C3C874A0>: Failed to resolve 'a0.muscache.com' ([Errno 11001] getaddrinfo failed)""))"
31318564,https://a0.muscache.com/pictures/prohost-api/Hosting-31318564/original/e66f25a9-2ce0-4069-be23-b42a6d004bed.jpeg,failed_timeout_or_error,,,0,0,0,,,"HTTPSConnectionPool(host='a0.muscache.com', port=443): Max retries exceeded with url: /pictures/prohost-api/Hosting-31318564/original/e66f25a9-2ce0-4069-be23-b42a6d004bed.jpeg (Caused by NameResolutionError(""<urllib3.connection.HTTPSConnection object at 0x00000232C3C0A7B0>: Failed to resolve 'a0.muscache.com' ([Errno 11001] getaddrinfo failed)""))"
31318559,https://a0.muscache.com/pictures/prohost-api/Hosting-31318559/original/83c03d6f-5c0c-472c-ac82-4ec9854cd65c.jpeg,failed_timeout_or_error,,,0,0,0,,,"HTTPSConnectionPool(host='a0.muscache.com', port=443): Max retries exceeded with url: /pictures/prohost-api/Hosting-31318559/original/83c03d6f-5c0c-472c-ac82-4ec9854cd65c.jpeg (Caused by NameResolutionError(""<urllib3.connection.HTTPSConnection object at 0x00000232C3C0A4E0>: Failed to resolve 'a0.muscache.com' ([Errno 11001] getaddrinfo failed)""))"
31208516,https://a0.muscache.com/pictures/airflow/Hosting-31208516/original/11155c29-e2b7-40db-8f55-a0ff5be83ea0.jpg,failed_timeout_or_error,,,0,0,0,,,"HTTPSConnectionPool(host='a0.muscache.com', port=443): Max retries exceeded with url: /pictures/airflow/Hosting-31208516/original/11155c29-e2b7-40db-8f55-a0ff5be83ea0.jpg (Caused by NameResolutionError(""<urllib3.connection.HTTPSConnection object at 0x00000232C40C8560>: Failed to resolve 'a0.muscache.com' ([Errno 11001] getaddrinfo failed)""))"
31018757,https://a0.muscache.com/pictures/b3f7640f-b2e4-4474-b890-708e4803bbb1.jpg,failed_timeout_or_error,,,0,0,0,,,"HTTPSConnectionPool(host='a0.muscache.com', port=443): Max retries exceeded with url: /pictures/b3f7640f-b2e4-4474-b890-708e4803bbb1.jpg (Caused by NameResolutionError(""<urllib3.connection.HTTPSConnection object at 0x00000232C406B980>: Failed to resolve 'a0.muscache.com' ([Errno 11001] getaddrinfo failed)""))"
31318562,https://a0.muscache.com/pictures/prohost-api/Hosting-31318562/original/9702a2b1-e50d-4b2e-81eb-377c91b13bc1.jpeg,failed_timeout_or_error,,,0,0,0,,,"HTTPSConnectionPool(host='a0.muscache.com', port=443): Max retries exceeded with url: /pictures/prohost-api/Hosting-31318562/original/9702a2b1-e50d-4b2e-81eb-377c91b13bc1.jpeg (Caused by NameResolutionError(""<urllib3.connection.HTTPSConnection object at 0x00000232C4068F50>: Failed to resolve 'a0.muscache.com' ([Errno 11001] getaddrinfo failed)""))"
30558665,https://a0.muscache.com/pictures/6142e6f3-4228-4a7d-9786-26782b2979a9.jpg,failed_timeout_or_error,,,0,0,0,,,"HTTPSConnectionPool(host='a0.muscache.com', port=443): Max retries exceeded with url: /pictures/6142e6f3-4228-4a7d-9786-26782b2979a9.jpg (Caused by NameResolutionError(""<urllib3.connection.HTTPSConnection object at 0x00000232C3AB7410>: Failed to resolve 'a0.muscache.com' ([Errno 11001] getaddrinfo failed)""))"
31318560,https://a0.muscache.com/pictures/prohost-api/Hosting-31318560/original/2d0e614b-8585-457a-afff-886cc642ab82.jpeg,failed_timeout_or_error,,,0,0,0,,,"HTTPSConnectionPool(host='a0.muscache.com', port=443): Max retries exceeded with url: /pictures/prohost-api/Hosting-31318560/original/2d0e614b-8585-457a-afff-886cc642ab82.jpeg (Caused by NameResolutionError(""<urllib3.connection.HTTPSConnection object at 0x00000232C3AB54F0>: Failed to resolve 'a0.muscache.com' ([Errno 11001] getaddrinfo failed)""))"
30914894,https://a0.muscache.com/pictures/miso/Hosting-30914894/original/2338c828-fa4c-4c9d-ae86-415d2b5a9b42.jpeg,failed_timeout_or_error,,,0,0,0,,,"HTTPSConnectionPool(host='a0.muscache.com', port=443): Max retries exceeded with url: /pictures/miso/Hosting-30914894/original/2338c828-fa4c-4c9d-ae86-415d2b5a9b42.jpeg (Caused by NameResolutionError(""<urllib3.connection.HTTPSConnection object at 0x00000232C3CB4200>: Failed to resolve 'a0.muscache.com' ([Errno 11001] getaddrinfo failed)""))"
31318566,https://a0.muscache.com/pictures/prohost-api/Hosting-31318566/original/c815e3de-35ff-4d5d-bac0-87e0ba3c5a9b.jpeg,failed_timeout_or_error,,,0,0,0,,,"HTTPSConnectionPool(host='a0.muscache.com', port=443): Max retries exceeded with url: /pictures/prohost-api/Hosting-31318566/original/c815e3de-35ff-4d5d-bac0-87e0ba3c5a9b.jpeg (Caused by NameResolutionError(""<urllib3.connection.HTTPSConnection object at 0x00000232C3AB4A70>: Failed to resolve 'a0.muscache.com' ([Errno 11001] getaddrinfo failed)""))"
31407515,https://a0.muscache.com/pictures/5d970e05-30b8-439d-b3ff-40332b3953aa.jpg,failed_timeout_or_error,,,0,0,0,,,"HTTPSConnectionPool(host='a0.muscache.com', port=443): Max retries exceeded with url: /pictures/5d970e05-30b8-439d-b3ff-40332b3953aa.jpg (Caused by NameResolutionError(""<urllib3.connection.HTTPSConnection object at 0x00000232C40F93D0>: Failed to resolve 'a0.muscache.com' ([Errno 11001] getaddrinfo failed)""))"
31460257,https://a0.muscache.com/pictures/76e63a6d-5422-4322-b314-f671b388089d.jpg,failed_timeout_or_error,,,0,0,0,,,"HTTPSConnectionPool(host='a0.muscache.com', port=443): Max retries exceeded with url: /pictures/76e63a6d-5422-4322-b314-f671b388089d.jpg (Caused by NameResolutionError(""<urllib3.connection.HTTPSConnection object at 0x00000232C41A53D0>: Failed to resolve 'a0.muscache.com' ([Errno 11001] getaddrinfo failed)""))"
31681784,https://a0.muscache.com/pictures/prohost-api/Hosting-31681784/original/88ae9328-9dd2-4706-9900-965baedb368f.jpeg,failed_timeout_or_error,,,0,0,0,,,"HTTPSConnectionPool(host='a0.muscache.com', port=443): Max retries exceeded with url: /pictures/prohost-api/Hosting-31681784/original/88ae9328-9dd2-4706-9900-965baedb368f.jpeg (Caused by NameResolutionError(""<urllib3.connection.HTTPSConnection object at 0x00000232C40FBEF0>: Failed to resolve 'a0.muscache.com' ([Errno 11001] getaddrinfo failed)""))"
31612713,https://a0.muscache.com/pictures/miso/Hosting-31612713/original/b1d42140-6eea-436e-84a4-9323d8ace8bf.jpeg,failed_timeout_or_error,,,0,0,0,,,"HTTPSConnectionPool(host='a0.muscache.com', port=443): Max retries exceeded with url: /pictures/miso/Hosting-31612713/original/b1d42140-6eea-436e-84a4-9323d8ace8bf.jpeg (Caused by NameResolutionError(""<urllib3.connection.HTTPSConnection object at 0x00000232C40F9A60>: Failed to resolve 'a0.muscache.com' ([Errno 11001] getaddrinfo failed)""))"
31414815,https://a0.muscache.com/pictures/0e798e57-b0e8-4d56-95f3-96b4a26e0150.jpg,failed_timeout_or_error,,,0,0,0,,,"HTTPSConnectionPool(host='a0.muscache.com', port=443): Max retries exceeded with url: /pictures/0e798e57-b0e8-4d56-95f3-96b4a26e0150.jpg (Caused by NameResolutionError(""<urllib3.connection.HTTPSConnection object at 0x00000232C3AB45F0>: Failed to resolve 'a0.muscache.com' ([Errno 11001] getaddrinfo failed)""))"
31681780,https://a0.muscache.com/pictures/prohost-api/Hosting-31681780/original/471a04be-20c1-4bdc-9bf5-f3e04ef00f06.jpeg,failed_timeout_or_error,,,0,0,0,,,"HTTPSConnectionPool(host='a0.muscache.com', port=443): Max retries exceeded with url: /pictures/prohost-api/Hosting-31681780/original/471a04be-20c1-4bdc-9bf5-f3e04ef00f06.jpeg (Caused by NameResolutionError(""<urllib3.connection.HTTPSConnection object at 0x00000232C40FA6C0>: Failed to resolve 'a0.muscache.com' ([Errno 11001] getaddrinfo failed)""))"
31412553,https://a0.muscache.com/pictures/dee39d85-1864-4437-bd70-9513912c0351.jpg,failed_timeout_or_error,,,0,0,0,,,"HTTPSConnectionPool(host='a0.muscache.com', port=443): Max retries exceeded with url: /pictures/dee39d85-1864-4437-bd70-9513912c0351.jpg (Caused by NameResolutionError(""<urllib3.connection.HTTPSConnection object at 0x00000232C40FB4D0>: Failed to resolve 'a0.muscache.com' ([Errno 11001] getaddrinfo failed)""))"
31648019,https://a0.muscache.com/pictures/2e9151bf-d5d7-4d18-9995-ef4f52154198.jpg,failed_timeout_or_error,,,0,0,0,,,"HTTPSConnectionPool(host='a0.muscache.com', port=443): Max retries exceeded with url: /pictures/2e9151bf-d5d7-4d18-9995-ef4f52154198.jpg (Caused by NameResolutionError(""<urllib3.connection.HTTPSConnection object at 0x00000232C40F90A0>: Failed to resolve 'a0.muscache.com' ([Errno 11001] getaddrinfo failed)""))"
31565062,https://a0.muscache.com/pictures/miso/Hosting-31565062/original/d0993cf8-c054-4ed5-b9d9-20f5b69e9afe.jpeg,failed_timeout_or_error,,,0,0,0,,,"HTTPSConnectionPool(host='a0.muscache.com', port=443): Max retries exceeded with url: /pictures/miso/Hosting-31565062/original/d0993cf8-c054-4ed5-b9d9-20f5b69e9afe.jpeg (Caused by NameResolutionError(""<urllib3.connection.HTTPSConnection object at 0x00000232C3AB6270>: Failed to resolve 'a0.muscache.com' ([Errno 11001] getaddrinfo failed)""))"
31516196,https://a0.muscache.com/pictures/95c71fe1-5ab1-4d01-ac82-88d6fa1a8bb5.jpg,failed_timeout_or_error,,,0,0,0,,,"HTTPSConnectionPool(host='a0.muscache.com', port=443): Max retries exceeded with url: /pictures/95c71fe1-5ab1-4d01-ac82-88d6fa1a8bb5.jpg (Caused by NameResolutionError(""<urllib3.connection.HTTPSConnection object at 0x00000232C40F9AF0>: Failed to resolve 'a0.muscache.com' ([Errno 11001] getaddrinfo failed)""))"
31511845,https://a0.muscache.com/pictures/pro_photo_tool/Hosting-31511845-unapproved/original/daca5229-9ce4-4b1b-a884-1e97423b93e6.JPEG,failed_timeout_or_error,,,0,0,0,,,"HTTPSConnectionPool(host='a0.muscache.com', port=443): Max retries exceeded with url: /pictures/pro_photo_tool/Hosting-31511845-unapproved/original/daca5229-9ce4-4b1b-a884-1e97423b93e6.JPEG (Caused by NameResolutionError(""<urllib3.connection.HTTPSConnection object at 0x00000232C40FB560>: Failed to resolve 'a0.muscache.com' ([Errno 11001] getaddrinfo failed)""))"
31922944,https://a0.muscache.com/pictures/hosting/Hosting-31922944/original/b9562609-2b7e-4502-874c-0f0becb97530.jpeg,failed_timeout_or_error,,,0,0,0,,,"HTTPSConnectionPool(host='a0.muscache.com', port=443): Max retries exceeded with url: /pictures/hosting/Hosting-31922944/original/b9562609-2b7e-4502-874c-0f0becb97530.jpeg (Caused by NameResolutionError(""<urllib3.connection.HTTPSConnection object at 0x00000232C3C84050>: Failed to resolve 'a0.muscache.com' ([Errno 11001] getaddrinfo failed)""))"
31681782,https://a0.muscache.com/pictures/prohost-api/Hosting-31681782/original/7ebcd465-3c65-4991-8410-f2beb0beba53.jpeg,failed_timeout_or_error,,,0,0,0,,,"HTTPSConnectionPool(host='a0.muscache.com', port=443): Max retries exceeded with url: /pictures/prohost-api/Hosting-31681782/original/7ebcd465-3c65-4991-8410-f2beb0beba53.jpeg (Caused by NameResolutionError(""<urllib3.connection.HTTPSConnection object at 0x00000232C40FB260>: Failed to resolve 'a0.muscache.com' ([Errno 11001] getaddrinfo failed)""))"
32671236,https://a0.muscache.com/pictures/miso/Hosting-32671236/original/2d8cc680-b849-4667-b8c8-3e8ffbe1304a.jpeg,failed_timeout_or_error,,,0,0,0,,,"HTTPSConnectionPool(host='a0.muscache.com', port=443): Max retries exceeded with url: /pictures/miso/Hosting-32671236/original/2d8cc680-b849-4667-b8c8-3e8ffbe1304a.jpeg (Caused by NameResolutionError(""<urllib3.connection.HTTPSConnection object at 0x00000232C40F9CD0>: Failed to resolve 'a0.muscache.com' ([Errno 11001] getaddrinfo failed)""))"
32134137,https://a0.muscache.com/pictures/prohost-api/Hosting-32134137/original/1e2f020d-32b9-4e89-8fea-9d0f5994325d.jpeg,failed_timeout_or_error,,,0,0,0,,,"HTTPSConnectionPool(host='a0.muscache.com', port=443): Max retries exceeded with url: /pictures/prohost-api/Hosting-32134137/original/1e2f020d-32b9-4e89-8fea-9d0f5994325d.jpeg (Caused by NameResolutionError(""<urllib3.connection.HTTPSConnection object at 0x00000232C3B1A4B0>: Failed to resolve 'a0.muscache.com' ([Errno 11001] getaddrinfo failed)""))"
31493518,https://a0.muscache.com/pictures/7dff4ea0-5c22-4842-ac86-d285d9ce224c.jpg,failed_timeout_or_error,,,0,0,0,,,"HTTPSConnectionPool(host='a0.muscache.com', port=443): Max retries exceeded with url: /pictures/7dff4ea0-5c22-4842-ac86-d285d9ce224c.jpg (Caused by NameResolutionError(""<urllib3.connection.HTTPSConnection object at 0x00000232C3CA6A50>: Failed to resolve 'a0.muscache.com' ([Errno 11001] getaddrinfo failed)""))"
32338208,https://a0.muscache.com/pictures/prohost-api/Hosting-32338208/original/39706919-28aa-4b51-bb68-cf5c9f9e41b4.jpeg,failed_timeout_or_error,,,0,0,0,,,"HTTPSConnectionPool(host='a0.muscache.com', port=443): Max retries exceeded with url: /pictures/prohost-api/Hosting-32338208/original/39706919-28aa-4b51-bb68-cf5c9f9e41b4.jpeg (Caused by NameResolutionError(""<urllib3.connection.HTTPSConnection object at 0x00000232C40C9400>: Failed to resolve 'a0.muscache.com' ([Errno 11001] getaddrinfo failed)""))"
32760750,https://a0.muscache.com/pictures/8b1e9911-5c69-434d-90b9-f0863046f2cb.jpg,failed_timeout_or_error,,,0,0,0,,,"HTTPSConnectionPool(host='a0.muscache.com', port=443): Max retries exceeded with url: /pictures/8b1e9911-5c69-434d-90b9-f0863046f2cb.jpg (Caused by NameResolutionError(""<urllib3.connection.HTTPSConnection object at 0x00000232C3CA77A0>: Failed to resolve 'a0.muscache.com' ([Errno 11001] getaddrinfo failed)""))"
31835900,https://a0.muscache.com/pictures/aba3c642-c83a-4835-9313-ce286c9598fb.jpg,failed_timeout_or_error,,,0,0,0,,,"HTTPSConnectionPool(host='a0.muscache.com', port=443): Max retries exceeded with url: /pictures/aba3c642-c83a-4835-9313-ce286c9598fb.jpg (Caused by NameResolutionError(""<urllib3.connection.HTTPSConnection object at 0x00000232C40CB9E0>: Failed to resolve 'a0.muscache.com' ([Errno 11001] getaddrinfo failed)""))"
32328388,https://a0.muscache.com/pictures/4bff36cf-d211-4627-9d8b-07ed3364a09a.jpg,failed_timeout_or_error,,,0,0,0,,,"HTTPSConnectionPool(host='a0.muscache.com', port=443): Max retries exceeded with url: /pictures/4bff36cf-d211-4627-9d8b-07ed3364a09a.jpg (Caused by NameResolutionError(""<urllib3.connection.HTTPSConnection object at 0x00000232C3CA5370>: Failed to resolve 'a0.muscache.com' ([Errno 11001] getaddrinfo failed)""))"
31693217,https://a0.muscache.com/pictures/0f1104cd-49d8-45a3-b8ea-4f4fa89cd19a.jpg,failed_timeout_or_error,,,0,0,0,,,"HTTPSConnectionPool(host='a0.muscache.com', port=443): Max retries exceeded with url: /pictures/0f1104cd-49d8-45a3-b8ea-4f4fa89cd19a.jpg (Caused by NameResolutionError(""<urllib3.connection.HTTPSConnection object at 0x00000232C3CA60F0>: Failed to resolve 'a0.muscache.com' ([Errno 11001] getaddrinfo failed)""))"
32739890,https://a0.muscache.com/pictures/a65cbe52-5df2-4f83-a354-862a58413016.jpg,failed_timeout_or_error,,,0,0,0,,,"HTTPSConnectionPool(host='a0.muscache.com', port=443): Max retries exceeded with url: /pictures/a65cbe52-5df2-4f83-a354-862a58413016.jpg (Caused by NameResolutionError(""<urllib3.connection.HTTPSConnection object at 0x00000232C40F9670>: Failed to resolve 'a0.muscache.com' ([Errno 11001] getaddrinfo failed)""))"
31922275,https://a0.muscache.com/pictures/54949faf-4eb4-463a-95b9-7461e40c651a.jpg,failed_timeout_or_error,,,0,0,0,,,"HTTPSConnectionPool(host='a0.muscache.com', port=443): Max retries exceeded with url: /pictures/54949faf-4eb4-463a-95b9-7461e40c651a.jpg (Caused by NameResolutionError(""<urllib3.connection.HTTPSConnection object at 0x00000232C3CA71D0>: Failed to resolve 'a0.muscache.com' ([Errno 11001] getaddrinfo failed)""))"
32301460,https://a0.muscache.com/pictures/prohost-api/Hosting-32301460/original/136e3603-ff7e-46fd-97b7-139de759f12e.jpeg,failed_timeout_or_error,,,0,0,0,,,"HTTPSConnectionPool(host='a0.muscache.com', port=443): Max retries exceeded with url: /pictures/prohost-api/Hosting-32301460/original/136e3603-ff7e-46fd-97b7-139de759f12e.jpeg (Caused by NameResolutionError(""<urllib3.connection.HTTPSConnection object at 0x00000232C3CA7A10>: Failed to resolve 'a0.muscache.com' ([Errno 11001] getaddrinfo failed)""))"
31902908,https://a0.muscache.com/pictures/bdb41509-8b33-429c-8adf-a1898b772252.jpg,failed_timeout_or_error,,,0,0,0,,,"HTTPSConnectionPool(host='a0.muscache.com', port=443): Max retries exceeded with url: /pictures/bdb41509-8b33-429c-8adf-a1898b772252.jpg (Caused by NameResolutionError(""<urllib3.connection.HTTPSConnection object at 0x00000232C3CA5EE0>: Failed to resolve 'a0.muscache.com' ([Errno 11001] getaddrinfo failed)""))"
31906884,https://a0.muscache.com/pictures/30bbd332-4acc-472b-a1ca-69d12f11b647.jpg,failed_timeout_or_error,,,0,0,0,,,"HTTPSConnectionPool(host='a0.muscache.com', port=443): Max retries exceeded with url: /pictures/30bbd332-4acc-472b-a1ca-69d12f11b647.jpg (Caused by NameResolutionError(""<urllib3.connection.HTTPSConnection object at 0x00000232C3B5DA60>: Failed to resolve 'a0.muscache.com' ([Errno 11001] getaddrinfo failed)""))"
31598200,https://a0.muscache.com/pictures/79a520b6-dae4-48e1-bf8e-a6a26cfd7156.jpg,failed_timeout_or_error,,,0,0,0,,,"HTTPSConnectionPool(host='a0.muscache.com', port=443): Max retries exceeded with url: /pictures/79a520b6-dae4-48e1-bf8e-a6a26cfd7156.jpg (Caused by NameResolutionError(""<urllib3.connection.HTTPSConnection object at 0x00000232C40F95B0>: Failed to resolve 'a0.muscache.com' ([Errno 11001] getaddrinfo failed)""))"
32607516,https://a0.muscache.com/pictures/37f87e8f-4193-478f-a2c8-e5ae2a9190a9.jpg,failed_timeout_or_error,,,0,0,0,,,"HTTPSConnectionPool(host='a0.muscache.com', port=443): Max retries exceeded with url: /pictures/37f87e8f-4193-478f-a2c8-e5ae2a9190a9.jpg (Caused by NameResolutionError(""<urllib3.connection.HTTPSConnection object at 0x00000232C40CB830>: Failed to resolve 'a0.muscache.com' ([Errno 11001] getaddrinfo failed)""))"
32107182,https://a0.muscache.com/pictures/miso/Hosting-32107182/original/ca34ccc6-91af-4a78-a8ac-b27e2c92b05c.jpeg,failed_timeout_or_error,,,0,0,0,,,"HTTPSConnectionPool(host='a0.muscache.com', port=443): Max retries exceeded with url: /pictures/miso/Hosting-32107182/original/ca34ccc6-91af-4a78-a8ac-b27e2c92b05c.jpeg (Caused by NameResolutionError(""<urllib3.connection.HTTPSConnection object at 0x00000232C40C9E80>: Failed to resolve 'a0.muscache.com' ([Errno 11001] getaddrinfo failed)""))"
32577436,https://a0.muscache.com/pictures/miso/Hosting-32577436/original/67ffc8bf-e9e2-4932-8d9d-a9adfa927145.jpeg,failed_timeout_or_error,,,0,0,0,,,"HTTPSConnectionPool(host='a0.muscache.com', port=443): Max retries exceeded with url: /pictures/miso/Hosting-32577436/original/67ffc8bf-e9e2-4932-8d9d-a9adfa927145.jpeg (Caused by NameResolutionError(""<urllib3.connection.HTTPSConnection object at 0x00000232C40CA120>: Failed to resolve 'a0.muscache.com' ([Errno 11001] getaddrinfo failed)""))"
32734094,https://a0.muscache.com/pictures/f314917a-d878-4c92-9565-af8590c4eb8c.jpg,failed_timeout_or_error,,,0,0,0,,,"HTTPSConnectionPool(host='a0.muscache.com', port=443): Max retries exceeded with url: /pictures/f314917a-d878-4c92-9565-af8590c4eb8c.jpg (Caused by NameResolutionError(""<urllib3.connection.HTTPSConnection object at 0x00000232C40FB290>: Failed to resolve 'a0.muscache.com' ([Errno 11001] getaddrinfo failed)""))"
32164395,https://a0.muscache.com/pictures/4c636731-3fc1-49be-a787-d193219ace81.jpg,failed_timeout_or_error,,,0,0,0,,,"HTTPSConnectionPool(host='a0.muscache.com', port=443): Max retries exceeded with url: /pictures/4c636731-3fc1-49be-a787-d193219ace81.jpg (Caused by NameResolutionError(""<urllib3.connection.HTTPSConnection object at 0x00000232C40F9130>: Failed to resolve 'a0.muscache.com' ([Errno 11001] getaddrinfo failed)""))"
32259212,https://a0.muscache.com/pictures/11fa778c-9a09-42d7-b087-4909a442977a.jpg,failed_timeout_or_error,,,0,0,0,,,"HTTPSConnectionPool(host='a0.muscache.com', port=443): Max retries exceeded with url: /pictures/11fa778c-9a09-42d7-b087-4909a442977a.jpg (Caused by NameResolutionError(""<urllib3.connection.HTTPSConnection object at 0x00000232C3C84320>: Failed to resolve 'a0.muscache.com' ([Errno 11001] getaddrinfo failed)""))"
32844335,https://a0.muscache.com/pictures/miso/Hosting-32844335/original/e9d40438-2f43-4249-ae68-446e51febacc.jpeg,failed_timeout_or_error,,,0,0,0,,,"HTTPSConnectionPool(host='a0.muscache.com', port=443): Max retries exceeded with url: /pictures/miso/Hosting-32844335/original/e9d40438-2f43-4249-ae68-446e51febacc.jpeg (Caused by NameResolutionError(""<urllib3.connection.HTTPSConnection object at 0x00000232C40C8DA0>: Failed to resolve 'a0.muscache.com' ([Errno 11001] getaddrinfo failed)""))"
32933835,https://a0.muscache.com/pictures/miso/Hosting-32933835/original/28c20a8f-74f7-4520-a72f-72ab1ff7d72f.jpeg,failed_timeout_or_error,,,0,0,0,,,"HTTPSConnectionPool(host='a0.muscache.com', port=443): Max retries exceeded with url: /pictures/miso/Hosting-32933835/original/28c20a8f-74f7-4520-a72f-72ab1ff7d72f.jpeg (Caused by NameResolutionError(""<urllib3.connection.HTTPSConnection object at 0x00000232C3CB47D0>: Failed to resolve 'a0.muscache.com' ([Errno 11001] getaddrinfo failed)""))"
32792238,https://a0.muscache.com/pictures/miso/Hosting-32792238/original/4c70307d-4649-40e2-bd40-32ec63e77bc7.jpeg,failed_timeout_or_error,,,0,0,0,,,"HTTPSConnectionPool(host='a0.muscache.com', port=443): Max retries exceeded with url: /pictures/miso/Hosting-32792238/original/4c70307d-4649-40e2-bd40-32ec63e77bc7.jpeg (Caused by NameResolutionError(""<urllib3.connection.HTTPSConnection object at 0x00000232C40CA9F0>: Failed to resolve 'a0.muscache.com' ([Errno 11001] getaddrinfo failed)""))"
32832815,https://a0.muscache.com/pictures/miso/Hosting-32832815/original/b61f2769-a0dd-4b4d-b632-0dd82852f775.jpeg,failed_timeout_or_error,,,0,0,0,,,"HTTPSConnectionPool(host='a0.muscache.com', port=443): Max retries exceeded with url: /pictures/miso/Hosting-32832815/original/b61f2769-a0dd-4b4d-b632-0dd82852f775.jpeg (Caused by NameResolutionError(""<urllib3.connection.HTTPSConnection object at 0x00000232C4068F50>: Failed to resolve 'a0.muscache.com' ([Errno 11001] getaddrinfo failed)""))"
32424479,https://a0.muscache.com/pictures/miso/Hosting-32424479/original/982220ab-edb8-4029-bc72-e62ccbbc4bf6.png,failed_timeout_or_error,,,0,0,0,,,"HTTPSConnectionPool(host='a0.muscache.com', port=443): Max retries exceeded with url: /pictures/miso/Hosting-32424479/original/982220ab-edb8-4029-bc72-e62ccbbc4bf6.png (Caused by NameResolutionError(""<urllib3.connection.HTTPSConnection object at 0x00000232C40CB290>: Failed to resolve 'a0.muscache.com' ([Errno 11001] getaddrinfo failed)""))"
33160534,https://a0.muscache.com/pictures/prohost-api/Hosting-33160534/original/ee65f0c6-f32d-49ec-a229-595622e23073.jpeg,failed_timeout_or_error,,,0,0,0,,,"HTTPSConnectionPool(host='a0.muscache.com', port=443): Max retries exceeded with url: /pictures/prohost-api/Hosting-33160534/original/ee65f0c6-f32d-49ec-a229-595622e23073.jpeg (Caused by NameResolutionError(""<urllib3.connection.HTTPSConnection object at 0x00000232C41A55B0>: Failed to resolve 'a0.muscache.com' ([Errno 11001] getaddrinfo failed)""))"
32942664,https://a0.muscache.com/pictures/e872df6f-21fe-4b93-a7f3-53042dfaf5c5.jpg,failed_timeout_or_error,,,0,0,0,,,"HTTPSConnectionPool(host='a0.muscache.com', port=443): Max retries exceeded with url: /pictures/e872df6f-21fe-4b93-a7f3-53042dfaf5c5.jpg (Caused by NameResolutionError(""<urllib3.connection.HTTPSConnection object at 0x00000232C40F9670>: Failed to resolve 'a0.muscache.com' ([Errno 11001] getaddrinfo failed)""))"
33099066,https://a0.muscache.com/pictures/63bd5782-ab99-42c0-8aa6-45bb88119927.jpg,failed_timeout_or_error,,,0,0,0,,,"HTTPSConnectionPool(host='a0.muscache.com', port=443): Max retries exceeded with url: /pictures/63bd5782-ab99-42c0-8aa6-45bb88119927.jpg (Caused by NameResolutionError(""<urllib3.connection.HTTPSConnection object at 0x00000232C3CB45F0>: Failed to resolve 'a0.muscache.com' ([Errno 11001] getaddrinfo failed)""))"
33119826,https://a0.muscache.com/pictures/b5637d17-58e2-4d03-bd86-5b8602b6c32e.jpg,failed_timeout_or_error,,,0,0,0,,,"HTTPSConnectionPool(host='a0.muscache.com', port=443): Max retries exceeded with url: /pictures/b5637d17-58e2-4d03-bd86-5b8602b6c32e.jpg (Caused by NameResolutionError(""<urllib3.connection.HTTPSConnection object at 0x00000232C3B1A8A0>: Failed to resolve 'a0.muscache.com' ([Errno 11001] getaddrinfo failed)""))"
32984082,https://a0.muscache.com/pictures/d62f9d5f-59f6-4b4f-9d0c-2501d2ed9489.jpg,failed_timeout_or_error,,,0,0,0,,,"HTTPSConnectionPool(host='a0.muscache.com', port=443): Max retries exceeded with url: /pictures/d62f9d5f-59f6-4b4f-9d0c-2501d2ed9489.jpg (Caused by NameResolutionError(""<urllib3.connection.HTTPSConnection object at 0x00000232C40CA900>: Failed to resolve 'a0.muscache.com' ([Errno 11001] getaddrinfo failed)""))"
32851430,https://a0.muscache.com/pictures/04d6820f-afd7-4fc2-8ebc-98b456cb20e5.jpg,failed_timeout_or_error,,,0,0,0,,,"HTTPSConnectionPool(host='a0.muscache.com', port=443): Max retries exceeded with url: /pictures/04d6820f-afd7-4fc2-8ebc-98b456cb20e5.jpg (Caused by NameResolutionError(""<urllib3.connection.HTTPSConnection object at 0x00000232C40CAC30>: Failed to resolve 'a0.muscache.com' ([Errno 11001] getaddrinfo failed)""))"
32819433,https://a0.muscache.com/pictures/a211f35e-a9be-432d-aafa-9b71f67f0ca5.jpg,failed_timeout_or_error,,,0,0,0,,,"HTTPSConnectionPool(host='a0.muscache.com', port=443): Max retries exceeded with url: /pictures/a211f35e-a9be-432d-aafa-9b71f67f0ca5.jpg (Caused by NameResolutionError(""<urllib3.connection.HTTPSConnection object at 0x00000232C3CA71D0>: Failed to resolve 'a0.muscache.com' ([Errno 11001] getaddrinfo failed)""))"
33160537,https://a0.muscache.com/pictures/prohost-api/Hosting-33160537/original/8c36a092-57c8-44e3-b113-99c1f0ba1a57.jpeg,failed_timeout_or_error,,,0,0,0,,,"HTTPSConnectionPool(host='a0.muscache.com', port=443): Max retries exceeded with url: /pictures/prohost-api/Hosting-33160537/original/8c36a092-57c8-44e3-b113-99c1f0ba1a57.jpeg (Caused by NameResolutionError(""<urllib3.connection.HTTPSConnection object at 0x00000232C3CA7440>: Failed to resolve 'a0.muscache.com' ([Errno 11001] getaddrinfo failed)""))"
33217597,https://a0.muscache.com/pictures/4dbe51c8-4601-41da-bcc1-7b50f98e7c8c.jpg,failed_timeout_or_error,,,0,0,0,,,"HTTPSConnectionPool(host='a0.muscache.com', port=443): Max retries exceeded with url: /pictures/4dbe51c8-4601-41da-bcc1-7b50f98e7c8c.jpg (Caused by NameResolutionError(""<urllib3.connection.HTTPSConnection object at 0x00000232C41D92B0>: Failed to resolve 'a0.muscache.com' ([Errno 11001] getaddrinfo failed)""))"
33190964,https://a0.muscache.com/pictures/52d7f958-c803-4248-802b-3b2aadce3adc.jpg,failed_timeout_or_error,,,0,0,0,,,"HTTPSConnectionPool(host='a0.muscache.com', port=443): Max retries exceeded with url: /pictures/52d7f958-c803-4248-802b-3b2aadce3adc.jpg (Caused by NameResolutionError(""<urllib3.connection.HTTPSConnection object at 0x00000232C41DA120>: Failed to resolve 'a0.muscache.com' ([Errno 11001] getaddrinfo failed)""))"
33522770,https://a0.muscache.com/pictures/miso/Hosting-33522770/original/c38ad49a-6dae-468a-903f-90e538cb2a1a.jpeg,failed_timeout_or_error,,,0,0,0,,,"HTTPSConnectionPool(host='a0.muscache.com', port=443): Max retries exceeded with url: /pictures/miso/Hosting-33522770/original/c38ad49a-6dae-468a-903f-90e538cb2a1a.jpeg (Caused by NameResolutionError(""<urllib3.connection.HTTPSConnection object at 0x00000232C40CB5C0>: Failed to resolve 'a0.muscache.com' ([Errno 11001] getaddrinfo failed)""))"
34148130,https://a0.muscache.com/pictures/7159a935-b47d-49c8-bae1-7f015dd7e923.jpg,failed_timeout_or_error,,,0,0,0,,,"HTTPSConnectionPool(host='a0.muscache.com', port=443): Max retries exceeded with url: /pictures/7159a935-b47d-49c8-bae1-7f015dd7e923.jpg (Caused by NameResolutionError(""<urllib3.connection.HTTPSConnection object at 0x00000232C40CA450>: Failed to resolve 'a0.muscache.com' ([Errno 11001] getaddrinfo failed)""))"
33663157,https://a0.muscache.com/pictures/miso/Hosting-33663157/original/784e1aae-4421-40a9-938c-1d65f56fa2ad.jpeg,failed_timeout_or_error,,,0,0,0,,,"HTTPSConnectionPool(host='a0.muscache.com', port=443): Max retries exceeded with url: /pictures/miso/Hosting-33663157/original/784e1aae-4421-40a9-938c-1d65f56fa2ad.jpeg (Caused by NameResolutionError(""<urllib3.connection.HTTPSConnection object at 0x00000232C3CA7AD0>: Failed to resolve 'a0.muscache.com' ([Errno 11001] getaddrinfo failed)""))"
31986153,https://a0.muscache.com/pictures/miso/Hosting-31986153/original/de431aea-5637-4507-bb38-0573be8677a2.jpeg,failed_timeout_or_error,,,0,0,0,,,"HTTPSConnectionPool(host='a0.muscache.com', port=443): Max retries exceeded with url: /pictures/miso/Hosting-31986153/original/de431aea-5637-4507-bb38-0573be8677a2.jpeg (Caused by NameResolutionError(""<urllib3.connection.HTTPSConnection object at 0x00000232C40CB200>: Failed to resolve 'a0.muscache.com' ([Errno 11001] getaddrinfo failed)""))"
34152268,https://a0.muscache.com/pictures/miso/Hosting-34152268/original/e3fbaf2e-bd1e-465a-a378-d2c28d6535d7.jpeg,failed_timeout_or_error,,,0,0,0,,,"HTTPSConnectionPool(host='a0.muscache.com', port=443): Max retries exceeded with url: /pictures/miso/Hosting-34152268/original/e3fbaf2e-bd1e-465a-a378-d2c28d6535d7.jpeg (Caused by NameResolutionError(""<urllib3.connection.HTTPSConnection object at 0x00000232C3CA6180>: Failed to resolve 'a0.muscache.com' ([Errno 11001] getaddrinfo failed)""))"
33166216,https://a0.muscache.com/pictures/prohost-api/Hosting-33166216/original/ac485da7-49ec-4dd5-933f-3392707aa21f.jpeg,failed_timeout_or_error,,,0,0,0,,,"HTTPSConnectionPool(host='a0.muscache.com', port=443): Max retries exceeded with url: /pictures/prohost-api/Hosting-33166216/original/ac485da7-49ec-4dd5-933f-3392707aa21f.jpeg (Caused by NameResolutionError(""<urllib3.connection.HTTPSConnection object at 0x00000232C41DAC60>: Failed to resolve 'a0.muscache.com' ([Errno 11001] getaddrinfo failed)""))"
33550216,https://a0.muscache.com/pictures/miso/Hosting-33550216/original/88930db1-c1e0-4518-b31c-d2fc98e367a3.jpeg,failed_timeout_or_error,,,0,0,0,,,"HTTPSConnectionPool(host='a0.muscache.com', port=443): Max retries exceeded with url: /pictures/miso/Hosting-33550216/original/88930db1-c1e0-4518-b31c-d2fc98e367a3.jpeg (Caused by NameResolutionError(""<urllib3.connection.HTTPSConnection object at 0x00000232C40C9010>: Failed to resolve 'a0.muscache.com' ([Errno 11001] getaddrinfo failed)""))"
33807444,https://a0.muscache.com/pictures/ca9e3b67-d0cb-4069-aba0-ae7b9054fee8.jpg,failed_timeout_or_error,,,0,0,0,,,"HTTPSConnectionPool(host='a0.muscache.com', port=443): Max retries exceeded with url: /pictures/ca9e3b67-d0cb-4069-aba0-ae7b9054fee8.jpg (Caused by NameResolutionError(""<urllib3.connection.HTTPSConnection object at 0x00000232C3B185F0>: Failed to resolve 'a0.muscache.com' ([Errno 11001] getaddrinfo failed)""))"
33274843,https://a0.muscache.com/pictures/miso/Hosting-33274843/original/8379f494-9e48-4293-9e4c-e0fcb75582f1.jpeg,failed_timeout_or_error,,,0,0,0,,,"HTTPSConnectionPool(host='a0.muscache.com', port=443): Max retries exceeded with url: /pictures/miso/Hosting-33274843/original/8379f494-9e48-4293-9e4c-e0fcb75582f1.jpeg (Caused by NameResolutionError(""<urllib3.connection.HTTPSConnection object at 0x00000232C3C868A0>: Failed to resolve 'a0.muscache.com' ([Errno 11001] getaddrinfo failed)""))"
33898003,https://a0.muscache.com/pictures/82708529-fb36-4153-9ffa-954f2e285c59.jpg,failed_timeout_or_error,,,0,0,0,,,"HTTPSConnectionPool(host='a0.muscache.com', port=443): Max retries exceeded with url: /pictures/82708529-fb36-4153-9ffa-954f2e285c59.jpg (Caused by NameResolutionError(""<urllib3.connection.HTTPSConnection object at 0x00000232C40C9460>: Failed to resolve 'a0.muscache.com' ([Errno 11001] getaddrinfo failed)""))"
33679901,https://a0.muscache.com/pictures/miso/Hosting-33679901/original/3b11115d-08d1-4404-b821-d90842634a44.jpeg,failed_timeout_or_error,,,0,0,0,,,"HTTPSConnectionPool(host='a0.muscache.com', port=443): Max retries exceeded with url: /pictures/miso/Hosting-33679901/original/3b11115d-08d1-4404-b821-d90842634a44.jpeg (Caused by NameResolutionError(""<urllib3.connection.HTTPSConnection object at 0x00000232C40CB5C0>: Failed to resolve 'a0.muscache.com' ([Errno 11001] getaddrinfo failed)""))"
34203295,https://a0.muscache.com/pictures/378a7d40-e1a8-4ea2-8ec2-e19b48dc4f4d.jpg,failed_timeout_or_error,,,0,0,0,,,"HTTPSConnectionPool(host='a0.muscache.com', port=443): Max retries exceeded with url: /pictures/378a7d40-e1a8-4ea2-8ec2-e19b48dc4f4d.jpg (Caused by NameResolutionError(""<urllib3.connection.HTTPSConnection object at 0x00000232C40CAC30>: Failed to resolve 'a0.muscache.com' ([Errno 11001] getaddrinfo failed)""))"
34479644,https://a0.muscache.com/pictures/6d305379-a43b-4e9f-857c-65025adab5aa.jpg,failed_timeout_or_error,,,0,0,0,,,"HTTPSConnectionPool(host='a0.muscache.com', port=443): Max retries exceeded with url: /pictures/6d305379-a43b-4e9f-857c-65025adab5aa.jpg (Caused by NameResolutionError(""<urllib3.connection.HTTPSConnection object at 0x00000232C40CB7D0>: Failed to resolve 'a0.muscache.com' ([Errno 11001] getaddrinfo failed)""))"
34087565,https://a0.muscache.com/pictures/032a0aab-76e3-4cb6-8a64-96f50b6d4f4a.jpg,failed_timeout_or_error,,,0,0,0,,,"HTTPSConnectionPool(host='a0.muscache.com', port=443): Max retries exceeded with url: /pictures/032a0aab-76e3-4cb6-8a64-96f50b6d4f4a.jpg (Caused by NameResolutionError(""<urllib3.connection.HTTPSConnection object at 0x00000232C3CA6BA0>: Failed to resolve 'a0.muscache.com' ([Errno 11001] getaddrinfo failed)""))"
33773838,https://a0.muscache.com/pictures/bf4ffa7f-49a2-4f32-bac9-0e71e9ddc80f.jpg,failed_timeout_or_error,,,0,0,0,,,"HTTPSConnectionPool(host='a0.muscache.com', port=443): Max retries exceeded with url: /pictures/bf4ffa7f-49a2-4f32-bac9-0e71e9ddc80f.jpg (Caused by NameResolutionError(""<urllib3.connection.HTTPSConnection object at 0x00000232C41D9970>: Failed to resolve 'a0.muscache.com' ([Errno 11001] getaddrinfo failed)""))"
33665924,https://a0.muscache.com/pictures/prohost-api/Hosting-33665924/original/f12448d1-1277-49dd-abc3-badc31927664.jpeg,failed_timeout_or_error,,,0,0,0,,,"HTTPSConnectionPool(host='a0.muscache.com', port=443): Max retries exceeded with url: /pictures/prohost-api/Hosting-33665924/original/f12448d1-1277-49dd-abc3-badc31927664.jpeg (Caused by NameResolutionError(""<urllib3.connection.HTTPSConnection object at 0x00000232C40CAE40>: Failed to resolve 'a0.muscache.com' ([Errno 11001] getaddrinfo failed)""))"
33666340,https://a0.muscache.com/pictures/ceff67f9-9062-44e3-8c80-defafd9b8065.jpg,failed_timeout_or_error,,,0,0,0,,,"HTTPSConnectionPool(host='a0.muscache.com', port=443): Max retries exceeded with url: /pictures/ceff67f9-9062-44e3-8c80-defafd9b8065.jpg (Caused by NameResolutionError(""<urllib3.connection.HTTPSConnection object at 0x00000232C40CA030>: Failed to resolve 'a0.muscache.com' ([Errno 11001] getaddrinfo failed)""))"
33990853,https://a0.muscache.com/pictures/cb296769-6d1f-4c40-b013-fcf74c0fb9a2.jpg,failed_timeout_or_error,,,0,0,0,,,"HTTPSConnectionPool(host='a0.muscache.com', port=443): Max retries exceeded with url: /pictures/cb296769-6d1f-4c40-b013-fcf74c0fb9a2.jpg (Caused by NameResolutionError(""<urllib3.connection.HTTPSConnection object at 0x00000232C3B5FD10>: Failed to resolve 'a0.muscache.com' ([Errno 11001] getaddrinfo failed)""))"
34038444,https://a0.muscache.com/pictures/44fb38f4-77df-47ea-b0ec-49d8546695e5.jpg,failed_timeout_or_error,,,0,0,0,,,"HTTPSConnectionPool(host='a0.muscache.com', port=443): Max retries exceeded with url: /pictures/44fb38f4-77df-47ea-b0ec-49d8546695e5.jpg (Caused by NameResolutionError(""<urllib3.connection.HTTPSConnection object at 0x00000232C3CA71D0>: Failed to resolve 'a0.muscache.com' ([Errno 11001] getaddrinfo failed)""))"
35121972,https://a0.muscache.com/pictures/f77728d6-c355-41f4-a8e3-f984b52f2eaa.jpg,failed_timeout_or_error,,,0,0,0,,,"HTTPSConnectionPool(host='a0.muscache.com', port=443): Max retries exceeded with url: /pictures/f77728d6-c355-41f4-a8e3-f984b52f2eaa.jpg (Caused by NameResolutionError(""<urllib3.connection.HTTPSConnection object at 0x00000232C3CA79E0>: Failed to resolve 'a0.muscache.com' ([Errno 11001] getaddrinfo failed)""))"
34506850,https://a0.muscache.com/pictures/72bc39ad-09f6-4240-8d05-17b61ac34c4c.jpg,failed_timeout_or_error,,,0,0,0,,,"HTTPSConnectionPool(host='a0.muscache.com', port=443): Max retries exceeded with url: /pictures/72bc39ad-09f6-4240-8d05-17b61ac34c4c.jpg (Caused by NameResolutionError(""<urllib3.connection.HTTPSConnection object at 0x00000232C40CAE70>: Failed to resolve 'a0.muscache.com' ([Errno 11001] getaddrinfo failed)""))"
33069007,https://a0.muscache.com/pictures/miso/Hosting-33069007/original/27e354e2-a63b-4dc4-a2d6-4f602b45503c.jpeg,failed_timeout_or_error,,,0,0,0,,,"HTTPSConnectionPool(host='a0.muscache.com', port=443): Max retries exceeded with url: /pictures/miso/Hosting-33069007/original/27e354e2-a63b-4dc4-a2d6-4f602b45503c.jpeg (Caused by NameResolutionError(""<urllib3.connection.HTTPSConnection object at 0x00000232C41DAA50>: Failed to resolve 'a0.muscache.com' ([Errno 11001] getaddrinfo failed)""))"
33807903,https://a0.muscache.com/pictures/e9573795-ad75-47ff-8f52-3a65e5617466.jpg,failed_timeout_or_error,,,0,0,0,,,"HTTPSConnectionPool(host='a0.muscache.com', port=443): Max retries exceeded with url: /pictures/e9573795-ad75-47ff-8f52-3a65e5617466.jpg (Caused by NameResolutionError(""<urllib3.connection.HTTPSConnection object at 0x00000232C41DA5D0>: Failed to resolve 'a0.muscache.com' ([Errno 11001] getaddrinfo failed)""))"
35115113,https://a0.muscache.com/pictures/f2695b7d-acb4-4a5d-89ba-3cb6c1346b53.jpg,failed_timeout_or_error,,,0,0,0,,,"HTTPSConnectionPool(host='a0.muscache.com', port=443): Max retries exceeded with url: /pictures/f2695b7d-acb4-4a5d-89ba-3cb6c1346b53.jpg (Caused by NameResolutionError(""<urllib3.connection.HTTPSConnection object at 0x00000232C41DB140>: Failed to resolve 'a0.muscache.com' ([Errno 11001] getaddrinfo failed)""))"
35162584,https://a0.muscache.com/pictures/miso/Hosting-35162584/original/6b6edbf0-ce32-4f2f-995a-14d9af4ae2da.jpeg,failed_timeout_or_error,,,0,0,0,,,"HTTPSConnectionPool(host='a0.muscache.com', port=443): Max retries exceeded with url: /pictures/miso/Hosting-35162584/original/6b6edbf0-ce32-4f2f-995a-14d9af4ae2da.jpeg (Caused by NameResolutionError(""<urllib3.connection.HTTPSConnection object at 0x00000232C41DBCB0>: Failed to resolve 'a0.muscache.com' ([Errno 11001] getaddrinfo failed)""))"
34782201,https://a0.muscache.com/pictures/miso/Hosting-34782201/original/b130600d-c901-4fd4-92b8-c661d14287d1.jpeg,failed_timeout_or_error,,,0,0,0,,,"HTTPSConnectionPool(host='a0.muscache.com', port=443): Max retries exceeded with url: /pictures/miso/Hosting-34782201/original/b130600d-c901-4fd4-92b8-c661d14287d1.jpeg (Caused by NameResolutionError(""<urllib3.connection.HTTPSConnection object at 0x00000232C3C84410>: Failed to resolve 'a0.muscache.com' ([Errno 11001] getaddrinfo failed)""))"
34095689,https://a0.muscache.com/pictures/2e4ba14b-de46-4084-b505-053e6a368923.jpg,failed_timeout_or_error,,,0,0,0,,,"HTTPSConnectionPool(host='a0.muscache.com', port=443): Max retries exceeded with url: /pictures/2e4ba14b-de46-4084-b505-053e6a368923.jpg (Caused by NameResolutionError(""<urllib3.connection.HTTPSConnection object at 0x00000232C41D8260>: Failed to resolve 'a0.muscache.com' ([Errno 11001] getaddrinfo failed)""))"
34753899,https://a0.muscache.com/pictures/miso/Hosting-34753899/original/0b969186-52ce-461e-bbed-64eaea2d62b7.jpeg,failed_timeout_or_error,,,0,0,0,,,"HTTPSConnectionPool(host='a0.muscache.com', port=443): Max retries exceeded with url: /pictures/miso/Hosting-34753899/original/0b969186-52ce-461e-bbed-64eaea2d62b7.jpeg (Caused by NameResolutionError(""<urllib3.connection.HTTPSConnection object at 0x00000232C3C85B80>: Failed to resolve 'a0.muscache.com' ([Errno 11001] getaddrinfo failed)""))"
35317403,https://a0.muscache.com/pictures/prohost-api/Hosting-35317403/original/f7d8e010-d7ed-4442-a0e5-9e44f75b65e5.jpeg,failed_timeout_or_error,,,0,0,0,,,"HTTPSConnectionPool(host='a0.muscache.com', port=443): Max retries exceeded with url: /pictures/prohost-api/Hosting-35317403/original/f7d8e010-d7ed-4442-a0e5-9e44f75b65e5.jpeg (Caused by NameResolutionError(""<urllib3.connection.HTTPSConnection object at 0x00000232C3CB7F20>: Failed to resolve 'a0.muscache.com' ([Errno 11001] getaddrinfo failed)""))"
34396785,https://a0.muscache.com/pictures/ce24d370-f121-49bc-afae-2a3772df658d.jpg,failed_timeout_or_error,,,0,0,0,,,"HTTPSConnectionPool(host='a0.muscache.com', port=443): Max retries exceeded with url: /pictures/ce24d370-f121-49bc-afae-2a3772df658d.jpg (Caused by NameResolutionError(""<urllib3.connection.HTTPSConnection object at 0x00000232C3B3CD40>: Failed to resolve 'a0.muscache.com' ([Errno 11001] getaddrinfo failed)""))"
34507841,https://a0.muscache.com/pictures/95462808-2b57-496d-81e1-0ffd14c0a456.jpg,failed_timeout_or_error,,,0,0,0,,,"HTTPSConnectionPool(host='a0.muscache.com', port=443): Max retries exceeded with url: /pictures/95462808-2b57-496d-81e1-0ffd14c0a456.jpg (Caused by NameResolutionError(""<urllib3.connection.HTTPSConnection object at 0x00000232C3C094F0>: Failed to resolve 'a0.muscache.com' ([Errno 11001] getaddrinfo failed)""))"
35317354,https://a0.muscache.com/pictures/prohost-api/Hosting-35317354/original/dc2a2af4-00ef-4dba-9e85-8459918fe2b7.jpeg,failed_timeout_or_error,,,0,0,0,,,"HTTPSConnectionPool(host='a0.muscache.com', port=443): Max retries exceeded with url: /pictures/prohost-api/Hosting-35317354/original/dc2a2af4-00ef-4dba-9e85-8459918fe2b7.jpeg (Caused by NameResolutionError(""<urllib3.connection.HTTPSConnection object at 0x00000232C41DBEF0>: Failed to resolve 'a0.muscache.com' ([Errno 11001] getaddrinfo failed)""))"
35079780,https://a0.muscache.com/pictures/miso/Hosting-35079780/original/558e67a9-5a5c-4cc5-8fdd-5f308e6e2569.jpeg,failed_timeout_or_error,,,0,0,0,,,"HTTPSConnectionPool(host='a0.muscache.com', port=443): Max retries exceeded with url: /pictures/miso/Hosting-35079780/original/558e67a9-5a5c-4cc5-8fdd-5f308e6e2569.jpeg (Caused by NameResolutionError(""<urllib3.connection.HTTPSConnection object at 0x00000232C40CB260>: Failed to resolve 'a0.muscache.com' ([Errno 11001] getaddrinfo failed)""))"
34541887,https://a0.muscache.com/pictures/739c0dc2-f0b5-44d4-a908-a96a5ac0d2ed.jpg,failed_timeout_or_error,,,0,0,0,,,"HTTPSConnectionPool(host='a0.muscache.com', port=443): Max retries exceeded with url: /pictures/739c0dc2-f0b5-44d4-a908-a96a5ac0d2ed.jpg (Caused by NameResolutionError(""<urllib3.connection.HTTPSConnection object at 0x00000232C41D9EE0>: Failed to resolve 'a0.muscache.com' ([Errno 11001] getaddrinfo failed)""))"
35121441,https://a0.muscache.com/pictures/313dd589-bfba-4699-a234-d30610a6ea5c.jpg,failed_timeout_or_error,,,0,0,0,,,"HTTPSConnectionPool(host='a0.muscache.com', port=443): Max retries exceeded with url: /pictures/313dd589-bfba-4699-a234-d30610a6ea5c.jpg (Caused by NameResolutionError(""<urllib3.connection.HTTPSConnection object at 0x00000232C41DAFF0>: Failed to resolve 'a0.muscache.com' ([Errno 11001] getaddrinfo failed)""))"
34670804,https://a0.muscache.com/pictures/acc2aded-815b-4e0d-a15c-31e01f801213.jpg,failed_timeout_or_error,,,0,0,0,,,"HTTPSConnectionPool(host='a0.muscache.com', port=443): Max retries exceeded with url: /pictures/acc2aded-815b-4e0d-a15c-31e01f801213.jpg (Caused by NameResolutionError(""<urllib3.connection.HTTPSConnection object at 0x00000232C3B0F3B0>: Failed to resolve 'a0.muscache.com' ([Errno 11001] getaddrinfo failed)""))"
35465122,https://a0.muscache.com/pictures/143d7cb9-c3b3-4183-b7c9-51fc13d506f5.jpg,failed_timeout_or_error,,,0,0,0,,,"HTTPSConnectionPool(host='a0.muscache.com', port=443): Max retries exceeded with url: /pictures/143d7cb9-c3b3-4183-b7c9-51fc13d506f5.jpg (Caused by NameResolutionError(""<urllib3.connection.HTTPSConnection object at 0x00000232C406AD50>: Failed to resolve 'a0.muscache.com' ([Errno 11001] getaddrinfo failed)""))"
35317431,https://a0.muscache.com/pictures/8c4cff1a-a7ae-43ea-8e2d-af54a5e14338.jpg,failed_timeout_or_error,,,0,0,0,,,"HTTPSConnectionPool(host='a0.muscache.com', port=443): Max retries exceeded with url: /pictures/8c4cff1a-a7ae-43ea-8e2d-af54a5e14338.jpg (Caused by NameResolutionError(""<urllib3.connection.HTTPSConnection object at 0x00000232C3B5FA70>: Failed to resolve 'a0.muscache.com' ([Errno 11001] getaddrinfo failed)""))"
35397853,https://a0.muscache.com/pictures/prohost-api/Hosting-35397853/original/c2c13c1f-833d-4026-b7e0-f3bf9ee3ec1e.jpeg,failed_timeout_or_error,,,0,0,0,,,"HTTPSConnectionPool(host='a0.muscache.com', port=443): Max retries exceeded with url: /pictures/prohost-api/Hosting-35397853/original/c2c13c1f-833d-4026-b7e0-f3bf9ee3ec1e.jpeg (Caused by NameResolutionError(""<urllib3.connection.HTTPSConnection object at 0x00000232C3B5CB90>: Failed to resolve 'a0.muscache.com' ([Errno 11001] getaddrinfo failed)""))"
35703686,https://a0.muscache.com/pictures/3ca76fbe-eb76-42b7-a9c2-70a3af335337.jpg,failed_timeout_or_error,,,0,0,0,,,"HTTPSConnectionPool(host='a0.muscache.com', port=443): Max retries exceeded with url: /pictures/3ca76fbe-eb76-42b7-a9c2-70a3af335337.jpg (Caused by NameResolutionError(""<urllib3.connection.HTTPSConnection object at 0x00000232C3B5EFF0>: Failed to resolve 'a0.muscache.com' ([Errno 11001] getaddrinfo failed)""))"
35317253,https://a0.muscache.com/pictures/prohost-api/Hosting-35317253/original/b3443018-9aeb-4c01-91c3-4a89a8d6e913.jpeg,failed_timeout_or_error,,,0,0,0,,,"HTTPSConnectionPool(host='a0.muscache.com', port=443): Max retries exceeded with url: /pictures/prohost-api/Hosting-35317253/original/b3443018-9aeb-4c01-91c3-4a89a8d6e913.jpeg (Caused by NameResolutionError(""<urllib3.connection.HTTPSConnection object at 0x00000232C3B5D4C0>: Failed to resolve 'a0.muscache.com' ([Errno 11001] getaddrinfo failed)""))"
35521639,https://a0.muscache.com/pictures/914dc0f0-b118-4c1d-bdc8-37fa6b2e2e93.jpg,failed_timeout_or_error,,,0,0,0,,,"HTTPSConnectionPool(host='a0.muscache.com', port=443): Max retries exceeded with url: /pictures/914dc0f0-b118-4c1d-bdc8-37fa6b2e2e93.jpg (Caused by NameResolutionError(""<urllib3.connection.HTTPSConnection object at 0x00000232C41D8A70>: Failed to resolve 'a0.muscache.com' ([Errno 11001] getaddrinfo failed)""))"
35125703,https://a0.muscache.com/pictures/4d3a0f16-4834-4f57-95b4-5edb6e407b14.jpg,failed_timeout_or_error,,,0,0,0,,,"HTTPSConnectionPool(host='a0.muscache.com', port=443): Max retries exceeded with url: /pictures/4d3a0f16-4834-4f57-95b4-5edb6e407b14.jpg (Caused by NameResolutionError(""<urllib3.connection.HTTPSConnection object at 0x00000232C4069E20>: Failed to resolve 'a0.muscache.com' ([Errno 11001] getaddrinfo failed)""))"
35397847,https://a0.muscache.com/pictures/prohost-api/Hosting-35397847/original/3e3bb6f2-b0d2-4ce1-b20a-0bd6f52969e9.jpeg,failed_timeout_or_error,,,0,0,0,,,"HTTPSConnectionPool(host='a0.muscache.com', port=443): Max retries exceeded with url: /pictures/prohost-api/Hosting-35397847/original/3e3bb6f2-b0d2-4ce1-b20a-0bd6f52969e9.jpeg (Caused by NameResolutionError(""<urllib3.connection.HTTPSConnection object at 0x00000232C39435F0>: Failed to resolve 'a0.muscache.com' ([Errno 11001] getaddrinfo failed)""))"
35116434,https://a0.muscache.com/pictures/fa99ac5c-aae6-4c69-ae63-4f2d966a7ec2.jpg,failed_timeout_or_error,,,0,0,0,,,"HTTPSConnectionPool(host='a0.muscache.com', port=443): Max retries exceeded with url: /pictures/fa99ac5c-aae6-4c69-ae63-4f2d966a7ec2.jpg (Caused by NameResolutionError(""<urllib3.connection.HTTPSConnection object at 0x00000232C3C0A090>: Failed to resolve 'a0.muscache.com' ([Errno 11001] getaddrinfo failed)""))"
35768220,https://a0.muscache.com/pictures/55f7954f-7887-40a1-85dd-70abed99eda4.jpg,failed_timeout_or_error,,,0,0,0,,,"HTTPSConnectionPool(host='a0.muscache.com', port=443): Max retries exceeded with url: /pictures/55f7954f-7887-40a1-85dd-70abed99eda4.jpg (Caused by NameResolutionError(""<urllib3.connection.HTTPSConnection object at 0x00000232C4068D70>: Failed to resolve 'a0.muscache.com' ([Errno 11001] getaddrinfo failed)""))"
35578653,https://a0.muscache.com/pictures/prohost-api/Hosting-35578653/original/70c904de-ff4b-46fc-9ec4-7d523c8c5660.jpeg,failed_timeout_or_error,,,0,0,0,,,"HTTPSConnectionPool(host='a0.muscache.com', port=443): Max retries exceeded with url: /pictures/prohost-api/Hosting-35578653/original/70c904de-ff4b-46fc-9ec4-7d523c8c5660.jpeg (Caused by NameResolutionError(""<urllib3.connection.HTTPSConnection object at 0x00000232C3C09D30>: Failed to resolve 'a0.muscache.com' ([Errno 11001] getaddrinfo failed)""))"
35623115,https://a0.muscache.com/pictures/prohost-api/Hosting-35623115/original/9455cf30-1e2c-4dd7-890f-4c1b5cb2a9b1.jpeg,failed_timeout_or_error,,,0,0,0,,,"HTTPSConnectionPool(host='a0.muscache.com', port=443): Max retries exceeded with url: /pictures/prohost-api/Hosting-35623115/original/9455cf30-1e2c-4dd7-890f-4c1b5cb2a9b1.jpeg (Caused by NameResolutionError(""<urllib3.connection.HTTPSConnection object at 0x00000232C40FBB60>: Failed to resolve 'a0.muscache.com' ([Errno 11001] getaddrinfo failed)""))"
35578680,https://a0.muscache.com/pictures/prohost-api/Hosting-35578680/original/2755372d-e4bc-41ef-999e-8d1f370b5dae.jpeg,failed_timeout_or_error,,,0,0,0,,,"HTTPSConnectionPool(host='a0.muscache.com', port=443): Max retries exceeded with url: /pictures/prohost-api/Hosting-35578680/original/2755372d-e4bc-41ef-999e-8d1f370b5dae.jpeg (Caused by NameResolutionError(""<urllib3.connection.HTTPSConnection object at 0x00000232C40F9610>: Failed to resolve 'a0.muscache.com' ([Errno 11001] getaddrinfo failed)""))"
36002529,https://a0.muscache.com/pictures/pro_photo_tool/Hosting-36002529-unapproved/original/1cfed93b-9b3b-47a2-910b-66e29fdc9893.JPEG,failed_timeout_or_error,,,0,0,0,,,"HTTPSConnectionPool(host='a0.muscache.com', port=443): Max retries exceeded with url: /pictures/pro_photo_tool/Hosting-36002529-unapproved/original/1cfed93b-9b3b-47a2-910b-66e29fdc9893.JPEG (Caused by NameResolutionError(""<urllib3.connection.HTTPSConnection object at 0x00000232C40FBF80>: Failed to resolve 'a0.muscache.com' ([Errno 11001] getaddrinfo failed)""))"
35927461,https://a0.muscache.com/pictures/8a0f504e-17c0-4723-b4de-502fe29f89a3.jpg,failed_timeout_or_error,,,0,0,0,,,"HTTPSConnectionPool(host='a0.muscache.com', port=443): Max retries exceeded with url: /pictures/8a0f504e-17c0-4723-b4de-502fe29f89a3.jpg (Caused by NameResolutionError(""<urllib3.connection.HTTPSConnection object at 0x00000232C40F8950>: Failed to resolve 'a0.muscache.com' ([Errno 11001] getaddrinfo failed)""))"
35218486,https://a0.muscache.com/pictures/prohost-api/Hosting-35218486/original/b4d80a70-bbaf-4239-8b6d-2608894c8e13.jpeg,failed_timeout_or_error,,,0,0,0,,,"HTTPSConnectionPool(host='a0.muscache.com', port=443): Max retries exceeded with url: /pictures/prohost-api/Hosting-35218486/original/b4d80a70-bbaf-4239-8b6d-2608894c8e13.jpeg (Caused by NameResolutionError(""<urllib3.connection.HTTPSConnection object at 0x00000232C40F8E60>: Failed to resolve 'a0.muscache.com' ([Errno 11001] getaddrinfo failed)""))"
35971430,https://a0.muscache.com/pictures/prohost-api/Hosting-35971430/original/fa08bdf1-f957-4992-b1e6-fb76b94c2e17.jpeg,failed_timeout_or_error,,,0,0,0,,,"HTTPSConnectionPool(host='a0.muscache.com', port=443): Max retries exceeded with url: /pictures/prohost-api/Hosting-35971430/original/fa08bdf1-f957-4992-b1e6-fb76b94c2e17.jpeg (Caused by NameResolutionError(""<urllib3.connection.HTTPSConnection object at 0x00000232C4068050>: Failed to resolve 'a0.muscache.com' ([Errno 11001] getaddrinfo failed)""))"
35651647,https://a0.muscache.com/pictures/prohost-api/Hosting-35651647/original/4197f863-aabd-43fd-8b8a-b21365280592.jpeg,failed_timeout_or_error,,,0,0,0,,,"HTTPSConnectionPool(host='a0.muscache.com', port=443): Max retries exceeded with url: /pictures/prohost-api/Hosting-35651647/original/4197f863-aabd-43fd-8b8a-b21365280592.jpeg (Caused by NameResolutionError(""<urllib3.connection.HTTPSConnection object at 0x00000232C41D9DC0>: Failed to resolve 'a0.muscache.com' ([Errno 11001] getaddrinfo failed)""))"
35575552,https://a0.muscache.com/pictures/prohost-api/Hosting-35575552/original/835449a2-5e80-4015-b77a-9847ba7f5cd4.jpeg,failed_timeout_or_error,,,0,0,0,,,"HTTPSConnectionPool(host='a0.muscache.com', port=443): Max retries exceeded with url: /pictures/prohost-api/Hosting-35575552/original/835449a2-5e80-4015-b77a-9847ba7f5cd4.jpeg (Caused by NameResolutionError(""<urllib3.connection.HTTPSConnection object at 0x00000232C3B5DA90>: Failed to resolve 'a0.muscache.com' ([Errno 11001] getaddrinfo failed)""))"
36197973,https://a0.muscache.com/pictures/hosting/Hosting-36197973/original/df97e03f-8ec6-486c-877d-087f5bb7dec7.jpeg,failed_timeout_or_error,,,0,0,0,,,"HTTPSConnectionPool(host='a0.muscache.com', port=443): Max retries exceeded with url: /pictures/hosting/Hosting-36197973/original/df97e03f-8ec6-486c-877d-087f5bb7dec7.jpeg (Caused by NameResolutionError(""<urllib3.connection.HTTPSConnection object at 0x00000232C41A5730>: Failed to resolve 'a0.muscache.com' ([Errno 11001] getaddrinfo failed)""))"
36213020,https://a0.muscache.com/pictures/prohost-api/Hosting-36213020/original/4dc9441f-4eca-41df-949b-ec3dfabc4f63.jpeg,failed_timeout_or_error,,,0,0,0,,,"HTTPSConnectionPool(host='a0.muscache.com', port=443): Max retries exceeded with url: /pictures/prohost-api/Hosting-36213020/original/4dc9441f-4eca-41df-949b-ec3dfabc4f63.jpeg (Caused by NameResolutionError(""<urllib3.connection.HTTPSConnection object at 0x00000232C40FB590>: Failed to resolve 'a0.muscache.com' ([Errno 11001] getaddrinfo failed)""))"
35609891,https://a0.muscache.com/pictures/c2ae3d3b-81d4-47ae-b4b7-51c190e5fd44.jpg,failed_timeout_or_error,,,0,0,0,,,"HTTPSConnectionPool(host='a0.muscache.com', port=443): Max retries exceeded with url: /pictures/c2ae3d3b-81d4-47ae-b4b7-51c190e5fd44.jpg (Caused by NameResolutionError(""<urllib3.connection.HTTPSConnection object at 0x00000232C3CA45C0>: Failed to resolve 'a0.muscache.com' ([Errno 11001] getaddrinfo failed)""))"
36573403,https://a0.muscache.com/pictures/d96c0769-373e-41a4-9897-0f7b7e8be4bd.jpg,failed_timeout_or_error,,,0,0,0,,,"HTTPSConnectionPool(host='a0.muscache.com', port=443): Max retries exceeded with url: /pictures/d96c0769-373e-41a4-9897-0f7b7e8be4bd.jpg (Caused by NameResolutionError(""<urllib3.connection.HTTPSConnection object at 0x00000232C3CB4C80>: Failed to resolve 'a0.muscache.com' ([Errno 11001] getaddrinfo failed)""))"
36241169,https://a0.muscache.com/pictures/5c5020b4-d8fb-42bc-b04f-be46dad22221.jpg,failed_timeout_or_error,,,0,0,0,,,"HTTPSConnectionPool(host='a0.muscache.com', port=443): Max retries exceeded with url: /pictures/5c5020b4-d8fb-42bc-b04f-be46dad22221.jpg (Caused by NameResolutionError(""<urllib3.connection.HTTPSConnection object at 0x00000232C3CB5040>: Failed to resolve 'a0.muscache.com' ([Errno 11001] getaddrinfo failed)""))"
36420977,https://a0.muscache.com/pictures/cb5aab78-23b2-4a17-ad2e-4f93639460c2.jpg,failed_timeout_or_error,,,0,0,0,,,"HTTPSConnectionPool(host='a0.muscache.com', port=443): Max retries exceeded with url: /pictures/cb5aab78-23b2-4a17-ad2e-4f93639460c2.jpg (Caused by NameResolutionError(""<urllib3.connection.HTTPSConnection object at 0x00000232C3CA45F0>: Failed to resolve 'a0.muscache.com' ([Errno 11001] getaddrinfo failed)""))"
36180237,https://a0.muscache.com/pictures/a5999082-ba20-446b-91ee-0d5a65546203.jpg,failed_timeout_or_error,,,0,0,0,,,"HTTPSConnectionPool(host='a0.muscache.com', port=443): Max retries exceeded with url: /pictures/a5999082-ba20-446b-91ee-0d5a65546203.jpg (Caused by NameResolutionError(""<urllib3.connection.HTTPSConnection object at 0x00000232C3CB54F0>: Failed to resolve 'a0.muscache.com' ([Errno 11001] getaddrinfo failed)""))"
35828879,https://a0.muscache.com/pictures/232f72a5-3870-4c1c-a93b-894a20fc5b00.jpg,failed_timeout_or_error,,,0,0,0,,,"HTTPSConnectionPool(host='a0.muscache.com', port=443): Max retries exceeded with url: /pictures/232f72a5-3870-4c1c-a93b-894a20fc5b00.jpg (Caused by NameResolutionError(""<urllib3.connection.HTTPSConnection object at 0x00000232C3CA5400>: Failed to resolve 'a0.muscache.com' ([Errno 11001] getaddrinfo failed)""))"
36263273,https://a0.muscache.com/pictures/c0169cf4-1b97-409d-924a-8fee19181fc9.jpg,failed_timeout_or_error,,,0,0,0,,,"HTTPSConnectionPool(host='a0.muscache.com', port=443): Max retries exceeded with url: /pictures/c0169cf4-1b97-409d-924a-8fee19181fc9.jpg (Caused by NameResolutionError(""<urllib3.connection.HTTPSConnection object at 0x00000232C40FA5A0>: Failed to resolve 'a0.muscache.com' ([Errno 11001] getaddrinfo failed)""))"
36078302,https://a0.muscache.com/pictures/8559d85f-b6aa-4ba9-aaad-7c31ac5a6ccd.jpg,failed_timeout_or_error,,,0,0,0,,,"HTTPSConnectionPool(host='a0.muscache.com', port=443): Max retries exceeded with url: /pictures/8559d85f-b6aa-4ba9-aaad-7c31ac5a6ccd.jpg (Caused by NameResolutionError(""<urllib3.connection.HTTPSConnection object at 0x00000232C41DBBF0>: Failed to resolve 'a0.muscache.com' ([Errno 11001] getaddrinfo failed)""))"
35613465,https://a0.muscache.com/pictures/prohost-api/Hosting-35613465/original/30e8bb80-d04c-422e-a1cb-1ab6506dd204.jpeg,failed_timeout_or_error,,,0,0,0,,,"HTTPSConnectionPool(host='a0.muscache.com', port=443): Max retries exceeded with url: /pictures/prohost-api/Hosting-35613465/original/30e8bb80-d04c-422e-a1cb-1ab6506dd204.jpeg (Caused by NameResolutionError(""<urllib3.connection.HTTPSConnection object at 0x00000232C40F9C40>: Failed to resolve 'a0.muscache.com' ([Errno 11001] getaddrinfo failed)""))"
35843306,https://a0.muscache.com/pictures/68813ca9-b131-44ba-8fd7-e05628ddb30d.jpg,failed_timeout_or_error,,,0,0,0,,,"HTTPSConnectionPool(host='a0.muscache.com', port=443): Max retries exceeded with url: /pictures/68813ca9-b131-44ba-8fd7-e05628ddb30d.jpg (Caused by NameResolutionError(""<urllib3.connection.HTTPSConnection object at 0x00000232C3C0A090>: Failed to resolve 'a0.muscache.com' ([Errno 11001] getaddrinfo failed)""))"
35774025,https://a0.muscache.com/pictures/prohost-api/Hosting-35774025/original/d935235f-f5f3-4a29-8b50-a8b2134de80c.jpeg,failed_timeout_or_error,,,0,0,0,,,"HTTPSConnectionPool(host='a0.muscache.com', port=443): Max retries exceeded with url: /pictures/prohost-api/Hosting-35774025/original/d935235f-f5f3-4a29-8b50-a8b2134de80c.jpeg (Caused by NameResolutionError(""<urllib3.connection.HTTPSConnection object at 0x00000232C3CA5310>: Failed to resolve 'a0.muscache.com' ([Errno 11001] getaddrinfo failed)""))"
36079259,https://a0.muscache.com/pictures/8408edd6-4d76-4ccc-9766-02f6ef2a4394.jpg,failed_timeout_or_error,,,0,0,0,,,"HTTPSConnectionPool(host='a0.muscache.com', port=443): Max retries exceeded with url: /pictures/8408edd6-4d76-4ccc-9766-02f6ef2a4394.jpg (Caused by NameResolutionError(""<urllib3.connection.HTTPSConnection object at 0x00000232C40CBB30>: Failed to resolve 'a0.muscache.com' ([Errno 11001] getaddrinfo failed)""))"
37045917,https://a0.muscache.com/pictures/e165c1b9-3c69-41a4-a079-02b39eaa321c.jpg,failed_timeout_or_error,,,0,0,0,,,"HTTPSConnectionPool(host='a0.muscache.com', port=443): Max retries exceeded with url: /pictures/e165c1b9-3c69-41a4-a079-02b39eaa321c.jpg (Caused by NameResolutionError(""<urllib3.connection.HTTPSConnection object at 0x00000232C40C9670>: Failed to resolve 'a0.muscache.com' ([Errno 11001] getaddrinfo failed)""))"
36732182,https://a0.muscache.com/pictures/183cb4a4-b457-4ab0-aa0f-381acc3bbe0f.jpg,failed_timeout_or_error,,,0,0,0,,,"HTTPSConnectionPool(host='a0.muscache.com', port=443): Max retries exceeded with url: /pictures/183cb4a4-b457-4ab0-aa0f-381acc3bbe0f.jpg (Caused by NameResolutionError(""<urllib3.connection.HTTPSConnection object at 0x00000232C3C0A180>: Failed to resolve 'a0.muscache.com' ([Errno 11001] getaddrinfo failed)""))"
36958278,https://a0.muscache.com/pictures/miso/Hosting-36958278/original/31c31f95-7a04-4aaa-a35b-b6e12315e21e.jpeg,failed_timeout_or_error,,,0,0,0,,,"HTTPSConnectionPool(host='a0.muscache.com', port=443): Max retries exceeded with url: /pictures/miso/Hosting-36958278/original/31c31f95-7a04-4aaa-a35b-b6e12315e21e.jpeg (Caused by NameResolutionError(""<urllib3.connection.HTTPSConnection object at 0x00000232C40CA900>: Failed to resolve 'a0.muscache.com' ([Errno 11001] getaddrinfo failed)""))"
36072103,https://a0.muscache.com/pictures/miso/Hosting-36072103/original/140f18c1-7ae5-4337-b16b-241960e77060.jpeg,failed_timeout_or_error,,,0,0,0,,,"HTTPSConnectionPool(host='a0.muscache.com', port=443): Max retries exceeded with url: /pictures/miso/Hosting-36072103/original/140f18c1-7ae5-4337-b16b-241960e77060.jpeg (Caused by NameResolutionError(""<urllib3.connection.HTTPSConnection object at 0x00000232C3CB63F0>: Failed to resolve 'a0.muscache.com' ([Errno 11001] getaddrinfo failed)""))"
36905980,https://a0.muscache.com/pictures/3876457c-5d60-4fe2-b7ab-41f2d500ff4b.jpg,failed_timeout_or_error,,,0,0,0,,,"HTTPSConnectionPool(host='a0.muscache.com', port=443): Max retries exceeded with url: /pictures/3876457c-5d60-4fe2-b7ab-41f2d500ff4b.jpg (Caused by NameResolutionError(""<urllib3.connection.HTTPSConnection object at 0x00000232C3CB4B90>: Failed to resolve 'a0.muscache.com' ([Errno 11001] getaddrinfo failed)""))"
37288485,https://a0.muscache.com/pictures/ff863f1d-eafe-409f-8c4a-42ae86b6299e.jpg,failed_timeout_or_error,,,0,0,0,,,"HTTPSConnectionPool(host='a0.muscache.com', port=443): Max retries exceeded with url: /pictures/ff863f1d-eafe-409f-8c4a-42ae86b6299e.jpg (Caused by NameResolutionError(""<urllib3.connection.HTTPSConnection object at 0x00000232C3CA5B80>: Failed to resolve 'a0.muscache.com' ([Errno 11001] getaddrinfo failed)""))"
37314271,https://a0.muscache.com/pictures/ba5c00fa-8632-43d1-bcc0-4c03c199d785.jpg,failed_timeout_or_error,,,0,0,0,,,"HTTPSConnectionPool(host='a0.muscache.com', port=443): Max retries exceeded with url: /pictures/ba5c00fa-8632-43d1-bcc0-4c03c199d785.jpg (Caused by NameResolutionError(""<urllib3.connection.HTTPSConnection object at 0x00000232C41DADE0>: Failed to resolve 'a0.muscache.com' ([Errno 11001] getaddrinfo failed)""))"
37119782,https://a0.muscache.com/pictures/ceb503a2-b886-4f5c-842e-152766d33e49.jpg,failed_timeout_or_error,,,0,0,0,,,"HTTPSConnectionPool(host='a0.muscache.com', port=443): Max retries exceeded with url: /pictures/ceb503a2-b886-4f5c-842e-152766d33e49.jpg (Caused by NameResolutionError(""<urllib3.connection.HTTPSConnection object at 0x00000232C41D8260>: Failed to resolve 'a0.muscache.com' ([Errno 11001] getaddrinfo failed)""))"
36624410,https://a0.muscache.com/pictures/prohost-api/Hosting-36624410/original/59198d2b-e869-47b5-a3c7-acb3a8750477.jpeg,failed_timeout_or_error,,,0,0,0,,,"HTTPSConnectionPool(host='a0.muscache.com', port=443): Max retries exceeded with url: /pictures/prohost-api/Hosting-36624410/original/59198d2b-e869-47b5-a3c7-acb3a8750477.jpeg (Caused by NameResolutionError(""<urllib3.connection.HTTPSConnection object at 0x00000232C3CB56A0>: Failed to resolve 'a0.muscache.com' ([Errno 11001] getaddrinfo failed)""))"
36688139,https://a0.muscache.com/pictures/f798dce6-30c9-4c6b-830a-15692361fc59.jpg,failed_timeout_or_error,,,0,0,0,,,"HTTPSConnectionPool(host='a0.muscache.com', port=443): Max retries exceeded with url: /pictures/f798dce6-30c9-4c6b-830a-15692361fc59.jpg (Caused by NameResolutionError(""<urllib3.connection.HTTPSConnection object at 0x00000232C41A56D0>: Failed to resolve 'a0.muscache.com' ([Errno 11001] getaddrinfo failed)""))"
36550199,https://a0.muscache.com/pictures/1b43c2d9-0928-46d9-92fd-d35e1fbeecbb.jpg,failed_timeout_or_error,,,0,0,0,,,"HTTPSConnectionPool(host='a0.muscache.com', port=443): Max retries exceeded with url: /pictures/1b43c2d9-0928-46d9-92fd-d35e1fbeecbb.jpg (Caused by NameResolutionError(""<urllib3.connection.HTTPSConnection object at 0x00000232C40F96D0>: Failed to resolve 'a0.muscache.com' ([Errno 11001] getaddrinfo failed)""))"
37283361,https://a0.muscache.com/pictures/2a471208-5c1c-450b-acf1-4f60957ea05e.jpg,failed_timeout_or_error,,,0,0,0,,,"HTTPSConnectionPool(host='a0.muscache.com', port=443): Max retries exceeded with url: /pictures/2a471208-5c1c-450b-acf1-4f60957ea05e.jpg (Caused by NameResolutionError(""<urllib3.connection.HTTPSConnection object at 0x00000232C40FA5A0>: Failed to resolve 'a0.muscache.com' ([Errno 11001] getaddrinfo failed)""))"
37009624,https://a0.muscache.com/pictures/prohost-api/Hosting-37009624/original/255d1502-3ef6-4416-a95e-b1b15ffd7130.jpeg,failed_timeout_or_error,,,0,0,0,,,"HTTPSConnectionPool(host='a0.muscache.com', port=443): Max retries exceeded with url: /pictures/prohost-api/Hosting-37009624/original/255d1502-3ef6-4416-a95e-b1b15ffd7130.jpeg (Caused by NameResolutionError(""<urllib3.connection.HTTPSConnection object at 0x00000232C40C9E80>: Failed to resolve 'a0.muscache.com' ([Errno 11001] getaddrinfo failed)""))"
36506806,https://a0.muscache.com/pictures/3479724c-cf3d-472c-8541-52a8fd798e23.jpg,failed_timeout_or_error,,,0,0,0,,,"HTTPSConnectionPool(host='a0.muscache.com', port=443): Max retries exceeded with url: /pictures/3479724c-cf3d-472c-8541-52a8fd798e23.jpg (Caused by NameResolutionError(""<urllib3.connection.HTTPSConnection object at 0x00000232C40CB560>: Failed to resolve 'a0.muscache.com' ([Errno 11001] getaddrinfo failed)""))"
37212222,https://a0.muscache.com/pictures/096c3bdc-d241-4b72-978f-15704fe8dff0.jpg,failed_timeout_or_error,,,0,0,0,,,"HTTPSConnectionPool(host='a0.muscache.com', port=443): Max retries exceeded with url: /pictures/096c3bdc-d241-4b72-978f-15704fe8dff0.jpg (Caused by NameResolutionError(""<urllib3.connection.HTTPSConnection object at 0x00000232C3CA4260>: Failed to resolve 'a0.muscache.com' ([Errno 11001] getaddrinfo failed)""))"
36625159,https://a0.muscache.com/pictures/miso/Hosting-36625159/original/7cc18428-75dd-4017-9170-85a00f1b96df.jpeg,failed_timeout_or_error,,,0,0,0,,,"HTTPSConnectionPool(host='a0.muscache.com', port=443): Max retries exceeded with url: /pictures/miso/Hosting-36625159/original/7cc18428-75dd-4017-9170-85a00f1b96df.jpeg (Caused by NameResolutionError(""<urllib3.connection.HTTPSConnection object at 0x00000232C40C9BB0>: Failed to resolve 'a0.muscache.com' ([Errno 11001] getaddrinfo failed)""))"
37324795,https://a0.muscache.com/pictures/05ec0a49-0c2c-4dfe-be52-ab799fe8203e.jpg,failed_timeout_or_error,,,0,0,0,,,"HTTPSConnectionPool(host='a0.muscache.com', port=443): Max retries exceeded with url: /pictures/05ec0a49-0c2c-4dfe-be52-ab799fe8203e.jpg (Caused by NameResolutionError(""<urllib3.connection.HTTPSConnection object at 0x00000232C40CA330>: Failed to resolve 'a0.muscache.com' ([Errno 11001] getaddrinfo failed)""))"
37424602,https://a0.muscache.com/pictures/34b744d0-e46a-42d7-815b-822bbc6df19c.jpg,failed_timeout_or_error,,,0,0,0,,,"HTTPSConnectionPool(host='a0.muscache.com', port=443): Max retries exceeded with url: /pictures/34b744d0-e46a-42d7-815b-822bbc6df19c.jpg (Caused by NameResolutionError(""<urllib3.connection.HTTPSConnection object at 0x00000232C41DB0E0>: Failed to resolve 'a0.muscache.com' ([Errno 11001] getaddrinfo failed)""))"
38048770,https://a0.muscache.com/pictures/2a3903f0-1be5-4db4-a419-2c7c1fff8320.jpg,failed_timeout_or_error,,,0,0,0,,,"HTTPSConnectionPool(host='a0.muscache.com', port=443): Max retries exceeded with url: /pictures/2a3903f0-1be5-4db4-a419-2c7c1fff8320.jpg (Caused by NameResolutionError(""<urllib3.connection.HTTPSConnection object at 0x00000232C40C9C70>: Failed to resolve 'a0.muscache.com' ([Errno 11001] getaddrinfo failed)""))"
37325558,https://a0.muscache.com/pictures/839f98b2-bbf7-4eff-a87c-8ca006a8d740.jpg,failed_timeout_or_error,,,0,0,0,,,"HTTPSConnectionPool(host='a0.muscache.com', port=443): Max retries exceeded with url: /pictures/839f98b2-bbf7-4eff-a87c-8ca006a8d740.jpg (Caused by NameResolutionError(""<urllib3.connection.HTTPSConnection object at 0x00000232C3CA5280>: Failed to resolve 'a0.muscache.com' ([Errno 11001] getaddrinfo failed)""))"
37964414,https://a0.muscache.com/pictures/d094688a-975d-4505-8446-176b11f66337.jpg,failed_timeout_or_error,,,0,0,0,,,"HTTPSConnectionPool(host='a0.muscache.com', port=443): Max retries exceeded with url: /pictures/d094688a-975d-4505-8446-176b11f66337.jpg (Caused by NameResolutionError(""<urllib3.connection.HTTPSConnection object at 0x00000232C40CA0F0>: Failed to resolve 'a0.muscache.com' ([Errno 11001] getaddrinfo failed)""))"
37524797,https://a0.muscache.com/pictures/pro_photo_tool/Hosting-37524797-unapproved/original/7ca31e69-cc09-4236-b440-0cc24126850b.JPEG,failed_timeout_or_error,,,0,0,0,,,"HTTPSConnectionPool(host='a0.muscache.com', port=443): Max retries exceeded with url: /pictures/pro_photo_tool/Hosting-37524797-unapproved/original/7ca31e69-cc09-4236-b440-0cc24126850b.JPEG (Caused by NameResolutionError(""<urllib3.connection.HTTPSConnection object at 0x00000232C40CB170>: Failed to resolve 'a0.muscache.com' ([Errno 11001] getaddrinfo failed)""))"
37554979,https://a0.muscache.com/pictures/418d77c3-2db5-46f2-af77-374683c9fdca.jpg,failed_timeout_or_error,,,0,0,0,,,"HTTPSConnectionPool(host='a0.muscache.com', port=443): Max retries exceeded with url: /pictures/418d77c3-2db5-46f2-af77-374683c9fdca.jpg (Caused by NameResolutionError(""<urllib3.connection.HTTPSConnection object at 0x00000232C3BB82F0>: Failed to resolve 'a0.muscache.com' ([Errno 11001] getaddrinfo failed)""))"
38099305,https://a0.muscache.com/pictures/83a0a588-65e6-40f5-bc3c-e06e84801933.jpg,failed_timeout_or_error,,,0,0,0,,,"HTTPSConnectionPool(host='a0.muscache.com', port=443): Max retries exceeded with url: /pictures/83a0a588-65e6-40f5-bc3c-e06e84801933.jpg (Caused by NameResolutionError(""<urllib3.connection.HTTPSConnection object at 0x00000232C3B3CAA0>: Failed to resolve 'a0.muscache.com' ([Errno 11001] getaddrinfo failed)""))"
37563000,https://a0.muscache.com/pictures/prohost-api/Hosting-37563000/original/1f43ff44-2020-4ba4-9cae-3ad53178e848.jpeg,failed_timeout_or_error,,,0,0,0,,,"HTTPSConnectionPool(host='a0.muscache.com', port=443): Max retries exceeded with url: /pictures/prohost-api/Hosting-37563000/original/1f43ff44-2020-4ba4-9cae-3ad53178e848.jpeg (Caused by NameResolutionError(""<urllib3.connection.HTTPSConnection object at 0x00000232C3CB5100>: Failed to resolve 'a0.muscache.com' ([Errno 11001] getaddrinfo failed)""))"
38322547,https://a0.muscache.com/pictures/fa11fb1a-7c94-4655-9518-9e97a15e5c25.jpg,failed_timeout_or_error,,,0,0,0,,,"HTTPSConnectionPool(host='a0.muscache.com', port=443): Max retries exceeded with url: /pictures/fa11fb1a-7c94-4655-9518-9e97a15e5c25.jpg (Caused by NameResolutionError(""<urllib3.connection.HTTPSConnection object at 0x00000232C3C85970>: Failed to resolve 'a0.muscache.com' ([Errno 11001] getaddrinfo failed)""))"
37423612,https://a0.muscache.com/pictures/25b12846-4653-4fcd-af50-1b1750662230.jpg,failed_timeout_or_error,,,0,0,0,,,"HTTPSConnectionPool(host='a0.muscache.com', port=443): Max retries exceeded with url: /pictures/25b12846-4653-4fcd-af50-1b1750662230.jpg (Caused by NameResolutionError(""<urllib3.connection.HTTPSConnection object at 0x00000232C3C872C0>: Failed to resolve 'a0.muscache.com' ([Errno 11001] getaddrinfo failed)""))"
38022086,https://a0.muscache.com/pictures/prohost-api/Hosting-38022086/original/d6fffc18-ec8b-4447-8779-cec9b126db52.jpeg,failed_timeout_or_error,,,0,0,0,,,"HTTPSConnectionPool(host='a0.muscache.com', port=443): Max retries exceeded with url: /pictures/prohost-api/Hosting-38022086/original/d6fffc18-ec8b-4447-8779-cec9b126db52.jpeg (Caused by NameResolutionError(""<urllib3.connection.HTTPSConnection object at 0x00000232C3C863F0>: Failed to resolve 'a0.muscache.com' ([Errno 11001] getaddrinfo failed)""))"
37491288,https://a0.muscache.com/pictures/miso/Hosting-37491288/original/cf54d55d-9222-4d14-8c7c-f0b175990604.jpeg,failed_timeout_or_error,,,0,0,0,,,"HTTPSConnectionPool(host='a0.muscache.com', port=443): Max retries exceeded with url: /pictures/miso/Hosting-37491288/original/cf54d55d-9222-4d14-8c7c-f0b175990604.jpeg (Caused by NameResolutionError(""<urllib3.connection.HTTPSConnection object at 0x00000232C3C84C80>: Failed to resolve 'a0.muscache.com' ([Errno 11001] getaddrinfo failed)""))"
38074026,https://a0.muscache.com/pictures/4f9a18b7-f8fb-47a7-8ee0-b48fe6ce43a0.jpg,failed_timeout_or_error,,,0,0,0,,,"HTTPSConnectionPool(host='a0.muscache.com', port=443): Max retries exceeded with url: /pictures/4f9a18b7-f8fb-47a7-8ee0-b48fe6ce43a0.jpg (Caused by NameResolutionError(""<urllib3.connection.HTTPSConnection object at 0x00000232C3C874D0>: Failed to resolve 'a0.muscache.com' ([Errno 11001] getaddrinfo failed)""))"
37417990,https://a0.muscache.com/pictures/miso/Hosting-37417990/original/1917e277-36f8-44f3-9e7d-460a560f7120.jpeg,failed_timeout_or_error,,,0,0,0,,,"HTTPSConnectionPool(host='a0.muscache.com', port=443): Max retries exceeded with url: /pictures/miso/Hosting-37417990/original/1917e277-36f8-44f3-9e7d-460a560f7120.jpeg (Caused by NameResolutionError(""<urllib3.connection.HTTPSConnection object at 0x00000232C40CA2D0>: Failed to resolve 'a0.muscache.com' ([Errno 11001] getaddrinfo failed)""))"
37900889,https://a0.muscache.com/pictures/pro_photo_tool/Hosting-37900889-unapproved/original/ad32ba6c-46f6-482d-a099-ce106a851eec.JPEG,failed_timeout_or_error,,,0,0,0,,,"HTTPSConnectionPool(host='a0.muscache.com', port=443): Max retries exceeded with url: /pictures/pro_photo_tool/Hosting-37900889-unapproved/original/ad32ba6c-46f6-482d-a099-ce106a851eec.JPEG (Caused by NameResolutionError(""<urllib3.connection.HTTPSConnection object at 0x00000232C40CB530>: Failed to resolve 'a0.muscache.com' ([Errno 11001] getaddrinfo failed)""))"
36630943,https://a0.muscache.com/pictures/5c7b9ee3-b394-45fe-900b-55715b03c7cb.jpg,failed_timeout_or_error,,,0,0,0,,,"HTTPSConnectionPool(host='a0.muscache.com', port=443): Max retries exceeded with url: /pictures/5c7b9ee3-b394-45fe-900b-55715b03c7cb.jpg (Caused by NameResolutionError(""<urllib3.connection.HTTPSConnection object at 0x00000232C3C84C50>: Failed to resolve 'a0.muscache.com' ([Errno 11001] getaddrinfo failed)""))"
38052261,https://a0.muscache.com/pictures/prohost-api/Hosting-38052261/original/7b619ff1-2bd7-422a-a495-477989d0a9c1.jpeg,failed_timeout_or_error,,,0,0,0,,,"HTTPSConnectionPool(host='a0.muscache.com', port=443): Max retries exceeded with url: /pictures/prohost-api/Hosting-38052261/original/7b619ff1-2bd7-422a-a495-477989d0a9c1.jpeg (Caused by NameResolutionError(""<urllib3.connection.HTTPSConnection object at 0x00000232C40C9A00>: Failed to resolve 'a0.muscache.com' ([Errno 11001] getaddrinfo failed)""))"
37997584,https://a0.muscache.com/pictures/prohost-api/Hosting-37997584/original/7d2dfa22-7b1c-433b-82ae-0e0c2acd6e43.jpeg,failed_timeout_or_error,,,0,0,0,,,"HTTPSConnectionPool(host='a0.muscache.com', port=443): Max retries exceeded with url: /pictures/prohost-api/Hosting-37997584/original/7d2dfa22-7b1c-433b-82ae-0e0c2acd6e43.jpeg (Caused by NameResolutionError(""<urllib3.connection.HTTPSConnection object at 0x00000232C40FBEC0>: Failed to resolve 'a0.muscache.com' ([Errno 11001] getaddrinfo failed)""))"
37990138,https://a0.muscache.com/pictures/df499dfd-895e-445a-b398-778e909d20d2.jpg,failed_timeout_or_error,,,0,0,0,,,"HTTPSConnectionPool(host='a0.muscache.com', port=443): Max retries exceeded with url: /pictures/df499dfd-895e-445a-b398-778e909d20d2.jpg (Caused by NameResolutionError(""<urllib3.connection.HTTPSConnection object at 0x00000232C3CACB30>: Failed to resolve 'a0.muscache.com' ([Errno 11001] getaddrinfo failed)""))"
37856650,https://a0.muscache.com/pictures/prohost-api/Hosting-37856650/original/d3e4c316-770b-471c-bc19-66ff1f0880f3.jpeg,failed_timeout_or_error,,,0,0,0,,,"HTTPSConnectionPool(host='a0.muscache.com', port=443): Max retries exceeded with url: /pictures/prohost-api/Hosting-37856650/original/d3e4c316-770b-471c-bc19-66ff1f0880f3.jpeg (Caused by NameResolutionError(""<urllib3.connection.HTTPSConnection object at 0x00000232C40FA6F0>: Failed to resolve 'a0.muscache.com' ([Errno 11001] getaddrinfo failed)""))"
38070440,https://a0.muscache.com/pictures/miso/Hosting-38070440/original/cc9462ba-809b-4861-ac54-a83eef3b286a.jpeg,failed_timeout_or_error,,,0,0,0,,,"HTTPSConnectionPool(host='a0.muscache.com', port=443): Max retries exceeded with url: /pictures/miso/Hosting-38070440/original/cc9462ba-809b-4861-ac54-a83eef3b286a.jpeg (Caused by NameResolutionError(""<urllib3.connection.HTTPSConnection object at 0x00000232C41D9910>: Failed to resolve 'a0.muscache.com' ([Errno 11001] getaddrinfo failed)""))"
38298383,https://a0.muscache.com/pictures/miso/Hosting-38298383/original/c4a49900-a1a1-4af6-843b-fff0a4453b87.jpeg,failed_timeout_or_error,,,0,0,0,,,"HTTPSConnectionPool(host='a0.muscache.com', port=443): Max retries exceeded with url: /pictures/miso/Hosting-38298383/original/c4a49900-a1a1-4af6-843b-fff0a4453b87.jpeg (Caused by NameResolutionError(""<urllib3.connection.HTTPSConnection object at 0x00000232C3B1AC30>: Failed to resolve 'a0.muscache.com' ([Errno 11001] getaddrinfo failed)""))"
37793218,https://a0.muscache.com/pictures/d5f8af21-7a00-4afb-bde1-1eb0892340c7.jpg,failed_timeout_or_error,,,0,0,0,,,"HTTPSConnectionPool(host='a0.muscache.com', port=443): Max retries exceeded with url: /pictures/d5f8af21-7a00-4afb-bde1-1eb0892340c7.jpg (Caused by NameResolutionError(""<urllib3.connection.HTTPSConnection object at 0x00000232C3AB7E60>: Failed to resolve 'a0.muscache.com' ([Errno 11001] getaddrinfo failed)""))"
37630701,https://a0.muscache.com/pictures/a0679bf8-5745-467d-bb63-741c737aafb1.jpg,failed_timeout_or_error,,,0,0,0,,,"HTTPSConnectionPool(host='a0.muscache.com', port=443): Max retries exceeded with url: /pictures/a0679bf8-5745-467d-bb63-741c737aafb1.jpg (Caused by NameResolutionError(""<urllib3.connection.HTTPSConnection object at 0x00000232C4069C40>: Failed to resolve 'a0.muscache.com' ([Errno 11001] getaddrinfo failed)""))"
37797864,https://a0.muscache.com/pictures/miso/Hosting-37797864/original/9b2baee2-b650-4894-bbbf-527cf257adbc.jpeg,failed_timeout_or_error,,,0,0,0,,,"HTTPSConnectionPool(host='a0.muscache.com', port=443): Max retries exceeded with url: /pictures/miso/Hosting-37797864/original/9b2baee2-b650-4894-bbbf-527cf257adbc.jpeg (Caused by NameResolutionError(""<urllib3.connection.HTTPSConnection object at 0x00000232C3C84C50>: Failed to resolve 'a0.muscache.com' ([Errno 11001] getaddrinfo failed)""))"
38260663,https://a0.muscache.com/pictures/51615c24-5839-48ba-ac56-7fa2952e1d57.jpg,failed_timeout_or_error,,,0,0,0,,,"HTTPSConnectionPool(host='a0.muscache.com', port=443): Max retries exceeded with url: /pictures/51615c24-5839-48ba-ac56-7fa2952e1d57.jpg (Caused by NameResolutionError(""<urllib3.connection.HTTPSConnection object at 0x00000232C3B0F110>: Failed to resolve 'a0.muscache.com' ([Errno 11001] getaddrinfo failed)""))"
38097291,https://a0.muscache.com/pictures/prohost-api/Hosting-38097291/original/5b98111e-7d69-423c-9619-128219d75114.jpeg,failed_timeout_or_error,,,0,0,0,,,"HTTPSConnectionPool(host='a0.muscache.com', port=443): Max retries exceeded with url: /pictures/prohost-api/Hosting-38097291/original/5b98111e-7d69-423c-9619-128219d75114.jpeg (Caused by NameResolutionError(""<urllib3.connection.HTTPSConnection object at 0x00000232C40CB5C0>: Failed to resolve 'a0.muscache.com' ([Errno 11001] getaddrinfo failed)""))"
38799800,https://a0.muscache.com/pictures/miso/Hosting-38799800/original/129e0455-f245-4808-9826-5d083ae561a5.jpeg,failed_timeout_or_error,,,0,0,0,,,"HTTPSConnectionPool(host='a0.muscache.com', port=443): Max retries exceeded with url: /pictures/miso/Hosting-38799800/original/129e0455-f245-4808-9826-5d083ae561a5.jpeg (Caused by NameResolutionError(""<urllib3.connection.HTTPSConnection object at 0x00000232C40F90D0>: Failed to resolve 'a0.muscache.com' ([Errno 11001] getaddrinfo failed)""))"
38135882,https://a0.muscache.com/pictures/prohost-api/Hosting-38135882/original/5cb79b3f-5c50-4fe0-8748-b44b0bf5b3f5.jpeg,failed_timeout_or_error,,,0,0,0,,,"HTTPSConnectionPool(host='a0.muscache.com', port=443): Max retries exceeded with url: /pictures/prohost-api/Hosting-38135882/original/5cb79b3f-5c50-4fe0-8748-b44b0bf5b3f5.jpeg (Caused by NameResolutionError(""<urllib3.connection.HTTPSConnection object at 0x00000232C3CB7590>: Failed to resolve 'a0.muscache.com' ([Errno 11001] getaddrinfo failed)""))"
38260042,https://a0.muscache.com/pictures/7835898e-072b-4559-b321-f8357cb05537.jpg,failed_timeout_or_error,,,0,0,0,,,"HTTPSConnectionPool(host='a0.muscache.com', port=443): Max retries exceeded with url: /pictures/7835898e-072b-4559-b321-f8357cb05537.jpg (Caused by NameResolutionError(""<urllib3.connection.HTTPSConnection object at 0x00000232C3B0FEF0>: Failed to resolve 'a0.muscache.com' ([Errno 11001] getaddrinfo failed)""))"
38217215,https://a0.muscache.com/pictures/78f3a4a4-70cb-450e-92a7-b8968458d9ae.jpg,failed_timeout_or_error,,,0,0,0,,,"HTTPSConnectionPool(host='a0.muscache.com', port=443): Max retries exceeded with url: /pictures/78f3a4a4-70cb-450e-92a7-b8968458d9ae.jpg (Caused by NameResolutionError(""<urllib3.connection.HTTPSConnection object at 0x00000232C39C4CB0>: Failed to resolve 'a0.muscache.com' ([Errno 11001] getaddrinfo failed)""))"
38101783,https://a0.muscache.com/pictures/68ab45fa-c867-4380-898a-59ad1a95936e.jpg,failed_timeout_or_error,,,0,0,0,,,"HTTPSConnectionPool(host='a0.muscache.com', port=443): Max retries exceeded with url: /pictures/68ab45fa-c867-4380-898a-59ad1a95936e.jpg (Caused by NameResolutionError(""<urllib3.connection.HTTPSConnection object at 0x00000232C3AB7E90>: Failed to resolve 'a0.muscache.com' ([Errno 11001] getaddrinfo failed)""))"
38226950,https://a0.muscache.com/pictures/5bc47d0c-c410-43f4-b0b5-72c96a154f24.jpg,failed_timeout_or_error,,,0,0,0,,,"HTTPSConnectionPool(host='a0.muscache.com', port=443): Max retries exceeded with url: /pictures/5bc47d0c-c410-43f4-b0b5-72c96a154f24.jpg (Caused by NameResolutionError(""<urllib3.connection.HTTPSConnection object at 0x00000232C3B0F980>: Failed to resolve 'a0.muscache.com' ([Errno 11001] getaddrinfo failed)""))"
38298493,https://a0.muscache.com/pictures/cbad9590-c818-4596-93d2-df455d2f1e23.jpg,failed_timeout_or_error,,,0,0,0,,,"HTTPSConnectionPool(host='a0.muscache.com', port=443): Max retries exceeded with url: /pictures/cbad9590-c818-4596-93d2-df455d2f1e23.jpg (Caused by NameResolutionError(""<urllib3.connection.HTTPSConnection object at 0x00000232C3AB61E0>: Failed to resolve 'a0.muscache.com' ([Errno 11001] getaddrinfo failed)""))"
38413800,https://a0.muscache.com/pictures/f456e9c4-1968-45e5-891e-aa3f5d592c1c.jpg,failed_timeout_or_error,,,0,0,0,,,"HTTPSConnectionPool(host='a0.muscache.com', port=443): Max retries exceeded with url: /pictures/f456e9c4-1968-45e5-891e-aa3f5d592c1c.jpg (Caused by NameResolutionError(""<urllib3.connection.HTTPSConnection object at 0x00000232C40FBFB0>: Failed to resolve 'a0.muscache.com' ([Errno 11001] getaddrinfo failed)""))"
38935174,https://a0.muscache.com/pictures/miso/Hosting-38935174/original/1b1cfb2b-108d-43c0-af7f-cff4533544ca.jpeg,failed_timeout_or_error,,,0,0,0,,,"HTTPSConnectionPool(host='a0.muscache.com', port=443): Max retries exceeded with url: /pictures/miso/Hosting-38935174/original/1b1cfb2b-108d-43c0-af7f-cff4533544ca.jpeg (Caused by NameResolutionError(""<urllib3.connection.HTTPSConnection object at 0x00000232C41DB3B0>: Failed to resolve 'a0.muscache.com' ([Errno 11001] getaddrinfo failed)""))"
38538781,https://a0.muscache.com/pictures/b188b70c-dd08-4c84-ba1c-74cc3d454298.jpg,failed_timeout_or_error,,,0,0,0,,,"HTTPSConnectionPool(host='a0.muscache.com', port=443): Max retries exceeded with url: /pictures/b188b70c-dd08-4c84-ba1c-74cc3d454298.jpg (Caused by NameResolutionError(""<urllib3.connection.HTTPSConnection object at 0x00000232C3AB7800>: Failed to resolve 'a0.muscache.com' ([Errno 11001] getaddrinfo failed)""))"
38343217,https://a0.muscache.com/pictures/airflow/Hosting-38343217/original/e216104b-db4a-48ac-8448-c3eafe2bb70b.jpg,failed_timeout_or_error,,,0,0,0,,,"HTTPSConnectionPool(host='a0.muscache.com', port=443): Max retries exceeded with url: /pictures/airflow/Hosting-38343217/original/e216104b-db4a-48ac-8448-c3eafe2bb70b.jpg (Caused by NameResolutionError(""<urllib3.connection.HTTPSConnection object at 0x00000232C3CE6C30>: Failed to resolve 'a0.muscache.com' ([Errno 11001] getaddrinfo failed)""))"
38597290,https://a0.muscache.com/pictures/cb2aab86-692d-4c17-8df4-708a4619e988.jpg,failed_timeout_or_error,,,0,0,0,,,"HTTPSConnectionPool(host='a0.muscache.com', port=443): Max retries exceeded with url: /pictures/cb2aab86-692d-4c17-8df4-708a4619e988.jpg (Caused by NameResolutionError(""<urllib3.connection.HTTPSConnection object at 0x00000232C3CE7080>: Failed to resolve 'a0.muscache.com' ([Errno 11001] getaddrinfo failed)""))"
38600691,https://a0.muscache.com/pictures/miso/Hosting-38600691/original/6d7a0782-12e4-4392-bff4-9010102b7526.jpeg,failed_timeout_or_error,,,0,0,0,,,"HTTPSConnectionPool(host='a0.muscache.com', port=443): Max retries exceeded with url: /pictures/miso/Hosting-38600691/original/6d7a0782-12e4-4392-bff4-9010102b7526.jpeg (Caused by NameResolutionError(""<urllib3.connection.HTTPSConnection object at 0x00000232C3B0CAA0>: Failed to resolve 'a0.muscache.com' ([Errno 11001] getaddrinfo failed)""))"
38448857,https://a0.muscache.com/pictures/miso/Hosting-38448857/original/3851c200-2c20-43a4-8900-09a19fbc83db.jpeg,failed_timeout_or_error,,,0,0,0,,,"HTTPSConnectionPool(host='a0.muscache.com', port=443): Max retries exceeded with url: /pictures/miso/Hosting-38448857/original/3851c200-2c20-43a4-8900-09a19fbc83db.jpeg (Caused by NameResolutionError(""<urllib3.connection.HTTPSConnection object at 0x00000232C40FBA10>: Failed to resolve 'a0.muscache.com' ([Errno 11001] getaddrinfo failed)""))"
38842684,https://a0.muscache.com/pictures/2e8000fa-5a72-4004-bd3e-9818163ff9bb.jpg,failed_timeout_or_error,,,0,0,0,,,"HTTPSConnectionPool(host='a0.muscache.com', port=443): Max retries exceeded with url: /pictures/2e8000fa-5a72-4004-bd3e-9818163ff9bb.jpg (Caused by NameResolutionError(""<urllib3.connection.HTTPSConnection object at 0x00000232C3AB6ED0>: Failed to resolve 'a0.muscache.com' ([Errno 11001] getaddrinfo failed)""))"
38796139,https://a0.muscache.com/pictures/ea9b9ae5-8ba9-4e35-902e-84f841f755e9.jpg,failed_timeout_or_error,,,0,0,0,,,"HTTPSConnectionPool(host='a0.muscache.com', port=443): Max retries exceeded with url: /pictures/ea9b9ae5-8ba9-4e35-902e-84f841f755e9.jpg (Caused by NameResolutionError(""<urllib3.connection.HTTPSConnection object at 0x00000232C40F9790>: Failed to resolve 'a0.muscache.com' ([Errno 11001] getaddrinfo failed)""))"
38624441,https://a0.muscache.com/pictures/bc690da8-ddcc-4a3e-8b61-3f94622ec5a2.jpg,failed_timeout_or_error,,,0,0,0,,,"HTTPSConnectionPool(host='a0.muscache.com', port=443): Max retries exceeded with url: /pictures/bc690da8-ddcc-4a3e-8b61-3f94622ec5a2.jpg (Caused by NameResolutionError(""<urllib3.connection.HTTPSConnection object at 0x00000232C41DAB10>: Failed to resolve 'a0.muscache.com' ([Errno 11001] getaddrinfo failed)""))"
38568166,https://a0.muscache.com/pictures/6384cea6-d799-4e64-ad71-1a3721149235.jpg,failed_timeout_or_error,,,0,0,0,,,"HTTPSConnectionPool(host='a0.muscache.com', port=443): Max retries exceeded with url: /pictures/6384cea6-d799-4e64-ad71-1a3721149235.jpg (Caused by NameResolutionError(""<urllib3.connection.HTTPSConnection object at 0x00000232C3CA5A60>: Failed to resolve 'a0.muscache.com' ([Errno 11001] getaddrinfo failed)""))"
38710999,https://a0.muscache.com/pictures/prohost-api/Hosting-38710999/original/beeef462-039d-4397-a0fe-362d462a74db.jpeg,failed_timeout_or_error,,,0,0,0,,,"HTTPSConnectionPool(host='a0.muscache.com', port=443): Max retries exceeded with url: /pictures/prohost-api/Hosting-38710999/original/beeef462-039d-4397-a0fe-362d462a74db.jpeg (Caused by NameResolutionError(""<urllib3.connection.HTTPSConnection object at 0x00000232C3B186E0>: Failed to resolve 'a0.muscache.com' ([Errno 11001] getaddrinfo failed)""))"
38978399,https://a0.muscache.com/pictures/a2fcdb0a-dd74-44a7-a1f0-197ca23c1832.jpg,failed_timeout_or_error,,,0,0,0,,,"HTTPSConnectionPool(host='a0.muscache.com', port=443): Max retries exceeded with url: /pictures/a2fcdb0a-dd74-44a7-a1f0-197ca23c1832.jpg (Caused by NameResolutionError(""<urllib3.connection.HTTPSConnection object at 0x00000232C3BBA0F0>: Failed to resolve 'a0.muscache.com' ([Errno 11001] getaddrinfo failed)""))"
38953302,https://a0.muscache.com/pictures/53c44b49-f3c7-4b32-9621-918491b62000.jpg,failed_timeout_or_error,,,0,0,0,,,"HTTPSConnectionPool(host='a0.muscache.com', port=443): Max retries exceeded with url: /pictures/53c44b49-f3c7-4b32-9621-918491b62000.jpg (Caused by NameResolutionError(""<urllib3.connection.HTTPSConnection object at 0x00000232C3BB8F20>: Failed to resolve 'a0.muscache.com' ([Errno 11001] getaddrinfo failed)""))"
38711002,https://a0.muscache.com/pictures/prohost-api/Hosting-38711002/original/a5a8e840-57a5-4560-8dcc-1f6666d2b46f.jpeg,failed_timeout_or_error,,,0,0,0,,,"HTTPSConnectionPool(host='a0.muscache.com', port=443): Max retries exceeded with url: /pictures/prohost-api/Hosting-38711002/original/a5a8e840-57a5-4560-8dcc-1f6666d2b46f.jpeg (Caused by NameResolutionError(""<urllib3.connection.HTTPSConnection object at 0x00000232C3B3F110>: Failed to resolve 'a0.muscache.com' ([Errno 11001] getaddrinfo failed)""))"
38923649,https://a0.muscache.com/pictures/a5207932-15a4-4889-89aa-34cc46c98ff3.jpg,failed_timeout_or_error,,,0,0,0,,,"HTTPSConnectionPool(host='a0.muscache.com', port=443): Max retries exceeded with url: /pictures/a5207932-15a4-4889-89aa-34cc46c98ff3.jpg (Caused by NameResolutionError(""<urllib3.connection.HTTPSConnection object at 0x00000232C3CE7650>: Failed to resolve 'a0.muscache.com' ([Errno 11001] getaddrinfo failed)""))"
39811858,https://a0.muscache.com/pictures/4b4e5b84-c49e-4f11-9277-005b0a63cb49.jpg,failed_timeout_or_error,,,0,0,0,,,"HTTPSConnectionPool(host='a0.muscache.com', port=443): Max retries exceeded with url: /pictures/4b4e5b84-c49e-4f11-9277-005b0a63cb49.jpg (Caused by NameResolutionError(""<urllib3.connection.HTTPSConnection object at 0x00000232C3CB74D0>: Failed to resolve 'a0.muscache.com' ([Errno 11001] getaddrinfo failed)""))"
39225051,https://a0.muscache.com/pictures/7761f023-90ab-48c7-acb5-6fe3642f3bd8.jpg,failed_timeout_or_error,,,0,0,0,,,"HTTPSConnectionPool(host='a0.muscache.com', port=443): Max retries exceeded with url: /pictures/7761f023-90ab-48c7-acb5-6fe3642f3bd8.jpg (Caused by NameResolutionError(""<urllib3.connection.HTTPSConnection object at 0x00000232C3AB73E0>: Failed to resolve 'a0.muscache.com' ([Errno 11001] getaddrinfo failed)""))"
38602787,https://a0.muscache.com/pictures/miso/Hosting-38602787/original/028300ea-126b-4919-95b6-cf63a8d579f0.jpeg,failed_timeout_or_error,,,0,0,0,,,"HTTPSConnectionPool(host='a0.muscache.com', port=443): Max retries exceeded with url: /pictures/miso/Hosting-38602787/original/028300ea-126b-4919-95b6-cf63a8d579f0.jpeg (Caused by NameResolutionError(""<urllib3.connection.HTTPSConnection object at 0x00000232C3CB5100>: Failed to resolve 'a0.muscache.com' ([Errno 11001] getaddrinfo failed)""))"
39170705,https://a0.muscache.com/pictures/miso/Hosting-39170705/original/07800a91-3426-4a69-8687-e955ca30bb2f.jpeg,failed_timeout_or_error,,,0,0,0,,,"HTTPSConnectionPool(host='a0.muscache.com', port=443): Max retries exceeded with url: /pictures/miso/Hosting-39170705/original/07800a91-3426-4a69-8687-e955ca30bb2f.jpeg (Caused by NameResolutionError(""<urllib3.connection.HTTPSConnection object at 0x00000232C3AB4B90>: Failed to resolve 'a0.muscache.com' ([Errno 11001] getaddrinfo failed)""))"
39769249,https://a0.muscache.com/pictures/c5132b07-d725-4714-94a3-e6ea415e50b9.jpg,failed_timeout_or_error,,,0,0,0,,,"HTTPSConnectionPool(host='a0.muscache.com', port=443): Max retries exceeded with url: /pictures/c5132b07-d725-4714-94a3-e6ea415e50b9.jpg (Caused by NameResolutionError(""<urllib3.connection.HTTPSConnection object at 0x00000232C3AB6150>: Failed to resolve 'a0.muscache.com' ([Errno 11001] getaddrinfo failed)""))"
38877912,https://a0.muscache.com/pictures/miso/Hosting-38877912/original/f56f5510-96d5-4bad-8650-975bb2eeb986.jpeg,failed_timeout_or_error,,,0,0,0,,,"HTTPSConnectionPool(host='a0.muscache.com', port=443): Max retries exceeded with url: /pictures/miso/Hosting-38877912/original/f56f5510-96d5-4bad-8650-975bb2eeb986.jpeg (Caused by NameResolutionError(""<urllib3.connection.HTTPSConnection object at 0x00000232C3942FC0>: Failed to resolve 'a0.muscache.com' ([Errno 11001] getaddrinfo failed)""))"
39469831,https://a0.muscache.com/pictures/2817e01a-08cc-4702-8bcf-baf16953aad9.jpg,failed_timeout_or_error,,,0,0,0,,,"HTTPSConnectionPool(host='a0.muscache.com', port=443): Max retries exceeded with url: /pictures/2817e01a-08cc-4702-8bcf-baf16953aad9.jpg (Caused by NameResolutionError(""<urllib3.connection.HTTPSConnection object at 0x00000232C3CB6000>: Failed to resolve 'a0.muscache.com' ([Errno 11001] getaddrinfo failed)""))"
38931169,https://a0.muscache.com/pictures/prohost-api/Hosting-38931169/original/758f606c-0aff-4d50-ad14-26639a6a7ebf.jpeg,failed_timeout_or_error,,,0,0,0,,,"HTTPSConnectionPool(host='a0.muscache.com', port=443): Max retries exceeded with url: /pictures/prohost-api/Hosting-38931169/original/758f606c-0aff-4d50-ad14-26639a6a7ebf.jpeg (Caused by NameResolutionError(""<urllib3.connection.HTTPSConnection object at 0x00000232C3CB5400>: Failed to resolve 'a0.muscache.com' ([Errno 11001] getaddrinfo failed)""))"
39794917,https://a0.muscache.com/pictures/bace6a90-d954-46bd-9d3a-9f3c780264e4.jpg,failed_timeout_or_error,,,0,0,0,,,"HTTPSConnectionPool(host='a0.muscache.com', port=443): Max retries exceeded with url: /pictures/bace6a90-d954-46bd-9d3a-9f3c780264e4.jpg (Caused by NameResolutionError(""<urllib3.connection.HTTPSConnection object at 0x00000232C3CE6AE0>: Failed to resolve 'a0.muscache.com' ([Errno 11001] getaddrinfo failed)""))"
39007688,https://a0.muscache.com/pictures/7ce41d12-bff4-4d12-a285-63cbb25d0cac.jpg,failed_timeout_or_error,,,0,0,0,,,"HTTPSConnectionPool(host='a0.muscache.com', port=443): Max retries exceeded with url: /pictures/7ce41d12-bff4-4d12-a285-63cbb25d0cac.jpg (Caused by NameResolutionError(""<urllib3.connection.HTTPSConnection object at 0x00000232C3CE4FB0>: Failed to resolve 'a0.muscache.com' ([Errno 11001] getaddrinfo failed)""))"
39341676,https://a0.muscache.com/pictures/92b216e6-7231-430e-ad18-4ff00178d76f.jpg,failed_timeout_or_error,,,0,0,0,,,"HTTPSConnectionPool(host='a0.muscache.com', port=443): Max retries exceeded with url: /pictures/92b216e6-7231-430e-ad18-4ff00178d76f.jpg (Caused by NameResolutionError(""<urllib3.connection.HTTPSConnection object at 0x00000232C40687A0>: Failed to resolve 'a0.muscache.com' ([Errno 11001] getaddrinfo failed)""))"
39196663,https://a0.muscache.com/pictures/miso/Hosting-39196663/original/4b667e50-62ac-42f3-a651-a449f157a82e.jpeg,failed_timeout_or_error,,,0,0,0,,,"HTTPSConnectionPool(host='a0.muscache.com', port=443): Max retries exceeded with url: /pictures/miso/Hosting-39196663/original/4b667e50-62ac-42f3-a651-a449f157a82e.jpeg (Caused by NameResolutionError(""<urllib3.connection.HTTPSConnection object at 0x00000232C1CF8980>: Failed to resolve 'a0.muscache.com' ([Errno 11001] getaddrinfo failed)""))"
39178390,https://a0.muscache.com/pictures/02810544-794e-47d2-8aa5-2f5d77b66853.jpg,failed_timeout_or_error,,,0,0,0,,,"HTTPSConnectionPool(host='a0.muscache.com', port=443): Max retries exceeded with url: /pictures/02810544-794e-47d2-8aa5-2f5d77b66853.jpg (Caused by NameResolutionError(""<urllib3.connection.HTTPSConnection object at 0x00000232C3CE6480>: Failed to resolve 'a0.muscache.com' ([Errno 11001] getaddrinfo failed)""))"
38849359,https://a0.muscache.com/pictures/f321f6fc-232a-4a5e-81a4-9cdfb2313f9d.jpg,failed_timeout_or_error,,,0,0,0,,,"HTTPSConnectionPool(host='a0.muscache.com', port=443): Max retries exceeded with url: /pictures/f321f6fc-232a-4a5e-81a4-9cdfb2313f9d.jpg (Caused by NameResolutionError(""<urllib3.connection.HTTPSConnection object at 0x00000232C406A870>: Failed to resolve 'a0.muscache.com' ([Errno 11001] getaddrinfo failed)""))"
41191198,https://a0.muscache.com/pictures/miso/Hosting-41191198/original/a9af188b-1b59-49e4-b6e2-dec1141e2001.jpeg,failed_timeout_or_error,,,0,0,0,,,"HTTPSConnectionPool(host='a0.muscache.com', port=443): Max retries exceeded with url: /pictures/miso/Hosting-41191198/original/a9af188b-1b59-49e4-b6e2-dec1141e2001.jpeg (Caused by NameResolutionError(""<urllib3.connection.HTTPSConnection object at 0x00000232C3AB6FC0>: Failed to resolve 'a0.muscache.com' ([Errno 11001] getaddrinfo failed)""))"
39113069,https://a0.muscache.com/pictures/9b3a274e-99d8-4433-8a3c-c2b4d4d7ef1a.jpg,failed_timeout_or_error,,,0,0,0,,,"HTTPSConnectionPool(host='a0.muscache.com', port=443): Max retries exceeded with url: /pictures/9b3a274e-99d8-4433-8a3c-c2b4d4d7ef1a.jpg (Caused by NameResolutionError(""<urllib3.connection.HTTPSConnection object at 0x00000232C3B18530>: Failed to resolve 'a0.muscache.com' ([Errno 11001] getaddrinfo failed)""))"
39440197,https://a0.muscache.com/pictures/miso/Hosting-39440197/original/b3ea6262-d92e-4e8b-ac9b-7728a4ea484b.jpeg,failed_timeout_or_error,,,0,0,0,,,"HTTPSConnectionPool(host='a0.muscache.com', port=443): Max retries exceeded with url: /pictures/miso/Hosting-39440197/original/b3ea6262-d92e-4e8b-ac9b-7728a4ea484b.jpeg (Caused by NameResolutionError(""<urllib3.connection.HTTPSConnection object at 0x00000232C3B1B320>: Failed to resolve 'a0.muscache.com' ([Errno 11001] getaddrinfo failed)""))"
39199023,https://a0.muscache.com/pictures/aa9a7323-b2eb-4547-b785-9d570dfd54a7.jpg,failed_timeout_or_error,,,0,0,0,,,"HTTPSConnectionPool(host='a0.muscache.com', port=443): Max retries exceeded with url: /pictures/aa9a7323-b2eb-4547-b785-9d570dfd54a7.jpg (Caused by NameResolutionError(""<urllib3.connection.HTTPSConnection object at 0x00000232C3AB68D0>: Failed to resolve 'a0.muscache.com' ([Errno 11001] getaddrinfo failed)""))"
40087092,https://a0.muscache.com/pictures/477d0e0e-f09d-40b4-b510-035108efa194.jpg,failed_timeout_or_error,,,0,0,0,,,"HTTPSConnectionPool(host='a0.muscache.com', port=443): Max retries exceeded with url: /pictures/477d0e0e-f09d-40b4-b510-035108efa194.jpg (Caused by NameResolutionError(""<urllib3.connection.HTTPSConnection object at 0x00000232C3AB4320>: Failed to resolve 'a0.muscache.com' ([Errno 11001] getaddrinfo failed)""))"
39487580,https://a0.muscache.com/pictures/miso/Hosting-39487580/original/4d037d61-c8e4-45f4-83a5-d7f9030f606b.jpeg,failed_timeout_or_error,,,0,0,0,,,"HTTPSConnectionPool(host='a0.muscache.com', port=443): Max retries exceeded with url: /pictures/miso/Hosting-39487580/original/4d037d61-c8e4-45f4-83a5-d7f9030f606b.jpeg (Caused by NameResolutionError(""<urllib3.connection.HTTPSConnection object at 0x00000232C3B19E50>: Failed to resolve 'a0.muscache.com' ([Errno 11001] getaddrinfo failed)""))"
39549754,https://a0.muscache.com/pictures/miso/Hosting-39549754/original/833e993f-f825-4fc6-97e7-14b6920b95ae.jpeg,failed_timeout_or_error,,,0,0,0,,,"HTTPSConnectionPool(host='a0.muscache.com', port=443): Max retries exceeded with url: /pictures/miso/Hosting-39549754/original/833e993f-f825-4fc6-97e7-14b6920b95ae.jpeg (Caused by NameResolutionError(""<urllib3.connection.HTTPSConnection object at 0x00000232C3CE65D0>: Failed to resolve 'a0.muscache.com' ([Errno 11001] getaddrinfo failed)""))"
39003531,https://a0.muscache.com/pictures/miso/Hosting-39003531/original/e77931b6-c94b-467b-9b30-e2563e6b2daa.jpeg,failed_timeout_or_error,,,0,0,0,,,"HTTPSConnectionPool(host='a0.muscache.com', port=443): Max retries exceeded with url: /pictures/miso/Hosting-39003531/original/e77931b6-c94b-467b-9b30-e2563e6b2daa.jpeg (Caused by NameResolutionError(""<urllib3.connection.HTTPSConnection object at 0x00000232C3AB7C50>: Failed to resolve 'a0.muscache.com' ([Errno 11001] getaddrinfo failed)""))"
39085588,https://a0.muscache.com/pictures/fd6ef3cd-913f-46c7-b82a-aaa01a703f35.jpg,failed_timeout_or_error,,,0,0,0,,,"HTTPSConnectionPool(host='a0.muscache.com', port=443): Max retries exceeded with url: /pictures/fd6ef3cd-913f-46c7-b82a-aaa01a703f35.jpg (Caused by NameResolutionError(""<urllib3.connection.HTTPSConnection object at 0x00000232C3AB7E30>: Failed to resolve 'a0.muscache.com' ([Errno 11001] getaddrinfo failed)""))"
39964998,https://a0.muscache.com/pictures/cd4acf1d-6581-441a-8ffa-cb9c31f6c83e.jpg,failed_timeout_or_error,,,0,0,0,,,"HTTPSConnectionPool(host='a0.muscache.com', port=443): Max retries exceeded with url: /pictures/cd4acf1d-6581-441a-8ffa-cb9c31f6c83e.jpg (Caused by NameResolutionError(""<urllib3.connection.HTTPSConnection object at 0x00000232C3C84710>: Failed to resolve 'a0.muscache.com' ([Errno 11001] getaddrinfo failed)""))"
40610548,https://a0.muscache.com/pictures/2fb75832-7eaa-459c-8900-9a52c2a32e95.jpg,failed_timeout_or_error,,,0,0,0,,,"HTTPSConnectionPool(host='a0.muscache.com', port=443): Max retries exceeded with url: /pictures/2fb75832-7eaa-459c-8900-9a52c2a32e95.jpg (Caused by NameResolutionError(""<urllib3.connection.HTTPSConnection object at 0x00000232C3BBB950>: Failed to resolve 'a0.muscache.com' ([Errno 11001] getaddrinfo failed)""))"
40091044,https://a0.muscache.com/pictures/prohost-api/Hosting-40091044/original/2f7b5f1c-351b-4b8b-ad94-1b6d41a08b94.jpeg,failed_timeout_or_error,,,0,0,0,,,"HTTPSConnectionPool(host='a0.muscache.com', port=443): Max retries exceeded with url: /pictures/prohost-api/Hosting-40091044/original/2f7b5f1c-351b-4b8b-ad94-1b6d41a08b94.jpeg (Caused by NameResolutionError(""<urllib3.connection.HTTPSConnection object at 0x00000232C3B1AF60>: Failed to resolve 'a0.muscache.com' ([Errno 11001] getaddrinfo failed)""))"
40175865,https://a0.muscache.com/pictures/abbc47a7-1918-4983-bd00-282e249c336f.jpg,failed_timeout_or_error,,,0,0,0,,,"HTTPSConnectionPool(host='a0.muscache.com', port=443): Max retries exceeded with url: /pictures/abbc47a7-1918-4983-bd00-282e249c336f.jpg (Caused by NameResolutionError(""<urllib3.connection.HTTPSConnection object at 0x00000232C3CB5400>: Failed to resolve 'a0.muscache.com' ([Errno 11001] getaddrinfo failed)""))"
40024336,https://a0.muscache.com/pictures/5d0616de-406e-4f16-84a2-c7df011f303e.jpg,failed_timeout_or_error,,,0,0,0,,,"HTTPSConnectionPool(host='a0.muscache.com', port=443): Max retries exceeded with url: /pictures/5d0616de-406e-4f16-84a2-c7df011f303e.jpg (Caused by NameResolutionError(""<urllib3.connection.HTTPSConnection object at 0x00000232C3C85F40>: Failed to resolve 'a0.muscache.com' ([Errno 11001] getaddrinfo failed)""))"
40132695,https://a0.muscache.com/pictures/a4cfdd8e-9896-4de4-9ba2-fc0165bcaeca.jpg,failed_timeout_or_error,,,0,0,0,,,"HTTPSConnectionPool(host='a0.muscache.com', port=443): Max retries exceeded with url: /pictures/a4cfdd8e-9896-4de4-9ba2-fc0165bcaeca.jpg (Caused by NameResolutionError(""<urllib3.connection.HTTPSConnection object at 0x00000232C3B19160>: Failed to resolve 'a0.muscache.com' ([Errno 11001] getaddrinfo failed)""))"
40273960,https://a0.muscache.com/pictures/miso/Hosting-40273960/original/5735f68f-6bb9-4285-9078-e337dc593307.jpeg,failed_timeout_or_error,,,0,0,0,,,"HTTPSConnectionPool(host='a0.muscache.com', port=443): Max retries exceeded with url: /pictures/miso/Hosting-40273960/original/5735f68f-6bb9-4285-9078-e337dc593307.jpeg (Caused by NameResolutionError(""<urllib3.connection.HTTPSConnection object at 0x00000232C3C86D80>: Failed to resolve 'a0.muscache.com' ([Errno 11001] getaddrinfo failed)""))"
40154627,https://a0.muscache.com/pictures/3fe5849d-d37a-44a5-9a5d-71e0ee8a5ce1.jpg,failed_timeout_or_error,,,0,0,0,,,"HTTPSConnectionPool(host='a0.muscache.com', port=443): Max retries exceeded with url: /pictures/3fe5849d-d37a-44a5-9a5d-71e0ee8a5ce1.jpg (Caused by NameResolutionError(""<urllib3.connection.HTTPSConnection object at 0x00000232C3CB5010>: Failed to resolve 'a0.muscache.com' ([Errno 11001] getaddrinfo failed)""))"
39829862,https://a0.muscache.com/pictures/miso/Hosting-39829862/original/ea6893ae-ac7d-4916-8ce9-af2ff456ce23.jpeg,failed_timeout_or_error,,,0,0,0,,,"HTTPSConnectionPool(host='a0.muscache.com', port=443): Max retries exceeded with url: /pictures/miso/Hosting-39829862/original/ea6893ae-ac7d-4916-8ce9-af2ff456ce23.jpeg (Caused by NameResolutionError(""<urllib3.connection.HTTPSConnection object at 0x00000232C3AB6BD0>: Failed to resolve 'a0.muscache.com' ([Errno 11001] getaddrinfo failed)""))"
40051281,https://a0.muscache.com/pictures/miso/Hosting-40051281/original/8d5342e3-7e17-41c2-82a9-34ee59ac9451.jpeg,failed_timeout_or_error,,,0,0,0,,,"HTTPSConnectionPool(host='a0.muscache.com', port=443): Max retries exceeded with url: /pictures/miso/Hosting-40051281/original/8d5342e3-7e17-41c2-82a9-34ee59ac9451.jpeg (Caused by NameResolutionError(""<urllib3.connection.HTTPSConnection object at 0x00000232C3AB7560>: Failed to resolve 'a0.muscache.com' ([Errno 11001] getaddrinfo failed)""))"
39860302,https://a0.muscache.com/pictures/c096bcd4-6a51-405e-8d46-1708dc67052a.jpg,failed_timeout_or_error,,,0,0,0,,,"HTTPSConnectionPool(host='a0.muscache.com', port=443): Max retries exceeded with url: /pictures/c096bcd4-6a51-405e-8d46-1708dc67052a.jpg (Caused by NameResolutionError(""<urllib3.connection.HTTPSConnection object at 0x00000232C3C856D0>: Failed to resolve 'a0.muscache.com' ([Errno 11001] getaddrinfo failed)""))"
40840139,https://a0.muscache.com/pictures/miso/Hosting-40840139/original/0a533629-6b79-4237-a488-a535d1d71237.png,failed_timeout_or_error,,,0,0,0,,,"HTTPSConnectionPool(host='a0.muscache.com', port=443): Max retries exceeded with url: /pictures/miso/Hosting-40840139/original/0a533629-6b79-4237-a488-a535d1d71237.png (Caused by NameResolutionError(""<urllib3.connection.HTTPSConnection object at 0x00000232C3CB6960>: Failed to resolve 'a0.muscache.com' ([Errno 11001] getaddrinfo failed)""))"
41292656,https://a0.muscache.com/pictures/prohost-api/Hosting-41292656/original/9e415432-12a0-432d-8eff-3df2a65dbef3.jpeg,failed_timeout_or_error,,,0,0,0,,,"HTTPSConnectionPool(host='a0.muscache.com', port=443): Max retries exceeded with url: /pictures/prohost-api/Hosting-41292656/original/9e415432-12a0-432d-8eff-3df2a65dbef3.jpeg (Caused by NameResolutionError(""<urllib3.connection.HTTPSConnection object at 0x00000232C3C84620>: Failed to resolve 'a0.muscache.com' ([Errno 11001] getaddrinfo failed)""))"
40309710,https://a0.muscache.com/pictures/miso/Hosting-40309710/original/cd190bb1-3dd7-4a2e-8f18-42fb69a5312e.jpeg,failed_timeout_or_error,,,0,0,0,,,"HTTPSConnectionPool(host='a0.muscache.com', port=443): Max retries exceeded with url: /pictures/miso/Hosting-40309710/original/cd190bb1-3dd7-4a2e-8f18-42fb69a5312e.jpeg (Caused by NameResolutionError(""<urllib3.connection.HTTPSConnection object at 0x00000232C3C875F0>: Failed to resolve 'a0.muscache.com' ([Errno 11001] getaddrinfo failed)""))"
40489327,https://a0.muscache.com/pictures/88da300e-87db-4440-9450-43a0b382ef8c.jpg,failed_timeout_or_error,,,0,0,0,,,"HTTPSConnectionPool(host='a0.muscache.com', port=443): Max retries exceeded with url: /pictures/88da300e-87db-4440-9450-43a0b382ef8c.jpg (Caused by NameResolutionError(""<urllib3.connection.HTTPSConnection object at 0x00000232C3C87B30>: Failed to resolve 'a0.muscache.com' ([Errno 11001] getaddrinfo failed)""))"
41452911,https://a0.muscache.com/pictures/22140087-fcf5-4e46-96c3-f7a836ed873b.jpg,failed_timeout_or_error,,,0,0,0,,,"HTTPSConnectionPool(host='a0.muscache.com', port=443): Max retries exceeded with url: /pictures/22140087-fcf5-4e46-96c3-f7a836ed873b.jpg (Caused by NameResolutionError(""<urllib3.connection.HTTPSConnection object at 0x00000232C3CB5250>: Failed to resolve 'a0.muscache.com' ([Errno 11001] getaddrinfo failed)""))"
40784083,https://a0.muscache.com/pictures/miso/Hosting-40784083/original/1069e08c-12dd-4b82-bfeb-5752b58dc4f3.jpeg,failed_timeout_or_error,,,0,0,0,,,"HTTPSConnectionPool(host='a0.muscache.com', port=443): Max retries exceeded with url: /pictures/miso/Hosting-40784083/original/1069e08c-12dd-4b82-bfeb-5752b58dc4f3.jpeg (Caused by NameResolutionError(""<urllib3.connection.HTTPSConnection object at 0x00000232C3CB5D90>: Failed to resolve 'a0.muscache.com' ([Errno 11001] getaddrinfo failed)""))"
40229587,https://a0.muscache.com/pictures/298ccee9-5851-42d2-924b-390b9bb728d6.jpg,failed_timeout_or_error,,,0,0,0,,,"HTTPSConnectionPool(host='a0.muscache.com', port=443): Max retries exceeded with url: /pictures/298ccee9-5851-42d2-924b-390b9bb728d6.jpg (Caused by NameResolutionError(""<urllib3.connection.HTTPSConnection object at 0x00000232C406A870>: Failed to resolve 'a0.muscache.com' ([Errno 11001] getaddrinfo failed)""))"
40840756,https://a0.muscache.com/pictures/2d0426ce-a919-4218-a797-c91a4625ec52.jpg,failed_timeout_or_error,,,0,0,0,,,"HTTPSConnectionPool(host='a0.muscache.com', port=443): Max retries exceeded with url: /pictures/2d0426ce-a919-4218-a797-c91a4625ec52.jpg (Caused by NameResolutionError(""<urllib3.connection.HTTPSConnection object at 0x00000232C3D68230>: Failed to resolve 'a0.muscache.com' ([Errno 11001] getaddrinfo failed)""))"
40758073,https://a0.muscache.com/pictures/51196b0a-30d6-4348-afab-eac3311ced24.jpg,failed_timeout_or_error,,,0,0,0,,,"HTTPSConnectionPool(host='a0.muscache.com', port=443): Max retries exceeded with url: /pictures/51196b0a-30d6-4348-afab-eac3311ced24.jpg (Caused by NameResolutionError(""<urllib3.connection.HTTPSConnection object at 0x00000232C3CB55E0>: Failed to resolve 'a0.muscache.com' ([Errno 11001] getaddrinfo failed)""))"
41521300,https://a0.muscache.com/pictures/a3064330-112a-4883-bdec-cce71f657504.jpg,failed_timeout_or_error,,,0,0,0,,,"HTTPSConnectionPool(host='a0.muscache.com', port=443): Max retries exceeded with url: /pictures/a3064330-112a-4883-bdec-cce71f657504.jpg (Caused by NameResolutionError(""<urllib3.connection.HTTPSConnection object at 0x00000232C40692E0>: Failed to resolve 'a0.muscache.com' ([Errno 11001] getaddrinfo failed)""))"
41269091,https://a0.muscache.com/pictures/194b4a0c-a178-4352-9b50-44a7b93135d6.jpg,failed_timeout_or_error,,,0,0,0,,,"HTTPSConnectionPool(host='a0.muscache.com', port=443): Max retries exceeded with url: /pictures/194b4a0c-a178-4352-9b50-44a7b93135d6.jpg (Caused by NameResolutionError(""<urllib3.connection.HTTPSConnection object at 0x00000232C3AB5160>: Failed to resolve 'a0.muscache.com' ([Errno 11001] getaddrinfo failed)""))"
41369383,https://a0.muscache.com/pictures/miso/Hosting-41369383/original/ad497998-22f5-49b2-94bc-43ffedde47c0.jpeg,failed_timeout_or_error,,,0,0,0,,,"HTTPSConnectionPool(host='a0.muscache.com', port=443): Max retries exceeded with url: /pictures/miso/Hosting-41369383/original/ad497998-22f5-49b2-94bc-43ffedde47c0.jpeg (Caused by NameResolutionError(""<urllib3.connection.HTTPSConnection object at 0x00000232C3CB5400>: Failed to resolve 'a0.muscache.com' ([Errno 11001] getaddrinfo failed)""))"
41530119,https://a0.muscache.com/pictures/prohost-api/Hosting-41530119/original/de5924b7-4627-4f0f-bb4b-33c3467721bb.png,failed_timeout_or_error,,,0,0,0,,,"HTTPSConnectionPool(host='a0.muscache.com', port=443): Max retries exceeded with url: /pictures/prohost-api/Hosting-41530119/original/de5924b7-4627-4f0f-bb4b-33c3467721bb.png (Caused by NameResolutionError(""<urllib3.connection.HTTPSConnection object at 0x00000232C3CB4F20>: Failed to resolve 'a0.muscache.com' ([Errno 11001] getaddrinfo failed)""))"
41509293,https://a0.muscache.com/pictures/miso/Hosting-41509293/original/ef40ad19-df50-43fa-957c-fb74ae685051.jpeg,failed_timeout_or_error,,,0,0,0,,,"HTTPSConnectionPool(host='a0.muscache.com', port=443): Max retries exceeded with url: /pictures/miso/Hosting-41509293/original/ef40ad19-df50-43fa-957c-fb74ae685051.jpeg (Caused by NameResolutionError(""<urllib3.connection.HTTPSConnection object at 0x00000232C3CB6420>: Failed to resolve 'a0.muscache.com' ([Errno 11001] getaddrinfo failed)""))"
41313257,https://a0.muscache.com/pictures/6c3da42a-c331-4c96-880f-777f2e353dc1.jpg,failed_timeout_or_error,,,0,0,0,,,"HTTPSConnectionPool(host='a0.muscache.com', port=443): Max retries exceeded with url: /pictures/6c3da42a-c331-4c96-880f-777f2e353dc1.jpg (Caused by NameResolutionError(""<urllib3.connection.HTTPSConnection object at 0x00000232C3C86A50>: Failed to resolve 'a0.muscache.com' ([Errno 11001] getaddrinfo failed)""))"
41530123,https://a0.muscache.com/pictures/prohost-api/Hosting-41530123/original/f0424ea4-20c9-47d7-8718-246f979fb576.png,failed_timeout_or_error,,,0,0,0,,,"HTTPSConnectionPool(host='a0.muscache.com', port=443): Max retries exceeded with url: /pictures/prohost-api/Hosting-41530123/original/f0424ea4-20c9-47d7-8718-246f979fb576.png (Caused by NameResolutionError(""<urllib3.connection.HTTPSConnection object at 0x00000232C3CB4D40>: Failed to resolve 'a0.muscache.com' ([Errno 11001] getaddrinfo failed)""))"
41530112,https://a0.muscache.com/pictures/a5c28299-3e6b-46df-b708-098cc942c8cf.jpg,failed_timeout_or_error,,,0,0,0,,,"HTTPSConnectionPool(host='a0.muscache.com', port=443): Max retries exceeded with url: /pictures/a5c28299-3e6b-46df-b708-098cc942c8cf.jpg (Caused by NameResolutionError(""<urllib3.connection.HTTPSConnection object at 0x00000232C3CE6000>: Failed to resolve 'a0.muscache.com' ([Errno 11001] getaddrinfo failed)""))"
41530116,https://a0.muscache.com/pictures/prohost-api/Hosting-41530116/original/60529238-567c-4ea5-b644-732fb03f753b.png,failed_timeout_or_error,,,0,0,0,,,"HTTPSConnectionPool(host='a0.muscache.com', port=443): Max retries exceeded with url: /pictures/prohost-api/Hosting-41530116/original/60529238-567c-4ea5-b644-732fb03f753b.png (Caused by NameResolutionError(""<urllib3.connection.HTTPSConnection object at 0x00000232C3CA7EC0>: Failed to resolve 'a0.muscache.com' ([Errno 11001] getaddrinfo failed)""))"
41873804,https://a0.muscache.com/pictures/1aabe671-660f-474e-89f7-d6251f6037c1.jpg,failed_timeout_or_error,,,0,0,0,,,"HTTPSConnectionPool(host='a0.muscache.com', port=443): Max retries exceeded with url: /pictures/1aabe671-660f-474e-89f7-d6251f6037c1.jpg (Caused by NameResolutionError(""<urllib3.connection.HTTPSConnection object at 0x00000232C406BEF0>: Failed to resolve 'a0.muscache.com' ([Errno 11001] getaddrinfo failed)""))"
41800927,https://a0.muscache.com/pictures/miso/Hosting-41800927/original/057e271e-a609-4922-a582-cad2eee82dca.jpeg,failed_timeout_or_error,,,0,0,0,,,"HTTPSConnectionPool(host='a0.muscache.com', port=443): Max retries exceeded with url: /pictures/miso/Hosting-41800927/original/057e271e-a609-4922-a582-cad2eee82dca.jpeg (Caused by NameResolutionError(""<urllib3.connection.HTTPSConnection object at 0x00000232C3CA4B90>: Failed to resolve 'a0.muscache.com' ([Errno 11001] getaddrinfo failed)""))"
42327054,https://a0.muscache.com/pictures/7d2a3234-c1e5-4bd5-b7b2-9d250ad8e8ea.jpg,failed_timeout_or_error,,,0,0,0,,,"HTTPSConnectionPool(host='a0.muscache.com', port=443): Max retries exceeded with url: /pictures/7d2a3234-c1e5-4bd5-b7b2-9d250ad8e8ea.jpg (Caused by NameResolutionError(""<urllib3.connection.HTTPSConnection object at 0x00000232C40685C0>: Failed to resolve 'a0.muscache.com' ([Errno 11001] getaddrinfo failed)""))"
41717325,https://a0.muscache.com/pictures/prohost-api/Hosting-41717325/original/71986db5-ac6f-4b86-b7ee-4b116b0fb79c.jpeg,failed_timeout_or_error,,,0,0,0,,,"HTTPSConnectionPool(host='a0.muscache.com', port=443): Max retries exceeded with url: /pictures/prohost-api/Hosting-41717325/original/71986db5-ac6f-4b86-b7ee-4b116b0fb79c.jpeg (Caused by NameResolutionError(""<urllib3.connection.HTTPSConnection object at 0x00000232C406A5D0>: Failed to resolve 'a0.muscache.com' ([Errno 11001] getaddrinfo failed)""))"
41869751,https://a0.muscache.com/pictures/1024f7b9-db49-4a5f-b6a1-c41aed65bbea.jpg,failed_timeout_or_error,,,0,0,0,,,"HTTPSConnectionPool(host='a0.muscache.com', port=443): Max retries exceeded with url: /pictures/1024f7b9-db49-4a5f-b6a1-c41aed65bbea.jpg (Caused by NameResolutionError(""<urllib3.connection.HTTPSConnection object at 0x00000232C3CA5A00>: Failed to resolve 'a0.muscache.com' ([Errno 11001] getaddrinfo failed)""))"
41801212,https://a0.muscache.com/pictures/prohost-api/Hosting-41801212/original/2c050cd9-98a2-4ce5-ad40-76fdf245e107.jpeg,failed_timeout_or_error,,,0,0,0,,,"HTTPSConnectionPool(host='a0.muscache.com', port=443): Max retries exceeded with url: /pictures/prohost-api/Hosting-41801212/original/2c050cd9-98a2-4ce5-ad40-76fdf245e107.jpeg (Caused by NameResolutionError(""<urllib3.connection.HTTPSConnection object at 0x00000232C3CA5310>: Failed to resolve 'a0.muscache.com' ([Errno 11001] getaddrinfo failed)""))"
41839397,https://a0.muscache.com/pictures/9df3a34c-00f9-4f50-8bee-90786e1b9339.jpg,failed_timeout_or_error,,,0,0,0,,,"HTTPSConnectionPool(host='a0.muscache.com', port=443): Max retries exceeded with url: /pictures/9df3a34c-00f9-4f50-8bee-90786e1b9339.jpg (Caused by NameResolutionError(""<urllib3.connection.HTTPSConnection object at 0x00000232C3AB4CE0>: Failed to resolve 'a0.muscache.com' ([Errno 11001] getaddrinfo failed)""))"
41343517,https://a0.muscache.com/pictures/84063128-a4cc-48cb-9e94-a46186236331.jpg,failed_timeout_or_error,,,0,0,0,,,"HTTPSConnectionPool(host='a0.muscache.com', port=443): Max retries exceeded with url: /pictures/84063128-a4cc-48cb-9e94-a46186236331.jpg (Caused by NameResolutionError(""<urllib3.connection.HTTPSConnection object at 0x00000232C3CA7E00>: Failed to resolve 'a0.muscache.com' ([Errno 11001] getaddrinfo failed)""))"
42330339,https://a0.muscache.com/pictures/839d42aa-b59d-4a87-8bec-b701b97aa828.jpg,failed_timeout_or_error,,,0,0,0,,,"HTTPSConnectionPool(host='a0.muscache.com', port=443): Max retries exceeded with url: /pictures/839d42aa-b59d-4a87-8bec-b701b97aa828.jpg (Caused by NameResolutionError(""<urllib3.connection.HTTPSConnection object at 0x00000232C3CA5070>: Failed to resolve 'a0.muscache.com' ([Errno 11001] getaddrinfo failed)""))"
41552639,https://a0.muscache.com/pictures/miso/Hosting-41552639/original/a5f139bc-96ef-4fb6-be6a-c249a6f28598.jpeg,failed_timeout_or_error,,,0,0,0,,,"HTTPSConnectionPool(host='a0.muscache.com', port=443): Max retries exceeded with url: /pictures/miso/Hosting-41552639/original/a5f139bc-96ef-4fb6-be6a-c249a6f28598.jpeg (Caused by NameResolutionError(""<urllib3.connection.HTTPSConnection object at 0x00000232C3CA4290>: Failed to resolve 'a0.muscache.com' ([Errno 11001] getaddrinfo failed)""))"
42305242,https://a0.muscache.com/pictures/490a2a3d-26ed-4e2c-b63f-a4854cf54760.jpg,failed_timeout_or_error,,,0,0,0,,,"HTTPSConnectionPool(host='a0.muscache.com', port=443): Max retries exceeded with url: /pictures/490a2a3d-26ed-4e2c-b63f-a4854cf54760.jpg (Caused by NameResolutionError(""<urllib3.connection.HTTPSConnection object at 0x00000232C3C87B60>: Failed to resolve 'a0.muscache.com' ([Errno 11001] getaddrinfo failed)""))"
42800210,https://a0.muscache.com/pictures/miso/Hosting-42800210/original/0e4d857f-478a-4ab1-a7f1-87244e3c46a8.jpeg,failed_timeout_or_error,,,0,0,0,,,"HTTPSConnectionPool(host='a0.muscache.com', port=443): Max retries exceeded with url: /pictures/miso/Hosting-42800210/original/0e4d857f-478a-4ab1-a7f1-87244e3c46a8.jpeg (Caused by NameResolutionError(""<urllib3.connection.HTTPSConnection object at 0x00000232C3CE75F0>: Failed to resolve 'a0.muscache.com' ([Errno 11001] getaddrinfo failed)""))"
42816017,https://a0.muscache.com/pictures/1b3aaa2e-15d6-4252-a676-d2e1b9c85015.jpg,failed_timeout_or_error,,,0,0,0,,,"HTTPSConnectionPool(host='a0.muscache.com', port=443): Max retries exceeded with url: /pictures/1b3aaa2e-15d6-4252-a676-d2e1b9c85015.jpg (Caused by NameResolutionError(""<urllib3.connection.HTTPSConnection object at 0x00000232C40683B0>: Failed to resolve 'a0.muscache.com' ([Errno 11001] getaddrinfo failed)""))"
42692399,https://a0.muscache.com/pictures/394dc129-4c49-4add-bd7b-753af3a11c76.jpg,failed_timeout_or_error,,,0,0,0,,,"HTTPSConnectionPool(host='a0.muscache.com', port=443): Max retries exceeded with url: /pictures/394dc129-4c49-4add-bd7b-753af3a11c76.jpg (Caused by NameResolutionError(""<urllib3.connection.HTTPSConnection object at 0x00000232C3CA56A0>: Failed to resolve 'a0.muscache.com' ([Errno 11001] getaddrinfo failed)""))"
42739512,https://a0.muscache.com/pictures/28778cb2-02ad-4cc8-9b41-290bd92526a1.jpg,failed_timeout_or_error,,,0,0,0,,,"HTTPSConnectionPool(host='a0.muscache.com', port=443): Max retries exceeded with url: /pictures/28778cb2-02ad-4cc8-9b41-290bd92526a1.jpg (Caused by NameResolutionError(""<urllib3.connection.HTTPSConnection object at 0x00000232C3CA6120>: Failed to resolve 'a0.muscache.com' ([Errno 11001] getaddrinfo failed)""))"
42831124,https://a0.muscache.com/pictures/miso/Hosting-42831124/original/7e8d7910-2f81-4975-a5f3-003136e45783.jpeg,failed_timeout_or_error,,,0,0,0,,,"HTTPSConnectionPool(host='a0.muscache.com', port=443): Max retries exceeded with url: /pictures/miso/Hosting-42831124/original/7e8d7910-2f81-4975-a5f3-003136e45783.jpeg (Caused by NameResolutionError(""<urllib3.connection.HTTPSConnection object at 0x00000232C40FAC90>: Failed to resolve 'a0.muscache.com' ([Errno 11001] getaddrinfo failed)""))"
42286550,https://a0.muscache.com/pictures/477d0e0e-f09d-40b4-b510-035108efa194.jpg,failed_timeout_or_error,,,0,0,0,,,"HTTPSConnectionPool(host='a0.muscache.com', port=443): Max retries exceeded with url: /pictures/477d0e0e-f09d-40b4-b510-035108efa194.jpg (Caused by NameResolutionError(""<urllib3.connection.HTTPSConnection object at 0x00000232C3C0A750>: Failed to resolve 'a0.muscache.com' ([Errno 11001] getaddrinfo failed)""))"
42758714,https://a0.muscache.com/pictures/prohost-api/Hosting-42758714/original/2faa3d3a-06cf-4b84-8193-8d43dcbe07a3.jpeg,failed_timeout_or_error,,,0,0,0,,,"HTTPSConnectionPool(host='a0.muscache.com', port=443): Max retries exceeded with url: /pictures/prohost-api/Hosting-42758714/original/2faa3d3a-06cf-4b84-8193-8d43dcbe07a3.jpeg (Caused by NameResolutionError(""<urllib3.connection.HTTPSConnection object at 0x00000232C3CA5E80>: Failed to resolve 'a0.muscache.com' ([Errno 11001] getaddrinfo failed)""))"
42092425,https://a0.muscache.com/pictures/70e580cf-8bbf-4402-8fd5-77d59bd07cb7.jpg,failed_timeout_or_error,,,0,0,0,,,"HTTPSConnectionPool(host='a0.muscache.com', port=443): Max retries exceeded with url: /pictures/70e580cf-8bbf-4402-8fd5-77d59bd07cb7.jpg (Caused by NameResolutionError(""<urllib3.connection.HTTPSConnection object at 0x00000232C3CA7AD0>: Failed to resolve 'a0.muscache.com' ([Errno 11001] getaddrinfo failed)""))"
42540321,https://a0.muscache.com/pictures/7b2a5fec-c157-4915-b094-dcea055b8982.jpg,failed_timeout_or_error,,,0,0,0,,,"HTTPSConnectionPool(host='a0.muscache.com', port=443): Max retries exceeded with url: /pictures/7b2a5fec-c157-4915-b094-dcea055b8982.jpg (Caused by NameResolutionError(""<urllib3.connection.HTTPSConnection object at 0x00000232C40F97C0>: Failed to resolve 'a0.muscache.com' ([Errno 11001] getaddrinfo failed)""))"
43140142,https://a0.muscache.com/pictures/prohost-api/Hosting-43140142/original/474bc326-ec12-4228-b91e-05cf1b3a60e1.jpeg,failed_timeout_or_error,,,0,0,0,,,"HTTPSConnectionPool(host='a0.muscache.com', port=443): Max retries exceeded with url: /pictures/prohost-api/Hosting-43140142/original/474bc326-ec12-4228-b91e-05cf1b3a60e1.jpeg (Caused by NameResolutionError(""<urllib3.connection.HTTPSConnection object at 0x00000232C40FA030>: Failed to resolve 'a0.muscache.com' ([Errno 11001] getaddrinfo failed)""))"
42975839,https://a0.muscache.com/pictures/eacfb786-a63f-4e1b-82d3-f0b0b7d77f55.jpg,failed_timeout_or_error,,,0,0,0,,,"HTTPSConnectionPool(host='a0.muscache.com', port=443): Max retries exceeded with url: /pictures/eacfb786-a63f-4e1b-82d3-f0b0b7d77f55.jpg (Caused by NameResolutionError(""<urllib3.connection.HTTPSConnection object at 0x00000232C40F9550>: Failed to resolve 'a0.muscache.com' ([Errno 11001] getaddrinfo failed)""))"
42411052,https://a0.muscache.com/pictures/miso/Hosting-42411052/original/242512f1-39ad-49c5-8f1c-e4ca1873b997.jpeg,failed_timeout_or_error,,,0,0,0,,,"HTTPSConnectionPool(host='a0.muscache.com', port=443): Max retries exceeded with url: /pictures/miso/Hosting-42411052/original/242512f1-39ad-49c5-8f1c-e4ca1873b997.jpeg (Caused by NameResolutionError(""<urllib3.connection.HTTPSConnection object at 0x00000232C40F8C80>: Failed to resolve 'a0.muscache.com' ([Errno 11001] getaddrinfo failed)""))"
42980378,https://a0.muscache.com/pictures/miso/Hosting-42980378/original/ccd1a5a2-3ab7-4f67-a47e-65243c7af9bd.jpeg,failed_timeout_or_error,,,0,0,0,,,"HTTPSConnectionPool(host='a0.muscache.com', port=443): Max retries exceeded with url: /pictures/miso/Hosting-42980378/original/ccd1a5a2-3ab7-4f67-a47e-65243c7af9bd.jpeg (Caused by NameResolutionError(""<urllib3.connection.HTTPSConnection object at 0x00000232C3BBA030>: Failed to resolve 'a0.muscache.com' ([Errno 11001] getaddrinfo failed)""))"
42473138,https://a0.muscache.com/pictures/miso/Hosting-42473138/original/5b515745-f677-45fb-abed-43424a90316a.jpeg,failed_timeout_or_error,,,0,0,0,,,"HTTPSConnectionPool(host='a0.muscache.com', port=443): Max retries exceeded with url: /pictures/miso/Hosting-42473138/original/5b515745-f677-45fb-abed-43424a90316a.jpeg (Caused by NameResolutionError(""<urllib3.connection.HTTPSConnection object at 0x00000232C3CA6F00>: Failed to resolve 'a0.muscache.com' ([Errno 11001] getaddrinfo failed)""))"
42493314,https://a0.muscache.com/pictures/miso/Hosting-42493314/original/f6bd8feb-a567-434e-961d-09cc4d4da34a.jpeg,failed_timeout_or_error,,,0,0,0,,,"HTTPSConnectionPool(host='a0.muscache.com', port=443): Max retries exceeded with url: /pictures/miso/Hosting-42493314/original/f6bd8feb-a567-434e-961d-09cc4d4da34a.jpeg (Caused by NameResolutionError(""<urllib3.connection.HTTPSConnection object at 0x00000232C3C09D00>: Failed to resolve 'a0.muscache.com' ([Errno 11001] getaddrinfo failed)""))"
42981397,https://a0.muscache.com/pictures/miso/Hosting-42981397/original/70b32a05-1929-4e1d-a39e-b8f0d5ec37e1.jpeg,failed_timeout_or_error,,,0,0,0,,,"HTTPSConnectionPool(host='a0.muscache.com', port=443): Max retries exceeded with url: /pictures/miso/Hosting-42981397/original/70b32a05-1929-4e1d-a39e-b8f0d5ec37e1.jpeg (Caused by NameResolutionError(""<urllib3.connection.HTTPSConnection object at 0x00000232C40F9FD0>: Failed to resolve 'a0.muscache.com' ([Errno 11001] getaddrinfo failed)""))"
43140129,https://a0.muscache.com/pictures/prohost-api/Hosting-43140129/original/1091b213-0b75-4fa4-b679-cfc8c66bf916.jpeg,failed_timeout_or_error,,,0,0,0,,,"HTTPSConnectionPool(host='a0.muscache.com', port=443): Max retries exceeded with url: /pictures/prohost-api/Hosting-43140129/original/1091b213-0b75-4fa4-b679-cfc8c66bf916.jpeg (Caused by NameResolutionError(""<urllib3.connection.HTTPSConnection object at 0x00000232C40FB620>: Failed to resolve 'a0.muscache.com' ([Errno 11001] getaddrinfo failed)""))"
42966700,https://a0.muscache.com/pictures/5197debd-368c-499f-9bd1-e99e3d021bb0.jpg,failed_timeout_or_error,,,0,0,0,,,"HTTPSConnectionPool(host='a0.muscache.com', port=443): Max retries exceeded with url: /pictures/5197debd-368c-499f-9bd1-e99e3d021bb0.jpg (Caused by NameResolutionError(""<urllib3.connection.HTTPSConnection object at 0x00000232C40F9430>: Failed to resolve 'a0.muscache.com' ([Errno 11001] getaddrinfo failed)""))"
42927111,https://a0.muscache.com/pictures/8868feb8-16f6-4073-9b00-11e200dc1761.jpg,failed_timeout_or_error,,,0,0,0,,,"HTTPSConnectionPool(host='a0.muscache.com', port=443): Max retries exceeded with url: /pictures/8868feb8-16f6-4073-9b00-11e200dc1761.jpg (Caused by NameResolutionError(""<urllib3.connection.HTTPSConnection object at 0x00000232C40F8E30>: Failed to resolve 'a0.muscache.com' ([Errno 11001] getaddrinfo failed)""))"
43123763,https://a0.muscache.com/pictures/miso/Hosting-43123763/original/46829507-b636-4fb1-a63b-6917bb2944f4.jpeg,failed_timeout_or_error,,,0,0,0,,,"HTTPSConnectionPool(host='a0.muscache.com', port=443): Max retries exceeded with url: /pictures/miso/Hosting-43123763/original/46829507-b636-4fb1-a63b-6917bb2944f4.jpeg (Caused by NameResolutionError(""<urllib3.connection.HTTPSConnection object at 0x00000232C3CA4800>: Failed to resolve 'a0.muscache.com' ([Errno 11001] getaddrinfo failed)""))"
43051231,https://a0.muscache.com/pictures/d1eabbc5-52a3-48d4-8d0c-1bd740682a0d.jpg,failed_timeout_or_error,,,0,0,0,,,"HTTPSConnectionPool(host='a0.muscache.com', port=443): Max retries exceeded with url: /pictures/d1eabbc5-52a3-48d4-8d0c-1bd740682a0d.jpg (Caused by NameResolutionError(""<urllib3.connection.HTTPSConnection object at 0x00000232C3CA4410>: Failed to resolve 'a0.muscache.com' ([Errno 11001] getaddrinfo failed)""))"
43140167,https://a0.muscache.com/pictures/prohost-api/Hosting-43140167/original/b0cffa70-3bff-44cc-97a5-1b24b1b52260.jpeg,failed_timeout_or_error,,,0,0,0,,,"HTTPSConnectionPool(host='a0.muscache.com', port=443): Max retries exceeded with url: /pictures/prohost-api/Hosting-43140167/original/b0cffa70-3bff-44cc-97a5-1b24b1b52260.jpeg (Caused by NameResolutionError(""<urllib3.connection.HTTPSConnection object at 0x00000232C40F9AF0>: Failed to resolve 'a0.muscache.com' ([Errno 11001] getaddrinfo failed)""))"
43056604,https://a0.muscache.com/pictures/a69f08f4-bb1d-44f6-a23d-bee2433473b5.jpg,failed_timeout_or_error,,,0,0,0,,,"HTTPSConnectionPool(host='a0.muscache.com', port=443): Max retries exceeded with url: /pictures/a69f08f4-bb1d-44f6-a23d-bee2433473b5.jpg (Caused by NameResolutionError(""<urllib3.connection.HTTPSConnection object at 0x00000232C3AB50D0>: Failed to resolve 'a0.muscache.com' ([Errno 11001] getaddrinfo failed)""))"
43279322,https://a0.muscache.com/pictures/785bde27-ff74-4245-9ee1-56838d87f9e3.jpg,failed_timeout_or_error,,,0,0,0,,,"HTTPSConnectionPool(host='a0.muscache.com', port=443): Max retries exceeded with url: /pictures/785bde27-ff74-4245-9ee1-56838d87f9e3.jpg (Caused by NameResolutionError(""<urllib3.connection.HTTPSConnection object at 0x00000232C3D6BC50>: Failed to resolve 'a0.muscache.com' ([Errno 11001] getaddrinfo failed)""))"
43124217,https://a0.muscache.com/pictures/miso/Hosting-43124217/original/c6991388-f411-4c49-8ce6-3e3e2b79d2d2.jpeg,failed_timeout_or_error,,,0,0,0,,,"HTTPSConnectionPool(host='a0.muscache.com', port=443): Max retries exceeded with url: /pictures/miso/Hosting-43124217/original/c6991388-f411-4c49-8ce6-3e3e2b79d2d2.jpeg (Caused by NameResolutionError(""<urllib3.connection.HTTPSConnection object at 0x00000232C3B5C350>: Failed to resolve 'a0.muscache.com' ([Errno 11001] getaddrinfo failed)""))"
43580801,https://a0.muscache.com/pictures/miso/Hosting-43580801/original/be0b57b8-b73a-4dca-bcfe-32fb77af6f9b.jpeg,failed_timeout_or_error,,,0,0,0,,,"HTTPSConnectionPool(host='a0.muscache.com', port=443): Max retries exceeded with url: /pictures/miso/Hosting-43580801/original/be0b57b8-b73a-4dca-bcfe-32fb77af6f9b.jpeg (Caused by NameResolutionError(""<urllib3.connection.HTTPSConnection object at 0x00000232C3CAE000>: Failed to resolve 'a0.muscache.com' ([Errno 11001] getaddrinfo failed)""))"
43140131,https://a0.muscache.com/pictures/prohost-api/Hosting-43140131/original/bf6bccbf-6cc0-47c1-8c1d-551a5c886071.jpeg,failed_timeout_or_error,,,0,0,0,,,"HTTPSConnectionPool(host='a0.muscache.com', port=443): Max retries exceeded with url: /pictures/prohost-api/Hosting-43140131/original/bf6bccbf-6cc0-47c1-8c1d-551a5c886071.jpeg (Caused by NameResolutionError(""<urllib3.connection.HTTPSConnection object at 0x00000232C40FA330>: Failed to resolve 'a0.muscache.com' ([Errno 11001] getaddrinfo failed)""))"
43300939,https://a0.muscache.com/pictures/f9969a2e-8c3b-40db-8cff-5d130449b16c.jpg,failed_timeout_or_error,,,0,0,0,,,"HTTPSConnectionPool(host='a0.muscache.com', port=443): Max retries exceeded with url: /pictures/f9969a2e-8c3b-40db-8cff-5d130449b16c.jpg (Caused by NameResolutionError(""<urllib3.connection.HTTPSConnection object at 0x00000232C40FAE70>: Failed to resolve 'a0.muscache.com' ([Errno 11001] getaddrinfo failed)""))"
43325315,https://a0.muscache.com/pictures/miso/Hosting-43325315/original/f99671ff-7bab-45a7-9edb-53c0bf79cb0e.jpeg,failed_timeout_or_error,,,0,0,0,,,"HTTPSConnectionPool(host='a0.muscache.com', port=443): Max retries exceeded with url: /pictures/miso/Hosting-43325315/original/f99671ff-7bab-45a7-9edb-53c0bf79cb0e.jpeg (Caused by NameResolutionError(""<urllib3.connection.HTTPSConnection object at 0x00000232C4068D10>: Failed to resolve 'a0.muscache.com' ([Errno 11001] getaddrinfo failed)""))"
43804580,https://a0.muscache.com/pictures/df3f6e06-978e-462e-b2ff-6c947f80b23b.jpg,failed_timeout_or_error,,,0,0,0,,,"HTTPSConnectionPool(host='a0.muscache.com', port=443): Max retries exceeded with url: /pictures/df3f6e06-978e-462e-b2ff-6c947f80b23b.jpg (Caused by NameResolutionError(""<urllib3.connection.HTTPSConnection object at 0x00000232C3B5FD70>: Failed to resolve 'a0.muscache.com' ([Errno 11001] getaddrinfo failed)""))"
44018348,https://a0.muscache.com/pictures/miso/Hosting-44018348/original/a4386288-d557-42e0-8ff7-e89139810b88.jpeg,failed_timeout_or_error,,,0,0,0,,,"HTTPSConnectionPool(host='a0.muscache.com', port=443): Max retries exceeded with url: /pictures/miso/Hosting-44018348/original/a4386288-d557-42e0-8ff7-e89139810b88.jpeg (Caused by NameResolutionError(""<urllib3.connection.HTTPSConnection object at 0x00000232C3B5D6A0>: Failed to resolve 'a0.muscache.com' ([Errno 11001] getaddrinfo failed)""))"
43349933,https://a0.muscache.com/pictures/b1c182a4-9f3c-4cc2-bad8-89c3ce137a54.jpg,failed_timeout_or_error,,,0,0,0,,,"HTTPSConnectionPool(host='a0.muscache.com', port=443): Max retries exceeded with url: /pictures/b1c182a4-9f3c-4cc2-bad8-89c3ce137a54.jpg (Caused by NameResolutionError(""<urllib3.connection.HTTPSConnection object at 0x00000232C3B5C800>: Failed to resolve 'a0.muscache.com' ([Errno 11001] getaddrinfo failed)""))"
43430751,https://a0.muscache.com/pictures/7c24a417-6805-4489-93d7-de83b529eabc.jpg,failed_timeout_or_error,,,0,0,0,,,"HTTPSConnectionPool(host='a0.muscache.com', port=443): Max retries exceeded with url: /pictures/7c24a417-6805-4489-93d7-de83b529eabc.jpg (Caused by NameResolutionError(""<urllib3.connection.HTTPSConnection object at 0x00000232C40F9190>: Failed to resolve 'a0.muscache.com' ([Errno 11001] getaddrinfo failed)""))"
42333820,https://a0.muscache.com/pictures/prohost-api/Hosting-42333820/original/2dbafffa-5e3a-4218-8663-0b50aca32360.jpeg,failed_timeout_or_error,,,0,0,0,,,"HTTPSConnectionPool(host='a0.muscache.com', port=443): Max retries exceeded with url: /pictures/prohost-api/Hosting-42333820/original/2dbafffa-5e3a-4218-8663-0b50aca32360.jpeg (Caused by NameResolutionError(""<urllib3.connection.HTTPSConnection object at 0x00000232C3CA7F50>: Failed to resolve 'a0.muscache.com' ([Errno 11001] getaddrinfo failed)""))"
43047912,https://a0.muscache.com/pictures/e60c1dba-c0a1-4e9e-b1be-4e231b699c57.jpg,failed_timeout_or_error,,,0,0,0,,,"HTTPSConnectionPool(host='a0.muscache.com', port=443): Max retries exceeded with url: /pictures/e60c1dba-c0a1-4e9e-b1be-4e231b699c57.jpg (Caused by NameResolutionError(""<urllib3.connection.HTTPSConnection object at 0x00000232C3CA44D0>: Failed to resolve 'a0.muscache.com' ([Errno 11001] getaddrinfo failed)""))"
43865961,https://a0.muscache.com/pictures/a9133873-019a-4794-af4b-9796811d6768.jpg,failed_timeout_or_error,,,0,0,0,,,"HTTPSConnectionPool(host='a0.muscache.com', port=443): Max retries exceeded with url: /pictures/a9133873-019a-4794-af4b-9796811d6768.jpg (Caused by NameResolutionError(""<urllib3.connection.HTTPSConnection object at 0x00000232C3C097F0>: Failed to resolve 'a0.muscache.com' ([Errno 11001] getaddrinfo failed)""))"
43615196,https://a0.muscache.com/pictures/c18be575-d793-41db-8478-4a985f81acbb.jpg,failed_timeout_or_error,,,0,0,0,,,"HTTPSConnectionPool(host='a0.muscache.com', port=443): Max retries exceeded with url: /pictures/c18be575-d793-41db-8478-4a985f81acbb.jpg (Caused by NameResolutionError(""<urllib3.connection.HTTPSConnection object at 0x00000232C3C094F0>: Failed to resolve 'a0.muscache.com' ([Errno 11001] getaddrinfo failed)""))"
43140149,https://a0.muscache.com/pictures/prohost-api/Hosting-43140149/original/677c46f0-d8a8-4fc9-a1f3-f4f2d171e8c2.jpeg,failed_timeout_or_error,,,0,0,0,,,"HTTPSConnectionPool(host='a0.muscache.com', port=443): Max retries exceeded with url: /pictures/prohost-api/Hosting-43140149/original/677c46f0-d8a8-4fc9-a1f3-f4f2d171e8c2.jpeg (Caused by NameResolutionError(""<urllib3.connection.HTTPSConnection object at 0x00000232C3DA03E0>: Failed to resolve 'a0.muscache.com' ([Errno 11001] getaddrinfo failed)""))"
43660421,https://a0.muscache.com/pictures/c90be878-ccc5-4075-bb88-48d90b7dbb06.jpg,failed_timeout_or_error,,,0,0,0,,,"HTTPSConnectionPool(host='a0.muscache.com', port=443): Max retries exceeded with url: /pictures/c90be878-ccc5-4075-bb88-48d90b7dbb06.jpg (Caused by NameResolutionError(""<urllib3.connection.HTTPSConnection object at 0x00000232C3D6B6B0>: Failed to resolve 'a0.muscache.com' ([Errno 11001] getaddrinfo failed)""))"
43906817,https://a0.muscache.com/pictures/4cce2243-c255-470c-b37e-f95bf9256aeb.jpg,failed_timeout_or_error,,,0,0,0,,,"HTTPSConnectionPool(host='a0.muscache.com', port=443): Max retries exceeded with url: /pictures/4cce2243-c255-470c-b37e-f95bf9256aeb.jpg (Caused by NameResolutionError(""<urllib3.connection.HTTPSConnection object at 0x00000232C3D698B0>: Failed to resolve 'a0.muscache.com' ([Errno 11001] getaddrinfo failed)""))"
43731923,https://a0.muscache.com/pictures/prohost-api/Hosting-43731923/original/7f9d419c-cf10-4743-8c24-0a95fcfffe25.jpeg,failed_timeout_or_error,,,0,0,0,,,"HTTPSConnectionPool(host='a0.muscache.com', port=443): Max retries exceeded with url: /pictures/prohost-api/Hosting-43731923/original/7f9d419c-cf10-4743-8c24-0a95fcfffe25.jpeg (Caused by NameResolutionError(""<urllib3.connection.HTTPSConnection object at 0x00000232C3C0A390>: Failed to resolve 'a0.muscache.com' ([Errno 11001] getaddrinfo failed)""))"
43495845,https://a0.muscache.com/pictures/prohost-api/Hosting-43495845/original/6b5bcffe-fec1-4478-a24c-bbb68808f2af.jpeg,failed_timeout_or_error,,,0,0,0,,,"HTTPSConnectionPool(host='a0.muscache.com', port=443): Max retries exceeded with url: /pictures/prohost-api/Hosting-43495845/original/6b5bcffe-fec1-4478-a24c-bbb68808f2af.jpeg (Caused by NameResolutionError(""<urllib3.connection.HTTPSConnection object at 0x00000232C40FB800>: Failed to resolve 'a0.muscache.com' ([Errno 11001] getaddrinfo failed)""))"
44087805,https://a0.muscache.com/pictures/miso/Hosting-44087805/original/aec69881-8bdb-4ed5-91d9-03d000491033.jpeg,failed_timeout_or_error,,,0,0,0,,,"HTTPSConnectionPool(host='a0.muscache.com', port=443): Max retries exceeded with url: /pictures/miso/Hosting-44087805/original/aec69881-8bdb-4ed5-91d9-03d000491033.jpeg (Caused by NameResolutionError(""<urllib3.connection.HTTPSConnection object at 0x00000232C40FBA40>: Failed to resolve 'a0.muscache.com' ([Errno 11001] getaddrinfo failed)""))"
43747993,https://a0.muscache.com/pictures/prohost-api/Hosting-43747993/original/63950fcd-4940-4c45-bf3c-11e7dbf8654c.jpeg,failed_timeout_or_error,,,0,0,0,,,"HTTPSConnectionPool(host='a0.muscache.com', port=443): Max retries exceeded with url: /pictures/prohost-api/Hosting-43747993/original/63950fcd-4940-4c45-bf3c-11e7dbf8654c.jpeg (Caused by NameResolutionError(""<urllib3.connection.HTTPSConnection object at 0x00000232C3CB4D40>: Failed to resolve 'a0.muscache.com' ([Errno 11001] getaddrinfo failed)""))"
43866492,https://a0.muscache.com/pictures/miso/Hosting-43866492/original/b7a67fa4-3a6c-42be-833d-447544ff63e3.jpeg,failed_timeout_or_error,,,0,0,0,,,"HTTPSConnectionPool(host='a0.muscache.com', port=443): Max retries exceeded with url: /pictures/miso/Hosting-43866492/original/b7a67fa4-3a6c-42be-833d-447544ff63e3.jpeg (Caused by NameResolutionError(""<urllib3.connection.HTTPSConnection object at 0x00000232C3CB66C0>: Failed to resolve 'a0.muscache.com' ([Errno 11001] getaddrinfo failed)""))"
43945269,https://a0.muscache.com/pictures/prohost-api/Hosting-43945269/original/89e0c685-ce57-44a6-ad67-c6856fc75db6.jpeg,failed_timeout_or_error,,,0,0,0,,,"HTTPSConnectionPool(host='a0.muscache.com', port=443): Max retries exceeded with url: /pictures/prohost-api/Hosting-43945269/original/89e0c685-ce57-44a6-ad67-c6856fc75db6.jpeg (Caused by NameResolutionError(""<urllib3.connection.HTTPSConnection object at 0x00000232C40F9BB0>: Failed to resolve 'a0.muscache.com' ([Errno 11001] getaddrinfo failed)""))"
44063130,https://a0.muscache.com/pictures/a51f6590-4b3a-4950-97db-cfaa5e20478e.jpg,failed_timeout_or_error,,,0,0,0,,,"HTTPSConnectionPool(host='a0.muscache.com', port=443): Max retries exceeded with url: /pictures/a51f6590-4b3a-4950-97db-cfaa5e20478e.jpg (Caused by NameResolutionError(""<urllib3.connection.HTTPSConnection object at 0x00000232C3DA1A90>: Failed to resolve 'a0.muscache.com' ([Errno 11001] getaddrinfo failed)""))"
44062951,https://a0.muscache.com/pictures/miso/Hosting-44062951/original/92bba4fc-a863-4090-8b64-31c1bb3c8c82.jpeg,failed_timeout_or_error,,,0,0,0,,,"HTTPSConnectionPool(host='a0.muscache.com', port=443): Max retries exceeded with url: /pictures/miso/Hosting-44062951/original/92bba4fc-a863-4090-8b64-31c1bb3c8c82.jpeg (Caused by NameResolutionError(""<urllib3.connection.HTTPSConnection object at 0x00000232C40FB5C0>: Failed to resolve 'a0.muscache.com' ([Errno 11001] getaddrinfo failed)""))"
43924301,https://a0.muscache.com/pictures/prohost-api/Hosting-43924301/original/295f6747-a675-4d76-b9d5-759ce1a8bb37.jpeg,failed_timeout_or_error,,,0,0,0,,,"HTTPSConnectionPool(host='a0.muscache.com', port=443): Max retries exceeded with url: /pictures/prohost-api/Hosting-43924301/original/295f6747-a675-4d76-b9d5-759ce1a8bb37.jpeg (Caused by NameResolutionError(""<urllib3.connection.HTTPSConnection object at 0x00000232C3CB4F50>: Failed to resolve 'a0.muscache.com' ([Errno 11001] getaddrinfo failed)""))"
44175607,https://a0.muscache.com/pictures/miso/Hosting-44175607/original/b0b305c5-8222-4da1-b8e9-92b500f7d825.jpeg,failed_timeout_or_error,,,0,0,0,,,"HTTPSConnectionPool(host='a0.muscache.com', port=443): Max retries exceeded with url: /pictures/miso/Hosting-44175607/original/b0b305c5-8222-4da1-b8e9-92b500f7d825.jpeg (Caused by NameResolutionError(""<urllib3.connection.HTTPSConnection object at 0x00000232C3CB7E60>: Failed to resolve 'a0.muscache.com' ([Errno 11001] getaddrinfo failed)""))"
44160341,https://a0.muscache.com/pictures/miso/Hosting-44160341/original/b5780331-a129-4f29-aef2-2347ad03e8c9.jpeg,failed_timeout_or_error,,,0,0,0,,,"HTTPSConnectionPool(host='a0.muscache.com', port=443): Max retries exceeded with url: /pictures/miso/Hosting-44160341/original/b5780331-a129-4f29-aef2-2347ad03e8c9.jpeg (Caused by NameResolutionError(""<urllib3.connection.HTTPSConnection object at 0x00000232C3CB7E00>: Failed to resolve 'a0.muscache.com' ([Errno 11001] getaddrinfo failed)""))"
44561631,https://a0.muscache.com/pictures/51455362-fea0-420a-8654-be9667b29386.jpg,failed_timeout_or_error,,,0,0,0,,,"HTTPSConnectionPool(host='a0.muscache.com', port=443): Max retries exceeded with url: /pictures/51455362-fea0-420a-8654-be9667b29386.jpg (Caused by NameResolutionError(""<urllib3.connection.HTTPSConnection object at 0x00000232C3CB5250>: Failed to resolve 'a0.muscache.com' ([Errno 11001] getaddrinfo failed)""))"
44059758,https://a0.muscache.com/pictures/miso/Hosting-44059758/original/634ce9f1-9ce8-4254-9c77-2e045a77398f.jpeg,failed_timeout_or_error,,,0,0,0,,,"HTTPSConnectionPool(host='a0.muscache.com', port=443): Max retries exceeded with url: /pictures/miso/Hosting-44059758/original/634ce9f1-9ce8-4254-9c77-2e045a77398f.jpeg (Caused by NameResolutionError(""<urllib3.connection.HTTPSConnection object at 0x00000232C3CB4260>: Failed to resolve 'a0.muscache.com' ([Errno 11001] getaddrinfo failed)""))"
44505327,https://a0.muscache.com/pictures/prohost-api/Hosting-44505327/original/60b03f14-7861-4fe8-9874-628c02de997c.jpeg,failed_timeout_or_error,,,0,0,0,,,"HTTPSConnectionPool(host='a0.muscache.com', port=443): Max retries exceeded with url: /pictures/prohost-api/Hosting-44505327/original/60b03f14-7861-4fe8-9874-628c02de997c.jpeg (Caused by NameResolutionError(""<urllib3.connection.HTTPSConnection object at 0x00000232C40F9730>: Failed to resolve 'a0.muscache.com' ([Errno 11001] getaddrinfo failed)""))"
44373225,https://a0.muscache.com/pictures/142edfa1-df44-44fa-ab12-1c24e575ab8b.jpg,failed_timeout_or_error,,,0,0,0,,,"HTTPSConnectionPool(host='a0.muscache.com', port=443): Max retries exceeded with url: /pictures/142edfa1-df44-44fa-ab12-1c24e575ab8b.jpg (Caused by NameResolutionError(""<urllib3.connection.HTTPSConnection object at 0x00000232C3CA6000>: Failed to resolve 'a0.muscache.com' ([Errno 11001] getaddrinfo failed)""))"
44244512,https://a0.muscache.com/pictures/miso/Hosting-44244512/original/96822135-9eec-42e9-94e3-8f7a59a465b8.jpeg,failed_timeout_or_error,,,0,0,0,,,"HTTPSConnectionPool(host='a0.muscache.com', port=443): Max retries exceeded with url: /pictures/miso/Hosting-44244512/original/96822135-9eec-42e9-94e3-8f7a59a465b8.jpeg (Caused by NameResolutionError(""<urllib3.connection.HTTPSConnection object at 0x00000232C3CA7AA0>: Failed to resolve 'a0.muscache.com' ([Errno 11001] getaddrinfo failed)""))"
43967257,https://a0.muscache.com/pictures/prohost-api/Hosting-43967257/original/63b806d1-c220-4106-8cf7-098f9d004f98.jpeg,failed_timeout_or_error,,,0,0,0,,,"HTTPSConnectionPool(host='a0.muscache.com', port=443): Max retries exceeded with url: /pictures/prohost-api/Hosting-43967257/original/63b806d1-c220-4106-8cf7-098f9d004f98.jpeg (Caused by NameResolutionError(""<urllib3.connection.HTTPSConnection object at 0x00000232C40FB3E0>: Failed to resolve 'a0.muscache.com' ([Errno 11001] getaddrinfo failed)""))"
44573884,https://a0.muscache.com/pictures/5a094594-f6c4-4d79-abd5-2ec7d1bb3b15.jpg,failed_timeout_or_error,,,0,0,0,,,"HTTPSConnectionPool(host='a0.muscache.com', port=443): Max retries exceeded with url: /pictures/5a094594-f6c4-4d79-abd5-2ec7d1bb3b15.jpg (Caused by NameResolutionError(""<urllib3.connection.HTTPSConnection object at 0x00000232C3CA7BC0>: Failed to resolve 'a0.muscache.com' ([Errno 11001] getaddrinfo failed)""))"
44392508,https://a0.muscache.com/pictures/6b3e45de-c560-4823-8565-51caace41b12.jpg,failed_timeout_or_error,,,0,0,0,,,"HTTPSConnectionPool(host='a0.muscache.com', port=443): Max retries exceeded with url: /pictures/6b3e45de-c560-4823-8565-51caace41b12.jpg (Caused by NameResolutionError(""<urllib3.connection.HTTPSConnection object at 0x00000232C3D6B980>: Failed to resolve 'a0.muscache.com' ([Errno 11001] getaddrinfo failed)""))"
44076331,https://a0.muscache.com/pictures/701b1f55-ec3b-4d57-87bc-efa132326c7b.jpg,failed_timeout_or_error,,,0,0,0,,,"HTTPSConnectionPool(host='a0.muscache.com', port=443): Max retries exceeded with url: /pictures/701b1f55-ec3b-4d57-87bc-efa132326c7b.jpg (Caused by NameResolutionError(""<urllib3.connection.HTTPSConnection object at 0x00000232C3CB7F50>: Failed to resolve 'a0.muscache.com' ([Errno 11001] getaddrinfo failed)""))"
43912375,https://a0.muscache.com/pictures/16154e7f-efd8-4a02-a26c-caccf5cee911.jpg,failed_timeout_or_error,,,0,0,0,,,"HTTPSConnectionPool(host='a0.muscache.com', port=443): Max retries exceeded with url: /pictures/16154e7f-efd8-4a02-a26c-caccf5cee911.jpg (Caused by NameResolutionError(""<urllib3.connection.HTTPSConnection object at 0x00000232C40F8920>: Failed to resolve 'a0.muscache.com' ([Errno 11001] getaddrinfo failed)""))"
44841826,https://a0.muscache.com/pictures/aef3c165-be7f-4d10-bf8f-cce8dbeb1605.jpg,failed_timeout_or_error,,,0,0,0,,,"HTTPSConnectionPool(host='a0.muscache.com', port=443): Max retries exceeded with url: /pictures/aef3c165-be7f-4d10-bf8f-cce8dbeb1605.jpg (Caused by NameResolutionError(""<urllib3.connection.HTTPSConnection object at 0x00000232C3CA7F20>: Failed to resolve 'a0.muscache.com' ([Errno 11001] getaddrinfo failed)""))"
44597824,https://a0.muscache.com/pictures/3b7d3149-e1b3-4dd9-9fa1-cb3f31fa99dc.jpg,failed_timeout_or_error,,,0,0,0,,,"HTTPSConnectionPool(host='a0.muscache.com', port=443): Max retries exceeded with url: /pictures/3b7d3149-e1b3-4dd9-9fa1-cb3f31fa99dc.jpg (Caused by NameResolutionError(""<urllib3.connection.HTTPSConnection object at 0x00000232C3DA1E50>: Failed to resolve 'a0.muscache.com' ([Errno 11001] getaddrinfo failed)""))"
44968717,https://a0.muscache.com/pictures/09760156-e48c-49e3-8f17-1a94ba1d8814.jpg,failed_timeout_or_error,,,0,0,0,,,"HTTPSConnectionPool(host='a0.muscache.com', port=443): Max retries exceeded with url: /pictures/09760156-e48c-49e3-8f17-1a94ba1d8814.jpg (Caused by NameResolutionError(""<urllib3.connection.HTTPSConnection object at 0x00000232C3CA5F10>: Failed to resolve 'a0.muscache.com' ([Errno 11001] getaddrinfo failed)""))"
44577918,https://a0.muscache.com/pictures/miso/Hosting-44577918/original/9ab364aa-5aa3-49ac-bb20-d5c58e2c4831.jpeg,failed_timeout_or_error,,,0,0,0,,,"HTTPSConnectionPool(host='a0.muscache.com', port=443): Max retries exceeded with url: /pictures/miso/Hosting-44577918/original/9ab364aa-5aa3-49ac-bb20-d5c58e2c4831.jpeg (Caused by NameResolutionError(""<urllib3.connection.HTTPSConnection object at 0x00000232C3CA6C60>: Failed to resolve 'a0.muscache.com' ([Errno 11001] getaddrinfo failed)""))"
44762647,https://a0.muscache.com/pictures/d46f380e-038c-45c6-af01-903792e0ce24.jpg,failed_timeout_or_error,,,0,0,0,,,"HTTPSConnectionPool(host='a0.muscache.com', port=443): Max retries exceeded with url: /pictures/d46f380e-038c-45c6-af01-903792e0ce24.jpg (Caused by NameResolutionError(""<urllib3.connection.HTTPSConnection object at 0x00000232C3CB7110>: Failed to resolve 'a0.muscache.com' ([Errno 11001] getaddrinfo failed)""))"
45144763,https://a0.muscache.com/pictures/bd374846-cd70-47f1-8ead-89c9d8eec866.jpg,failed_timeout_or_error,,,0,0,0,,,"HTTPSConnectionPool(host='a0.muscache.com', port=443): Max retries exceeded with url: /pictures/bd374846-cd70-47f1-8ead-89c9d8eec866.jpg (Caused by NameResolutionError(""<urllib3.connection.HTTPSConnection object at 0x00000232C3C86690>: Failed to resolve 'a0.muscache.com' ([Errno 11001] getaddrinfo failed)""))"
44678181,https://a0.muscache.com/pictures/e46dc053-c938-4153-9302-a5ac5ef8bdbc.jpg,failed_timeout_or_error,,,0,0,0,,,"HTTPSConnectionPool(host='a0.muscache.com', port=443): Max retries exceeded with url: /pictures/e46dc053-c938-4153-9302-a5ac5ef8bdbc.jpg (Caused by NameResolutionError(""<urllib3.connection.HTTPSConnection object at 0x00000232C3CB74A0>: Failed to resolve 'a0.muscache.com' ([Errno 11001] getaddrinfo failed)""))"
44404683,https://a0.muscache.com/pictures/miso/Hosting-44404683/original/fc76139e-d9e3-411e-a0f2-4cbad332b42d.jpeg,failed_timeout_or_error,,,0,0,0,,,"HTTPSConnectionPool(host='a0.muscache.com', port=443): Max retries exceeded with url: /pictures/miso/Hosting-44404683/original/fc76139e-d9e3-411e-a0f2-4cbad332b42d.jpeg (Caused by NameResolutionError(""<urllib3.connection.HTTPSConnection object at 0x00000232C3CA63C0>: Failed to resolve 'a0.muscache.com' ([Errno 11001] getaddrinfo failed)""))"
44841713,https://a0.muscache.com/pictures/miso/Hosting-44841713/original/8147cde5-08dd-4536-bc98-3c80a1928477.jpeg,failed_timeout_or_error,,,0,0,0,,,"HTTPSConnectionPool(host='a0.muscache.com', port=443): Max retries exceeded with url: /pictures/miso/Hosting-44841713/original/8147cde5-08dd-4536-bc98-3c80a1928477.jpeg (Caused by NameResolutionError(""<urllib3.connection.HTTPSConnection object at 0x00000232C3D68B60>: Failed to resolve 'a0.muscache.com' ([Errno 11001] getaddrinfo failed)""))"
45231266,https://a0.muscache.com/pictures/f4e91156-8fcc-4312-ba4f-79d61017cc8e.jpg,failed_timeout_or_error,,,0,0,0,,,"HTTPSConnectionPool(host='a0.muscache.com', port=443): Max retries exceeded with url: /pictures/f4e91156-8fcc-4312-ba4f-79d61017cc8e.jpg (Caused by NameResolutionError(""<urllib3.connection.HTTPSConnection object at 0x00000232C3C870E0>: Failed to resolve 'a0.muscache.com' ([Errno 11001] getaddrinfo failed)""))"
44995087,https://a0.muscache.com/pictures/miso/Hosting-44995087/original/ffa2c788-cc80-4489-9011-51a4bac141c3.jpeg,failed_timeout_or_error,,,0,0,0,,,"HTTPSConnectionPool(host='a0.muscache.com', port=443): Max retries exceeded with url: /pictures/miso/Hosting-44995087/original/ffa2c788-cc80-4489-9011-51a4bac141c3.jpeg (Caused by NameResolutionError(""<urllib3.connection.HTTPSConnection object at 0x00000232C3CB70E0>: Failed to resolve 'a0.muscache.com' ([Errno 11001] getaddrinfo failed)""))"
45402516,https://a0.muscache.com/pictures/miso/Hosting-45402516/original/bfdca8c4-63ff-42f2-af37-40b396bf35ad.jpeg,failed_timeout_or_error,,,0,0,0,,,"HTTPSConnectionPool(host='a0.muscache.com', port=443): Max retries exceeded with url: /pictures/miso/Hosting-45402516/original/bfdca8c4-63ff-42f2-af37-40b396bf35ad.jpeg (Caused by NameResolutionError(""<urllib3.connection.HTTPSConnection object at 0x00000232C40F8920>: Failed to resolve 'a0.muscache.com' ([Errno 11001] getaddrinfo failed)""))"
44556542,https://a0.muscache.com/pictures/c6f42433-1619-4257-b1dc-273182dcffca.jpg,failed_timeout_or_error,,,0,0,0,,,"HTTPSConnectionPool(host='a0.muscache.com', port=443): Max retries exceeded with url: /pictures/c6f42433-1619-4257-b1dc-273182dcffca.jpg (Caused by NameResolutionError(""<urllib3.connection.HTTPSConnection object at 0x00000232C40FB680>: Failed to resolve 'a0.muscache.com' ([Errno 11001] getaddrinfo failed)""))"
44678188,https://a0.muscache.com/pictures/b09f3e28-b8a9-4724-a2d0-18cd8004988b.jpg,failed_timeout_or_error,,,0,0,0,,,"HTTPSConnectionPool(host='a0.muscache.com', port=443): Max retries exceeded with url: /pictures/b09f3e28-b8a9-4724-a2d0-18cd8004988b.jpg (Caused by NameResolutionError(""<urllib3.connection.HTTPSConnection object at 0x00000232C3CE64B0>: Failed to resolve 'a0.muscache.com' ([Errno 11001] getaddrinfo failed)""))"
45394500,https://a0.muscache.com/pictures/1a9ea8f7-1cd3-4c0e-9f58-8f407a0ed93b.jpg,failed_timeout_or_error,,,0,0,0,,,"HTTPSConnectionPool(host='a0.muscache.com', port=443): Max retries exceeded with url: /pictures/1a9ea8f7-1cd3-4c0e-9f58-8f407a0ed93b.jpg (Caused by NameResolutionError(""<urllib3.connection.HTTPSConnection object at 0x00000232C40FBB00>: Failed to resolve 'a0.muscache.com' ([Errno 11001] getaddrinfo failed)""))"
45023214,https://a0.muscache.com/pictures/4bc90348-0ca5-4026-af6a-186800f336d9.jpg,failed_timeout_or_error,,,0,0,0,,,"HTTPSConnectionPool(host='a0.muscache.com', port=443): Max retries exceeded with url: /pictures/4bc90348-0ca5-4026-af6a-186800f336d9.jpg (Caused by NameResolutionError(""<urllib3.connection.HTTPSConnection object at 0x00000232C3CE7080>: Failed to resolve 'a0.muscache.com' ([Errno 11001] getaddrinfo failed)""))"
45363719,https://a0.muscache.com/pictures/miso/Hosting-45363719/original/d96288cb-5f04-4ecd-a17d-84fe35d3568a.jpeg,failed_timeout_or_error,,,0,0,0,,,"HTTPSConnectionPool(host='a0.muscache.com', port=443): Max retries exceeded with url: /pictures/miso/Hosting-45363719/original/d96288cb-5f04-4ecd-a17d-84fe35d3568a.jpeg (Caused by NameResolutionError(""<urllib3.connection.HTTPSConnection object at 0x00000232C3CB49B0>: Failed to resolve 'a0.muscache.com' ([Errno 11001] getaddrinfo failed)""))"
45351656,https://a0.muscache.com/pictures/f33aca27-a6db-4592-b598-9947201cd44d.jpg,failed_timeout_or_error,,,0,0,0,,,"HTTPSConnectionPool(host='a0.muscache.com', port=443): Max retries exceeded with url: /pictures/f33aca27-a6db-4592-b598-9947201cd44d.jpg (Caused by NameResolutionError(""<urllib3.connection.HTTPSConnection object at 0x00000232C3CA63C0>: Failed to resolve 'a0.muscache.com' ([Errno 11001] getaddrinfo failed)""))"
45063891,https://a0.muscache.com/pictures/a3a22c98-a655-4033-8e71-bf8048b4b2cb.jpg,failed_timeout_or_error,,,0,0,0,,,"HTTPSConnectionPool(host='a0.muscache.com', port=443): Max retries exceeded with url: /pictures/a3a22c98-a655-4033-8e71-bf8048b4b2cb.jpg (Caused by NameResolutionError(""<urllib3.connection.HTTPSConnection object at 0x00000232C3CA5B80>: Failed to resolve 'a0.muscache.com' ([Errno 11001] getaddrinfo failed)""))"
45266904,https://a0.muscache.com/pictures/miso/Hosting-45266904/original/a1190cc4-3c0b-4ef9-bf45-b2049fe9da60.jpeg,failed_timeout_or_error,,,0,0,0,,,"HTTPSConnectionPool(host='a0.muscache.com', port=443): Max retries exceeded with url: /pictures/miso/Hosting-45266904/original/a1190cc4-3c0b-4ef9-bf45-b2049fe9da60.jpeg (Caused by NameResolutionError(""<urllib3.connection.HTTPSConnection object at 0x00000232C3CA60F0>: Failed to resolve 'a0.muscache.com' ([Errno 11001] getaddrinfo failed)""))"
45421363,https://a0.muscache.com/pictures/9edcb0a4-324c-4a38-891d-14ef3c34ff2d.jpg,failed_timeout_or_error,,,0,0,0,,,"HTTPSConnectionPool(host='a0.muscache.com', port=443): Max retries exceeded with url: /pictures/9edcb0a4-324c-4a38-891d-14ef3c34ff2d.jpg (Caused by NameResolutionError(""<urllib3.connection.HTTPSConnection object at 0x00000232C3C855B0>: Failed to resolve 'a0.muscache.com' ([Errno 11001] getaddrinfo failed)""))"
45008963,https://a0.muscache.com/pictures/miso/Hosting-45008963/original/b366833c-9101-4081-97e6-eb69140171c5.jpeg,failed_timeout_or_error,,,0,0,0,,,"HTTPSConnectionPool(host='a0.muscache.com', port=443): Max retries exceeded with url: /pictures/miso/Hosting-45008963/original/b366833c-9101-4081-97e6-eb69140171c5.jpeg (Caused by NameResolutionError(""<urllib3.connection.HTTPSConnection object at 0x00000232C3C87F50>: Failed to resolve 'a0.muscache.com' ([Errno 11001] getaddrinfo failed)""))"
45254379,https://a0.muscache.com/pictures/miso/Hosting-45254379/original/64473ee7-8158-49c5-9a83-4d56bdb897c7.jpeg,failed_timeout_or_error,,,0,0,0,,,"HTTPSConnectionPool(host='a0.muscache.com', port=443): Max retries exceeded with url: /pictures/miso/Hosting-45254379/original/64473ee7-8158-49c5-9a83-4d56bdb897c7.jpeg (Caused by NameResolutionError(""<urllib3.connection.HTTPSConnection object at 0x00000232C3C84DA0>: Failed to resolve 'a0.muscache.com' ([Errno 11001] getaddrinfo failed)""))"
45482353,https://a0.muscache.com/pictures/bb48b762-2097-4cee-8f6f-04ae241bce20.jpg,failed_timeout_or_error,,,0,0,0,,,"HTTPSConnectionPool(host='a0.muscache.com', port=443): Max retries exceeded with url: /pictures/bb48b762-2097-4cee-8f6f-04ae241bce20.jpg (Caused by NameResolutionError(""<urllib3.connection.HTTPSConnection object at 0x00000232C3BBBA40>: Failed to resolve 'a0.muscache.com' ([Errno 11001] getaddrinfo failed)""))"
45286326,https://a0.muscache.com/pictures/miso/Hosting-45286326/original/eb5e2da3-b410-461a-894c-192ccc4adefb.jpeg,failed_timeout_or_error,,,0,0,0,,,"HTTPSConnectionPool(host='a0.muscache.com', port=443): Max retries exceeded with url: /pictures/miso/Hosting-45286326/original/eb5e2da3-b410-461a-894c-192ccc4adefb.jpeg (Caused by NameResolutionError(""<urllib3.connection.HTTPSConnection object at 0x00000232C3CE6960>: Failed to resolve 'a0.muscache.com' ([Errno 11001] getaddrinfo failed)""))"
45604898,https://a0.muscache.com/pictures/miso/Hosting-45604898/original/edf6b971-c28c-4cc4-bef5-40d6a3bdf344.jpeg,failed_timeout_or_error,,,0,0,0,,,"HTTPSConnectionPool(host='a0.muscache.com', port=443): Max retries exceeded with url: /pictures/miso/Hosting-45604898/original/edf6b971-c28c-4cc4-bef5-40d6a3bdf344.jpeg (Caused by NameResolutionError(""<urllib3.connection.HTTPSConnection object at 0x00000232C3CB4AD0>: Failed to resolve 'a0.muscache.com' ([Errno 11001] getaddrinfo failed)""))"
45652885,https://a0.muscache.com/pictures/dec550c0-3391-433a-9e22-2d98e9411903.jpg,failed_timeout_or_error,,,0,0,0,,,"HTTPSConnectionPool(host='a0.muscache.com', port=443): Max retries exceeded with url: /pictures/dec550c0-3391-433a-9e22-2d98e9411903.jpg (Caused by NameResolutionError(""<urllib3.connection.HTTPSConnection object at 0x00000232C3C86210>: Failed to resolve 'a0.muscache.com' ([Errno 11001] getaddrinfo failed)""))"
45454004,https://a0.muscache.com/pictures/miso/Hosting-45454004/original/b111fc9b-8df6-481c-bcd5-5398ee2ce2d6.jpeg,failed_timeout_or_error,,,0,0,0,,,"HTTPSConnectionPool(host='a0.muscache.com', port=443): Max retries exceeded with url: /pictures/miso/Hosting-45454004/original/b111fc9b-8df6-481c-bcd5-5398ee2ce2d6.jpeg (Caused by NameResolutionError(""<urllib3.connection.HTTPSConnection object at 0x00000232C3C85130>: Failed to resolve 'a0.muscache.com' ([Errno 11001] getaddrinfo failed)""))"
45765329,https://a0.muscache.com/pictures/44ab7973-040b-432d-a73d-144d912c86a0.jpg,failed_timeout_or_error,,,0,0,0,,,"HTTPSConnectionPool(host='a0.muscache.com', port=443): Max retries exceeded with url: /pictures/44ab7973-040b-432d-a73d-144d912c86a0.jpg (Caused by NameResolutionError(""<urllib3.connection.HTTPSConnection object at 0x00000232C3BBB7A0>: Failed to resolve 'a0.muscache.com' ([Errno 11001] getaddrinfo failed)""))"
45717828,https://a0.muscache.com/pictures/e54ad7c9-9920-4c25-9ef3-3b1f4301ad28.jpg,failed_timeout_or_error,,,0,0,0,,,"HTTPSConnectionPool(host='a0.muscache.com', port=443): Max retries exceeded with url: /pictures/e54ad7c9-9920-4c25-9ef3-3b1f4301ad28.jpg (Caused by NameResolutionError(""<urllib3.connection.HTTPSConnection object at 0x00000232C3CA5310>: Failed to resolve 'a0.muscache.com' ([Errno 11001] getaddrinfo failed)""))"
45619526,https://a0.muscache.com/pictures/f07ab04d-ed9a-4872-a1b8-1f5f6d2a92dc.jpg,failed_timeout_or_error,,,0,0,0,,,"HTTPSConnectionPool(host='a0.muscache.com', port=443): Max retries exceeded with url: /pictures/f07ab04d-ed9a-4872-a1b8-1f5f6d2a92dc.jpg (Caused by NameResolutionError(""<urllib3.connection.HTTPSConnection object at 0x00000232C40FB6E0>: Failed to resolve 'a0.muscache.com' ([Errno 11001] getaddrinfo failed)""))"
45438852,https://a0.muscache.com/pictures/miso/Hosting-45438852/original/13eb4110-b3e7-4159-a1eb-3ad4703d2aab.jpeg,failed_timeout_or_error,,,0,0,0,,,"HTTPSConnectionPool(host='a0.muscache.com', port=443): Max retries exceeded with url: /pictures/miso/Hosting-45438852/original/13eb4110-b3e7-4159-a1eb-3ad4703d2aab.jpeg (Caused by NameResolutionError(""<urllib3.connection.HTTPSConnection object at 0x00000232C3BB9790>: Failed to resolve 'a0.muscache.com' ([Errno 11001] getaddrinfo failed)""))"
45532786,https://a0.muscache.com/pictures/b06205ba-60d5-42f5-b25c-7eabf578dbfe.jpg,failed_timeout_or_error,,,0,0,0,,,"HTTPSConnectionPool(host='a0.muscache.com', port=443): Max retries exceeded with url: /pictures/b06205ba-60d5-42f5-b25c-7eabf578dbfe.jpg (Caused by NameResolutionError(""<urllib3.connection.HTTPSConnection object at 0x00000232C3BBA7E0>: Failed to resolve 'a0.muscache.com' ([Errno 11001] getaddrinfo failed)""))"
45937183,https://a0.muscache.com/pictures/9c5affd6-b9ef-49b0-b964-fdf66c9960ec.jpg,failed_timeout_or_error,,,0,0,0,,,"HTTPSConnectionPool(host='a0.muscache.com', port=443): Max retries exceeded with url: /pictures/9c5affd6-b9ef-49b0-b964-fdf66c9960ec.jpg (Caused by NameResolutionError(""<urllib3.connection.HTTPSConnection object at 0x00000232C3BBB020>: Failed to resolve 'a0.muscache.com' ([Errno 11001] getaddrinfo failed)""))"
45591120,https://a0.muscache.com/pictures/fd594c51-ab33-411f-a52b-70815fb103a1.jpg,failed_timeout_or_error,,,0,0,0,,,"HTTPSConnectionPool(host='a0.muscache.com', port=443): Max retries exceeded with url: /pictures/fd594c51-ab33-411f-a52b-70815fb103a1.jpg (Caused by NameResolutionError(""<urllib3.connection.HTTPSConnection object at 0x00000232C3C84350>: Failed to resolve 'a0.muscache.com' ([Errno 11001] getaddrinfo failed)""))"
45090475,https://a0.muscache.com/pictures/miso/Hosting-45090475/original/24355b8e-edd6-477b-a789-d4be61718cc3.png,failed_timeout_or_error,,,0,0,0,,,"HTTPSConnectionPool(host='a0.muscache.com', port=443): Max retries exceeded with url: /pictures/miso/Hosting-45090475/original/24355b8e-edd6-477b-a789-d4be61718cc3.png (Caused by NameResolutionError(""<urllib3.connection.HTTPSConnection object at 0x00000232C3CA78C0>: Failed to resolve 'a0.muscache.com' ([Errno 11001] getaddrinfo failed)""))"
45683318,https://a0.muscache.com/pictures/4a75dfb2-5594-477b-99a3-485f41dab64f.jpg,failed_timeout_or_error,,,0,0,0,,,"HTTPSConnectionPool(host='a0.muscache.com', port=443): Max retries exceeded with url: /pictures/4a75dfb2-5594-477b-99a3-485f41dab64f.jpg (Caused by NameResolutionError(""<urllib3.connection.HTTPSConnection object at 0x00000232C40683B0>: Failed to resolve 'a0.muscache.com' ([Errno 11001] getaddrinfo failed)""))"
45883972,https://a0.muscache.com/pictures/f52e2804-ca2a-4a72-95f7-1885667089ec.jpg,failed_timeout_or_error,,,0,0,0,,,"HTTPSConnectionPool(host='a0.muscache.com', port=443): Max retries exceeded with url: /pictures/f52e2804-ca2a-4a72-95f7-1885667089ec.jpg (Caused by NameResolutionError(""<urllib3.connection.HTTPSConnection object at 0x00000232C3BBAB70>: Failed to resolve 'a0.muscache.com' ([Errno 11001] getaddrinfo failed)""))"
45653583,https://a0.muscache.com/pictures/prohost-api/Hosting-45653583/original/2d85baad-778a-40e7-99c2-459fcdc08a40.jpeg,failed_timeout_or_error,,,0,0,0,,,"HTTPSConnectionPool(host='a0.muscache.com', port=443): Max retries exceeded with url: /pictures/prohost-api/Hosting-45653583/original/2d85baad-778a-40e7-99c2-459fcdc08a40.jpeg (Caused by NameResolutionError(""<urllib3.connection.HTTPSConnection object at 0x00000232C3BB8F50>: Failed to resolve 'a0.muscache.com' ([Errno 11001] getaddrinfo failed)""))"
45848676,https://a0.muscache.com/pictures/e363b0fa-1e0f-4678-819b-431713e5ba88.jpg,failed_timeout_or_error,,,0,0,0,,,"HTTPSConnectionPool(host='a0.muscache.com', port=443): Max retries exceeded with url: /pictures/e363b0fa-1e0f-4678-819b-431713e5ba88.jpg (Caused by NameResolutionError(""<urllib3.connection.HTTPSConnection object at 0x00000232C3CB71D0>: Failed to resolve 'a0.muscache.com' ([Errno 11001] getaddrinfo failed)""))"
46055359,https://a0.muscache.com/pictures/miso/Hosting-46055359/original/fadb339b-1df5-49f0-a0bd-ffa1d5e4acdb.jpeg,failed_timeout_or_error,,,0,0,0,,,"HTTPSConnectionPool(host='a0.muscache.com', port=443): Max retries exceeded with url: /pictures/miso/Hosting-46055359/original/fadb339b-1df5-49f0-a0bd-ffa1d5e4acdb.jpeg (Caused by NameResolutionError(""<urllib3.connection.HTTPSConnection object at 0x00000232C406A090>: Failed to resolve 'a0.muscache.com' ([Errno 11001] getaddrinfo failed)""))"
45655928,https://a0.muscache.com/pictures/ff131a8e-1bd4-4094-a04b-a7afb3e823bf.jpg,failed_timeout_or_error,,,0,0,0,,,"HTTPSConnectionPool(host='a0.muscache.com', port=443): Max retries exceeded with url: /pictures/ff131a8e-1bd4-4094-a04b-a7afb3e823bf.jpg (Caused by NameResolutionError(""<urllib3.connection.HTTPSConnection object at 0x00000232C406AF30>: Failed to resolve 'a0.muscache.com' ([Errno 11001] getaddrinfo failed)""))"
46449865,https://a0.muscache.com/pictures/miso/Hosting-46449865/original/673107ab-c271-4428-ba6c-25fb4b0ebfc4.jpeg,failed_timeout_or_error,,,0,0,0,,,"HTTPSConnectionPool(host='a0.muscache.com', port=443): Max retries exceeded with url: /pictures/miso/Hosting-46449865/original/673107ab-c271-4428-ba6c-25fb4b0ebfc4.jpeg (Caused by NameResolutionError(""<urllib3.connection.HTTPSConnection object at 0x00000232C40688C0>: Failed to resolve 'a0.muscache.com' ([Errno 11001] getaddrinfo failed)""))"
45813359,https://a0.muscache.com/pictures/e6fae94d-fe6c-4b25-82f8-a30ae2d9c540.jpg,failed_timeout_or_error,,,0,0,0,,,"HTTPSConnectionPool(host='a0.muscache.com', port=443): Max retries exceeded with url: /pictures/e6fae94d-fe6c-4b25-82f8-a30ae2d9c540.jpg (Caused by NameResolutionError(""<urllib3.connection.HTTPSConnection object at 0x00000232C3AB76E0>: Failed to resolve 'a0.muscache.com' ([Errno 11001] getaddrinfo failed)""))"
46196757,https://a0.muscache.com/pictures/492fc23d-2da0-420c-8e30-4bbd55526dab.jpg,failed_timeout_or_error,,,0,0,0,,,"HTTPSConnectionPool(host='a0.muscache.com', port=443): Max retries exceeded with url: /pictures/492fc23d-2da0-420c-8e30-4bbd55526dab.jpg (Caused by NameResolutionError(""<urllib3.connection.HTTPSConnection object at 0x00000232C3CB4170>: Failed to resolve 'a0.muscache.com' ([Errno 11001] getaddrinfo failed)""))"
45996344,https://a0.muscache.com/pictures/miso/Hosting-45996344/original/178f6d97-a2af-49e3-a41a-83c695b0ddab.jpeg,failed_timeout_or_error,,,0,0,0,,,"HTTPSConnectionPool(host='a0.muscache.com', port=443): Max retries exceeded with url: /pictures/miso/Hosting-45996344/original/178f6d97-a2af-49e3-a41a-83c695b0ddab.jpeg (Caused by NameResolutionError(""<urllib3.connection.HTTPSConnection object at 0x00000232C4068590>: Failed to resolve 'a0.muscache.com' ([Errno 11001] getaddrinfo failed)""))"
45734694,https://a0.muscache.com/pictures/miso/Hosting-45734694/original/47f03c23-a380-4acb-9268-83fadb3e1699.jpeg,failed_timeout_or_error,,,0,0,0,,,"HTTPSConnectionPool(host='a0.muscache.com', port=443): Max retries exceeded with url: /pictures/miso/Hosting-45734694/original/47f03c23-a380-4acb-9268-83fadb3e1699.jpeg (Caused by NameResolutionError(""<urllib3.connection.HTTPSConnection object at 0x00000232C4069670>: Failed to resolve 'a0.muscache.com' ([Errno 11001] getaddrinfo failed)""))"
45988503,https://a0.muscache.com/pictures/miso/Hosting-45988503/original/3acc9f19-c532-43f1-8b6e-376982162cb8.jpeg,failed_timeout_or_error,,,0,0,0,,,"HTTPSConnectionPool(host='a0.muscache.com', port=443): Max retries exceeded with url: /pictures/miso/Hosting-45988503/original/3acc9f19-c532-43f1-8b6e-376982162cb8.jpeg (Caused by NameResolutionError(""<urllib3.connection.HTTPSConnection object at 0x00000232C40FB3E0>: Failed to resolve 'a0.muscache.com' ([Errno 11001] getaddrinfo failed)""))"
45893285,https://a0.muscache.com/pictures/miso/Hosting-45893285/original/407bef6e-5761-4951-88db-6669d4e783fa.jpeg,failed_timeout_or_error,,,0,0,0,,,"HTTPSConnectionPool(host='a0.muscache.com', port=443): Max retries exceeded with url: /pictures/miso/Hosting-45893285/original/407bef6e-5761-4951-88db-6669d4e783fa.jpeg (Caused by NameResolutionError(""<urllib3.connection.HTTPSConnection object at 0x00000232C3C84BC0>: Failed to resolve 'a0.muscache.com' ([Errno 11001] getaddrinfo failed)""))"
46049132,https://a0.muscache.com/pictures/miso/Hosting-46049132/original/5822759b-5673-45da-9279-e2503e60ea2d.jpeg,failed_timeout_or_error,,,0,0,0,,,"HTTPSConnectionPool(host='a0.muscache.com', port=443): Max retries exceeded with url: /pictures/miso/Hosting-46049132/original/5822759b-5673-45da-9279-e2503e60ea2d.jpeg (Caused by NameResolutionError(""<urllib3.connection.HTTPSConnection object at 0x00000232C3C87B90>: Failed to resolve 'a0.muscache.com' ([Errno 11001] getaddrinfo failed)""))"
46297494,https://a0.muscache.com/pictures/284fff9d-a066-461a-95dd-96cc20abe5ac.jpg,failed_timeout_or_error,,,0,0,0,,,"HTTPSConnectionPool(host='a0.muscache.com', port=443): Max retries exceeded with url: /pictures/284fff9d-a066-461a-95dd-96cc20abe5ac.jpg (Caused by NameResolutionError(""<urllib3.connection.HTTPSConnection object at 0x00000232C3BBB020>: Failed to resolve 'a0.muscache.com' ([Errno 11001] getaddrinfo failed)""))"
45657700,https://a0.muscache.com/pictures/miso/Hosting-45657700/original/55680f2c-f7a9-4a09-a60b-f0352fefa3ad.jpeg,failed_timeout_or_error,,,0,0,0,,,"HTTPSConnectionPool(host='a0.muscache.com', port=443): Max retries exceeded with url: /pictures/miso/Hosting-45657700/original/55680f2c-f7a9-4a09-a60b-f0352fefa3ad.jpeg (Caused by NameResolutionError(""<urllib3.connection.HTTPSConnection object at 0x00000232C3BB99D0>: Failed to resolve 'a0.muscache.com' ([Errno 11001] getaddrinfo failed)""))"
46260287,https://a0.muscache.com/pictures/miso/Hosting-46260287/original/24705b62-4ef3-4acc-82c8-aa2ae400e555.jpeg,failed_timeout_or_error,,,0,0,0,,,"HTTPSConnectionPool(host='a0.muscache.com', port=443): Max retries exceeded with url: /pictures/miso/Hosting-46260287/original/24705b62-4ef3-4acc-82c8-aa2ae400e555.jpeg (Caused by NameResolutionError(""<urllib3.connection.HTTPSConnection object at 0x00000232C3BB8C50>: Failed to resolve 'a0.muscache.com' ([Errno 11001] getaddrinfo failed)""))"
46584746,https://a0.muscache.com/pictures/miso/Hosting-46584746/original/a4478b47-37a2-4e41-8eda-7243a6b17ac1.jpeg,failed_timeout_or_error,,,0,0,0,,,"HTTPSConnectionPool(host='a0.muscache.com', port=443): Max retries exceeded with url: /pictures/miso/Hosting-46584746/original/a4478b47-37a2-4e41-8eda-7243a6b17ac1.jpeg (Caused by NameResolutionError(""<urllib3.connection.HTTPSConnection object at 0x00000232C3BB8710>: Failed to resolve 'a0.muscache.com' ([Errno 11001] getaddrinfo failed)""))"
45730926,https://a0.muscache.com/pictures/518193a1-f586-4f75-b4ec-498a1795733d.jpg,failed_timeout_or_error,,,0,0,0,,,"HTTPSConnectionPool(host='a0.muscache.com', port=443): Max retries exceeded with url: /pictures/518193a1-f586-4f75-b4ec-498a1795733d.jpg (Caused by NameResolutionError(""<urllib3.connection.HTTPSConnection object at 0x00000232C3AB4AA0>: Failed to resolve 'a0.muscache.com' ([Errno 11001] getaddrinfo failed)""))"
46154927,https://a0.muscache.com/pictures/889c69a8-fb9c-4b03-95d0-52ae9eb03871.jpg,failed_timeout_or_error,,,0,0,0,,,"HTTPSConnectionPool(host='a0.muscache.com', port=443): Max retries exceeded with url: /pictures/889c69a8-fb9c-4b03-95d0-52ae9eb03871.jpg (Caused by NameResolutionError(""<urllib3.connection.HTTPSConnection object at 0x00000232C3AB7B00>: Failed to resolve 'a0.muscache.com' ([Errno 11001] getaddrinfo failed)""))"
45773379,https://a0.muscache.com/pictures/miso/Hosting-45773379/original/f58dcb2f-249d-4558-a642-b8d40c315c7b.jpeg,failed_timeout_or_error,,,0,0,0,,,"HTTPSConnectionPool(host='a0.muscache.com', port=443): Max retries exceeded with url: /pictures/miso/Hosting-45773379/original/f58dcb2f-249d-4558-a642-b8d40c315c7b.jpeg (Caused by NameResolutionError(""<urllib3.connection.HTTPSConnection object at 0x00000232C3AB4D10>: Failed to resolve 'a0.muscache.com' ([Errno 11001] getaddrinfo failed)""))"
46709631,https://a0.muscache.com/pictures/miso/Hosting-46709631/original/c6ca6f78-b3a9-4ec1-b430-8b8cf40ba7a7.jpeg,failed_timeout_or_error,,,0,0,0,,,"HTTPSConnectionPool(host='a0.muscache.com', port=443): Max retries exceeded with url: /pictures/miso/Hosting-46709631/original/c6ca6f78-b3a9-4ec1-b430-8b8cf40ba7a7.jpeg (Caused by NameResolutionError(""<urllib3.connection.HTTPSConnection object at 0x00000232C3B18110>: Failed to resolve 'a0.muscache.com' ([Errno 11001] getaddrinfo failed)""))"
46562220,https://a0.muscache.com/pictures/4e9bc300-b132-4406-bd28-3476b2766b89.jpg,failed_timeout_or_error,,,0,0,0,,,"HTTPSConnectionPool(host='a0.muscache.com', port=443): Max retries exceeded with url: /pictures/4e9bc300-b132-4406-bd28-3476b2766b89.jpg (Caused by NameResolutionError(""<urllib3.connection.HTTPSConnection object at 0x00000232C3B1A2D0>: Failed to resolve 'a0.muscache.com' ([Errno 11001] getaddrinfo failed)""))"
46447086,https://a0.muscache.com/pictures/miso/Hosting-46447086/original/d08e32b4-de86-4d6d-89fc-909e8f52f7fc.jpeg,failed_timeout_or_error,,,0,0,0,,,"HTTPSConnectionPool(host='a0.muscache.com', port=443): Max retries exceeded with url: /pictures/miso/Hosting-46447086/original/d08e32b4-de86-4d6d-89fc-909e8f52f7fc.jpeg (Caused by NameResolutionError(""<urllib3.connection.HTTPSConnection object at 0x00000232C3BBA0F0>: Failed to resolve 'a0.muscache.com' ([Errno 11001] getaddrinfo failed)""))"
46277556,https://a0.muscache.com/pictures/miso/Hosting-46277556/original/14fd7ded-25e5-4a00-bd65-3651f8f66e83.png,failed_timeout_or_error,,,0,0,0,,,"HTTPSConnectionPool(host='a0.muscache.com', port=443): Max retries exceeded with url: /pictures/miso/Hosting-46277556/original/14fd7ded-25e5-4a00-bd65-3651f8f66e83.png (Caused by NameResolutionError(""<urllib3.connection.HTTPSConnection object at 0x00000232C3C85C70>: Failed to resolve 'a0.muscache.com' ([Errno 11001] getaddrinfo failed)""))"
46943928,https://a0.muscache.com/pictures/prohost-api/Hosting-46943928/original/fb7d80cb-9c73-4a15-9d5c-2cc0ebefd1a4.jpeg,failed_timeout_or_error,,,0,0,0,,,"HTTPSConnectionPool(host='a0.muscache.com', port=443): Max retries exceeded with url: /pictures/prohost-api/Hosting-46943928/original/fb7d80cb-9c73-4a15-9d5c-2cc0ebefd1a4.jpeg (Caused by NameResolutionError(""<urllib3.connection.HTTPSConnection object at 0x00000232C40FA4B0>: Failed to resolve 'a0.muscache.com' ([Errno 11001] getaddrinfo failed)""))"
47058648,https://a0.muscache.com/pictures/b601b477-c94f-404b-b05e-3651bc83472a.jpg,failed_timeout_or_error,,,0,0,0,,,"HTTPSConnectionPool(host='a0.muscache.com', port=443): Max retries exceeded with url: /pictures/b601b477-c94f-404b-b05e-3651bc83472a.jpg (Caused by NameResolutionError(""<urllib3.connection.HTTPSConnection object at 0x00000232C3DA5C40>: Failed to resolve 'a0.muscache.com' ([Errno 11001] getaddrinfo failed)""))"
46865926,https://a0.muscache.com/pictures/63524203-4848-4eb3-bbaf-95c9d06ebc6f.jpg,failed_timeout_or_error,,,0,0,0,,,"HTTPSConnectionPool(host='a0.muscache.com', port=443): Max retries exceeded with url: /pictures/63524203-4848-4eb3-bbaf-95c9d06ebc6f.jpg (Caused by NameResolutionError(""<urllib3.connection.HTTPSConnection object at 0x00000232C3AB4DD0>: Failed to resolve 'a0.muscache.com' ([Errno 11001] getaddrinfo failed)""))"
47096192,https://a0.muscache.com/pictures/miso/Hosting-47096192/original/d1e1687b-02ac-440c-bcff-5482ea088372.jpeg,failed_timeout_or_error,,,0,0,0,,,"HTTPSConnectionPool(host='a0.muscache.com', port=443): Max retries exceeded with url: /pictures/miso/Hosting-47096192/original/d1e1687b-02ac-440c-bcff-5482ea088372.jpeg (Caused by NameResolutionError(""<urllib3.connection.HTTPSConnection object at 0x00000232C3B1A990>: Failed to resolve 'a0.muscache.com' ([Errno 11001] getaddrinfo failed)""))"
45892156,https://a0.muscache.com/pictures/b938a336-cd3a-44d0-9637-304d4d19d947.jpg,failed_timeout_or_error,,,0,0,0,,,"HTTPSConnectionPool(host='a0.muscache.com', port=443): Max retries exceeded with url: /pictures/b938a336-cd3a-44d0-9637-304d4d19d947.jpg (Caused by NameResolutionError(""<urllib3.connection.HTTPSConnection object at 0x00000232C3C86780>: Failed to resolve 'a0.muscache.com' ([Errno 11001] getaddrinfo failed)""))"
46837010,https://a0.muscache.com/pictures/miso/Hosting-46837010/original/be6c6e74-7e27-491d-8495-a7c8896235c7.jpeg,failed_timeout_or_error,,,0,0,0,,,"HTTPSConnectionPool(host='a0.muscache.com', port=443): Max retries exceeded with url: /pictures/miso/Hosting-46837010/original/be6c6e74-7e27-491d-8495-a7c8896235c7.jpeg (Caused by NameResolutionError(""<urllib3.connection.HTTPSConnection object at 0x00000232C3BB8140>: Failed to resolve 'a0.muscache.com' ([Errno 11001] getaddrinfo failed)""))"
47237792,https://a0.muscache.com/pictures/prohost-api/Hosting-47237792/original/b12e6fd5-9457-4b5f-b9dc-82988fc62411.jpeg,failed_timeout_or_error,,,0,0,0,,,"HTTPSConnectionPool(host='a0.muscache.com', port=443): Max retries exceeded with url: /pictures/prohost-api/Hosting-47237792/original/b12e6fd5-9457-4b5f-b9dc-82988fc62411.jpeg (Caused by NameResolutionError(""<urllib3.connection.HTTPSConnection object at 0x00000232C3AB6270>: Failed to resolve 'a0.muscache.com' ([Errno 11001] getaddrinfo failed)""))"
47029478,https://a0.muscache.com/pictures/f554b131-aad2-4253-b7dc-d46727c48cfa.jpg,failed_timeout_or_error,,,0,0,0,,,"HTTPSConnectionPool(host='a0.muscache.com', port=443): Max retries exceeded with url: /pictures/f554b131-aad2-4253-b7dc-d46727c48cfa.jpg (Caused by NameResolutionError(""<urllib3.connection.HTTPSConnection object at 0x00000232C3AB6150>: Failed to resolve 'a0.muscache.com' ([Errno 11001] getaddrinfo failed)""))"
46848077,https://a0.muscache.com/pictures/miso/Hosting-46848077/original/cd0afbf5-8b0d-45be-a6db-540bdc8badfb.jpeg,failed_timeout_or_error,,,0,0,0,,,"HTTPSConnectionPool(host='a0.muscache.com', port=443): Max retries exceeded with url: /pictures/miso/Hosting-46848077/original/cd0afbf5-8b0d-45be-a6db-540bdc8badfb.jpeg (Caused by NameResolutionError(""<urllib3.connection.HTTPSConnection object at 0x00000232C3DA5B80>: Failed to resolve 'a0.muscache.com' ([Errno 11001] getaddrinfo failed)""))"
47810721,https://a0.muscache.com/pictures/miso/Hosting-47810721/original/27275e31-839e-49f9-8bb5-fe0e51987282.jpeg,failed_timeout_or_error,,,0,0,0,,,"HTTPSConnectionPool(host='a0.muscache.com', port=443): Max retries exceeded with url: /pictures/miso/Hosting-47810721/original/27275e31-839e-49f9-8bb5-fe0e51987282.jpeg (Caused by NameResolutionError(""<urllib3.connection.HTTPSConnection object at 0x00000232C3DA59A0>: Failed to resolve 'a0.muscache.com' ([Errno 11001] getaddrinfo failed)""))"
47023950,https://a0.muscache.com/pictures/miso/Hosting-47023950/original/bc03f26f-9d43-42a3-a376-da710843c532.jpeg,failed_timeout_or_error,,,0,0,0,,,"HTTPSConnectionPool(host='a0.muscache.com', port=443): Max retries exceeded with url: /pictures/miso/Hosting-47023950/original/bc03f26f-9d43-42a3-a376-da710843c532.jpeg (Caused by NameResolutionError(""<urllib3.connection.HTTPSConnection object at 0x00000232C3DA64B0>: Failed to resolve 'a0.muscache.com' ([Errno 11001] getaddrinfo failed)""))"
47843399,https://a0.muscache.com/pictures/81424a1f-b1d3-4ff1-af7e-4737231836e8.jpg,failed_timeout_or_error,,,0,0,0,,,"HTTPSConnectionPool(host='a0.muscache.com', port=443): Max retries exceeded with url: /pictures/81424a1f-b1d3-4ff1-af7e-4737231836e8.jpg (Caused by NameResolutionError(""<urllib3.connection.HTTPSConnection object at 0x00000232C3CA6E10>: Failed to resolve 'a0.muscache.com' ([Errno 11001] getaddrinfo failed)""))"
47732580,https://a0.muscache.com/pictures/e8255921-b82e-4f28-96f9-a61628b79a72.jpg,failed_timeout_or_error,,,0,0,0,,,"HTTPSConnectionPool(host='a0.muscache.com', port=443): Max retries exceeded with url: /pictures/e8255921-b82e-4f28-96f9-a61628b79a72.jpg (Caused by NameResolutionError(""<urllib3.connection.HTTPSConnection object at 0x00000232C3CA56A0>: Failed to resolve 'a0.muscache.com' ([Errno 11001] getaddrinfo failed)""))"
47788298,https://a0.muscache.com/pictures/prohost-api/Hosting-47788298/original/95a1c604-ef21-4897-84da-63a4ffb62cdc.jpeg,failed_timeout_or_error,,,0,0,0,,,"HTTPSConnectionPool(host='a0.muscache.com', port=443): Max retries exceeded with url: /pictures/prohost-api/Hosting-47788298/original/95a1c604-ef21-4897-84da-63a4ffb62cdc.jpeg (Caused by NameResolutionError(""<urllib3.connection.HTTPSConnection object at 0x00000232C1CF8980>: Failed to resolve 'a0.muscache.com' ([Errno 11001] getaddrinfo failed)""))"
47034316,https://a0.muscache.com/pictures/8645fc23-ff37-47cd-9bcd-499b1c62a87c.jpg,failed_timeout_or_error,,,0,0,0,,,"HTTPSConnectionPool(host='a0.muscache.com', port=443): Max retries exceeded with url: /pictures/8645fc23-ff37-47cd-9bcd-499b1c62a87c.jpg (Caused by NameResolutionError(""<urllib3.connection.HTTPSConnection object at 0x00000232C3CA4A40>: Failed to resolve 'a0.muscache.com' ([Errno 11001] getaddrinfo failed)""))"
47076617,https://a0.muscache.com/pictures/287e43d7-c3d2-46ba-a54d-6c7b66e577ee.jpg,failed_timeout_or_error,,,0,0,0,,,"HTTPSConnectionPool(host='a0.muscache.com', port=443): Max retries exceeded with url: /pictures/287e43d7-c3d2-46ba-a54d-6c7b66e577ee.jpg (Caused by NameResolutionError(""<urllib3.connection.HTTPSConnection object at 0x00000232C3CA5E50>: Failed to resolve 'a0.muscache.com' ([Errno 11001] getaddrinfo failed)""))"
47330330,https://a0.muscache.com/pictures/1b4271fc-3f63-4d09-a3c6-34aaf435de43.jpg,failed_timeout_or_error,,,0,0,0,,,"HTTPSConnectionPool(host='a0.muscache.com', port=443): Max retries exceeded with url: /pictures/1b4271fc-3f63-4d09-a3c6-34aaf435de43.jpg (Caused by NameResolutionError(""<urllib3.connection.HTTPSConnection object at 0x00000232C3CB75C0>: Failed to resolve 'a0.muscache.com' ([Errno 11001] getaddrinfo failed)""))"
47069470,https://a0.muscache.com/pictures/3769a75a-ce54-4681-b313-80800b4226bb.jpg,failed_timeout_or_error,,,0,0,0,,,"HTTPSConnectionPool(host='a0.muscache.com', port=443): Max retries exceeded with url: /pictures/3769a75a-ce54-4681-b313-80800b4226bb.jpg (Caused by NameResolutionError(""<urllib3.connection.HTTPSConnection object at 0x00000232C3AB45F0>: Failed to resolve 'a0.muscache.com' ([Errno 11001] getaddrinfo failed)""))"
47845490,https://a0.muscache.com/pictures/46a277c6-449c-42ea-a67c-bad9e8d06422.jpg,failed_timeout_or_error,,,0,0,0,,,"HTTPSConnectionPool(host='a0.muscache.com', port=443): Max retries exceeded with url: /pictures/46a277c6-449c-42ea-a67c-bad9e8d06422.jpg (Caused by NameResolutionError(""<urllib3.connection.HTTPSConnection object at 0x00000232C3CB45C0>: Failed to resolve 'a0.muscache.com' ([Errno 11001] getaddrinfo failed)""))"
47871995,https://a0.muscache.com/pictures/ff734ac6-2393-48d2-8bd2-5d1108b044db.jpg,failed_timeout_or_error,,,0,0,0,,,"HTTPSConnectionPool(host='a0.muscache.com', port=443): Max retries exceeded with url: /pictures/ff734ac6-2393-48d2-8bd2-5d1108b044db.jpg (Caused by NameResolutionError(""<urllib3.connection.HTTPSConnection object at 0x00000232C3CA7EC0>: Failed to resolve 'a0.muscache.com' ([Errno 11001] getaddrinfo failed)""))"
47716279,https://a0.muscache.com/pictures/prohost-api/Hosting-47716279/original/0a15bdf5-dee8-4152-819f-18bb41ef7594.jpeg,failed_timeout_or_error,,,0,0,0,,,"HTTPSConnectionPool(host='a0.muscache.com', port=443): Max retries exceeded with url: /pictures/prohost-api/Hosting-47716279/original/0a15bdf5-dee8-4152-819f-18bb41ef7594.jpeg (Caused by NameResolutionError(""<urllib3.connection.HTTPSConnection object at 0x00000232C3CB45F0>: Failed to resolve 'a0.muscache.com' ([Errno 11001] getaddrinfo failed)""))"
47785836,https://a0.muscache.com/pictures/d955e751-17f3-4b40-add7-536406dcb4dd.jpg,failed_timeout_or_error,,,0,0,0,,,"HTTPSConnectionPool(host='a0.muscache.com', port=443): Max retries exceeded with url: /pictures/d955e751-17f3-4b40-add7-536406dcb4dd.jpg (Caused by NameResolutionError(""<urllib3.connection.HTTPSConnection object at 0x00000232C3CB5970>: Failed to resolve 'a0.muscache.com' ([Errno 11001] getaddrinfo failed)""))"
48028960,https://a0.muscache.com/pictures/prohost-api/Hosting-48028960/original/fe23bd65-93d2-40af-b705-71f9d95466f9.jpeg,failed_timeout_or_error,,,0,0,0,,,"HTTPSConnectionPool(host='a0.muscache.com', port=443): Max retries exceeded with url: /pictures/prohost-api/Hosting-48028960/original/fe23bd65-93d2-40af-b705-71f9d95466f9.jpeg (Caused by NameResolutionError(""<urllib3.connection.HTTPSConnection object at 0x00000232C3C85AC0>: Failed to resolve 'a0.muscache.com' ([Errno 11001] getaddrinfo failed)""))"
47288351,https://a0.muscache.com/pictures/df56b8ae-8ec7-4f7b-801d-e34dac9d0249.jpg,failed_timeout_or_error,,,0,0,0,,,"HTTPSConnectionPool(host='a0.muscache.com', port=443): Max retries exceeded with url: /pictures/df56b8ae-8ec7-4f7b-801d-e34dac9d0249.jpg (Caused by NameResolutionError(""<urllib3.connection.HTTPSConnection object at 0x00000232C3CB5D90>: Failed to resolve 'a0.muscache.com' ([Errno 11001] getaddrinfo failed)""))"
47891085,https://a0.muscache.com/pictures/miso/Hosting-47891085/original/6092cfba-b154-428a-9724-15206b46c925.jpeg,failed_timeout_or_error,,,0,0,0,,,"HTTPSConnectionPool(host='a0.muscache.com', port=443): Max retries exceeded with url: /pictures/miso/Hosting-47891085/original/6092cfba-b154-428a-9724-15206b46c925.jpeg (Caused by NameResolutionError(""<urllib3.connection.HTTPSConnection object at 0x00000232C3DA57C0>: Failed to resolve 'a0.muscache.com' ([Errno 11001] getaddrinfo failed)""))"
46894086,https://a0.muscache.com/pictures/prohost-api/Hosting-46894086/original/68f04032-6feb-4401-9bf4-5d02939d1de0.jpeg,failed_timeout_or_error,,,0,0,0,,,"HTTPSConnectionPool(host='a0.muscache.com', port=443): Max retries exceeded with url: /pictures/prohost-api/Hosting-46894086/original/68f04032-6feb-4401-9bf4-5d02939d1de0.jpeg (Caused by NameResolutionError(""<urllib3.connection.HTTPSConnection object at 0x00000232C3CB5D60>: Failed to resolve 'a0.muscache.com' ([Errno 11001] getaddrinfo failed)""))"
47844976,https://a0.muscache.com/pictures/prohost-api/Hosting-47844976/original/6ff41a72-9a50-4e2e-ac3f-7015009cf87b.jpeg,failed_timeout_or_error,,,0,0,0,,,"HTTPSConnectionPool(host='a0.muscache.com', port=443): Max retries exceeded with url: /pictures/prohost-api/Hosting-47844976/original/6ff41a72-9a50-4e2e-ac3f-7015009cf87b.jpeg (Caused by NameResolutionError(""<urllib3.connection.HTTPSConnection object at 0x00000232C3C87B90>: Failed to resolve 'a0.muscache.com' ([Errno 11001] getaddrinfo failed)""))"
47161014,https://a0.muscache.com/pictures/e93bc775-8360-475f-bff6-fa0e93ff42e4.jpg,failed_timeout_or_error,,,0,0,0,,,"HTTPSConnectionPool(host='a0.muscache.com', port=443): Max retries exceeded with url: /pictures/e93bc775-8360-475f-bff6-fa0e93ff42e4.jpg (Caused by NameResolutionError(""<urllib3.connection.HTTPSConnection object at 0x00000232C3C84F80>: Failed to resolve 'a0.muscache.com' ([Errno 11001] getaddrinfo failed)""))"
47883934,https://a0.muscache.com/pictures/miso/Hosting-47883934/original/6375fdf6-36ca-4ab6-8855-c376c469ae3d.jpeg,failed_timeout_or_error,,,0,0,0,,,"HTTPSConnectionPool(host='a0.muscache.com', port=443): Max retries exceeded with url: /pictures/miso/Hosting-47883934/original/6375fdf6-36ca-4ab6-8855-c376c469ae3d.jpeg (Caused by NameResolutionError(""<urllib3.connection.HTTPSConnection object at 0x00000232C3CB7D40>: Failed to resolve 'a0.muscache.com' ([Errno 11001] getaddrinfo failed)""))"
48122568,https://a0.muscache.com/pictures/e13b14e5-a73a-4a98-9440-816d869edb2f.jpg,failed_timeout_or_error,,,0,0,0,,,"HTTPSConnectionPool(host='a0.muscache.com', port=443): Max retries exceeded with url: /pictures/e13b14e5-a73a-4a98-9440-816d869edb2f.jpg (Caused by NameResolutionError(""<urllib3.connection.HTTPSConnection object at 0x00000232C3C87F50>: Failed to resolve 'a0.muscache.com' ([Errno 11001] getaddrinfo failed)""))"
48053587,https://a0.muscache.com/pictures/prohost-api/Hosting-48053587/original/23647bc0-c1e3-4313-ba85-b37a99fa874b.jpeg,failed_timeout_or_error,,,0,0,0,,,"HTTPSConnectionPool(host='a0.muscache.com', port=443): Max retries exceeded with url: /pictures/prohost-api/Hosting-48053587/original/23647bc0-c1e3-4313-ba85-b37a99fa874b.jpeg (Caused by NameResolutionError(""<urllib3.connection.HTTPSConnection object at 0x00000232C3D698B0>: Failed to resolve 'a0.muscache.com' ([Errno 11001] getaddrinfo failed)""))"
47834023,https://a0.muscache.com/pictures/miso/Hosting-47834023/original/58f2b2a2-ae65-4c7c-a9e8-ee0babdddc3b.jpeg,failed_timeout_or_error,,,0,0,0,,,"HTTPSConnectionPool(host='a0.muscache.com', port=443): Max retries exceeded with url: /pictures/miso/Hosting-47834023/original/58f2b2a2-ae65-4c7c-a9e8-ee0babdddc3b.jpeg (Caused by NameResolutionError(""<urllib3.connection.HTTPSConnection object at 0x00000232C3D69130>: Failed to resolve 'a0.muscache.com' ([Errno 11001] getaddrinfo failed)""))"
48018838,https://a0.muscache.com/pictures/prohost-api/Hosting-48018838/original/4d5f6b7c-31e9-4540-bf02-0fdd6bd6470b.jpeg,failed_timeout_or_error,,,0,0,0,,,"HTTPSConnectionPool(host='a0.muscache.com', port=443): Max retries exceeded with url: /pictures/prohost-api/Hosting-48018838/original/4d5f6b7c-31e9-4540-bf02-0fdd6bd6470b.jpeg (Caused by NameResolutionError(""<urllib3.connection.HTTPSConnection object at 0x00000232C3D69100>: Failed to resolve 'a0.muscache.com' ([Errno 11001] getaddrinfo failed)""))"
47952458,https://a0.muscache.com/pictures/14575bc6-a87a-4b41-8fe5-1fc254d1dc1e.jpg,failed_timeout_or_error,,,0,0,0,,,"HTTPSConnectionPool(host='a0.muscache.com', port=443): Max retries exceeded with url: /pictures/14575bc6-a87a-4b41-8fe5-1fc254d1dc1e.jpg (Caused by NameResolutionError(""<urllib3.connection.HTTPSConnection object at 0x00000232C3C866C0>: Failed to resolve 'a0.muscache.com' ([Errno 11001] getaddrinfo failed)""))"
48334233,https://a0.muscache.com/pictures/prohost-api/Hosting-48334233/original/77411f64-9fdb-49b2-939e-2695b242ecbd.jpeg,failed_timeout_or_error,,,0,0,0,,,"HTTPSConnectionPool(host='a0.muscache.com', port=443): Max retries exceeded with url: /pictures/prohost-api/Hosting-48334233/original/77411f64-9fdb-49b2-939e-2695b242ecbd.jpeg (Caused by NameResolutionError(""<urllib3.connection.HTTPSConnection object at 0x00000232C3D6AD50>: Failed to resolve 'a0.muscache.com' ([Errno 11001] getaddrinfo failed)""))"
48334194,https://a0.muscache.com/pictures/prohost-api/Hosting-48334194/original/ff857803-6921-44b4-bdc2-2b0185c2f10d.jpeg,failed_timeout_or_error,,,0,0,0,,,"HTTPSConnectionPool(host='a0.muscache.com', port=443): Max retries exceeded with url: /pictures/prohost-api/Hosting-48334194/original/ff857803-6921-44b4-bdc2-2b0185c2f10d.jpeg (Caused by NameResolutionError(""<urllib3.connection.HTTPSConnection object at 0x00000232C3D68980>: Failed to resolve 'a0.muscache.com' ([Errno 11001] getaddrinfo failed)""))"
48254135,https://a0.muscache.com/pictures/miso/Hosting-48254135/original/10750195-8693-478a-90e9-4e939feb5212.jpeg,failed_timeout_or_error,,,0,0,0,,,"HTTPSConnectionPool(host='a0.muscache.com', port=443): Max retries exceeded with url: /pictures/miso/Hosting-48254135/original/10750195-8693-478a-90e9-4e939feb5212.jpeg (Caused by NameResolutionError(""<urllib3.connection.HTTPSConnection object at 0x00000232C3C84890>: Failed to resolve 'a0.muscache.com' ([Errno 11001] getaddrinfo failed)""))"
48281109,https://a0.muscache.com/pictures/19c3bcca-b0d0-41a5-a10d-471be63daf73.jpg,failed_timeout_or_error,,,0,0,0,,,"HTTPSConnectionPool(host='a0.muscache.com', port=443): Max retries exceeded with url: /pictures/19c3bcca-b0d0-41a5-a10d-471be63daf73.jpg (Caused by NameResolutionError(""<urllib3.connection.HTTPSConnection object at 0x00000232C3DA76B0>: Failed to resolve 'a0.muscache.com' ([Errno 11001] getaddrinfo failed)""))"
48264488,https://a0.muscache.com/pictures/fef434f3-5829-4977-a052-313e8b17cdc8.jpg,failed_timeout_or_error,,,0,0,0,,,"HTTPSConnectionPool(host='a0.muscache.com', port=443): Max retries exceeded with url: /pictures/fef434f3-5829-4977-a052-313e8b17cdc8.jpg (Caused by NameResolutionError(""<urllib3.connection.HTTPSConnection object at 0x00000232C3D6A030>: Failed to resolve 'a0.muscache.com' ([Errno 11001] getaddrinfo failed)""))"
48015175,https://a0.muscache.com/pictures/76e41d52-e76d-4040-a04b-c7ade28ff64a.jpg,failed_timeout_or_error,,,0,0,0,,,"HTTPSConnectionPool(host='a0.muscache.com', port=443): Max retries exceeded with url: /pictures/76e41d52-e76d-4040-a04b-c7ade28ff64a.jpg (Caused by NameResolutionError(""<urllib3.connection.HTTPSConnection object at 0x00000232C37169C0>: Failed to resolve 'a0.muscache.com' ([Errno 11001] getaddrinfo failed)""))"
48225674,https://a0.muscache.com/pictures/b8bead5b-6c2d-403f-8cf6-174a65505284.jpg,failed_timeout_or_error,,,0,0,0,,,"HTTPSConnectionPool(host='a0.muscache.com', port=443): Max retries exceeded with url: /pictures/b8bead5b-6c2d-403f-8cf6-174a65505284.jpg (Caused by NameResolutionError(""<urllib3.connection.HTTPSConnection object at 0x00000232C3C87C20>: Failed to resolve 'a0.muscache.com' ([Errno 11001] getaddrinfo failed)""))"
48008044,https://a0.muscache.com/pictures/ec636602-6899-4a66-931f-a28ee4268656.jpg,failed_timeout_or_error,,,0,0,0,,,"HTTPSConnectionPool(host='a0.muscache.com', port=443): Max retries exceeded with url: /pictures/ec636602-6899-4a66-931f-a28ee4268656.jpg (Caused by NameResolutionError(""<urllib3.connection.HTTPSConnection object at 0x00000232C3C84980>: Failed to resolve 'a0.muscache.com' ([Errno 11001] getaddrinfo failed)""))"
48547584,https://a0.muscache.com/pictures/prohost-api/Hosting-48547584/original/15c20104-042a-4377-a072-b5debf98a7e6.jpeg,failed_timeout_or_error,,,0,0,0,,,"HTTPSConnectionPool(host='a0.muscache.com', port=443): Max retries exceeded with url: /pictures/prohost-api/Hosting-48547584/original/15c20104-042a-4377-a072-b5debf98a7e6.jpeg (Caused by NameResolutionError(""<urllib3.connection.HTTPSConnection object at 0x00000232C3B197F0>: Failed to resolve 'a0.muscache.com' ([Errno 11001] getaddrinfo failed)""))"
48398336,https://a0.muscache.com/pictures/cd9adc66-347f-419d-8fcf-621cb407fe9c.jpg,failed_timeout_or_error,,,0,0,0,,,"HTTPSConnectionPool(host='a0.muscache.com', port=443): Max retries exceeded with url: /pictures/cd9adc66-347f-419d-8fcf-621cb407fe9c.jpg (Caused by NameResolutionError(""<urllib3.connection.HTTPSConnection object at 0x00000232C3D87950>: Failed to resolve 'a0.muscache.com' ([Errno 11001] getaddrinfo failed)""))"
48334267,https://a0.muscache.com/pictures/prohost-api/Hosting-48334267/original/409b7081-6b58-44cd-9c70-2afc4953ba9c.jpeg,failed_timeout_or_error,,,0,0,0,,,"HTTPSConnectionPool(host='a0.muscache.com', port=443): Max retries exceeded with url: /pictures/prohost-api/Hosting-48334267/original/409b7081-6b58-44cd-9c70-2afc4953ba9c.jpeg (Caused by NameResolutionError(""<urllib3.connection.HTTPSConnection object at 0x00000232C3B1B9B0>: Failed to resolve 'a0.muscache.com' ([Errno 11001] getaddrinfo failed)""))"
47963676,https://a0.muscache.com/pictures/a9983569-94c9-4b68-9006-4544fa33dc42.jpg,failed_timeout_or_error,,,0,0,0,,,"HTTPSConnectionPool(host='a0.muscache.com', port=443): Max retries exceeded with url: /pictures/a9983569-94c9-4b68-9006-4544fa33dc42.jpg (Caused by NameResolutionError(""<urllib3.connection.HTTPSConnection object at 0x00000232C3CB6600>: Failed to resolve 'a0.muscache.com' ([Errno 11001] getaddrinfo failed)""))"
48355314,https://a0.muscache.com/pictures/prohost-api/Hosting-48355314/original/ac48f99a-f70c-4d74-b4cf-36af69856d84.jpeg,failed_timeout_or_error,,,0,0,0,,,"HTTPSConnectionPool(host='a0.muscache.com', port=443): Max retries exceeded with url: /pictures/prohost-api/Hosting-48355314/original/ac48f99a-f70c-4d74-b4cf-36af69856d84.jpeg (Caused by NameResolutionError(""<urllib3.connection.HTTPSConnection object at 0x00000232C3C846B0>: Failed to resolve 'a0.muscache.com' ([Errno 11001] getaddrinfo failed)""))"
48366092,https://a0.muscache.com/pictures/prohost-api/Hosting-48366092/original/531f2808-af4a-462f-9005-6fd5b32c7875.jpeg,failed_timeout_or_error,,,0,0,0,,,"HTTPSConnectionPool(host='a0.muscache.com', port=443): Max retries exceeded with url: /pictures/prohost-api/Hosting-48366092/original/531f2808-af4a-462f-9005-6fd5b32c7875.jpeg (Caused by NameResolutionError(""<urllib3.connection.HTTPSConnection object at 0x00000232C3CB5520>: Failed to resolve 'a0.muscache.com' ([Errno 11001] getaddrinfo failed)""))"
48133895,https://a0.muscache.com/pictures/7b51acf9-7b6e-4861-8ce2-07b2ddd594a4.jpg,failed_timeout_or_error,,,0,0,0,,,"HTTPSConnectionPool(host='a0.muscache.com', port=443): Max retries exceeded with url: /pictures/7b51acf9-7b6e-4861-8ce2-07b2ddd594a4.jpg (Caused by NameResolutionError(""<urllib3.connection.HTTPSConnection object at 0x00000232C3D68B90>: Failed to resolve 'a0.muscache.com' ([Errno 11001] getaddrinfo failed)""))"
47963232,https://a0.muscache.com/pictures/b82307bc-16a3-4866-9a1c-55bd07b4ed93.jpg,failed_timeout_or_error,,,0,0,0,,,"HTTPSConnectionPool(host='a0.muscache.com', port=443): Max retries exceeded with url: /pictures/b82307bc-16a3-4866-9a1c-55bd07b4ed93.jpg (Caused by NameResolutionError(""<urllib3.connection.HTTPSConnection object at 0x00000232C3C84440>: Failed to resolve 'a0.muscache.com' ([Errno 11001] getaddrinfo failed)""))"
48570953,https://a0.muscache.com/pictures/8e0253bb-1830-46ad-b3db-012088111f96.jpg,failed_timeout_or_error,,,0,0,0,,,"HTTPSConnectionPool(host='a0.muscache.com', port=443): Max retries exceeded with url: /pictures/8e0253bb-1830-46ad-b3db-012088111f96.jpg (Caused by NameResolutionError(""<urllib3.connection.HTTPSConnection object at 0x00000232C3BB94F0>: Failed to resolve 'a0.muscache.com' ([Errno 11001] getaddrinfo failed)""))"
48334237,https://a0.muscache.com/pictures/prohost-api/Hosting-48334237/original/75fd50e8-3ff5-4f0a-8f9e-d2f5fe647ce6.jpeg,failed_timeout_or_error,,,0,0,0,,,"HTTPSConnectionPool(host='a0.muscache.com', port=443): Max retries exceeded with url: /pictures/prohost-api/Hosting-48334237/original/75fd50e8-3ff5-4f0a-8f9e-d2f5fe647ce6.jpeg (Caused by NameResolutionError(""<urllib3.connection.HTTPSConnection object at 0x00000232C3CE6390>: Failed to resolve 'a0.muscache.com' ([Errno 11001] getaddrinfo failed)""))"
48671276,https://a0.muscache.com/pictures/2300edf9-016d-41fe-b0a0-7edf0e652241.jpg,failed_timeout_or_error,,,0,0,0,,,"HTTPSConnectionPool(host='a0.muscache.com', port=443): Max retries exceeded with url: /pictures/2300edf9-016d-41fe-b0a0-7edf0e652241.jpg (Caused by NameResolutionError(""<urllib3.connection.HTTPSConnection object at 0x00000232C3DA5F40>: Failed to resolve 'a0.muscache.com' ([Errno 11001] getaddrinfo failed)""))"
48887124,https://a0.muscache.com/pictures/254f0f75-197c-4e56-bfa2-86eb7b03eb7c.jpg,failed_timeout_or_error,,,0,0,0,,,"HTTPSConnectionPool(host='a0.muscache.com', port=443): Max retries exceeded with url: /pictures/254f0f75-197c-4e56-bfa2-86eb7b03eb7c.jpg (Caused by NameResolutionError(""<urllib3.connection.HTTPSConnection object at 0x00000232C3CB4C50>: Failed to resolve 'a0.muscache.com' ([Errno 11001] getaddrinfo failed)""))"
48400501,https://a0.muscache.com/pictures/6de0f772-b6f2-4820-8f72-3fb7b955bbba.jpg,failed_timeout_or_error,,,0,0,0,,,"HTTPSConnectionPool(host='a0.muscache.com', port=443): Max retries exceeded with url: /pictures/6de0f772-b6f2-4820-8f72-3fb7b955bbba.jpg (Caused by NameResolutionError(""<urllib3.connection.HTTPSConnection object at 0x00000232C3D695E0>: Failed to resolve 'a0.muscache.com' ([Errno 11001] getaddrinfo failed)""))"
48623500,https://a0.muscache.com/pictures/miso/Hosting-48623500/original/87f4a47e-f0ad-4b32-be32-cfb67ed9f5d4.jpeg,failed_timeout_or_error,,,0,0,0,,,"HTTPSConnectionPool(host='a0.muscache.com', port=443): Max retries exceeded with url: /pictures/miso/Hosting-48623500/original/87f4a47e-f0ad-4b32-be32-cfb67ed9f5d4.jpeg (Caused by NameResolutionError(""<urllib3.connection.HTTPSConnection object at 0x00000232C3CB68A0>: Failed to resolve 'a0.muscache.com' ([Errno 11001] getaddrinfo failed)""))"
48100107,https://a0.muscache.com/pictures/13fc3f48-a307-4444-b1ca-98f5c9335854.jpg,failed_timeout_or_error,,,0,0,0,,,"HTTPSConnectionPool(host='a0.muscache.com', port=443): Max retries exceeded with url: /pictures/13fc3f48-a307-4444-b1ca-98f5c9335854.jpg (Caused by NameResolutionError(""<urllib3.connection.HTTPSConnection object at 0x00000232C3BBB860>: Failed to resolve 'a0.muscache.com' ([Errno 11001] getaddrinfo failed)""))"
48334195,https://a0.muscache.com/pictures/prohost-api/Hosting-48334195/original/119b4a5d-7ab4-4d35-aa29-0c8920066936.jpeg,failed_timeout_or_error,,,0,0,0,,,"HTTPSConnectionPool(host='a0.muscache.com', port=443): Max retries exceeded with url: /pictures/prohost-api/Hosting-48334195/original/119b4a5d-7ab4-4d35-aa29-0c8920066936.jpeg (Caused by NameResolutionError(""<urllib3.connection.HTTPSConnection object at 0x00000232C3D68D70>: Failed to resolve 'a0.muscache.com' ([Errno 11001] getaddrinfo failed)""))"
48783147,https://a0.muscache.com/pictures/7b3bbd66-3c6f-440c-b5ec-f505b3de68c5.jpg,failed_timeout_or_error,,,0,0,0,,,"HTTPSConnectionPool(host='a0.muscache.com', port=443): Max retries exceeded with url: /pictures/7b3bbd66-3c6f-440c-b5ec-f505b3de68c5.jpg (Caused by NameResolutionError(""<urllib3.connection.HTTPSConnection object at 0x00000232C3BB9E20>: Failed to resolve 'a0.muscache.com' ([Errno 11001] getaddrinfo failed)""))"
47872540,https://a0.muscache.com/pictures/miso/Hosting-47872540/original/ddc0110d-7ce2-4927-8190-4aa08cce3c05.jpeg,failed_timeout_or_error,,,0,0,0,,,"HTTPSConnectionPool(host='a0.muscache.com', port=443): Max retries exceeded with url: /pictures/miso/Hosting-47872540/original/ddc0110d-7ce2-4927-8190-4aa08cce3c05.jpeg (Caused by NameResolutionError(""<urllib3.connection.HTTPSConnection object at 0x00000232C3CB5A90>: Failed to resolve 'a0.muscache.com' ([Errno 11001] getaddrinfo failed)""))"
48413314,https://a0.muscache.com/pictures/7d12bcc5-7199-4de2-952a-03842e8ec56e.jpg,failed_timeout_or_error,,,0,0,0,,,"HTTPSConnectionPool(host='a0.muscache.com', port=443): Max retries exceeded with url: /pictures/7d12bcc5-7199-4de2-952a-03842e8ec56e.jpg (Caused by NameResolutionError(""<urllib3.connection.HTTPSConnection object at 0x00000232C3CE7F20>: Failed to resolve 'a0.muscache.com' ([Errno 11001] getaddrinfo failed)""))"
48672814,https://a0.muscache.com/pictures/prohost-api/Hosting-48672814/original/0f55e4bc-b513-45be-8a01-fb6db04a0d38.jpeg,failed_timeout_or_error,,,0,0,0,,,"HTTPSConnectionPool(host='a0.muscache.com', port=443): Max retries exceeded with url: /pictures/prohost-api/Hosting-48672814/original/0f55e4bc-b513-45be-8a01-fb6db04a0d38.jpeg (Caused by NameResolutionError(""<urllib3.connection.HTTPSConnection object at 0x00000232C3B1B4D0>: Failed to resolve 'a0.muscache.com' ([Errno 11001] getaddrinfo failed)""))"
48334198,https://a0.muscache.com/pictures/prohost-api/Hosting-48334198/original/c8a2f5f3-341f-4146-b77f-e91f9ac29b74.jpeg,failed_timeout_or_error,,,0,0,0,,,"HTTPSConnectionPool(host='a0.muscache.com', port=443): Max retries exceeded with url: /pictures/prohost-api/Hosting-48334198/original/c8a2f5f3-341f-4146-b77f-e91f9ac29b74.jpeg (Caused by NameResolutionError(""<urllib3.connection.HTTPSConnection object at 0x00000232C3CE7590>: Failed to resolve 'a0.muscache.com' ([Errno 11001] getaddrinfo failed)""))"
48349613,https://a0.muscache.com/pictures/212c661e-e3f6-483b-8565-d1a20e894c03.jpg,failed_timeout_or_error,,,0,0,0,,,"HTTPSConnectionPool(host='a0.muscache.com', port=443): Max retries exceeded with url: /pictures/212c661e-e3f6-483b-8565-d1a20e894c03.jpg (Caused by NameResolutionError(""<urllib3.connection.HTTPSConnection object at 0x00000232C3BBA8A0>: Failed to resolve 'a0.muscache.com' ([Errno 11001] getaddrinfo failed)""))"
48639122,https://a0.muscache.com/pictures/5c89a432-40c6-4198-88ff-303690e50eeb.jpg,failed_timeout_or_error,,,0,0,0,,,"HTTPSConnectionPool(host='a0.muscache.com', port=443): Max retries exceeded with url: /pictures/5c89a432-40c6-4198-88ff-303690e50eeb.jpg (Caused by NameResolutionError(""<urllib3.connection.HTTPSConnection object at 0x00000232C3C867E0>: Failed to resolve 'a0.muscache.com' ([Errno 11001] getaddrinfo failed)""))"
48764233,https://a0.muscache.com/pictures/miso/Hosting-48764233/original/cfd2bd7a-6c39-4f9f-ad65-9fabf977c9a5.jpeg,failed_timeout_or_error,,,0,0,0,,,"HTTPSConnectionPool(host='a0.muscache.com', port=443): Max retries exceeded with url: /pictures/miso/Hosting-48764233/original/cfd2bd7a-6c39-4f9f-ad65-9fabf977c9a5.jpeg (Caused by NameResolutionError(""<urllib3.connection.HTTPSConnection object at 0x00000232C3BBAD20>: Failed to resolve 'a0.muscache.com' ([Errno 11001] getaddrinfo failed)""))"
48484474,https://a0.muscache.com/pictures/prohost-api/Hosting-48484474/original/5144e6c8-719a-41cf-b6af-a09f9a8e74fe.jpeg,failed_timeout_or_error,,,0,0,0,,,"HTTPSConnectionPool(host='a0.muscache.com', port=443): Max retries exceeded with url: /pictures/prohost-api/Hosting-48484474/original/5144e6c8-719a-41cf-b6af-a09f9a8e74fe.jpeg (Caused by NameResolutionError(""<urllib3.connection.HTTPSConnection object at 0x00000232C3AB6F90>: Failed to resolve 'a0.muscache.com' ([Errno 11001] getaddrinfo failed)""))"
48748360,https://a0.muscache.com/pictures/19683c7d-0965-4996-9f0f-b6e01f4d90bf.jpg,failed_timeout_or_error,,,0,0,0,,,"HTTPSConnectionPool(host='a0.muscache.com', port=443): Max retries exceeded with url: /pictures/19683c7d-0965-4996-9f0f-b6e01f4d90bf.jpg (Caused by NameResolutionError(""<urllib3.connection.HTTPSConnection object at 0x00000232C3CE7800>: Failed to resolve 'a0.muscache.com' ([Errno 11001] getaddrinfo failed)""))"
48899545,https://a0.muscache.com/pictures/prohost-api/Hosting-48899545/original/a57ffaf4-970f-40ad-be04-73340c31782f.jpeg,failed_timeout_or_error,,,0,0,0,,,"HTTPSConnectionPool(host='a0.muscache.com', port=443): Max retries exceeded with url: /pictures/prohost-api/Hosting-48899545/original/a57ffaf4-970f-40ad-be04-73340c31782f.jpeg (Caused by NameResolutionError(""<urllib3.connection.HTTPSConnection object at 0x00000232C406A3F0>: Failed to resolve 'a0.muscache.com' ([Errno 11001] getaddrinfo failed)""))"
48657021,https://a0.muscache.com/pictures/prohost-api/Hosting-48657021/original/846f39ee-174e-484b-a990-9149fce0f1cd.jpeg,failed_timeout_or_error,,,0,0,0,,,"HTTPSConnectionPool(host='a0.muscache.com', port=443): Max retries exceeded with url: /pictures/prohost-api/Hosting-48657021/original/846f39ee-174e-484b-a990-9149fce0f1cd.jpeg (Caused by NameResolutionError(""<urllib3.connection.HTTPSConnection object at 0x00000232C3AB57C0>: Failed to resolve 'a0.muscache.com' ([Errno 11001] getaddrinfo failed)""))"
48735115,https://a0.muscache.com/pictures/762b7cf4-955d-4438-9aa1-68f0c7ff07a8.jpg,failed_timeout_or_error,,,0,0,0,,,"HTTPSConnectionPool(host='a0.muscache.com', port=443): Max retries exceeded with url: /pictures/762b7cf4-955d-4438-9aa1-68f0c7ff07a8.jpg (Caused by NameResolutionError(""<urllib3.connection.HTTPSConnection object at 0x00000232C3CA49B0>: Failed to resolve 'a0.muscache.com' ([Errno 11001] getaddrinfo failed)""))"
48974282,https://a0.muscache.com/pictures/miso/Hosting-48974282/original/52a88bd8-5637-4f83-8896-b99e2f05825f.jpeg,failed_timeout_or_error,,,0,0,0,,,"HTTPSConnectionPool(host='a0.muscache.com', port=443): Max retries exceeded with url: /pictures/miso/Hosting-48974282/original/52a88bd8-5637-4f83-8896-b99e2f05825f.jpeg (Caused by NameResolutionError(""<urllib3.connection.HTTPSConnection object at 0x00000232C3C84B60>: Failed to resolve 'a0.muscache.com' ([Errno 11001] getaddrinfo failed)""))"
48639348,https://a0.muscache.com/pictures/1f596142-aff8-47d7-9e97-3729be6cf8a1.jpg,failed_timeout_or_error,,,0,0,0,,,"HTTPSConnectionPool(host='a0.muscache.com', port=443): Max retries exceeded with url: /pictures/1f596142-aff8-47d7-9e97-3729be6cf8a1.jpg (Caused by NameResolutionError(""<urllib3.connection.HTTPSConnection object at 0x00000232C3CE60C0>: Failed to resolve 'a0.muscache.com' ([Errno 11001] getaddrinfo failed)""))"
48672808,https://a0.muscache.com/pictures/prohost-api/Hosting-48672808/original/f94bd149-6f40-4211-8b3a-d703fa10d58f.jpeg,failed_timeout_or_error,,,0,0,0,,,"HTTPSConnectionPool(host='a0.muscache.com', port=443): Max retries exceeded with url: /pictures/prohost-api/Hosting-48672808/original/f94bd149-6f40-4211-8b3a-d703fa10d58f.jpeg (Caused by NameResolutionError(""<urllib3.connection.HTTPSConnection object at 0x00000232C3B19F10>: Failed to resolve 'a0.muscache.com' ([Errno 11001] getaddrinfo failed)""))"
48707829,https://a0.muscache.com/pictures/febe527f-287f-4cb4-af5c-aef38ab476b3.jpg,failed_timeout_or_error,,,0,0,0,,,"HTTPSConnectionPool(host='a0.muscache.com', port=443): Max retries exceeded with url: /pictures/febe527f-287f-4cb4-af5c-aef38ab476b3.jpg (Caused by NameResolutionError(""<urllib3.connection.HTTPSConnection object at 0x00000232C3BB9F10>: Failed to resolve 'a0.muscache.com' ([Errno 11001] getaddrinfo failed)""))"
48672812,https://a0.muscache.com/pictures/prohost-api/Hosting-48672812/original/73d7c7e8-94b0-43d2-bf46-783c5d1e133c.jpeg,failed_timeout_or_error,,,0,0,0,,,"HTTPSConnectionPool(host='a0.muscache.com', port=443): Max retries exceeded with url: /pictures/prohost-api/Hosting-48672812/original/73d7c7e8-94b0-43d2-bf46-783c5d1e133c.jpeg (Caused by NameResolutionError(""<urllib3.connection.HTTPSConnection object at 0x00000232C3AB6B70>: Failed to resolve 'a0.muscache.com' ([Errno 11001] getaddrinfo failed)""))"
49152916,https://a0.muscache.com/pictures/prohost-api/Hosting-49152916/original/af9828ab-6be7-49c7-b477-7e8ad8a14cb5.jpeg,failed_timeout_or_error,,,0,0,0,,,"HTTPSConnectionPool(host='a0.muscache.com', port=443): Max retries exceeded with url: /pictures/prohost-api/Hosting-49152916/original/af9828ab-6be7-49c7-b477-7e8ad8a14cb5.jpeg (Caused by NameResolutionError(""<urllib3.connection.HTTPSConnection object at 0x00000232C4068950>: Failed to resolve 'a0.muscache.com' ([Errno 11001] getaddrinfo failed)""))"
48789773,https://a0.muscache.com/pictures/8ec0bef9-7e90-4713-981c-366467820160.jpg,failed_timeout_or_error,,,0,0,0,,,"HTTPSConnectionPool(host='a0.muscache.com', port=443): Max retries exceeded with url: /pictures/8ec0bef9-7e90-4713-981c-366467820160.jpg (Caused by NameResolutionError(""<urllib3.connection.HTTPSConnection object at 0x00000232C406B1D0>: Failed to resolve 'a0.muscache.com' ([Errno 11001] getaddrinfo failed)""))"
49361421,https://a0.muscache.com/pictures/miso/Hosting-49361421/original/5f7222b9-7f3d-400b-8818-30403b476c6b.jpeg,failed_timeout_or_error,,,0,0,0,,,"HTTPSConnectionPool(host='a0.muscache.com', port=443): Max retries exceeded with url: /pictures/miso/Hosting-49361421/original/5f7222b9-7f3d-400b-8818-30403b476c6b.jpeg (Caused by NameResolutionError(""<urllib3.connection.HTTPSConnection object at 0x00000232C3CE63F0>: Failed to resolve 'a0.muscache.com' ([Errno 11001] getaddrinfo failed)""))"
48699580,https://a0.muscache.com/pictures/95332d14-eaad-4db2-adae-a4bdc40113f4.jpg,failed_timeout_or_error,,,0,0,0,,,"HTTPSConnectionPool(host='a0.muscache.com', port=443): Max retries exceeded with url: /pictures/95332d14-eaad-4db2-adae-a4bdc40113f4.jpg (Caused by NameResolutionError(""<urllib3.connection.HTTPSConnection object at 0x00000232C3C0AA20>: Failed to resolve 'a0.muscache.com' ([Errno 11001] getaddrinfo failed)""))"
49086595,https://a0.muscache.com/pictures/c38f8d70-aea4-455f-8325-9e8ce8ebf8a7.jpg,failed_timeout_or_error,,,0,0,0,,,"HTTPSConnectionPool(host='a0.muscache.com', port=443): Max retries exceeded with url: /pictures/c38f8d70-aea4-455f-8325-9e8ce8ebf8a7.jpg (Caused by NameResolutionError(""<urllib3.connection.HTTPSConnection object at 0x00000232C3DA56D0>: Failed to resolve 'a0.muscache.com' ([Errno 11001] getaddrinfo failed)""))"
48661410,https://a0.muscache.com/pictures/0c30f197-9531-4ac3-8ccc-1d0308046f5d.jpg,failed_timeout_or_error,,,0,0,0,,,"HTTPSConnectionPool(host='a0.muscache.com', port=443): Max retries exceeded with url: /pictures/0c30f197-9531-4ac3-8ccc-1d0308046f5d.jpg (Caused by NameResolutionError(""<urllib3.connection.HTTPSConnection object at 0x00000232C3AB6B70>: Failed to resolve 'a0.muscache.com' ([Errno 11001] getaddrinfo failed)""))"
48900848,https://a0.muscache.com/pictures/ceb531c0-57be-4615-9a94-f348ba0fae10.jpg,failed_timeout_or_error,,,0,0,0,,,"HTTPSConnectionPool(host='a0.muscache.com', port=443): Max retries exceeded with url: /pictures/ceb531c0-57be-4615-9a94-f348ba0fae10.jpg (Caused by NameResolutionError(""<urllib3.connection.HTTPSConnection object at 0x00000232C3DA75C0>: Failed to resolve 'a0.muscache.com' ([Errno 11001] getaddrinfo failed)""))"
49037064,https://a0.muscache.com/pictures/miso/Hosting-49037064/original/65ccb0a1-55d9-45b9-adf4-a36e882871fb.jpeg,failed_timeout_or_error,,,0,0,0,,,"HTTPSConnectionPool(host='a0.muscache.com', port=443): Max retries exceeded with url: /pictures/miso/Hosting-49037064/original/65ccb0a1-55d9-45b9-adf4-a36e882871fb.jpeg (Caused by NameResolutionError(""<urllib3.connection.HTTPSConnection object at 0x00000232C406AB70>: Failed to resolve 'a0.muscache.com' ([Errno 11001] getaddrinfo failed)""))"
49198441,https://a0.muscache.com/pictures/miso/Hosting-49198441/original/5597e61a-06b8-408a-bade-c333be04ccd4.jpeg,failed_timeout_or_error,,,0,0,0,,,"HTTPSConnectionPool(host='a0.muscache.com', port=443): Max retries exceeded with url: /pictures/miso/Hosting-49198441/original/5597e61a-06b8-408a-bade-c333be04ccd4.jpeg (Caused by NameResolutionError(""<urllib3.connection.HTTPSConnection object at 0x00000232C406B590>: Failed to resolve 'a0.muscache.com' ([Errno 11001] getaddrinfo failed)""))"
48731200,https://a0.muscache.com/pictures/d7a5d0e3-52bd-4ed8-a6fe-6a699c084dff.jpg,failed_timeout_or_error,,,0,0,0,,,"HTTPSConnectionPool(host='a0.muscache.com', port=443): Max retries exceeded with url: /pictures/d7a5d0e3-52bd-4ed8-a6fe-6a699c084dff.jpg (Caused by NameResolutionError(""<urllib3.connection.HTTPSConnection object at 0x00000232C406B3B0>: Failed to resolve 'a0.muscache.com' ([Errno 11001] getaddrinfo failed)""))"
49291580,https://a0.muscache.com/pictures/miso/Hosting-49291580/original/b6921427-beee-452f-9a4f-723c83481d7e.jpeg,failed_timeout_or_error,,,0,0,0,,,"HTTPSConnectionPool(host='a0.muscache.com', port=443): Max retries exceeded with url: /pictures/miso/Hosting-49291580/original/b6921427-beee-452f-9a4f-723c83481d7e.jpeg (Caused by NameResolutionError(""<urllib3.connection.HTTPSConnection object at 0x00000232C406B860>: Failed to resolve 'a0.muscache.com' ([Errno 11001] getaddrinfo failed)""))"
49232318,https://a0.muscache.com/pictures/8e775253-ea00-4d88-ad6a-d8a421ceb97a.jpg,failed_timeout_or_error,,,0,0,0,,,"HTTPSConnectionPool(host='a0.muscache.com', port=443): Max retries exceeded with url: /pictures/8e775253-ea00-4d88-ad6a-d8a421ceb97a.jpg (Caused by NameResolutionError(""<urllib3.connection.HTTPSConnection object at 0x00000232C406A090>: Failed to resolve 'a0.muscache.com' ([Errno 11001] getaddrinfo failed)""))"
48971919,https://a0.muscache.com/pictures/miso/Hosting-48971919/original/f8afaedf-6dab-4a79-94b9-7ba2f373d6c5.jpeg,failed_timeout_or_error,,,0,0,0,,,"HTTPSConnectionPool(host='a0.muscache.com', port=443): Max retries exceeded with url: /pictures/miso/Hosting-48971919/original/f8afaedf-6dab-4a79-94b9-7ba2f373d6c5.jpeg (Caused by NameResolutionError(""<urllib3.connection.HTTPSConnection object at 0x00000232C406A1E0>: Failed to resolve 'a0.muscache.com' ([Errno 11001] getaddrinfo failed)""))"
48903100,https://a0.muscache.com/pictures/7504e01d-7585-4554-bd4a-bf0ef6837fb1.jpg,failed_timeout_or_error,,,0,0,0,,,"HTTPSConnectionPool(host='a0.muscache.com', port=443): Max retries exceeded with url: /pictures/7504e01d-7585-4554-bd4a-bf0ef6837fb1.jpg (Caused by NameResolutionError(""<urllib3.connection.HTTPSConnection object at 0x00000232C3B1B2C0>: Failed to resolve 'a0.muscache.com' ([Errno 11001] getaddrinfo failed)""))"
49544765,https://a0.muscache.com/pictures/miso/Hosting-49544765/original/65ce0111-f295-4d70-af05-7cd0ec461749.jpeg,failed_timeout_or_error,,,0,0,0,,,"HTTPSConnectionPool(host='a0.muscache.com', port=443): Max retries exceeded with url: /pictures/miso/Hosting-49544765/original/65ce0111-f295-4d70-af05-7cd0ec461749.jpeg (Caused by NameResolutionError(""<urllib3.connection.HTTPSConnection object at 0x00000232C40FB6E0>: Failed to resolve 'a0.muscache.com' ([Errno 11001] getaddrinfo failed)""))"
48974582,https://a0.muscache.com/pictures/1e4e9375-6ee0-4150-8b2b-cc43a2c7e178.jpg,failed_timeout_or_error,,,0,0,0,,,"HTTPSConnectionPool(host='a0.muscache.com', port=443): Max retries exceeded with url: /pictures/1e4e9375-6ee0-4150-8b2b-cc43a2c7e178.jpg (Caused by NameResolutionError(""<urllib3.connection.HTTPSConnection object at 0x00000232C40FB3E0>: Failed to resolve 'a0.muscache.com' ([Errno 11001] getaddrinfo failed)""))"
49270741,https://a0.muscache.com/pictures/a3525d35-d0d8-4fdc-91e8-44ec9d65b87c.jpg,failed_timeout_or_error,,,0,0,0,,,"HTTPSConnectionPool(host='a0.muscache.com', port=443): Max retries exceeded with url: /pictures/a3525d35-d0d8-4fdc-91e8-44ec9d65b87c.jpg (Caused by NameResolutionError(""<urllib3.connection.HTTPSConnection object at 0x00000232C4068C20>: Failed to resolve 'a0.muscache.com' ([Errno 11001] getaddrinfo failed)""))"
49635615,https://a0.muscache.com/pictures/062d610c-dc23-4acb-9128-95587de04922.jpg,failed_timeout_or_error,,,0,0,0,,,"HTTPSConnectionPool(host='a0.muscache.com', port=443): Max retries exceeded with url: /pictures/062d610c-dc23-4acb-9128-95587de04922.jpg (Caused by NameResolutionError(""<urllib3.connection.HTTPSConnection object at 0x00000232C40FABD0>: Failed to resolve 'a0.muscache.com' ([Errno 11001] getaddrinfo failed)""))"
49484290,https://a0.muscache.com/pictures/miso/Hosting-49484290/original/405e5047-2d44-4167-b224-212202d0217d.jpeg,failed_timeout_or_error,,,0,0,0,,,"HTTPSConnectionPool(host='a0.muscache.com', port=443): Max retries exceeded with url: /pictures/miso/Hosting-49484290/original/405e5047-2d44-4167-b224-212202d0217d.jpeg (Caused by NameResolutionError(""<urllib3.connection.HTTPSConnection object at 0x00000232C3AB6EA0>: Failed to resolve 'a0.muscache.com' ([Errno 11001] getaddrinfo failed)""))"
49443439,https://a0.muscache.com/pictures/miso/Hosting-49443439/original/efe842ce-9ca9-4ace-ae61-07a3814c99ef.jpeg,failed_timeout_or_error,,,0,0,0,,,"HTTPSConnectionPool(host='a0.muscache.com', port=443): Max retries exceeded with url: /pictures/miso/Hosting-49443439/original/efe842ce-9ca9-4ace-ae61-07a3814c99ef.jpeg (Caused by NameResolutionError(""<urllib3.connection.HTTPSConnection object at 0x00000232C40FA930>: Failed to resolve 'a0.muscache.com' ([Errno 11001] getaddrinfo failed)""))"
49660095,https://a0.muscache.com/pictures/599a8766-998d-40f7-bd25-fc6ce5b3793b.jpg,failed_timeout_or_error,,,0,0,0,,,"HTTPSConnectionPool(host='a0.muscache.com', port=443): Max retries exceeded with url: /pictures/599a8766-998d-40f7-bd25-fc6ce5b3793b.jpg (Caused by NameResolutionError(""<urllib3.connection.HTTPSConnection object at 0x00000232C3B1B9B0>: Failed to resolve 'a0.muscache.com' ([Errno 11001] getaddrinfo failed)""))"
49988121,https://a0.muscache.com/pictures/miso/Hosting-49988121/original/aea79400-428f-4e04-b0e7-f3edcc46b53b.jpeg,failed_timeout_or_error,,,0,0,0,,,"HTTPSConnectionPool(host='a0.muscache.com', port=443): Max retries exceeded with url: /pictures/miso/Hosting-49988121/original/aea79400-428f-4e04-b0e7-f3edcc46b53b.jpeg (Caused by NameResolutionError(""<urllib3.connection.HTTPSConnection object at 0x00000232C40F9760>: Failed to resolve 'a0.muscache.com' ([Errno 11001] getaddrinfo failed)""))"
49463884,https://a0.muscache.com/pictures/f6e82478-9f0b-4a94-b676-81219cb88c8c.jpg,failed_timeout_or_error,,,0,0,0,,,"HTTPSConnectionPool(host='a0.muscache.com', port=443): Max retries exceeded with url: /pictures/f6e82478-9f0b-4a94-b676-81219cb88c8c.jpg (Caused by NameResolutionError(""<urllib3.connection.HTTPSConnection object at 0x00000232C406AF30>: Failed to resolve 'a0.muscache.com' ([Errno 11001] getaddrinfo failed)""))"
49729529,https://a0.muscache.com/pictures/989e376c-d769-4469-a89e-b9b9c6c4d54c.jpg,failed_timeout_or_error,,,0,0,0,,,"HTTPSConnectionPool(host='a0.muscache.com', port=443): Max retries exceeded with url: /pictures/989e376c-d769-4469-a89e-b9b9c6c4d54c.jpg (Caused by NameResolutionError(""<urllib3.connection.HTTPSConnection object at 0x00000232C3AB7A70>: Failed to resolve 'a0.muscache.com' ([Errno 11001] getaddrinfo failed)""))"
49635989,https://a0.muscache.com/pictures/add23ea7-debb-4ecc-a58c-11036deb2c6c.jpg,failed_timeout_or_error,,,0,0,0,,,"HTTPSConnectionPool(host='a0.muscache.com', port=443): Max retries exceeded with url: /pictures/add23ea7-debb-4ecc-a58c-11036deb2c6c.jpg (Caused by NameResolutionError(""<urllib3.connection.HTTPSConnection object at 0x00000232C40FA7B0>: Failed to resolve 'a0.muscache.com' ([Errno 11001] getaddrinfo failed)""))"
49467252,https://a0.muscache.com/pictures/miso/Hosting-49467252/original/8d876395-d8ac-47cb-8f9d-c6d2ab0c4f69.jpeg,failed_timeout_or_error,,,0,0,0,,,"HTTPSConnectionPool(host='a0.muscache.com', port=443): Max retries exceeded with url: /pictures/miso/Hosting-49467252/original/8d876395-d8ac-47cb-8f9d-c6d2ab0c4f69.jpeg (Caused by NameResolutionError(""<urllib3.connection.HTTPSConnection object at 0x00000232C406AE40>: Failed to resolve 'a0.muscache.com' ([Errno 11001] getaddrinfo failed)""))"
49987126,https://a0.muscache.com/pictures/ba9d386a-63f0-4877-96f4-a14f5accaef7.jpg,failed_timeout_or_error,,,0,0,0,,,"HTTPSConnectionPool(host='a0.muscache.com', port=443): Max retries exceeded with url: /pictures/ba9d386a-63f0-4877-96f4-a14f5accaef7.jpg (Caused by NameResolutionError(""<urllib3.connection.HTTPSConnection object at 0x00000232C3C0A750>: Failed to resolve 'a0.muscache.com' ([Errno 11001] getaddrinfo failed)""))"
49674862,https://a0.muscache.com/pictures/miso/Hosting-49674862/original/9cc0d3ec-0551-4296-b921-ea72112a69af.jpeg,failed_timeout_or_error,,,0,0,0,,,"HTTPSConnectionPool(host='a0.muscache.com', port=443): Max retries exceeded with url: /pictures/miso/Hosting-49674862/original/9cc0d3ec-0551-4296-b921-ea72112a69af.jpeg (Caused by NameResolutionError(""<urllib3.connection.HTTPSConnection object at 0x00000232C3DA2C30>: Failed to resolve 'a0.muscache.com' ([Errno 11001] getaddrinfo failed)""))"
49713009,https://a0.muscache.com/pictures/miso/Hosting-49713009/original/e1da5aae-fd8a-4ac8-9d7b-156d0d122425.jpeg,failed_timeout_or_error,,,0,0,0,,,"HTTPSConnectionPool(host='a0.muscache.com', port=443): Max retries exceeded with url: /pictures/miso/Hosting-49713009/original/e1da5aae-fd8a-4ac8-9d7b-156d0d122425.jpeg (Caused by NameResolutionError(""<urllib3.connection.HTTPSConnection object at 0x00000232C40FA090>: Failed to resolve 'a0.muscache.com' ([Errno 11001] getaddrinfo failed)""))"
49669522,https://a0.muscache.com/pictures/miso/Hosting-49669522/original/eb0aed1c-e1b8-4b26-b43c-c013caa7bf59.jpeg,failed_timeout_or_error,,,0,0,0,,,"HTTPSConnectionPool(host='a0.muscache.com', port=443): Max retries exceeded with url: /pictures/miso/Hosting-49669522/original/eb0aed1c-e1b8-4b26-b43c-c013caa7bf59.jpeg (Caused by NameResolutionError(""<urllib3.connection.HTTPSConnection object at 0x00000232C4068B60>: Failed to resolve 'a0.muscache.com' ([Errno 11001] getaddrinfo failed)""))"
49589050,https://a0.muscache.com/pictures/miso/Hosting-49589050/original/70c78638-bea6-43c3-bd58-e7010fda5515.jpeg,failed_timeout_or_error,,,0,0,0,,,"HTTPSConnectionPool(host='a0.muscache.com', port=443): Max retries exceeded with url: /pictures/miso/Hosting-49589050/original/70c78638-bea6-43c3-bd58-e7010fda5515.jpeg (Caused by NameResolutionError(""<urllib3.connection.HTTPSConnection object at 0x00000232C3C84440>: Failed to resolve 'a0.muscache.com' ([Errno 11001] getaddrinfo failed)""))"
49687904,https://a0.muscache.com/pictures/miso/Hosting-49687904/original/81eaf734-f551-4c78-8ff3-4066c081b9cd.jpeg,failed_timeout_or_error,,,0,0,0,,,"HTTPSConnectionPool(host='a0.muscache.com', port=443): Max retries exceeded with url: /pictures/miso/Hosting-49687904/original/81eaf734-f551-4c78-8ff3-4066c081b9cd.jpeg (Caused by NameResolutionError(""<urllib3.connection.HTTPSConnection object at 0x00000232C3DA3E30>: Failed to resolve 'a0.muscache.com' ([Errno 11001] getaddrinfo failed)""))"
49690346,https://a0.muscache.com/pictures/dd1e2c51-1c83-4f1f-aa04-17098b8936c1.jpg,failed_timeout_or_error,,,0,0,0,,,"HTTPSConnectionPool(host='a0.muscache.com', port=443): Max retries exceeded with url: /pictures/dd1e2c51-1c83-4f1f-aa04-17098b8936c1.jpg (Caused by NameResolutionError(""<urllib3.connection.HTTPSConnection object at 0x00000232C3C0AAE0>: Failed to resolve 'a0.muscache.com' ([Errno 11001] getaddrinfo failed)""))"
49790599,https://a0.muscache.com/pictures/dcf85cfa-4a47-445b-ac70-468b5e299ab3.jpg,failed_timeout_or_error,,,0,0,0,,,"HTTPSConnectionPool(host='a0.muscache.com', port=443): Max retries exceeded with url: /pictures/dcf85cfa-4a47-445b-ac70-468b5e299ab3.jpg (Caused by NameResolutionError(""<urllib3.connection.HTTPSConnection object at 0x00000232C3D85400>: Failed to resolve 'a0.muscache.com' ([Errno 11001] getaddrinfo failed)""))"
49919136,https://a0.muscache.com/pictures/04529c87-c4f2-48a7-a6bb-9cd4a0630c19.jpg,failed_timeout_or_error,,,0,0,0,,,"HTTPSConnectionPool(host='a0.muscache.com', port=443): Max retries exceeded with url: /pictures/04529c87-c4f2-48a7-a6bb-9cd4a0630c19.jpg (Caused by NameResolutionError(""<urllib3.connection.HTTPSConnection object at 0x00000232C3C09C10>: Failed to resolve 'a0.muscache.com' ([Errno 11001] getaddrinfo failed)""))"
50196441,https://a0.muscache.com/pictures/prohost-api/Hosting-50196441/original/b0834b8e-33e4-409f-aced-3ef084ac21ed.jpeg,failed_timeout_or_error,,,0,0,0,,,"HTTPSConnectionPool(host='a0.muscache.com', port=443): Max retries exceeded with url: /pictures/prohost-api/Hosting-50196441/original/b0834b8e-33e4-409f-aced-3ef084ac21ed.jpeg (Caused by NameResolutionError(""<urllib3.connection.HTTPSConnection object at 0x00000232C3D6A0F0>: Failed to resolve 'a0.muscache.com' ([Errno 11001] getaddrinfo failed)""))"
49761321,https://a0.muscache.com/pictures/ddfbe07d-dfdc-4586-8e63-079a98789704.jpg,failed_timeout_or_error,,,0,0,0,,,"HTTPSConnectionPool(host='a0.muscache.com', port=443): Max retries exceeded with url: /pictures/ddfbe07d-dfdc-4586-8e63-079a98789704.jpg (Caused by NameResolutionError(""<urllib3.connection.HTTPSConnection object at 0x00000232C3D85100>: Failed to resolve 'a0.muscache.com' ([Errno 11001] getaddrinfo failed)""))"
50111754,https://a0.muscache.com/pictures/miso/Hosting-50111754/original/5b9977a6-4b1a-4988-bed5-d1866c113ed5.jpeg,failed_timeout_or_error,,,0,0,0,,,"HTTPSConnectionPool(host='a0.muscache.com', port=443): Max retries exceeded with url: /pictures/miso/Hosting-50111754/original/5b9977a6-4b1a-4988-bed5-d1866c113ed5.jpeg (Caused by NameResolutionError(""<urllib3.connection.HTTPSConnection object at 0x00000232C3D68C80>: Failed to resolve 'a0.muscache.com' ([Errno 11001] getaddrinfo failed)""))"
48933619,https://a0.muscache.com/pictures/d60eb63f-3472-42fe-b597-9917f9c9643b.jpg,failed_timeout_or_error,,,0,0,0,,,"HTTPSConnectionPool(host='a0.muscache.com', port=443): Max retries exceeded with url: /pictures/d60eb63f-3472-42fe-b597-9917f9c9643b.jpg (Caused by NameResolutionError(""<urllib3.connection.HTTPSConnection object at 0x00000232C3D6B4D0>: Failed to resolve 'a0.muscache.com' ([Errno 11001] getaddrinfo failed)""))"
49686300,https://a0.muscache.com/pictures/285f1825-912b-4685-b1e0-27b97463c44e.jpg,failed_timeout_or_error,,,0,0,0,,,"HTTPSConnectionPool(host='a0.muscache.com', port=443): Max retries exceeded with url: /pictures/285f1825-912b-4685-b1e0-27b97463c44e.jpg (Caused by NameResolutionError(""<urllib3.connection.HTTPSConnection object at 0x00000232C3D697C0>: Failed to resolve 'a0.muscache.com' ([Errno 11001] getaddrinfo failed)""))"
49988605,https://a0.muscache.com/pictures/c136bb0c-b2d4-4caf-bd6b-224732d02cbd.jpg,failed_timeout_or_error,,,0,0,0,,,"HTTPSConnectionPool(host='a0.muscache.com', port=443): Max retries exceeded with url: /pictures/c136bb0c-b2d4-4caf-bd6b-224732d02cbd.jpg (Caused by NameResolutionError(""<urllib3.connection.HTTPSConnection object at 0x00000232C3BB8F20>: Failed to resolve 'a0.muscache.com' ([Errno 11001] getaddrinfo failed)""))"
50232242,https://a0.muscache.com/pictures/prohost-api/Hosting-50232242/original/52a073a0-cd9c-4f47-b6c7-3687ae0fa3fc.jpeg,failed_timeout_or_error,,,0,0,0,,,"HTTPSConnectionPool(host='a0.muscache.com', port=443): Max retries exceeded with url: /pictures/prohost-api/Hosting-50232242/original/52a073a0-cd9c-4f47-b6c7-3687ae0fa3fc.jpeg (Caused by NameResolutionError(""<urllib3.connection.HTTPSConnection object at 0x00000232C3CE6870>: Failed to resolve 'a0.muscache.com' ([Errno 11001] getaddrinfo failed)""))"
50179678,https://a0.muscache.com/pictures/miso/Hosting-50179678/original/73990ae4-859a-461a-b4b6-7f858484e9cc.jpeg,failed_timeout_or_error,,,0,0,0,,,"HTTPSConnectionPool(host='a0.muscache.com', port=443): Max retries exceeded with url: /pictures/miso/Hosting-50179678/original/73990ae4-859a-461a-b4b6-7f858484e9cc.jpeg (Caused by NameResolutionError(""<urllib3.connection.HTTPSConnection object at 0x00000232C3CAF200>: Failed to resolve 'a0.muscache.com' ([Errno 11001] getaddrinfo failed)""))"
50191232,https://a0.muscache.com/pictures/prohost-api/Hosting-50191232/original/fb6a8526-7967-4ceb-8d67-2e3723f4390f.jpeg,failed_timeout_or_error,,,0,0,0,,,"HTTPSConnectionPool(host='a0.muscache.com', port=443): Max retries exceeded with url: /pictures/prohost-api/Hosting-50191232/original/fb6a8526-7967-4ceb-8d67-2e3723f4390f.jpeg (Caused by NameResolutionError(""<urllib3.connection.HTTPSConnection object at 0x00000232C3D68E60>: Failed to resolve 'a0.muscache.com' ([Errno 11001] getaddrinfo failed)""))"
50033430,https://a0.muscache.com/pictures/prohost-api/Hosting-50033430/original/f5498f84-8b4e-44ff-8b55-e2b11cbec32e.jpeg,failed_timeout_or_error,,,0,0,0,,,"HTTPSConnectionPool(host='a0.muscache.com', port=443): Max retries exceeded with url: /pictures/prohost-api/Hosting-50033430/original/f5498f84-8b4e-44ff-8b55-e2b11cbec32e.jpeg (Caused by NameResolutionError(""<urllib3.connection.HTTPSConnection object at 0x00000232C3D87E00>: Failed to resolve 'a0.muscache.com' ([Errno 11001] getaddrinfo failed)""))"
50112529,https://a0.muscache.com/pictures/ca6c9d29-c379-4c1f-a9a0-83f431e42330.jpg,failed_timeout_or_error,,,0,0,0,,,"HTTPSConnectionPool(host='a0.muscache.com', port=443): Max retries exceeded with url: /pictures/ca6c9d29-c379-4c1f-a9a0-83f431e42330.jpg (Caused by NameResolutionError(""<urllib3.connection.HTTPSConnection object at 0x00000232C3CE4E60>: Failed to resolve 'a0.muscache.com' ([Errno 11001] getaddrinfo failed)""))"
50248402,https://a0.muscache.com/pictures/miso/Hosting-50248402/original/202d82ff-fe76-4ddb-b189-4366c11f73b7.jpeg,failed_timeout_or_error,,,0,0,0,,,"HTTPSConnectionPool(host='a0.muscache.com', port=443): Max retries exceeded with url: /pictures/miso/Hosting-50248402/original/202d82ff-fe76-4ddb-b189-4366c11f73b7.jpeg (Caused by NameResolutionError(""<urllib3.connection.HTTPSConnection object at 0x00000232C3BB8F20>: Failed to resolve 'a0.muscache.com' ([Errno 11001] getaddrinfo failed)""))"
49640482,https://a0.muscache.com/pictures/prohost-api/Hosting-49640482/original/f822a560-73dd-401b-a370-aab9051c3710.jpeg,failed_timeout_or_error,,,0,0,0,,,"HTTPSConnectionPool(host='a0.muscache.com', port=443): Max retries exceeded with url: /pictures/prohost-api/Hosting-49640482/original/f822a560-73dd-401b-a370-aab9051c3710.jpeg (Caused by NameResolutionError(""<urllib3.connection.HTTPSConnection object at 0x00000232C3D84D40>: Failed to resolve 'a0.muscache.com' ([Errno 11001] getaddrinfo failed)""))"
50378910,https://a0.muscache.com/pictures/prohost-api/Hosting-50378910/original/57efc171-78e1-4007-a92a-f20da6e7c6b0.jpeg,failed_timeout_or_error,,,0,0,0,,,"HTTPSConnectionPool(host='a0.muscache.com', port=443): Max retries exceeded with url: /pictures/prohost-api/Hosting-50378910/original/57efc171-78e1-4007-a92a-f20da6e7c6b0.jpeg (Caused by NameResolutionError(""<urllib3.connection.HTTPSConnection object at 0x00000232C3CE65D0>: Failed to resolve 'a0.muscache.com' ([Errno 11001] getaddrinfo failed)""))"
50241204,https://a0.muscache.com/pictures/952854c7-fb1f-4e09-89d5-e7e0f206e4dd.jpg,failed_timeout_or_error,,,0,0,0,,,"HTTPSConnectionPool(host='a0.muscache.com', port=443): Max retries exceeded with url: /pictures/952854c7-fb1f-4e09-89d5-e7e0f206e4dd.jpg (Caused by NameResolutionError(""<urllib3.connection.HTTPSConnection object at 0x00000232C3CA49B0>: Failed to resolve 'a0.muscache.com' ([Errno 11001] getaddrinfo failed)""))"
50323786,https://a0.muscache.com/pictures/miso/Hosting-50323786/original/d39b8c58-23ac-46e5-b846-9d925b6dd286.png,failed_timeout_or_error,,,0,0,0,,,"HTTPSConnectionPool(host='a0.muscache.com', port=443): Max retries exceeded with url: /pictures/miso/Hosting-50323786/original/d39b8c58-23ac-46e5-b846-9d925b6dd286.png (Caused by NameResolutionError(""<urllib3.connection.HTTPSConnection object at 0x00000232C40F9C70>: Failed to resolve 'a0.muscache.com' ([Errno 11001] getaddrinfo failed)""))"
50723495,https://a0.muscache.com/pictures/df5ac5ab-a936-4377-bfbd-74c6818678d2.jpg,failed_timeout_or_error,,,0,0,0,,,"HTTPSConnectionPool(host='a0.muscache.com', port=443): Max retries exceeded with url: /pictures/df5ac5ab-a936-4377-bfbd-74c6818678d2.jpg (Caused by NameResolutionError(""<urllib3.connection.HTTPSConnection object at 0x00000232C3C0A990>: Failed to resolve 'a0.muscache.com' ([Errno 11001] getaddrinfo failed)""))"
50587814,https://a0.muscache.com/pictures/prohost-api/Hosting-50587814/original/596d4403-02fa-4873-bac3-0fdc442913c7.jpeg,failed_timeout_or_error,,,0,0,0,,,"HTTPSConnectionPool(host='a0.muscache.com', port=443): Max retries exceeded with url: /pictures/prohost-api/Hosting-50587814/original/596d4403-02fa-4873-bac3-0fdc442913c7.jpeg (Caused by NameResolutionError(""<urllib3.connection.HTTPSConnection object at 0x00000232C40F8CB0>: Failed to resolve 'a0.muscache.com' ([Errno 11001] getaddrinfo failed)""))"
49757688,https://a0.muscache.com/pictures/58ec88ed-752b-4910-b475-a1df12559056.jpg,failed_timeout_or_error,,,0,0,0,,,"HTTPSConnectionPool(host='a0.muscache.com', port=443): Max retries exceeded with url: /pictures/58ec88ed-752b-4910-b475-a1df12559056.jpg (Caused by NameResolutionError(""<urllib3.connection.HTTPSConnection object at 0x00000232C3D84500>: Failed to resolve 'a0.muscache.com' ([Errno 11001] getaddrinfo failed)""))"
50156368,https://a0.muscache.com/pictures/ac59c0a7-f7c0-4e96-853d-d4c9ea66b6c4.jpg,failed_timeout_or_error,,,0,0,0,,,"HTTPSConnectionPool(host='a0.muscache.com', port=443): Max retries exceeded with url: /pictures/ac59c0a7-f7c0-4e96-853d-d4c9ea66b6c4.jpg (Caused by NameResolutionError(""<urllib3.connection.HTTPSConnection object at 0x00000232C3CA79E0>: Failed to resolve 'a0.muscache.com' ([Errno 11001] getaddrinfo failed)""))"
50420851,https://a0.muscache.com/pictures/22e9f70c-1a53-45e1-bc36-70cdc9f70c22.jpg,failed_timeout_or_error,,,0,0,0,,,"HTTPSConnectionPool(host='a0.muscache.com', port=443): Max retries exceeded with url: /pictures/22e9f70c-1a53-45e1-bc36-70cdc9f70c22.jpg (Caused by NameResolutionError(""<urllib3.connection.HTTPSConnection object at 0x00000232C3CA57C0>: Failed to resolve 'a0.muscache.com' ([Errno 11001] getaddrinfo failed)""))"
50454057,https://a0.muscache.com/pictures/miso/Hosting-50454057/original/74a56012-dedc-4290-8825-6beb6432be03.jpeg,failed_timeout_or_error,,,0,0,0,,,"HTTPSConnectionPool(host='a0.muscache.com', port=443): Max retries exceeded with url: /pictures/miso/Hosting-50454057/original/74a56012-dedc-4290-8825-6beb6432be03.jpeg (Caused by NameResolutionError(""<urllib3.connection.HTTPSConnection object at 0x00000232C3CA6FF0>: Failed to resolve 'a0.muscache.com' ([Errno 11001] getaddrinfo failed)""))"
50289737,https://a0.muscache.com/pictures/miso/Hosting-50289737/original/bec743ad-462e-44dc-82a8-d2970631c443.jpeg,failed_timeout_or_error,,,0,0,0,,,"HTTPSConnectionPool(host='a0.muscache.com', port=443): Max retries exceeded with url: /pictures/miso/Hosting-50289737/original/bec743ad-462e-44dc-82a8-d2970631c443.jpeg (Caused by NameResolutionError(""<urllib3.connection.HTTPSConnection object at 0x00000232C3D69D60>: Failed to resolve 'a0.muscache.com' ([Errno 11001] getaddrinfo failed)""))"
50431419,https://a0.muscache.com/pictures/1bdafbe4-68a3-4220-9ccd-9ff829b157b5.jpg,failed_timeout_or_error,,,0,0,0,,,"HTTPSConnectionPool(host='a0.muscache.com', port=443): Max retries exceeded with url: /pictures/1bdafbe4-68a3-4220-9ccd-9ff829b157b5.jpg (Caused by NameResolutionError(""<urllib3.connection.HTTPSConnection object at 0x00000232C3D872C0>: Failed to resolve 'a0.muscache.com' ([Errno 11001] getaddrinfo failed)""))"
50375999,https://a0.muscache.com/pictures/f9e39f77-a547-4c57-8db2-5fcb9a8db6b3.jpg,failed_timeout_or_error,,,0,0,0,,,"HTTPSConnectionPool(host='a0.muscache.com', port=443): Max retries exceeded with url: /pictures/f9e39f77-a547-4c57-8db2-5fcb9a8db6b3.jpg (Caused by NameResolutionError(""<urllib3.connection.HTTPSConnection object at 0x00000232C3CA61B0>: Failed to resolve 'a0.muscache.com' ([Errno 11001] getaddrinfo failed)""))"
50382189,https://a0.muscache.com/pictures/miso/Hosting-50382189/original/5cd13f79-91b7-4156-ac29-b49733a2ddba.jpeg,failed_timeout_or_error,,,0,0,0,,,"HTTPSConnectionPool(host='a0.muscache.com', port=443): Max retries exceeded with url: /pictures/miso/Hosting-50382189/original/5cd13f79-91b7-4156-ac29-b49733a2ddba.jpeg (Caused by NameResolutionError(""<urllib3.connection.HTTPSConnection object at 0x00000232C3CA7E30>: Failed to resolve 'a0.muscache.com' ([Errno 11001] getaddrinfo failed)""))"
50267877,https://a0.muscache.com/pictures/miso/Hosting-50267877/original/e782aa63-f15c-4131-9852-9237903e4043.jpeg,failed_timeout_or_error,,,0,0,0,,,"HTTPSConnectionPool(host='a0.muscache.com', port=443): Max retries exceeded with url: /pictures/miso/Hosting-50267877/original/e782aa63-f15c-4131-9852-9237903e4043.jpeg (Caused by NameResolutionError(""<urllib3.connection.HTTPSConnection object at 0x00000232C3D68B90>: Failed to resolve 'a0.muscache.com' ([Errno 11001] getaddrinfo failed)""))"
50401815,https://a0.muscache.com/pictures/miso/Hosting-50401815/original/fba758a4-7d92-483a-896e-cba39a13a831.jpeg,failed_timeout_or_error,,,0,0,0,,,"HTTPSConnectionPool(host='a0.muscache.com', port=443): Max retries exceeded with url: /pictures/miso/Hosting-50401815/original/fba758a4-7d92-483a-896e-cba39a13a831.jpeg (Caused by NameResolutionError(""<urllib3.connection.HTTPSConnection object at 0x00000232C391F440>: Failed to resolve 'a0.muscache.com' ([Errno 11001] getaddrinfo failed)""))"
50704896,https://a0.muscache.com/pictures/6f63a6a7-5741-4c18-96d7-0766a79006a2.jpg,failed_timeout_or_error,,,0,0,0,,,"HTTPSConnectionPool(host='a0.muscache.com', port=443): Max retries exceeded with url: /pictures/6f63a6a7-5741-4c18-96d7-0766a79006a2.jpg (Caused by NameResolutionError(""<urllib3.connection.HTTPSConnection object at 0x00000232C3C09B80>: Failed to resolve 'a0.muscache.com' ([Errno 11001] getaddrinfo failed)""))"
50485379,https://a0.muscache.com/pictures/c6859d77-0085-4b6f-a72d-369787e0466a.jpg,failed_timeout_or_error,,,0,0,0,,,"HTTPSConnectionPool(host='a0.muscache.com', port=443): Max retries exceeded with url: /pictures/c6859d77-0085-4b6f-a72d-369787e0466a.jpg (Caused by NameResolutionError(""<urllib3.connection.HTTPSConnection object at 0x00000232C3CA4FE0>: Failed to resolve 'a0.muscache.com' ([Errno 11001] getaddrinfo failed)""))"
50749508,https://a0.muscache.com/pictures/airflow/Hosting-50749508/original/530922bd-a79c-4c10-a5c5-3847c64ff0d1.jpg,failed_timeout_or_error,,,0,0,0,,,"HTTPSConnectionPool(host='a0.muscache.com', port=443): Max retries exceeded with url: /pictures/airflow/Hosting-50749508/original/530922bd-a79c-4c10-a5c5-3847c64ff0d1.jpg (Caused by NameResolutionError(""<urllib3.connection.HTTPSConnection object at 0x00000232C3CA7650>: Failed to resolve 'a0.muscache.com' ([Errno 11001] getaddrinfo failed)""))"
50821632,https://a0.muscache.com/pictures/miso/Hosting-50821632/original/31c45860-dc67-4466-84d7-5edc24cb18e5.jpeg,failed_timeout_or_error,,,0,0,0,,,"HTTPSConnectionPool(host='a0.muscache.com', port=443): Max retries exceeded with url: /pictures/miso/Hosting-50821632/original/31c45860-dc67-4466-84d7-5edc24cb18e5.jpeg (Caused by NameResolutionError(""<urllib3.connection.HTTPSConnection object at 0x00000232C3CE7290>: Failed to resolve 'a0.muscache.com' ([Errno 11001] getaddrinfo failed)""))"
50792460,https://a0.muscache.com/pictures/miso/Hosting-50792460/original/8e999ef4-1335-4134-9dba-41056b2243bf.jpeg,failed_timeout_or_error,,,0,0,0,,,"HTTPSConnectionPool(host='a0.muscache.com', port=443): Max retries exceeded with url: /pictures/miso/Hosting-50792460/original/8e999ef4-1335-4134-9dba-41056b2243bf.jpeg (Caused by NameResolutionError(""<urllib3.connection.HTTPSConnection object at 0x00000232C3C0A870>: Failed to resolve 'a0.muscache.com' ([Errno 11001] getaddrinfo failed)""))"
50378909,https://a0.muscache.com/pictures/prohost-api/Hosting-50378909/original/5c66a5b6-530c-4601-b431-3b42dcde4566.jpeg,failed_timeout_or_error,,,0,0,0,,,"HTTPSConnectionPool(host='a0.muscache.com', port=443): Max retries exceeded with url: /pictures/prohost-api/Hosting-50378909/original/5c66a5b6-530c-4601-b431-3b42dcde4566.jpeg (Caused by NameResolutionError(""<urllib3.connection.HTTPSConnection object at 0x00000232C3BB91F0>: Failed to resolve 'a0.muscache.com' ([Errno 11001] getaddrinfo failed)""))"
50785962,https://a0.muscache.com/pictures/miso/Hosting-50785962/original/c4b30516-8279-492d-955e-6659b17ba593.jpeg,failed_timeout_or_error,,,0,0,0,,,"HTTPSConnectionPool(host='a0.muscache.com', port=443): Max retries exceeded with url: /pictures/miso/Hosting-50785962/original/c4b30516-8279-492d-955e-6659b17ba593.jpeg (Caused by NameResolutionError(""<urllib3.connection.HTTPSConnection object at 0x00000232C3CA7920>: Failed to resolve 'a0.muscache.com' ([Errno 11001] getaddrinfo failed)""))"
50597055,https://a0.muscache.com/pictures/cca887f6-d83f-4dfa-a0a4-863550fd209c.jpg,failed_timeout_or_error,,,0,0,0,,,"HTTPSConnectionPool(host='a0.muscache.com', port=443): Max retries exceeded with url: /pictures/cca887f6-d83f-4dfa-a0a4-863550fd209c.jpg (Caused by NameResolutionError(""<urllib3.connection.HTTPSConnection object at 0x00000232C3B1B7D0>: Failed to resolve 'a0.muscache.com' ([Errno 11001] getaddrinfo failed)""))"
50672066,https://a0.muscache.com/pictures/0ac584d3-4a72-4f1b-b628-24e4be3d5e31.jpg,failed_timeout_or_error,,,0,0,0,,,"HTTPSConnectionPool(host='a0.muscache.com', port=443): Max retries exceeded with url: /pictures/0ac584d3-4a72-4f1b-b628-24e4be3d5e31.jpg (Caused by NameResolutionError(""<urllib3.connection.HTTPSConnection object at 0x00000232C3B19310>: Failed to resolve 'a0.muscache.com' ([Errno 11001] getaddrinfo failed)""))"
51482414,https://a0.muscache.com/pictures/miso/Hosting-51482414/original/78200ef4-f592-4440-a0d0-df54f5072162.jpeg,failed_timeout_or_error,,,0,0,0,,,"HTTPSConnectionPool(host='a0.muscache.com', port=443): Max retries exceeded with url: /pictures/miso/Hosting-51482414/original/78200ef4-f592-4440-a0d0-df54f5072162.jpeg (Caused by NameResolutionError(""<urllib3.connection.HTTPSConnection object at 0x00000232C40FB200>: Failed to resolve 'a0.muscache.com' ([Errno 11001] getaddrinfo failed)""))"
50792341,https://a0.muscache.com/pictures/miso/Hosting-50792341/original/9183920b-49cd-43d4-8bf1-b52cd13dd216.jpeg,failed_timeout_or_error,,,0,0,0,,,"HTTPSConnectionPool(host='a0.muscache.com', port=443): Max retries exceeded with url: /pictures/miso/Hosting-50792341/original/9183920b-49cd-43d4-8bf1-b52cd13dd216.jpeg (Caused by NameResolutionError(""<urllib3.connection.HTTPSConnection object at 0x00000232C40FBC50>: Failed to resolve 'a0.muscache.com' ([Errno 11001] getaddrinfo failed)""))"
51000043,https://a0.muscache.com/pictures/43260235-1a05-428b-bbff-4ac1b01caf1a.jpg,failed_timeout_or_error,,,0,0,0,,,"HTTPSConnectionPool(host='a0.muscache.com', port=443): Max retries exceeded with url: /pictures/43260235-1a05-428b-bbff-4ac1b01caf1a.jpg (Caused by NameResolutionError(""<urllib3.connection.HTTPSConnection object at 0x00000232C3B1AD20>: Failed to resolve 'a0.muscache.com' ([Errno 11001] getaddrinfo failed)""))"
50422282,https://a0.muscache.com/pictures/311a4cae-d61b-4ece-aa7d-2f9b202f3145.jpg,failed_timeout_or_error,,,0,0,0,,,"HTTPSConnectionPool(host='a0.muscache.com', port=443): Max retries exceeded with url: /pictures/311a4cae-d61b-4ece-aa7d-2f9b202f3145.jpg (Caused by NameResolutionError(""<urllib3.connection.HTTPSConnection object at 0x00000232C3D6BC50>: Failed to resolve 'a0.muscache.com' ([Errno 11001] getaddrinfo failed)""))"
51065737,https://a0.muscache.com/pictures/d802adcf-753e-49b7-91ef-d48ce6753228.jpg,failed_timeout_or_error,,,0,0,0,,,"HTTPSConnectionPool(host='a0.muscache.com', port=443): Max retries exceeded with url: /pictures/d802adcf-753e-49b7-91ef-d48ce6753228.jpg (Caused by NameResolutionError(""<urllib3.connection.HTTPSConnection object at 0x00000232C3D84C50>: Failed to resolve 'a0.muscache.com' ([Errno 11001] getaddrinfo failed)""))"
51517166,https://a0.muscache.com/pictures/miso/Hosting-51517166/original/7fcc40a9-c5e9-4982-9cb4-24d19808dde0.jpeg,failed_timeout_or_error,,,0,0,0,,,"HTTPSConnectionPool(host='a0.muscache.com', port=443): Max retries exceeded with url: /pictures/miso/Hosting-51517166/original/7fcc40a9-c5e9-4982-9cb4-24d19808dde0.jpeg (Caused by NameResolutionError(""<urllib3.connection.HTTPSConnection object at 0x00000232C406A0C0>: Failed to resolve 'a0.muscache.com' ([Errno 11001] getaddrinfo failed)""))"
50750210,https://a0.muscache.com/pictures/6a9c947a-086f-443d-86c0-32f380a553fe.jpg,failed_timeout_or_error,,,0,0,0,,,"HTTPSConnectionPool(host='a0.muscache.com', port=443): Max retries exceeded with url: /pictures/6a9c947a-086f-443d-86c0-32f380a553fe.jpg (Caused by NameResolutionError(""<urllib3.connection.HTTPSConnection object at 0x00000232C4069B20>: Failed to resolve 'a0.muscache.com' ([Errno 11001] getaddrinfo failed)""))"
51410351,https://a0.muscache.com/pictures/652d6b73-ea33-4df8-8357-37571ec4691a.jpg,failed_timeout_or_error,,,0,0,0,,,"HTTPSConnectionPool(host='a0.muscache.com', port=443): Max retries exceeded with url: /pictures/652d6b73-ea33-4df8-8357-37571ec4691a.jpg (Caused by NameResolutionError(""<urllib3.connection.HTTPSConnection object at 0x00000232C4068590>: Failed to resolve 'a0.muscache.com' ([Errno 11001] getaddrinfo failed)""))"
51469099,https://a0.muscache.com/pictures/prohost-api/Hosting-51469099/original/c2e439dd-6c04-4dcb-ac67-5caeb27af372.jpeg,failed_timeout_or_error,,,0,0,0,,,"HTTPSConnectionPool(host='a0.muscache.com', port=443): Max retries exceeded with url: /pictures/prohost-api/Hosting-51469099/original/c2e439dd-6c04-4dcb-ac67-5caeb27af372.jpeg (Caused by NameResolutionError(""<urllib3.connection.HTTPSConnection object at 0x00000232C40695E0>: Failed to resolve 'a0.muscache.com' ([Errno 11001] getaddrinfo failed)""))"
50787381,https://a0.muscache.com/pictures/miso/Hosting-50787381/original/0248bdf1-17c2-4733-bcc6-802e83e260ab.jpeg,failed_timeout_or_error,,,0,0,0,,,"HTTPSConnectionPool(host='a0.muscache.com', port=443): Max retries exceeded with url: /pictures/miso/Hosting-50787381/original/0248bdf1-17c2-4733-bcc6-802e83e260ab.jpeg (Caused by NameResolutionError(""<urllib3.connection.HTTPSConnection object at 0x00000232C406A780>: Failed to resolve 'a0.muscache.com' ([Errno 11001] getaddrinfo failed)""))"
50468375,https://a0.muscache.com/pictures/miso/Hosting-50468375/original/8f3c8cf8-3fd6-40f0-8dbf-9353364344c3.jpeg,failed_timeout_or_error,,,0,0,0,,,"HTTPSConnectionPool(host='a0.muscache.com', port=443): Max retries exceeded with url: /pictures/miso/Hosting-50468375/original/8f3c8cf8-3fd6-40f0-8dbf-9353364344c3.jpeg (Caused by NameResolutionError(""<urllib3.connection.HTTPSConnection object at 0x00000232C3C858B0>: Failed to resolve 'a0.muscache.com' ([Errno 11001] getaddrinfo failed)""))"
50901489,https://a0.muscache.com/pictures/7f901d5b-4250-4d41-a41a-8382902fd0cc.jpg,failed_timeout_or_error,,,0,0,0,,,"HTTPSConnectionPool(host='a0.muscache.com', port=443): Max retries exceeded with url: /pictures/7f901d5b-4250-4d41-a41a-8382902fd0cc.jpg (Caused by NameResolutionError(""<urllib3.connection.HTTPSConnection object at 0x00000232C3C86A50>: Failed to resolve 'a0.muscache.com' ([Errno 11001] getaddrinfo failed)""))"
51653656,https://a0.muscache.com/pictures/miso/Hosting-51653656/original/e7d4a737-ad2a-4639-bf59-522b18b5b3c4.png,failed_timeout_or_error,,,0,0,0,,,"HTTPSConnectionPool(host='a0.muscache.com', port=443): Max retries exceeded with url: /pictures/miso/Hosting-51653656/original/e7d4a737-ad2a-4639-bf59-522b18b5b3c4.png (Caused by NameResolutionError(""<urllib3.connection.HTTPSConnection object at 0x00000232C406A600>: Failed to resolve 'a0.muscache.com' ([Errno 11001] getaddrinfo failed)""))"
51488337,https://a0.muscache.com/pictures/miso/Hosting-51488337/original/f9d3c46e-f4c0-47db-95d2-2b23eb6a421c.jpeg,failed_timeout_or_error,,,0,0,0,,,"HTTPSConnectionPool(host='a0.muscache.com', port=443): Max retries exceeded with url: /pictures/miso/Hosting-51488337/original/f9d3c46e-f4c0-47db-95d2-2b23eb6a421c.jpeg (Caused by NameResolutionError(""<urllib3.connection.HTTPSConnection object at 0x00000232C3C86B40>: Failed to resolve 'a0.muscache.com' ([Errno 11001] getaddrinfo failed)""))"
50954616,https://a0.muscache.com/pictures/e64045b5-e8c4-4089-8544-365df0c82c5f.jpg,failed_timeout_or_error,,,0,0,0,,,"HTTPSConnectionPool(host='a0.muscache.com', port=443): Max retries exceeded with url: /pictures/e64045b5-e8c4-4089-8544-365df0c82c5f.jpg (Caused by NameResolutionError(""<urllib3.connection.HTTPSConnection object at 0x00000232C40697C0>: Failed to resolve 'a0.muscache.com' ([Errno 11001] getaddrinfo failed)""))"
51125182,https://a0.muscache.com/pictures/prohost-api/Hosting-51125182/original/c2a764e1-bb04-41f0-8364-369257646ee8.jpeg,failed_timeout_or_error,,,0,0,0,,,"HTTPSConnectionPool(host='a0.muscache.com', port=443): Max retries exceeded with url: /pictures/prohost-api/Hosting-51125182/original/c2a764e1-bb04-41f0-8364-369257646ee8.jpeg (Caused by NameResolutionError(""<urllib3.connection.HTTPSConnection object at 0x00000232C3C85C70>: Failed to resolve 'a0.muscache.com' ([Errno 11001] getaddrinfo failed)""))"
51149286,https://a0.muscache.com/pictures/miso/Hosting-51149286/original/aa7bf1e1-ff22-4c04-bb0d-2806d0c35f4b.jpeg,failed_timeout_or_error,,,0,0,0,,,"HTTPSConnectionPool(host='a0.muscache.com', port=443): Max retries exceeded with url: /pictures/miso/Hosting-51149286/original/aa7bf1e1-ff22-4c04-bb0d-2806d0c35f4b.jpeg (Caused by NameResolutionError(""<urllib3.connection.HTTPSConnection object at 0x00000232C4068F20>: Failed to resolve 'a0.muscache.com' ([Errno 11001] getaddrinfo failed)""))"
50730302,https://a0.muscache.com/pictures/3d748164-d147-44cb-9588-0fac59ca5729.jpg,failed_timeout_or_error,,,0,0,0,,,"HTTPSConnectionPool(host='a0.muscache.com', port=443): Max retries exceeded with url: /pictures/3d748164-d147-44cb-9588-0fac59ca5729.jpg (Caused by NameResolutionError(""<urllib3.connection.HTTPSConnection object at 0x00000232C3CB61E0>: Failed to resolve 'a0.muscache.com' ([Errno 11001] getaddrinfo failed)""))"
50973918,https://a0.muscache.com/pictures/a059c636-0334-47b0-89ab-396f0a9d16e6.jpg,failed_timeout_or_error,,,0,0,0,,,"HTTPSConnectionPool(host='a0.muscache.com', port=443): Max retries exceeded with url: /pictures/a059c636-0334-47b0-89ab-396f0a9d16e6.jpg (Caused by NameResolutionError(""<urllib3.connection.HTTPSConnection object at 0x00000232C4068EF0>: Failed to resolve 'a0.muscache.com' ([Errno 11001] getaddrinfo failed)""))"
50993973,https://a0.muscache.com/pictures/miso/Hosting-50993973/original/fe6f2493-d33d-485a-832f-c2f495ce1d49.jpeg,failed_timeout_or_error,,,0,0,0,,,"HTTPSConnectionPool(host='a0.muscache.com', port=443): Max retries exceeded with url: /pictures/miso/Hosting-50993973/original/fe6f2493-d33d-485a-832f-c2f495ce1d49.jpeg (Caused by NameResolutionError(""<urllib3.connection.HTTPSConnection object at 0x00000232C3CB5E80>: Failed to resolve 'a0.muscache.com' ([Errno 11001] getaddrinfo failed)""))"
51562918,https://a0.muscache.com/pictures/bf182a54-58ef-4edb-a453-e5faf9e27a80.jpg,failed_timeout_or_error,,,0,0,0,,,"HTTPSConnectionPool(host='a0.muscache.com', port=443): Max retries exceeded with url: /pictures/bf182a54-58ef-4edb-a453-e5faf9e27a80.jpg (Caused by NameResolutionError(""<urllib3.connection.HTTPSConnection object at 0x00000232C40FA6C0>: Failed to resolve 'a0.muscache.com' ([Errno 11001] getaddrinfo failed)""))"
51282108,https://a0.muscache.com/pictures/miso/Hosting-51282108/original/ef012fed-355a-4409-bf8f-b9643d07a312.jpeg,failed_timeout_or_error,,,0,0,0,,,"HTTPSConnectionPool(host='a0.muscache.com', port=443): Max retries exceeded with url: /pictures/miso/Hosting-51282108/original/ef012fed-355a-4409-bf8f-b9643d07a312.jpeg (Caused by NameResolutionError(""<urllib3.connection.HTTPSConnection object at 0x00000232C3C85220>: Failed to resolve 'a0.muscache.com' ([Errno 11001] getaddrinfo failed)""))"
51706509,https://a0.muscache.com/pictures/3c10b197-5987-44a5-a2f4-7e52e32aeac2.jpg,failed_timeout_or_error,,,0,0,0,,,"HTTPSConnectionPool(host='a0.muscache.com', port=443): Max retries exceeded with url: /pictures/3c10b197-5987-44a5-a2f4-7e52e32aeac2.jpg (Caused by NameResolutionError(""<urllib3.connection.HTTPSConnection object at 0x00000232C3CB7EF0>: Failed to resolve 'a0.muscache.com' ([Errno 11001] getaddrinfo failed)""))"
51752014,https://a0.muscache.com/pictures/23ba6c63-0d4a-4cee-8300-c04dfa54e1d0.jpg,failed_timeout_or_error,,,0,0,0,,,"HTTPSConnectionPool(host='a0.muscache.com', port=443): Max retries exceeded with url: /pictures/23ba6c63-0d4a-4cee-8300-c04dfa54e1d0.jpg (Caused by NameResolutionError(""<urllib3.connection.HTTPSConnection object at 0x00000232C3CB5610>: Failed to resolve 'a0.muscache.com' ([Errno 11001] getaddrinfo failed)""))"
51709528,https://a0.muscache.com/pictures/3f7abab5-51f7-420b-9d71-1d7ba24d7a77.jpg,failed_timeout_or_error,,,0,0,0,,,"HTTPSConnectionPool(host='a0.muscache.com', port=443): Max retries exceeded with url: /pictures/3f7abab5-51f7-420b-9d71-1d7ba24d7a77.jpg (Caused by NameResolutionError(""<urllib3.connection.HTTPSConnection object at 0x00000232C4068680>: Failed to resolve 'a0.muscache.com' ([Errno 11001] getaddrinfo failed)""))"
51669500,https://a0.muscache.com/pictures/miso/Hosting-51669500/original/2a58a140-e21e-4939-8b4c-59328de4861d.jpeg,failed_timeout_or_error,,,0,0,0,,,"HTTPSConnectionPool(host='a0.muscache.com', port=443): Max retries exceeded with url: /pictures/miso/Hosting-51669500/original/2a58a140-e21e-4939-8b4c-59328de4861d.jpeg (Caused by NameResolutionError(""<urllib3.connection.HTTPSConnection object at 0x00000232C40F93D0>: Failed to resolve 'a0.muscache.com' ([Errno 11001] getaddrinfo failed)""))"
50999191,https://a0.muscache.com/pictures/miso/Hosting-50999191/original/aa3fe7eb-18a8-4543-b565-3d55f75099ff.jpeg,failed_timeout_or_error,,,0,0,0,,,"HTTPSConnectionPool(host='a0.muscache.com', port=443): Max retries exceeded with url: /pictures/miso/Hosting-50999191/original/aa3fe7eb-18a8-4543-b565-3d55f75099ff.jpeg (Caused by NameResolutionError(""<urllib3.connection.HTTPSConnection object at 0x00000232C3C84320>: Failed to resolve 'a0.muscache.com' ([Errno 11001] getaddrinfo failed)""))"
51309708,https://a0.muscache.com/pictures/prohost-api/Hosting-51309708/original/b41a920d-76d9-4606-9744-9fceff6fff63.jpeg,failed_timeout_or_error,,,0,0,0,,,"HTTPSConnectionPool(host='a0.muscache.com', port=443): Max retries exceeded with url: /pictures/prohost-api/Hosting-51309708/original/b41a920d-76d9-4606-9744-9fceff6fff63.jpeg (Caused by NameResolutionError(""<urllib3.connection.HTTPSConnection object at 0x00000232C3CB7C80>: Failed to resolve 'a0.muscache.com' ([Errno 11001] getaddrinfo failed)""))"
51562902,https://a0.muscache.com/pictures/prohost-api/Hosting-51562902/original/24e5fb7b-0932-4fa5-a6e9-1a16d53ea7bc.jpeg,failed_timeout_or_error,,,0,0,0,,,"HTTPSConnectionPool(host='a0.muscache.com', port=443): Max retries exceeded with url: /pictures/prohost-api/Hosting-51562902/original/24e5fb7b-0932-4fa5-a6e9-1a16d53ea7bc.jpeg (Caused by NameResolutionError(""<urllib3.connection.HTTPSConnection object at 0x00000232C3C84200>: Failed to resolve 'a0.muscache.com' ([Errno 11001] getaddrinfo failed)""))"
51957373,https://a0.muscache.com/pictures/miso/Hosting-51957373/original/de7808b7-1428-4618-8c66-8738f49cf637.jpeg,failed_timeout_or_error,,,0,0,0,,,"HTTPSConnectionPool(host='a0.muscache.com', port=443): Max retries exceeded with url: /pictures/miso/Hosting-51957373/original/de7808b7-1428-4618-8c66-8738f49cf637.jpeg (Caused by NameResolutionError(""<urllib3.connection.HTTPSConnection object at 0x00000232C3AB6EA0>: Failed to resolve 'a0.muscache.com' ([Errno 11001] getaddrinfo failed)""))"
51957993,https://a0.muscache.com/pictures/miso/Hosting-51957993/original/4d1948cb-845d-4669-8b1a-76e5ba7a2f7c.jpeg,failed_timeout_or_error,,,0,0,0,,,"HTTPSConnectionPool(host='a0.muscache.com', port=443): Max retries exceeded with url: /pictures/miso/Hosting-51957993/original/4d1948cb-845d-4669-8b1a-76e5ba7a2f7c.jpeg (Caused by NameResolutionError(""<urllib3.connection.HTTPSConnection object at 0x00000232C3AB7200>: Failed to resolve 'a0.muscache.com' ([Errno 11001] getaddrinfo failed)""))"
51796389,https://a0.muscache.com/pictures/a98c8167-3827-4bb2-99ee-94f1f7160b42.jpg,failed_timeout_or_error,,,0,0,0,,,"HTTPSConnectionPool(host='a0.muscache.com', port=443): Max retries exceeded with url: /pictures/a98c8167-3827-4bb2-99ee-94f1f7160b42.jpg (Caused by NameResolutionError(""<urllib3.connection.HTTPSConnection object at 0x00000232C3AB4320>: Failed to resolve 'a0.muscache.com' ([Errno 11001] getaddrinfo failed)""))"
52091373,https://a0.muscache.com/pictures/04a11908-6ede-4ab9-8d84-88e47c006775.jpg,failed_timeout_or_error,,,0,0,0,,,"HTTPSConnectionPool(host='a0.muscache.com', port=443): Max retries exceeded with url: /pictures/04a11908-6ede-4ab9-8d84-88e47c006775.jpg (Caused by NameResolutionError(""<urllib3.connection.HTTPSConnection object at 0x00000232C406AD20>: Failed to resolve 'a0.muscache.com' ([Errno 11001] getaddrinfo failed)""))"
50897156,https://a0.muscache.com/pictures/miso/Hosting-50897156/original/eba2e461-b356-4659-a4b0-77790de55fa2.jpeg,failed_timeout_or_error,,,0,0,0,,,"HTTPSConnectionPool(host='a0.muscache.com', port=443): Max retries exceeded with url: /pictures/miso/Hosting-50897156/original/eba2e461-b356-4659-a4b0-77790de55fa2.jpeg (Caused by NameResolutionError(""<urllib3.connection.HTTPSConnection object at 0x00000232C3C87E00>: Failed to resolve 'a0.muscache.com' ([Errno 11001] getaddrinfo failed)""))"
51968843,https://a0.muscache.com/pictures/miso/Hosting-51968843/original/9e2aa950-9a9e-40d8-ae18-101ca23c738f.jpeg,failed_timeout_or_error,,,0,0,0,,,"HTTPSConnectionPool(host='a0.muscache.com', port=443): Max retries exceeded with url: /pictures/miso/Hosting-51968843/original/9e2aa950-9a9e-40d8-ae18-101ca23c738f.jpeg (Caused by NameResolutionError(""<urllib3.connection.HTTPSConnection object at 0x00000232C3AB4410>: Failed to resolve 'a0.muscache.com' ([Errno 11001] getaddrinfo failed)""))"
51805099,https://a0.muscache.com/pictures/99c68de7-1a75-4f1d-bd19-61db07ae330a.jpg,failed_timeout_or_error,,,0,0,0,,,"HTTPSConnectionPool(host='a0.muscache.com', port=443): Max retries exceeded with url: /pictures/99c68de7-1a75-4f1d-bd19-61db07ae330a.jpg (Caused by NameResolutionError(""<urllib3.connection.HTTPSConnection object at 0x00000232C3D30230>: Failed to resolve 'a0.muscache.com' ([Errno 11001] getaddrinfo failed)""))"
52127768,https://a0.muscache.com/pictures/miso/Hosting-52127768/original/29952d2d-118e-4982-8c82-55d36270d4c3.jpeg,failed_timeout_or_error,,,0,0,0,,,"HTTPSConnectionPool(host='a0.muscache.com', port=443): Max retries exceeded with url: /pictures/miso/Hosting-52127768/original/29952d2d-118e-4982-8c82-55d36270d4c3.jpeg (Caused by NameResolutionError(""<urllib3.connection.HTTPSConnection object at 0x00000232C406A780>: Failed to resolve 'a0.muscache.com' ([Errno 11001] getaddrinfo failed)""))"
51121890,https://a0.muscache.com/pictures/miso/Hosting-51121890/original/34627347-a7ab-4a54-89ff-070ff50af7db.jpeg,failed_timeout_or_error,,,0,0,0,,,"HTTPSConnectionPool(host='a0.muscache.com', port=443): Max retries exceeded with url: /pictures/miso/Hosting-51121890/original/34627347-a7ab-4a54-89ff-070ff50af7db.jpeg (Caused by NameResolutionError(""<urllib3.connection.HTTPSConnection object at 0x00000232C3C09D60>: Failed to resolve 'a0.muscache.com' ([Errno 11001] getaddrinfo failed)""))"
52155554,https://a0.muscache.com/pictures/prohost-api/Hosting-52155554/original/bc4a9f13-2b36-4975-8d41-4b2bb62b9ccb.jpeg,failed_timeout_or_error,,,0,0,0,,,"HTTPSConnectionPool(host='a0.muscache.com', port=443): Max retries exceeded with url: /pictures/prohost-api/Hosting-52155554/original/bc4a9f13-2b36-4975-8d41-4b2bb62b9ccb.jpeg (Caused by NameResolutionError(""<urllib3.connection.HTTPSConnection object at 0x00000232C3C853D0>: Failed to resolve 'a0.muscache.com' ([Errno 11001] getaddrinfo failed)""))"
52226257,https://a0.muscache.com/pictures/miso/Hosting-52226257/original/d83f76be-72bf-475b-93ab-ac8734ba06eb.png,failed_timeout_or_error,,,0,0,0,,,"HTTPSConnectionPool(host='a0.muscache.com', port=443): Max retries exceeded with url: /pictures/miso/Hosting-52226257/original/d83f76be-72bf-475b-93ab-ac8734ba06eb.png (Caused by NameResolutionError(""<urllib3.connection.HTTPSConnection object at 0x00000232C3DA42F0>: Failed to resolve 'a0.muscache.com' ([Errno 11001] getaddrinfo failed)""))"
51883226,https://a0.muscache.com/pictures/miso/Hosting-51883226/original/431d7995-29aa-405a-89a5-903fc4b69417.jpeg,failed_timeout_or_error,,,0,0,0,,,"HTTPSConnectionPool(host='a0.muscache.com', port=443): Max retries exceeded with url: /pictures/miso/Hosting-51883226/original/431d7995-29aa-405a-89a5-903fc4b69417.jpeg (Caused by NameResolutionError(""<urllib3.connection.HTTPSConnection object at 0x00000232C3DA7EF0>: Failed to resolve 'a0.muscache.com' ([Errno 11001] getaddrinfo failed)""))"
51713535,https://a0.muscache.com/pictures/miso/Hosting-51713535/original/773714eb-6d4c-472a-89f8-b2ba82bf237d.jpeg,failed_timeout_or_error,,,0,0,0,,,"HTTPSConnectionPool(host='a0.muscache.com', port=443): Max retries exceeded with url: /pictures/miso/Hosting-51713535/original/773714eb-6d4c-472a-89f8-b2ba82bf237d.jpeg (Caused by NameResolutionError(""<urllib3.connection.HTTPSConnection object at 0x00000232C3DA60F0>: Failed to resolve 'a0.muscache.com' ([Errno 11001] getaddrinfo failed)""))"
51875440,https://a0.muscache.com/pictures/prohost-api/Hosting-51875440/original/e7c4b7ab-8712-41a8-8c6f-3a8e6639b8ad.jpeg,failed_timeout_or_error,,,0,0,0,,,"HTTPSConnectionPool(host='a0.muscache.com', port=443): Max retries exceeded with url: /pictures/prohost-api/Hosting-51875440/original/e7c4b7ab-8712-41a8-8c6f-3a8e6639b8ad.jpeg (Caused by NameResolutionError(""<urllib3.connection.HTTPSConnection object at 0x00000232C3DA34D0>: Failed to resolve 'a0.muscache.com' ([Errno 11001] getaddrinfo failed)""))"
52190407,https://a0.muscache.com/pictures/miso/Hosting-52190407/original/f792a654-0aeb-45f1-a617-d6d8d71e4841.jpeg,failed_timeout_or_error,,,0,0,0,,,"HTTPSConnectionPool(host='a0.muscache.com', port=443): Max retries exceeded with url: /pictures/miso/Hosting-52190407/original/f792a654-0aeb-45f1-a617-d6d8d71e4841.jpeg (Caused by NameResolutionError(""<urllib3.connection.HTTPSConnection object at 0x00000232C3DA2A80>: Failed to resolve 'a0.muscache.com' ([Errno 11001] getaddrinfo failed)""))"
52124988,https://a0.muscache.com/pictures/3faeba54-c19c-41fb-8fd2-69e1cd637df8.jpg,failed_timeout_or_error,,,0,0,0,,,"HTTPSConnectionPool(host='a0.muscache.com', port=443): Max retries exceeded with url: /pictures/3faeba54-c19c-41fb-8fd2-69e1cd637df8.jpg (Caused by NameResolutionError(""<urllib3.connection.HTTPSConnection object at 0x00000232C3DA4F50>: Failed to resolve 'a0.muscache.com' ([Errno 11001] getaddrinfo failed)""))"
51771518,https://a0.muscache.com/pictures/miso/Hosting-51771518/original/4dda43a8-6bf8-41b4-ae03-3975519c9ef1.jpeg,failed_timeout_or_error,,,0,0,0,,,"HTTPSConnectionPool(host='a0.muscache.com', port=443): Max retries exceeded with url: /pictures/miso/Hosting-51771518/original/4dda43a8-6bf8-41b4-ae03-3975519c9ef1.jpeg (Caused by NameResolutionError(""<urllib3.connection.HTTPSConnection object at 0x00000232C3DA7D10>: Failed to resolve 'a0.muscache.com' ([Errno 11001] getaddrinfo failed)""))"
52143097,https://a0.muscache.com/pictures/miso/Hosting-52143097/original/bfca8f64-74cb-42c5-b1ce-86bed0d527f5.jpeg,failed_timeout_or_error,,,0,0,0,,,"HTTPSConnectionPool(host='a0.muscache.com', port=443): Max retries exceeded with url: /pictures/miso/Hosting-52143097/original/bfca8f64-74cb-42c5-b1ce-86bed0d527f5.jpeg (Caused by NameResolutionError(""<urllib3.connection.HTTPSConnection object at 0x00000232C3C84230>: Failed to resolve 'a0.muscache.com' ([Errno 11001] getaddrinfo failed)""))"
52333380,https://a0.muscache.com/pictures/miso/Hosting-52333380/original/0b66646f-8421-4d3c-b75c-7d0f23a5a115.jpeg,failed_timeout_or_error,,,0,0,0,,,"HTTPSConnectionPool(host='a0.muscache.com', port=443): Max retries exceeded with url: /pictures/miso/Hosting-52333380/original/0b66646f-8421-4d3c-b75c-7d0f23a5a115.jpeg (Caused by NameResolutionError(""<urllib3.connection.HTTPSConnection object at 0x00000232C3CB7A70>: Failed to resolve 'a0.muscache.com' ([Errno 11001] getaddrinfo failed)""))"
52304660,https://a0.muscache.com/pictures/1bc8fdd6-d282-4c3b-b3b9-6d376aa15ef6.jpg,failed_timeout_or_error,,,0,0,0,,,"HTTPSConnectionPool(host='a0.muscache.com', port=443): Max retries exceeded with url: /pictures/1bc8fdd6-d282-4c3b-b3b9-6d376aa15ef6.jpg (Caused by NameResolutionError(""<urllib3.connection.HTTPSConnection object at 0x00000232C3DA67B0>: Failed to resolve 'a0.muscache.com' ([Errno 11001] getaddrinfo failed)""))"
52436930,https://a0.muscache.com/pictures/miso/Hosting-52436930/original/da4cba36-ac94-409b-9b08-a98cbca93110.jpeg,failed_timeout_or_error,,,0,0,0,,,"HTTPSConnectionPool(host='a0.muscache.com', port=443): Max retries exceeded with url: /pictures/miso/Hosting-52436930/original/da4cba36-ac94-409b-9b08-a98cbca93110.jpeg (Caused by NameResolutionError(""<urllib3.connection.HTTPSConnection object at 0x00000232C3DA5970>: Failed to resolve 'a0.muscache.com' ([Errno 11001] getaddrinfo failed)""))"
52112544,https://a0.muscache.com/pictures/prohost-api/Hosting-52112544/original/56d773e1-ce40-4a1b-b674-e455e6ea4398.jpeg,failed_timeout_or_error,,,0,0,0,,,"HTTPSConnectionPool(host='a0.muscache.com', port=443): Max retries exceeded with url: /pictures/prohost-api/Hosting-52112544/original/56d773e1-ce40-4a1b-b674-e455e6ea4398.jpeg (Caused by NameResolutionError(""<urllib3.connection.HTTPSConnection object at 0x00000232C3DA2300>: Failed to resolve 'a0.muscache.com' ([Errno 11001] getaddrinfo failed)""))"
52155553,https://a0.muscache.com/pictures/prohost-api/Hosting-52155553/original/faf720b5-d9d0-49c3-8fcf-bf87c492e359.jpeg,failed_timeout_or_error,,,0,0,0,,,"HTTPSConnectionPool(host='a0.muscache.com', port=443): Max retries exceeded with url: /pictures/prohost-api/Hosting-52155553/original/faf720b5-d9d0-49c3-8fcf-bf87c492e359.jpeg (Caused by NameResolutionError(""<urllib3.connection.HTTPSConnection object at 0x00000232C3DA5310>: Failed to resolve 'a0.muscache.com' ([Errno 11001] getaddrinfo failed)""))"
52465101,https://a0.muscache.com/pictures/e32c8ac1-05e5-4c84-8547-baa81807f349.jpg,failed_timeout_or_error,,,0,0,0,,,"HTTPSConnectionPool(host='a0.muscache.com', port=443): Max retries exceeded with url: /pictures/e32c8ac1-05e5-4c84-8547-baa81807f349.jpg (Caused by NameResolutionError(""<urllib3.connection.HTTPSConnection object at 0x00000232C3BBA5D0>: Failed to resolve 'a0.muscache.com' ([Errno 11001] getaddrinfo failed)""))"
52232865,https://a0.muscache.com/pictures/miso/Hosting-52232865/original/ee56b6a0-70ec-42a7-aded-488c932410a2.jpeg,failed_timeout_or_error,,,0,0,0,,,"HTTPSConnectionPool(host='a0.muscache.com', port=443): Max retries exceeded with url: /pictures/miso/Hosting-52232865/original/ee56b6a0-70ec-42a7-aded-488c932410a2.jpeg (Caused by NameResolutionError(""<urllib3.connection.HTTPSConnection object at 0x00000232C3B5E4B0>: Failed to resolve 'a0.muscache.com' ([Errno 11001] getaddrinfo failed)""))"
52419566,https://a0.muscache.com/pictures/prohost-api/Hosting-52419566/original/752047c5-caf8-4e0f-ab3d-95e34256999e.jpeg,failed_timeout_or_error,,,0,0,0,,,"HTTPSConnectionPool(host='a0.muscache.com', port=443): Max retries exceeded with url: /pictures/prohost-api/Hosting-52419566/original/752047c5-caf8-4e0f-ab3d-95e34256999e.jpeg (Caused by NameResolutionError(""<urllib3.connection.HTTPSConnection object at 0x00000232C3B5DA90>: Failed to resolve 'a0.muscache.com' ([Errno 11001] getaddrinfo failed)""))"
52422900,https://a0.muscache.com/pictures/miso/Hosting-52422900/original/b97dc983-5650-4afb-9fb6-222d1f379e4a.jpeg,failed_timeout_or_error,,,0,0,0,,,"HTTPSConnectionPool(host='a0.muscache.com', port=443): Max retries exceeded with url: /pictures/miso/Hosting-52422900/original/b97dc983-5650-4afb-9fb6-222d1f379e4a.jpeg (Caused by NameResolutionError(""<urllib3.connection.HTTPSConnection object at 0x00000232C3DA5220>: Failed to resolve 'a0.muscache.com' ([Errno 11001] getaddrinfo failed)""))"
52090223,https://a0.muscache.com/pictures/4eb021dc-b3be-477d-ad99-d394bcdd8bba.jpg,failed_timeout_or_error,,,0,0,0,,,"HTTPSConnectionPool(host='a0.muscache.com', port=443): Max retries exceeded with url: /pictures/4eb021dc-b3be-477d-ad99-d394bcdd8bba.jpg (Caused by NameResolutionError(""<urllib3.connection.HTTPSConnection object at 0x00000232C3DA08C0>: Failed to resolve 'a0.muscache.com' ([Errno 11001] getaddrinfo failed)""))"
52366902,https://a0.muscache.com/pictures/miso/Hosting-52366902/original/8e0be1a2-9c7c-4d1d-ba91-ee95397d0af9.jpeg,failed_timeout_or_error,,,0,0,0,,,"HTTPSConnectionPool(host='a0.muscache.com', port=443): Max retries exceeded with url: /pictures/miso/Hosting-52366902/original/8e0be1a2-9c7c-4d1d-ba91-ee95397d0af9.jpeg (Caused by NameResolutionError(""<urllib3.connection.HTTPSConnection object at 0x00000232C3CA4980>: Failed to resolve 'a0.muscache.com' ([Errno 11001] getaddrinfo failed)""))"
52471532,https://a0.muscache.com/pictures/prohost-api/Hosting-52471532/original/2494a493-a084-44b9-b148-c8775d98e9bb.jpeg,failed_timeout_or_error,,,0,0,0,,,"HTTPSConnectionPool(host='a0.muscache.com', port=443): Max retries exceeded with url: /pictures/prohost-api/Hosting-52471532/original/2494a493-a084-44b9-b148-c8775d98e9bb.jpeg (Caused by NameResolutionError(""<urllib3.connection.HTTPSConnection object at 0x00000232C3BBA150>: Failed to resolve 'a0.muscache.com' ([Errno 11001] getaddrinfo failed)""))"
52149843,https://a0.muscache.com/pictures/miso/Hosting-52149843/original/6d94afa4-0107-481a-bff2-f5effa1fa9ab.jpeg,failed_timeout_or_error,,,0,0,0,,,"HTTPSConnectionPool(host='a0.muscache.com', port=443): Max retries exceeded with url: /pictures/miso/Hosting-52149843/original/6d94afa4-0107-481a-bff2-f5effa1fa9ab.jpeg (Caused by NameResolutionError(""<urllib3.connection.HTTPSConnection object at 0x00000232C3BB8D40>: Failed to resolve 'a0.muscache.com' ([Errno 11001] getaddrinfo failed)""))"
52368270,https://a0.muscache.com/pictures/miso/Hosting-52368270/original/55c6133b-cf66-4773-975f-1947d0378362.jpeg,failed_timeout_or_error,,,0,0,0,,,"HTTPSConnectionPool(host='a0.muscache.com', port=443): Max retries exceeded with url: /pictures/miso/Hosting-52368270/original/55c6133b-cf66-4773-975f-1947d0378362.jpeg (Caused by NameResolutionError(""<urllib3.connection.HTTPSConnection object at 0x00000232C3D31100>: Failed to resolve 'a0.muscache.com' ([Errno 11001] getaddrinfo failed)""))"
52608720,https://a0.muscache.com/pictures/miso/Hosting-52608720/original/8969d8b5-54a7-4c26-b59e-d6fba56f4cd2.jpeg,failed_timeout_or_error,,,0,0,0,,,"HTTPSConnectionPool(host='a0.muscache.com', port=443): Max retries exceeded with url: /pictures/miso/Hosting-52608720/original/8969d8b5-54a7-4c26-b59e-d6fba56f4cd2.jpeg (Caused by NameResolutionError(""<urllib3.connection.HTTPSConnection object at 0x00000232C3CA4AD0>: Failed to resolve 'a0.muscache.com' ([Errno 11001] getaddrinfo failed)""))"
52438122,https://a0.muscache.com/pictures/miso/Hosting-52438122/original/2a7fe638-a101-47d9-b5e9-0a2803db1d0d.jpeg,failed_timeout_or_error,,,0,0,0,,,"HTTPSConnectionPool(host='a0.muscache.com', port=443): Max retries exceeded with url: /pictures/miso/Hosting-52438122/original/2a7fe638-a101-47d9-b5e9-0a2803db1d0d.jpeg (Caused by NameResolutionError(""<urllib3.connection.HTTPSConnection object at 0x00000232C3BBA3F0>: Failed to resolve 'a0.muscache.com' ([Errno 11001] getaddrinfo failed)""))"
52736029,https://a0.muscache.com/pictures/miso/Hosting-52736029/original/28485c72-45bb-4207-8ea0-9a85852cb0ef.jpeg,failed_timeout_or_error,,,0,0,0,,,"HTTPSConnectionPool(host='a0.muscache.com', port=443): Max retries exceeded with url: /pictures/miso/Hosting-52736029/original/28485c72-45bb-4207-8ea0-9a85852cb0ef.jpeg (Caused by NameResolutionError(""<urllib3.connection.HTTPSConnection object at 0x00000232C3CA4530>: Failed to resolve 'a0.muscache.com' ([Errno 11001] getaddrinfo failed)""))"
52552741,https://a0.muscache.com/pictures/prohost-api/Hosting-52552741/original/878b92f6-fd81-4b28-9c5c-ec9e1fed7582.jpeg,failed_timeout_or_error,,,0,0,0,,,"HTTPSConnectionPool(host='a0.muscache.com', port=443): Max retries exceeded with url: /pictures/prohost-api/Hosting-52552741/original/878b92f6-fd81-4b28-9c5c-ec9e1fed7582.jpeg (Caused by NameResolutionError(""<urllib3.connection.HTTPSConnection object at 0x00000232C3CA6240>: Failed to resolve 'a0.muscache.com' ([Errno 11001] getaddrinfo failed)""))"
52547772,https://a0.muscache.com/pictures/miso/Hosting-52547772/original/dfda74f3-59b7-442f-b897-39b3ce91caa6.jpeg,failed_timeout_or_error,,,0,0,0,,,"HTTPSConnectionPool(host='a0.muscache.com', port=443): Max retries exceeded with url: /pictures/miso/Hosting-52547772/original/dfda74f3-59b7-442f-b897-39b3ce91caa6.jpeg (Caused by NameResolutionError(""<urllib3.connection.HTTPSConnection object at 0x00000232C3B18D70>: Failed to resolve 'a0.muscache.com' ([Errno 11001] getaddrinfo failed)""))"
52550992,https://a0.muscache.com/pictures/02dd836c-8739-4778-bb15-56deb2b2f719.jpg,failed_timeout_or_error,,,0,0,0,,,"HTTPSConnectionPool(host='a0.muscache.com', port=443): Max retries exceeded with url: /pictures/02dd836c-8739-4778-bb15-56deb2b2f719.jpg (Caused by NameResolutionError(""<urllib3.connection.HTTPSConnection object at 0x00000232C3CA5BE0>: Failed to resolve 'a0.muscache.com' ([Errno 11001] getaddrinfo failed)""))"
52385221,https://a0.muscache.com/pictures/1a617c24-1dbd-4337-b12c-5adf811a5a62.jpg,failed_timeout_or_error,,,0,0,0,,,"HTTPSConnectionPool(host='a0.muscache.com', port=443): Max retries exceeded with url: /pictures/1a617c24-1dbd-4337-b12c-5adf811a5a62.jpg (Caused by NameResolutionError(""<urllib3.connection.HTTPSConnection object at 0x00000232C3CA7C80>: Failed to resolve 'a0.muscache.com' ([Errno 11001] getaddrinfo failed)""))"
52370777,https://a0.muscache.com/pictures/miso/Hosting-52370777/original/f45bfa48-4898-4454-98e3-4b0cb09037a6.jpeg,failed_timeout_or_error,,,0,0,0,,,"HTTPSConnectionPool(host='a0.muscache.com', port=443): Max retries exceeded with url: /pictures/miso/Hosting-52370777/original/f45bfa48-4898-4454-98e3-4b0cb09037a6.jpeg (Caused by NameResolutionError(""<urllib3.connection.HTTPSConnection object at 0x00000232C3DA7590>: Failed to resolve 'a0.muscache.com' ([Errno 11001] getaddrinfo failed)""))"
52879544,https://a0.muscache.com/pictures/prohost-api/Hosting-52879544/original/b106c6c1-32a6-40f6-b7f6-3b14a73d64d7.jpeg,failed_timeout_or_error,,,0,0,0,,,"HTTPSConnectionPool(host='a0.muscache.com', port=443): Max retries exceeded with url: /pictures/prohost-api/Hosting-52879544/original/b106c6c1-32a6-40f6-b7f6-3b14a73d64d7.jpeg (Caused by NameResolutionError(""<urllib3.connection.HTTPSConnection object at 0x00000232C3D31880>: Failed to resolve 'a0.muscache.com' ([Errno 11001] getaddrinfo failed)""))"
52674349,https://a0.muscache.com/pictures/miso/Hosting-52674349/original/494d99e1-34fa-439a-a638-18f8882763c8.jpeg,failed_timeout_or_error,,,0,0,0,,,"HTTPSConnectionPool(host='a0.muscache.com', port=443): Max retries exceeded with url: /pictures/miso/Hosting-52674349/original/494d99e1-34fa-439a-a638-18f8882763c8.jpeg (Caused by NameResolutionError(""<urllib3.connection.HTTPSConnection object at 0x00000232C3BB8110>: Failed to resolve 'a0.muscache.com' ([Errno 11001] getaddrinfo failed)""))"
52705474,https://a0.muscache.com/pictures/miso/Hosting-52705474/original/0a2a42fe-a273-4bc8-bc3f-cf534040823d.jpeg,failed_timeout_or_error,,,0,0,0,,,"HTTPSConnectionPool(host='a0.muscache.com', port=443): Max retries exceeded with url: /pictures/miso/Hosting-52705474/original/0a2a42fe-a273-4bc8-bc3f-cf534040823d.jpeg (Caused by NameResolutionError(""<urllib3.connection.HTTPSConnection object at 0x00000232C3CE5DF0>: Failed to resolve 'a0.muscache.com' ([Errno 11001] getaddrinfo failed)""))"
52809639,https://a0.muscache.com/pictures/miso/Hosting-52809639/original/8386d880-c214-4cae-8d31-f17428cab530.jpeg,failed_timeout_or_error,,,0,0,0,,,"HTTPSConnectionPool(host='a0.muscache.com', port=443): Max retries exceeded with url: /pictures/miso/Hosting-52809639/original/8386d880-c214-4cae-8d31-f17428cab530.jpeg (Caused by NameResolutionError(""<urllib3.connection.HTTPSConnection object at 0x00000232C3B1B410>: Failed to resolve 'a0.muscache.com' ([Errno 11001] getaddrinfo failed)""))"
52903885,https://a0.muscache.com/pictures/miso/Hosting-52903885/original/dd7530b9-81bd-4f23-9cd3-c2d77ccce72f.jpeg,failed_timeout_or_error,,,0,0,0,,,"HTTPSConnectionPool(host='a0.muscache.com', port=443): Max retries exceeded with url: /pictures/miso/Hosting-52903885/original/dd7530b9-81bd-4f23-9cd3-c2d77ccce72f.jpeg (Caused by NameResolutionError(""<urllib3.connection.HTTPSConnection object at 0x00000232C3CE7470>: Failed to resolve 'a0.muscache.com' ([Errno 11001] getaddrinfo failed)""))"
52546451,https://a0.muscache.com/pictures/miso/Hosting-52546451/original/ca9a2a5f-1811-4911-a3aa-ae86464227b6.jpeg,failed_timeout_or_error,,,0,0,0,,,"HTTPSConnectionPool(host='a0.muscache.com', port=443): Max retries exceeded with url: /pictures/miso/Hosting-52546451/original/ca9a2a5f-1811-4911-a3aa-ae86464227b6.jpeg (Caused by NameResolutionError(""<urllib3.connection.HTTPSConnection object at 0x00000232C3CE6D20>: Failed to resolve 'a0.muscache.com' ([Errno 11001] getaddrinfo failed)""))"
52398541,https://a0.muscache.com/pictures/miso/Hosting-52398541/original/34b21b3e-493d-4ad0-b520-123ea03ba201.jpeg,failed_timeout_or_error,,,0,0,0,,,"HTTPSConnectionPool(host='a0.muscache.com', port=443): Max retries exceeded with url: /pictures/miso/Hosting-52398541/original/34b21b3e-493d-4ad0-b520-123ea03ba201.jpeg (Caused by NameResolutionError(""<urllib3.connection.HTTPSConnection object at 0x00000232C3CA72C0>: Failed to resolve 'a0.muscache.com' ([Errno 11001] getaddrinfo failed)""))"
52353435,https://a0.muscache.com/pictures/ba4dd9f7-446a-4640-a829-b76f227c1b7e.jpg,failed_timeout_or_error,,,0,0,0,,,"HTTPSConnectionPool(host='a0.muscache.com', port=443): Max retries exceeded with url: /pictures/ba4dd9f7-446a-4640-a829-b76f227c1b7e.jpg (Caused by NameResolutionError(""<urllib3.connection.HTTPSConnection object at 0x00000232C3B188C0>: Failed to resolve 'a0.muscache.com' ([Errno 11001] getaddrinfo failed)""))"
52790082,https://a0.muscache.com/pictures/e25bbd22-a673-4494-a9d8-25774fbe048e.jpg,failed_timeout_or_error,,,0,0,0,,,"HTTPSConnectionPool(host='a0.muscache.com', port=443): Max retries exceeded with url: /pictures/e25bbd22-a673-4494-a9d8-25774fbe048e.jpg (Caused by NameResolutionError(""<urllib3.connection.HTTPSConnection object at 0x00000232C3BB8140>: Failed to resolve 'a0.muscache.com' ([Errno 11001] getaddrinfo failed)""))"
52991459,https://a0.muscache.com/pictures/miso/Hosting-51653656/original/facdb694-1634-4489-b4ba-a940f335e820.png,failed_timeout_or_error,,,0,0,0,,,"HTTPSConnectionPool(host='a0.muscache.com', port=443): Max retries exceeded with url: /pictures/miso/Hosting-51653656/original/facdb694-1634-4489-b4ba-a940f335e820.png (Caused by NameResolutionError(""<urllib3.connection.HTTPSConnection object at 0x00000232C3D6AD50>: Failed to resolve 'a0.muscache.com' ([Errno 11001] getaddrinfo failed)""))"
52610201,https://a0.muscache.com/pictures/miso/Hosting-52610201/original/2a69a6a5-7fdf-4042-acd3-7f4a33cb44ee.jpeg,failed_timeout_or_error,,,0,0,0,,,"HTTPSConnectionPool(host='a0.muscache.com', port=443): Max retries exceeded with url: /pictures/miso/Hosting-52610201/original/2a69a6a5-7fdf-4042-acd3-7f4a33cb44ee.jpeg (Caused by NameResolutionError(""<urllib3.connection.HTTPSConnection object at 0x00000232C3CE62A0>: Failed to resolve 'a0.muscache.com' ([Errno 11001] getaddrinfo failed)""))"
52794539,https://a0.muscache.com/pictures/miso/Hosting-52794539/original/9ffa93c0-65dc-497c-bcc8-9c12b18fe930.jpeg,failed_timeout_or_error,,,0,0,0,,,"HTTPSConnectionPool(host='a0.muscache.com', port=443): Max retries exceeded with url: /pictures/miso/Hosting-52794539/original/9ffa93c0-65dc-497c-bcc8-9c12b18fe930.jpeg (Caused by NameResolutionError(""<urllib3.connection.HTTPSConnection object at 0x00000232C3D69B80>: Failed to resolve 'a0.muscache.com' ([Errno 11001] getaddrinfo failed)""))"
53030063,https://a0.muscache.com/pictures/29a77ec0-72ac-413e-9d1a-cb0518a983ea.jpg,failed_timeout_or_error,,,0,0,0,,,"HTTPSConnectionPool(host='a0.muscache.com', port=443): Max retries exceeded with url: /pictures/29a77ec0-72ac-413e-9d1a-cb0518a983ea.jpg (Caused by NameResolutionError(""<urllib3.connection.HTTPSConnection object at 0x00000232C3CA7B90>: Failed to resolve 'a0.muscache.com' ([Errno 11001] getaddrinfo failed)""))"
52474453,https://a0.muscache.com/pictures/prohost-api/Hosting-52474453/original/853e4d14-e34d-4bf7-bd92-843da3e4c2f4.jpeg,failed_timeout_or_error,,,0,0,0,,,"HTTPSConnectionPool(host='a0.muscache.com', port=443): Max retries exceeded with url: /pictures/prohost-api/Hosting-52474453/original/853e4d14-e34d-4bf7-bd92-843da3e4c2f4.jpeg (Caused by NameResolutionError(""<urllib3.connection.HTTPSConnection object at 0x00000232C3B18AD0>: Failed to resolve 'a0.muscache.com' ([Errno 11001] getaddrinfo failed)""))"
52827301,https://a0.muscache.com/pictures/miso/Hosting-52827301/original/e2a16367-02c1-4eb4-a5d9-44443e6b4e34.jpeg,failed_timeout_or_error,,,0,0,0,,,"HTTPSConnectionPool(host='a0.muscache.com', port=443): Max retries exceeded with url: /pictures/miso/Hosting-52827301/original/e2a16367-02c1-4eb4-a5d9-44443e6b4e34.jpeg (Caused by NameResolutionError(""<urllib3.connection.HTTPSConnection object at 0x00000232C3D6AA50>: Failed to resolve 'a0.muscache.com' ([Errno 11001] getaddrinfo failed)""))"
53273726,https://a0.muscache.com/pictures/miso/Hosting-53273726/original/be92e612-f364-44be-ac88-9c30211e5afd.jpeg,failed_timeout_or_error,,,0,0,0,,,"HTTPSConnectionPool(host='a0.muscache.com', port=443): Max retries exceeded with url: /pictures/miso/Hosting-53273726/original/be92e612-f364-44be-ac88-9c30211e5afd.jpeg (Caused by NameResolutionError(""<urllib3.connection.HTTPSConnection object at 0x00000232C3B1B500>: Failed to resolve 'a0.muscache.com' ([Errno 11001] getaddrinfo failed)""))"
52903285,https://a0.muscache.com/pictures/miso/Hosting-52903285/original/6a444958-83cd-4443-8025-66cd1a7a6122.jpeg,failed_timeout_or_error,,,0,0,0,,,"HTTPSConnectionPool(host='a0.muscache.com', port=443): Max retries exceeded with url: /pictures/miso/Hosting-52903285/original/6a444958-83cd-4443-8025-66cd1a7a6122.jpeg (Caused by NameResolutionError(""<urllib3.connection.HTTPSConnection object at 0x00000232C3D6A000>: Failed to resolve 'a0.muscache.com' ([Errno 11001] getaddrinfo failed)""))"
52954755,https://a0.muscache.com/pictures/miso/Hosting-52954755/original/9c04f930-4724-4bdc-a278-d3cfb172bd3b.jpeg,failed_timeout_or_error,,,0,0,0,,,"HTTPSConnectionPool(host='a0.muscache.com', port=443): Max retries exceeded with url: /pictures/miso/Hosting-52954755/original/9c04f930-4724-4bdc-a278-d3cfb172bd3b.jpeg (Caused by NameResolutionError(""<urllib3.connection.HTTPSConnection object at 0x00000232C3B1B7A0>: Failed to resolve 'a0.muscache.com' ([Errno 11001] getaddrinfo failed)""))"
52934930,https://a0.muscache.com/pictures/2615624e-bab8-4d0b-9a6a-1b6c02b04740.jpg,failed_timeout_or_error,,,0,0,0,,,"HTTPSConnectionPool(host='a0.muscache.com', port=443): Max retries exceeded with url: /pictures/2615624e-bab8-4d0b-9a6a-1b6c02b04740.jpg (Caused by NameResolutionError(""<urllib3.connection.HTTPSConnection object at 0x00000232C3D6A0F0>: Failed to resolve 'a0.muscache.com' ([Errno 11001] getaddrinfo failed)""))"
53023564,https://a0.muscache.com/pictures/miso/Hosting-53023564/original/ebfb23ee-7958-4511-85a2-4a45a35f8011.jpeg,failed_timeout_or_error,,,0,0,0,,,"HTTPSConnectionPool(host='a0.muscache.com', port=443): Max retries exceeded with url: /pictures/miso/Hosting-53023564/original/ebfb23ee-7958-4511-85a2-4a45a35f8011.jpeg (Caused by NameResolutionError(""<urllib3.connection.HTTPSConnection object at 0x00000232C3CB5610>: Failed to resolve 'a0.muscache.com' ([Errno 11001] getaddrinfo failed)""))"
53289644,https://a0.muscache.com/pictures/19301d0b-7d1f-4224-a8dd-ae0e4f58048b.jpg,failed_timeout_or_error,,,0,0,0,,,"HTTPSConnectionPool(host='a0.muscache.com', port=443): Max retries exceeded with url: /pictures/19301d0b-7d1f-4224-a8dd-ae0e4f58048b.jpg (Caused by NameResolutionError(""<urllib3.connection.HTTPSConnection object at 0x00000232C3CB5F70>: Failed to resolve 'a0.muscache.com' ([Errno 11001] getaddrinfo failed)""))"
52547361,https://a0.muscache.com/pictures/019a4ea9-23c2-4107-842d-3f4cb4d1a04c.jpg,failed_timeout_or_error,,,0,0,0,,,"HTTPSConnectionPool(host='a0.muscache.com', port=443): Max retries exceeded with url: /pictures/019a4ea9-23c2-4107-842d-3f4cb4d1a04c.jpg (Caused by NameResolutionError(""<urllib3.connection.HTTPSConnection object at 0x00000232C3CB4E60>: Failed to resolve 'a0.muscache.com' ([Errno 11001] getaddrinfo failed)""))"
52930950,https://a0.muscache.com/pictures/a7b98cdf-cac3-4d90-a4d3-af2233010fe9.jpg,failed_timeout_or_error,,,0,0,0,,,"HTTPSConnectionPool(host='a0.muscache.com', port=443): Max retries exceeded with url: /pictures/a7b98cdf-cac3-4d90-a4d3-af2233010fe9.jpg (Caused by NameResolutionError(""<urllib3.connection.HTTPSConnection object at 0x00000232C3DA6A80>: Failed to resolve 'a0.muscache.com' ([Errno 11001] getaddrinfo failed)""))"
53142343,https://a0.muscache.com/pictures/miso/Hosting-53142343/original/8e050811-a456-4db8-9d6c-c2ec07a7af3b.jpeg,failed_timeout_or_error,,,0,0,0,,,"HTTPSConnectionPool(host='a0.muscache.com', port=443): Max retries exceeded with url: /pictures/miso/Hosting-53142343/original/8e050811-a456-4db8-9d6c-c2ec07a7af3b.jpeg (Caused by NameResolutionError(""<urllib3.connection.HTTPSConnection object at 0x00000232C3BBA5A0>: Failed to resolve 'a0.muscache.com' ([Errno 11001] getaddrinfo failed)""))"
52947068,https://a0.muscache.com/pictures/b5950006-d050-413f-a82b-f6b20c31047e.jpg,failed_timeout_or_error,,,0,0,0,,,"HTTPSConnectionPool(host='a0.muscache.com', port=443): Max retries exceeded with url: /pictures/b5950006-d050-413f-a82b-f6b20c31047e.jpg (Caused by NameResolutionError(""<urllib3.connection.HTTPSConnection object at 0x00000232C3CE6630>: Failed to resolve 'a0.muscache.com' ([Errno 11001] getaddrinfo failed)""))"
53185452,https://a0.muscache.com/pictures/73c491b4-d7a4-47a6-bbe0-5f3627fea3be.jpg,failed_timeout_or_error,,,0,0,0,,,"HTTPSConnectionPool(host='a0.muscache.com', port=443): Max retries exceeded with url: /pictures/73c491b4-d7a4-47a6-bbe0-5f3627fea3be.jpg (Caused by NameResolutionError(""<urllib3.connection.HTTPSConnection object at 0x00000232C3CB54C0>: Failed to resolve 'a0.muscache.com' ([Errno 11001] getaddrinfo failed)""))"
53093098,https://a0.muscache.com/pictures/miso/Hosting-53093098/original/0f847216-aca6-48ec-98cd-8cbc87dc280c.jpeg,failed_timeout_or_error,,,0,0,0,,,"HTTPSConnectionPool(host='a0.muscache.com', port=443): Max retries exceeded with url: /pictures/miso/Hosting-53093098/original/0f847216-aca6-48ec-98cd-8cbc87dc280c.jpeg (Caused by NameResolutionError(""<urllib3.connection.HTTPSConnection object at 0x00000232C3CB4E60>: Failed to resolve 'a0.muscache.com' ([Errno 11001] getaddrinfo failed)""))"
53144044,https://a0.muscache.com/pictures/prohost-api/Hosting-53144044/original/f58f97c4-bdcd-4d8e-bec2-c1bf4992e66a.jpeg,failed_timeout_or_error,,,0,0,0,,,"HTTPSConnectionPool(host='a0.muscache.com', port=443): Max retries exceeded with url: /pictures/prohost-api/Hosting-53144044/original/f58f97c4-bdcd-4d8e-bec2-c1bf4992e66a.jpeg (Caused by NameResolutionError(""<urllib3.connection.HTTPSConnection object at 0x00000232C3AB4320>: Failed to resolve 'a0.muscache.com' ([Errno 11001] getaddrinfo failed)""))"
53395590,https://a0.muscache.com/pictures/prohost-api/Hosting-53395590/original/2b68e72d-fdf8-411d-bd06-07ad1d568644.jpeg,failed_timeout_or_error,,,0,0,0,,,"HTTPSConnectionPool(host='a0.muscache.com', port=443): Max retries exceeded with url: /pictures/prohost-api/Hosting-53395590/original/2b68e72d-fdf8-411d-bd06-07ad1d568644.jpeg (Caused by NameResolutionError(""<urllib3.connection.HTTPSConnection object at 0x00000232C3AB7BC0>: Failed to resolve 'a0.muscache.com' ([Errno 11001] getaddrinfo failed)""))"
53125580,https://a0.muscache.com/pictures/prohost-api/Hosting-53125580/original/618471f2-b153-4766-9b8f-6276ff3462ea.jpeg,failed_timeout_or_error,,,0,0,0,,,"HTTPSConnectionPool(host='a0.muscache.com', port=443): Max retries exceeded with url: /pictures/prohost-api/Hosting-53125580/original/618471f2-b153-4766-9b8f-6276ff3462ea.jpeg (Caused by NameResolutionError(""<urllib3.connection.HTTPSConnection object at 0x00000232C3D40500>: Failed to resolve 'a0.muscache.com' ([Errno 11001] getaddrinfo failed)""))"
52925881,https://a0.muscache.com/pictures/miso/Hosting-52925881/original/6b098842-be5d-4ccf-b1b8-b17b7165bcc7.jpeg,failed_timeout_or_error,,,0,0,0,,,"HTTPSConnectionPool(host='a0.muscache.com', port=443): Max retries exceeded with url: /pictures/miso/Hosting-52925881/original/6b098842-be5d-4ccf-b1b8-b17b7165bcc7.jpeg (Caused by NameResolutionError(""<urllib3.connection.HTTPSConnection object at 0x00000232C3D6A7B0>: Failed to resolve 'a0.muscache.com' ([Errno 11001] getaddrinfo failed)""))"
53179175,https://a0.muscache.com/pictures/miso/Hosting-53179175/original/5cb147a8-2e0a-4b6e-984c-3905b6af87a6.jpeg,failed_timeout_or_error,,,0,0,0,,,"HTTPSConnectionPool(host='a0.muscache.com', port=443): Max retries exceeded with url: /pictures/miso/Hosting-53179175/original/5cb147a8-2e0a-4b6e-984c-3905b6af87a6.jpeg (Caused by NameResolutionError(""<urllib3.connection.HTTPSConnection object at 0x00000232C3CB4890>: Failed to resolve 'a0.muscache.com' ([Errno 11001] getaddrinfo failed)""))"
53281106,https://a0.muscache.com/pictures/miso/Hosting-53281106/original/fb5d5308-bc24-4bf6-bd13-de55cea71701.png,failed_timeout_or_error,,,0,0,0,,,"HTTPSConnectionPool(host='a0.muscache.com', port=443): Max retries exceeded with url: /pictures/miso/Hosting-53281106/original/fb5d5308-bc24-4bf6-bd13-de55cea71701.png (Caused by NameResolutionError(""<urllib3.connection.HTTPSConnection object at 0x00000232C3CB5970>: Failed to resolve 'a0.muscache.com' ([Errno 11001] getaddrinfo failed)""))"
53310406,https://a0.muscache.com/pictures/miso/Hosting-53310406/original/aa372eea-0528-41c3-93b0-b76d808033a9.jpeg,failed_timeout_or_error,,,0,0,0,,,"HTTPSConnectionPool(host='a0.muscache.com', port=443): Max retries exceeded with url: /pictures/miso/Hosting-53310406/original/aa372eea-0528-41c3-93b0-b76d808033a9.jpeg (Caused by NameResolutionError(""<urllib3.connection.HTTPSConnection object at 0x00000232C3AB5A30>: Failed to resolve 'a0.muscache.com' ([Errno 11001] getaddrinfo failed)""))"
53290509,https://a0.muscache.com/pictures/prohost-api/Hosting-53290509/original/6c49fa98-9f27-45a8-a87d-c287eabd8a25.jpeg,failed_timeout_or_error,,,0,0,0,,,"HTTPSConnectionPool(host='a0.muscache.com', port=443): Max retries exceeded with url: /pictures/prohost-api/Hosting-53290509/original/6c49fa98-9f27-45a8-a87d-c287eabd8a25.jpeg (Caused by NameResolutionError(""<urllib3.connection.HTTPSConnection object at 0x00000232C3B18C50>: Failed to resolve 'a0.muscache.com' ([Errno 11001] getaddrinfo failed)""))"
53281129,https://a0.muscache.com/pictures/a07cd164-567b-40e1-9041-2e3059557402.jpg,failed_timeout_or_error,,,0,0,0,,,"HTTPSConnectionPool(host='a0.muscache.com', port=443): Max retries exceeded with url: /pictures/a07cd164-567b-40e1-9041-2e3059557402.jpg (Caused by NameResolutionError(""<urllib3.connection.HTTPSConnection object at 0x00000232C3D33F20>: Failed to resolve 'a0.muscache.com' ([Errno 11001] getaddrinfo failed)""))"
53541540,https://a0.muscache.com/pictures/b0ff041d-c677-4862-9fbe-953046713f6f.jpg,failed_timeout_or_error,,,0,0,0,,,"HTTPSConnectionPool(host='a0.muscache.com', port=443): Max retries exceeded with url: /pictures/b0ff041d-c677-4862-9fbe-953046713f6f.jpg (Caused by NameResolutionError(""<urllib3.connection.HTTPSConnection object at 0x00000232C3B1A4B0>: Failed to resolve 'a0.muscache.com' ([Errno 11001] getaddrinfo failed)""))"
53430884,https://a0.muscache.com/pictures/862998ba-b75c-43ee-bc8a-29b06f2099a1.jpg,failed_timeout_or_error,,,0,0,0,,,"HTTPSConnectionPool(host='a0.muscache.com', port=443): Max retries exceeded with url: /pictures/862998ba-b75c-43ee-bc8a-29b06f2099a1.jpg (Caused by NameResolutionError(""<urllib3.connection.HTTPSConnection object at 0x00000232C3AB4770>: Failed to resolve 'a0.muscache.com' ([Errno 11001] getaddrinfo failed)""))"
53699931,https://a0.muscache.com/pictures/miso/Hosting-53699931/original/d36cd33b-a239-4e16-b65d-9760792c2ea9.jpeg,failed_timeout_or_error,,,0,0,0,,,"HTTPSConnectionPool(host='a0.muscache.com', port=443): Max retries exceeded with url: /pictures/miso/Hosting-53699931/original/d36cd33b-a239-4e16-b65d-9760792c2ea9.jpeg (Caused by NameResolutionError(""<urllib3.connection.HTTPSConnection object at 0x00000232C3D84230>: Failed to resolve 'a0.muscache.com' ([Errno 11001] getaddrinfo failed)""))"
53032790,https://a0.muscache.com/pictures/d0d52f63-a0fc-4ee5-8a2a-22d803bb724b.jpg,failed_timeout_or_error,,,0,0,0,,,"HTTPSConnectionPool(host='a0.muscache.com', port=443): Max retries exceeded with url: /pictures/d0d52f63-a0fc-4ee5-8a2a-22d803bb724b.jpg (Caused by NameResolutionError(""<urllib3.connection.HTTPSConnection object at 0x00000232C3D87590>: Failed to resolve 'a0.muscache.com' ([Errno 11001] getaddrinfo failed)""))"
53495721,https://a0.muscache.com/pictures/b93cd568-e2ab-4d7b-a953-fba9cd291386.jpg,failed_timeout_or_error,,,0,0,0,,,"HTTPSConnectionPool(host='a0.muscache.com', port=443): Max retries exceeded with url: /pictures/b93cd568-e2ab-4d7b-a953-fba9cd291386.jpg (Caused by NameResolutionError(""<urllib3.connection.HTTPSConnection object at 0x00000232C3CB5100>: Failed to resolve 'a0.muscache.com' ([Errno 11001] getaddrinfo failed)""))"
53295582,https://a0.muscache.com/pictures/222fb1c3-e1b3-4ea8-a567-fde2b6c882d3.jpg,failed_timeout_or_error,,,0,0,0,,,"HTTPSConnectionPool(host='a0.muscache.com', port=443): Max retries exceeded with url: /pictures/222fb1c3-e1b3-4ea8-a567-fde2b6c882d3.jpg (Caused by NameResolutionError(""<urllib3.connection.HTTPSConnection object at 0x00000232C3D86C60>: Failed to resolve 'a0.muscache.com' ([Errno 11001] getaddrinfo failed)""))"
53092220,https://a0.muscache.com/pictures/miso/Hosting-53092220/original/bbefa3c0-b55c-4de0-819c-ce90bb2a9c17.jpeg,failed_timeout_or_error,,,0,0,0,,,"HTTPSConnectionPool(host='a0.muscache.com', port=443): Max retries exceeded with url: /pictures/miso/Hosting-53092220/original/bbefa3c0-b55c-4de0-819c-ce90bb2a9c17.jpeg (Caused by NameResolutionError(""<urllib3.connection.HTTPSConnection object at 0x00000232C3D864B0>: Failed to resolve 'a0.muscache.com' ([Errno 11001] getaddrinfo failed)""))"
53558640,https://a0.muscache.com/pictures/miso/Hosting-53558640/original/92b44f93-0a29-4469-9fa5-176334a98b52.jpeg,failed_timeout_or_error,,,0,0,0,,,"HTTPSConnectionPool(host='a0.muscache.com', port=443): Max retries exceeded with url: /pictures/miso/Hosting-53558640/original/92b44f93-0a29-4469-9fa5-176334a98b52.jpeg (Caused by NameResolutionError(""<urllib3.connection.HTTPSConnection object at 0x00000232C3D846B0>: Failed to resolve 'a0.muscache.com' ([Errno 11001] getaddrinfo failed)""))"
53457824,https://a0.muscache.com/pictures/miso/Hosting-53457824/original/accc3df1-c90a-42f7-9840-0cc473dc7a3f.jpeg,failed_timeout_or_error,,,0,0,0,,,"HTTPSConnectionPool(host='a0.muscache.com', port=443): Max retries exceeded with url: /pictures/miso/Hosting-53457824/original/accc3df1-c90a-42f7-9840-0cc473dc7a3f.jpeg (Caused by NameResolutionError(""<urllib3.connection.HTTPSConnection object at 0x00000232C3CB7E00>: Failed to resolve 'a0.muscache.com' ([Errno 11001] getaddrinfo failed)""))"
53671909,https://a0.muscache.com/pictures/miso/Hosting-53671909/original/aaa87df0-7960-4e15-b0c2-fb2844c8e130.jpeg,failed_timeout_or_error,,,0,0,0,,,"HTTPSConnectionPool(host='a0.muscache.com', port=443): Max retries exceeded with url: /pictures/miso/Hosting-53671909/original/aaa87df0-7960-4e15-b0c2-fb2844c8e130.jpeg (Caused by NameResolutionError(""<urllib3.connection.HTTPSConnection object at 0x00000232C3D6A000>: Failed to resolve 'a0.muscache.com' ([Errno 11001] getaddrinfo failed)""))"
53630595,https://a0.muscache.com/pictures/fd9e6d04-a3d3-44b4-ba76-ab2851fd855e.jpg,failed_timeout_or_error,,,0,0,0,,,"HTTPSConnectionPool(host='a0.muscache.com', port=443): Max retries exceeded with url: /pictures/fd9e6d04-a3d3-44b4-ba76-ab2851fd855e.jpg (Caused by NameResolutionError(""<urllib3.connection.HTTPSConnection object at 0x00000232C3C872F0>: Failed to resolve 'a0.muscache.com' ([Errno 11001] getaddrinfo failed)""))"
53506726,https://a0.muscache.com/pictures/b68a1365-bc6b-4d66-b7f9-8167d082b48f.jpg,failed_timeout_or_error,,,0,0,0,,,"HTTPSConnectionPool(host='a0.muscache.com', port=443): Max retries exceeded with url: /pictures/b68a1365-bc6b-4d66-b7f9-8167d082b48f.jpg (Caused by NameResolutionError(""<urllib3.connection.HTTPSConnection object at 0x00000232C3CB5D60>: Failed to resolve 'a0.muscache.com' ([Errno 11001] getaddrinfo failed)""))"
53606793,https://a0.muscache.com/pictures/miso/Hosting-53606793/original/ca825831-e138-4e13-968e-124c937e92b5.jpeg,failed_timeout_or_error,,,0,0,0,,,"HTTPSConnectionPool(host='a0.muscache.com', port=443): Max retries exceeded with url: /pictures/miso/Hosting-53606793/original/ca825831-e138-4e13-968e-124c937e92b5.jpeg (Caused by NameResolutionError(""<urllib3.connection.HTTPSConnection object at 0x00000232C3D85C70>: Failed to resolve 'a0.muscache.com' ([Errno 11001] getaddrinfo failed)""))"
53722335,https://a0.muscache.com/pictures/prohost-api/Hosting-53722335/original/d8b0be8d-3119-4db3-bbda-23f3fa179e5e.jpeg,failed_timeout_or_error,,,0,0,0,,,"HTTPSConnectionPool(host='a0.muscache.com', port=443): Max retries exceeded with url: /pictures/prohost-api/Hosting-53722335/original/d8b0be8d-3119-4db3-bbda-23f3fa179e5e.jpeg (Caused by NameResolutionError(""<urllib3.connection.HTTPSConnection object at 0x00000232C3C84F50>: Failed to resolve 'a0.muscache.com' ([Errno 11001] getaddrinfo failed)""))"
53982481,https://a0.muscache.com/pictures/miso/Hosting-53982481/original/9bde8163-a8ff-4837-b85b-d218f1d80985.jpeg,failed_timeout_or_error,,,0,0,0,,,"HTTPSConnectionPool(host='a0.muscache.com', port=443): Max retries exceeded with url: /pictures/miso/Hosting-53982481/original/9bde8163-a8ff-4837-b85b-d218f1d80985.jpeg (Caused by NameResolutionError(""<urllib3.connection.HTTPSConnection object at 0x00000232C3D407A0>: Failed to resolve 'a0.muscache.com' ([Errno 11001] getaddrinfo failed)""))"
53547976,https://a0.muscache.com/pictures/miso/Hosting-53547976/original/51a98fdf-fcba-4871-afd3-e917f3944e85.jpeg,failed_timeout_or_error,,,0,0,0,,,"HTTPSConnectionPool(host='a0.muscache.com', port=443): Max retries exceeded with url: /pictures/miso/Hosting-53547976/original/51a98fdf-fcba-4871-afd3-e917f3944e85.jpeg (Caused by NameResolutionError(""<urllib3.connection.HTTPSConnection object at 0x00000232C3C85040>: Failed to resolve 'a0.muscache.com' ([Errno 11001] getaddrinfo failed)""))"
54006442,https://a0.muscache.com/pictures/0499b4f6-623a-4146-af2a-1fa2514112ce.jpg,failed_timeout_or_error,,,0,0,0,,,"HTTPSConnectionPool(host='a0.muscache.com', port=443): Max retries exceeded with url: /pictures/0499b4f6-623a-4146-af2a-1fa2514112ce.jpg (Caused by NameResolutionError(""<urllib3.connection.HTTPSConnection object at 0x00000232C3C87B60>: Failed to resolve 'a0.muscache.com' ([Errno 11001] getaddrinfo failed)""))"
53857546,https://a0.muscache.com/pictures/prohost-api/Hosting-53857546/original/ef1f5631-f872-489a-a4b6-1776e756103a.jpeg,failed_timeout_or_error,,,0,0,0,,,"HTTPSConnectionPool(host='a0.muscache.com', port=443): Max retries exceeded with url: /pictures/prohost-api/Hosting-53857546/original/ef1f5631-f872-489a-a4b6-1776e756103a.jpeg (Caused by NameResolutionError(""<urllib3.connection.HTTPSConnection object at 0x00000232C4069670>: Failed to resolve 'a0.muscache.com' ([Errno 11001] getaddrinfo failed)""))"
53725477,https://a0.muscache.com/pictures/miso/Hosting-53725477/original/679a7176-c3bd-4b07-a020-5f3a4126bb0b.jpeg,failed_timeout_or_error,,,0,0,0,,,"HTTPSConnectionPool(host='a0.muscache.com', port=443): Max retries exceeded with url: /pictures/miso/Hosting-53725477/original/679a7176-c3bd-4b07-a020-5f3a4126bb0b.jpeg (Caused by NameResolutionError(""<urllib3.connection.HTTPSConnection object at 0x00000232C4068B90>: Failed to resolve 'a0.muscache.com' ([Errno 11001] getaddrinfo failed)""))"
53834698,https://a0.muscache.com/pictures/prohost-api/Hosting-53834698/original/6ebf23a1-0833-4604-b754-34a5ab3d96e2.jpeg,failed_timeout_or_error,,,0,0,0,,,"HTTPSConnectionPool(host='a0.muscache.com', port=443): Max retries exceeded with url: /pictures/prohost-api/Hosting-53834698/original/6ebf23a1-0833-4604-b754-34a5ab3d96e2.jpeg (Caused by NameResolutionError(""<urllib3.connection.HTTPSConnection object at 0x00000232C406A6F0>: Failed to resolve 'a0.muscache.com' ([Errno 11001] getaddrinfo failed)""))"
53570070,https://a0.muscache.com/pictures/miso/Hosting-53570070/original/90dff37b-9e5b-4030-994b-5285d4f69566.jpeg,failed_timeout_or_error,,,0,0,0,,,"HTTPSConnectionPool(host='a0.muscache.com', port=443): Max retries exceeded with url: /pictures/miso/Hosting-53570070/original/90dff37b-9e5b-4030-994b-5285d4f69566.jpeg (Caused by NameResolutionError(""<urllib3.connection.HTTPSConnection object at 0x00000232C40690D0>: Failed to resolve 'a0.muscache.com' ([Errno 11001] getaddrinfo failed)""))"
54065879,https://a0.muscache.com/pictures/miso/Hosting-54065879/original/9a217279-edfb-4693-bedb-fc3f27fc5dbc.jpeg,failed_timeout_or_error,,,0,0,0,,,"HTTPSConnectionPool(host='a0.muscache.com', port=443): Max retries exceeded with url: /pictures/miso/Hosting-54065879/original/9a217279-edfb-4693-bedb-fc3f27fc5dbc.jpeg (Caused by NameResolutionError(""<urllib3.connection.HTTPSConnection object at 0x00000232C3C86E10>: Failed to resolve 'a0.muscache.com' ([Errno 11001] getaddrinfo failed)""))"
53784952,https://a0.muscache.com/pictures/miso/Hosting-53784952/original/fb540009-d910-492d-973c-f482a11df95c.jpeg,failed_timeout_or_error,,,0,0,0,,,"HTTPSConnectionPool(host='a0.muscache.com', port=443): Max retries exceeded with url: /pictures/miso/Hosting-53784952/original/fb540009-d910-492d-973c-f482a11df95c.jpeg (Caused by NameResolutionError(""<urllib3.connection.HTTPSConnection object at 0x00000232C3C09C40>: Failed to resolve 'a0.muscache.com' ([Errno 11001] getaddrinfo failed)""))"
54213514,https://a0.muscache.com/pictures/miso/Hosting-54213514/original/56372bbf-181b-4052-81cc-ee9ca8650263.jpeg,failed_timeout_or_error,,,0,0,0,,,"HTTPSConnectionPool(host='a0.muscache.com', port=443): Max retries exceeded with url: /pictures/miso/Hosting-54213514/original/56372bbf-181b-4052-81cc-ee9ca8650263.jpeg (Caused by NameResolutionError(""<urllib3.connection.HTTPSConnection object at 0x00000232C40693D0>: Failed to resolve 'a0.muscache.com' ([Errno 11001] getaddrinfo failed)""))"
53810860,https://a0.muscache.com/pictures/a30f5881-cb50-441e-bcc9-1463f5fcf5b6.jpg,failed_timeout_or_error,,,0,0,0,,,"HTTPSConnectionPool(host='a0.muscache.com', port=443): Max retries exceeded with url: /pictures/a30f5881-cb50-441e-bcc9-1463f5fcf5b6.jpg (Caused by NameResolutionError(""<urllib3.connection.HTTPSConnection object at 0x00000232C40F8D70>: Failed to resolve 'a0.muscache.com' ([Errno 11001] getaddrinfo failed)""))"
53845486,https://a0.muscache.com/pictures/prohost-api/Hosting-53845486/original/9869e32b-99c1-40f8-b347-86190d2ba4e2.jpeg,failed_timeout_or_error,,,0,0,0,,,"HTTPSConnectionPool(host='a0.muscache.com', port=443): Max retries exceeded with url: /pictures/prohost-api/Hosting-53845486/original/9869e32b-99c1-40f8-b347-86190d2ba4e2.jpeg (Caused by NameResolutionError(""<urllib3.connection.HTTPSConnection object at 0x00000232C3D85D30>: Failed to resolve 'a0.muscache.com' ([Errno 11001] getaddrinfo failed)""))"
53643185,https://a0.muscache.com/pictures/b6259754-0302-47a7-bdb2-c9f50136344c.jpg,failed_timeout_or_error,,,0,0,0,,,"HTTPSConnectionPool(host='a0.muscache.com', port=443): Max retries exceeded with url: /pictures/b6259754-0302-47a7-bdb2-c9f50136344c.jpg (Caused by NameResolutionError(""<urllib3.connection.HTTPSConnection object at 0x00000232C3CB5D60>: Failed to resolve 'a0.muscache.com' ([Errno 11001] getaddrinfo failed)""))"
54229794,https://a0.muscache.com/pictures/f433b991-f979-4c0b-8e31-de1dd8285133.jpg,failed_timeout_or_error,,,0,0,0,,,"HTTPSConnectionPool(host='a0.muscache.com', port=443): Max retries exceeded with url: /pictures/f433b991-f979-4c0b-8e31-de1dd8285133.jpg (Caused by NameResolutionError(""<urllib3.connection.HTTPSConnection object at 0x00000232C406A330>: Failed to resolve 'a0.muscache.com' ([Errno 11001] getaddrinfo failed)""))"
53690085,https://a0.muscache.com/pictures/miso/Hosting-53690085/original/9a54a2e7-8f09-4503-b939-945c1a125251.jpeg,failed_timeout_or_error,,,0,0,0,,,"HTTPSConnectionPool(host='a0.muscache.com', port=443): Max retries exceeded with url: /pictures/miso/Hosting-53690085/original/9a54a2e7-8f09-4503-b939-945c1a125251.jpeg (Caused by NameResolutionError(""<urllib3.connection.HTTPSConnection object at 0x00000232C40695B0>: Failed to resolve 'a0.muscache.com' ([Errno 11001] getaddrinfo failed)""))"
53793198,https://a0.muscache.com/pictures/miso/Hosting-53793198/original/9882a968-1b22-4ae6-8f51-dfc503564a44.jpeg,failed_timeout_or_error,,,0,0,0,,,"HTTPSConnectionPool(host='a0.muscache.com', port=443): Max retries exceeded with url: /pictures/miso/Hosting-53793198/original/9882a968-1b22-4ae6-8f51-dfc503564a44.jpeg (Caused by NameResolutionError(""<urllib3.connection.HTTPSConnection object at 0x00000232C3C08140>: Failed to resolve 'a0.muscache.com' ([Errno 11001] getaddrinfo failed)""))"
53643250,https://a0.muscache.com/pictures/miso/Hosting-53643250/original/31f7cfe3-4661-490f-9180-bd6e38c5a33b.jpeg,failed_timeout_or_error,,,0,0,0,,,"HTTPSConnectionPool(host='a0.muscache.com', port=443): Max retries exceeded with url: /pictures/miso/Hosting-53643250/original/31f7cfe3-4661-490f-9180-bd6e38c5a33b.jpeg (Caused by NameResolutionError(""<urllib3.connection.HTTPSConnection object at 0x00000232C3C87B90>: Failed to resolve 'a0.muscache.com' ([Errno 11001] getaddrinfo failed)""))"
54021424,https://a0.muscache.com/pictures/prohost-api/Hosting-54021424/original/254d92fb-1fc9-4484-a558-e10e77d13e39.png,failed_timeout_or_error,,,0,0,0,,,"HTTPSConnectionPool(host='a0.muscache.com', port=443): Max retries exceeded with url: /pictures/prohost-api/Hosting-54021424/original/254d92fb-1fc9-4484-a558-e10e77d13e39.png (Caused by NameResolutionError(""<urllib3.connection.HTTPSConnection object at 0x00000232C40F8920>: Failed to resolve 'a0.muscache.com' ([Errno 11001] getaddrinfo failed)""))"
53742409,https://a0.muscache.com/pictures/miso/Hosting-53742409/original/d81881bd-ad06-4ee4-bc39-a08639189c3a.jpeg,failed_timeout_or_error,,,0,0,0,,,"HTTPSConnectionPool(host='a0.muscache.com', port=443): Max retries exceeded with url: /pictures/miso/Hosting-53742409/original/d81881bd-ad06-4ee4-bc39-a08639189c3a.jpeg (Caused by NameResolutionError(""<urllib3.connection.HTTPSConnection object at 0x00000232C40FAD80>: Failed to resolve 'a0.muscache.com' ([Errno 11001] getaddrinfo failed)""))"
54320316,https://a0.muscache.com/pictures/miso/Hosting-54320316/original/8091efb8-1ed2-4979-9f96-623c15dc1fb3.jpeg,failed_timeout_or_error,,,0,0,0,,,"HTTPSConnectionPool(host='a0.muscache.com', port=443): Max retries exceeded with url: /pictures/miso/Hosting-54320316/original/8091efb8-1ed2-4979-9f96-623c15dc1fb3.jpeg (Caused by NameResolutionError(""<urllib3.connection.HTTPSConnection object at 0x00000232C3CA43B0>: Failed to resolve 'a0.muscache.com' ([Errno 11001] getaddrinfo failed)""))"
54279055,https://a0.muscache.com/pictures/miso/Hosting-54279055/original/4c966d77-ca18-43bb-bdc3-f75a21106f18.jpeg,failed_timeout_or_error,,,0,0,0,,,"HTTPSConnectionPool(host='a0.muscache.com', port=443): Max retries exceeded with url: /pictures/miso/Hosting-54279055/original/4c966d77-ca18-43bb-bdc3-f75a21106f18.jpeg (Caused by NameResolutionError(""<urllib3.connection.HTTPSConnection object at 0x00000232C4069B50>: Failed to resolve 'a0.muscache.com' ([Errno 11001] getaddrinfo failed)""))"
54072884,https://a0.muscache.com/pictures/5dc028a9-5f6d-4c0d-9a68-64bdaea0ae81.jpg,failed_timeout_or_error,,,0,0,0,,,"HTTPSConnectionPool(host='a0.muscache.com', port=443): Max retries exceeded with url: /pictures/5dc028a9-5f6d-4c0d-9a68-64bdaea0ae81.jpg (Caused by NameResolutionError(""<urllib3.connection.HTTPSConnection object at 0x00000232C3C84080>: Failed to resolve 'a0.muscache.com' ([Errno 11001] getaddrinfo failed)""))"
54353223,https://a0.muscache.com/pictures/miso/Hosting-54353223/original/af44a06c-0517-4997-bb85-b67097ef35fe.jpeg,failed_timeout_or_error,,,0,0,0,,,"HTTPSConnectionPool(host='a0.muscache.com', port=443): Max retries exceeded with url: /pictures/miso/Hosting-54353223/original/af44a06c-0517-4997-bb85-b67097ef35fe.jpeg (Caused by NameResolutionError(""<urllib3.connection.HTTPSConnection object at 0x00000232C40FBAD0>: Failed to resolve 'a0.muscache.com' ([Errno 11001] getaddrinfo failed)""))"
53864962,https://a0.muscache.com/pictures/miso/Hosting-53864962/original/6d37f15c-967a-4880-a5fd-894cfdf60a06.jpeg,failed_timeout_or_error,,,0,0,0,,,"HTTPSConnectionPool(host='a0.muscache.com', port=443): Max retries exceeded with url: /pictures/miso/Hosting-53864962/original/6d37f15c-967a-4880-a5fd-894cfdf60a06.jpeg (Caused by NameResolutionError(""<urllib3.connection.HTTPSConnection object at 0x00000232C406B7D0>: Failed to resolve 'a0.muscache.com' ([Errno 11001] getaddrinfo failed)""))"
547272314069872257,https://a0.muscache.com/pictures/miso/Hosting-547272314069872257/original/4d05322f-6d94-4ba9-8cbf-0ebd27e05e95.jpeg,failed_timeout_or_error,,,0,0,0,,,"HTTPSConnectionPool(host='a0.muscache.com', port=443): Max retries exceeded with url: /pictures/miso/Hosting-547272314069872257/original/4d05322f-6d94-4ba9-8cbf-0ebd27e05e95.jpeg (Caused by NameResolutionError(""<urllib3.connection.HTTPSConnection object at 0x00000232C40F95E0>: Failed to resolve 'a0.muscache.com' ([Errno 11001] getaddrinfo failed)""))"
54050039,https://a0.muscache.com/pictures/miso/Hosting-54050039/original/eaf29959-65f0-403b-8ebe-7e3e315a929c.jpeg,failed_timeout_or_error,,,0,0,0,,,"HTTPSConnectionPool(host='a0.muscache.com', port=443): Max retries exceeded with url: /pictures/miso/Hosting-54050039/original/eaf29959-65f0-403b-8ebe-7e3e315a929c.jpeg (Caused by NameResolutionError(""<urllib3.connection.HTTPSConnection object at 0x00000232C40F9FD0>: Failed to resolve 'a0.muscache.com' ([Errno 11001] getaddrinfo failed)""))"
54044781,https://a0.muscache.com/pictures/0a78fc29-6cb5-4fc3-b16f-6ecec4eebb31.jpg,failed_timeout_or_error,,,0,0,0,,,"HTTPSConnectionPool(host='a0.muscache.com', port=443): Max retries exceeded with url: /pictures/0a78fc29-6cb5-4fc3-b16f-6ecec4eebb31.jpg (Caused by NameResolutionError(""<urllib3.connection.HTTPSConnection object at 0x00000232C40FB440>: Failed to resolve 'a0.muscache.com' ([Errno 11001] getaddrinfo failed)""))"
54314797,https://a0.muscache.com/pictures/miso/Hosting-54314797/original/40000544-cb54-467a-9161-40fe8a7b7282.jpeg,failed_timeout_or_error,,,0,0,0,,,"HTTPSConnectionPool(host='a0.muscache.com', port=443): Max retries exceeded with url: /pictures/miso/Hosting-54314797/original/40000544-cb54-467a-9161-40fe8a7b7282.jpeg (Caused by NameResolutionError(""<urllib3.connection.HTTPSConnection object at 0x00000232C3DA3860>: Failed to resolve 'a0.muscache.com' ([Errno 11001] getaddrinfo failed)""))"
54406242,https://a0.muscache.com/pictures/miso/Hosting-54406242/original/d0932f20-b530-400b-be74-0e7d1868a8d1.jpeg,failed_timeout_or_error,,,0,0,0,,,"HTTPSConnectionPool(host='a0.muscache.com', port=443): Max retries exceeded with url: /pictures/miso/Hosting-54406242/original/d0932f20-b530-400b-be74-0e7d1868a8d1.jpeg (Caused by NameResolutionError(""<urllib3.connection.HTTPSConnection object at 0x00000232C3DA3A40>: Failed to resolve 'a0.muscache.com' ([Errno 11001] getaddrinfo failed)""))"
554287486404930872,https://a0.muscache.com/pictures/prohost-api/Hosting-554287486404930872/original/7e0c2357-55c2-495a-ae5d-855cfc2a20e5.jpeg,failed_timeout_or_error,,,0,0,0,,,"HTTPSConnectionPool(host='a0.muscache.com', port=443): Max retries exceeded with url: /pictures/prohost-api/Hosting-554287486404930872/original/7e0c2357-55c2-495a-ae5d-855cfc2a20e5.jpeg (Caused by NameResolutionError(""<urllib3.connection.HTTPSConnection object at 0x00000232C3C848F0>: Failed to resolve 'a0.muscache.com' ([Errno 11001] getaddrinfo failed)""))"
554287419576797730,https://a0.muscache.com/pictures/prohost-api/Hosting-554287419576797730/original/ddfd90f5-61e5-429b-aa83-ba37bc9eace8.jpeg,failed_timeout_or_error,,,0,0,0,,,"HTTPSConnectionPool(host='a0.muscache.com', port=443): Max retries exceeded with url: /pictures/prohost-api/Hosting-554287419576797730/original/ddfd90f5-61e5-429b-aa83-ba37bc9eace8.jpeg (Caused by NameResolutionError(""<urllib3.connection.HTTPSConnection object at 0x00000232C3D85F10>: Failed to resolve 'a0.muscache.com' ([Errno 11001] getaddrinfo failed)""))"
549171551202496840,https://a0.muscache.com/pictures/miso/Hosting-549171551202496840/original/618c4a60-1730-4741-935f-f17853f0eeaf.jpeg,failed_timeout_or_error,,,0,0,0,,,"HTTPSConnectionPool(host='a0.muscache.com', port=443): Max retries exceeded with url: /pictures/miso/Hosting-549171551202496840/original/618c4a60-1730-4741-935f-f17853f0eeaf.jpeg (Caused by NameResolutionError(""<urllib3.connection.HTTPSConnection object at 0x00000232C3DA0110>: Failed to resolve 'a0.muscache.com' ([Errno 11001] getaddrinfo failed)""))"
554287234247934283,https://a0.muscache.com/pictures/prohost-api/Hosting-554287234247934283/original/a51a625f-ed2e-47ee-bc15-5b1027e2d9d7.jpeg,failed_timeout_or_error,,,0,0,0,,,"HTTPSConnectionPool(host='a0.muscache.com', port=443): Max retries exceeded with url: /pictures/prohost-api/Hosting-554287234247934283/original/a51a625f-ed2e-47ee-bc15-5b1027e2d9d7.jpeg (Caused by NameResolutionError(""<urllib3.connection.HTTPSConnection object at 0x00000232C3D40E30>: Failed to resolve 'a0.muscache.com' ([Errno 11001] getaddrinfo failed)""))"
54276053,https://a0.muscache.com/pictures/miso/Hosting-54276053/original/2fc0cb9f-0011-4bb3-a410-e9a9cc766219.png,failed_timeout_or_error,,,0,0,0,,,"HTTPSConnectionPool(host='a0.muscache.com', port=443): Max retries exceeded with url: /pictures/miso/Hosting-54276053/original/2fc0cb9f-0011-4bb3-a410-e9a9cc766219.png (Caused by NameResolutionError(""<urllib3.connection.HTTPSConnection object at 0x00000232C3CA5280>: Failed to resolve 'a0.muscache.com' ([Errno 11001] getaddrinfo failed)""))"
551423603343357575,https://a0.muscache.com/pictures/prohost-api/Hosting-551423603343357575/original/f988f71d-264d-4b91-ad33-f1ba598f615a.jpeg,failed_timeout_or_error,,,0,0,0,,,"HTTPSConnectionPool(host='a0.muscache.com', port=443): Max retries exceeded with url: /pictures/prohost-api/Hosting-551423603343357575/original/f988f71d-264d-4b91-ad33-f1ba598f615a.jpeg (Caused by NameResolutionError(""<urllib3.connection.HTTPSConnection object at 0x00000232C3DA3770>: Failed to resolve 'a0.muscache.com' ([Errno 11001] getaddrinfo failed)""))"
54326499,https://a0.muscache.com/pictures/miso/Hosting-54326499/original/a0ee17cb-2a94-4a1b-aae3-eab4297122ce.jpeg,failed_timeout_or_error,,,0,0,0,,,"HTTPSConnectionPool(host='a0.muscache.com', port=443): Max retries exceeded with url: /pictures/miso/Hosting-54326499/original/a0ee17cb-2a94-4a1b-aae3-eab4297122ce.jpeg (Caused by NameResolutionError(""<urllib3.connection.HTTPSConnection object at 0x00000232C3D421E0>: Failed to resolve 'a0.muscache.com' ([Errno 11001] getaddrinfo failed)""))"
554759394399258737,https://a0.muscache.com/pictures/prohost-api/Hosting-554759394399258737/original/191aa347-c77c-48f6-97db-b0c8476bbd33.jpeg,failed_timeout_or_error,,,0,0,0,,,"HTTPSConnectionPool(host='a0.muscache.com', port=443): Max retries exceeded with url: /pictures/prohost-api/Hosting-554759394399258737/original/191aa347-c77c-48f6-97db-b0c8476bbd33.jpeg (Caused by NameResolutionError(""<urllib3.connection.HTTPSConnection object at 0x00000232C3B1B9B0>: Failed to resolve 'a0.muscache.com' ([Errno 11001] getaddrinfo failed)""))"
552154644562670350,https://a0.muscache.com/pictures/prohost-api/Hosting-552154644562670350/original/c2428520-e667-437a-8ca9-9981a718a768.jpeg,failed_timeout_or_error,,,0,0,0,,,"HTTPSConnectionPool(host='a0.muscache.com', port=443): Max retries exceeded with url: /pictures/prohost-api/Hosting-552154644562670350/original/c2428520-e667-437a-8ca9-9981a718a768.jpeg (Caused by NameResolutionError(""<urllib3.connection.HTTPSConnection object at 0x00000232C3C0A540>: Failed to resolve 'a0.muscache.com' ([Errno 11001] getaddrinfo failed)""))"
548708984302517493,https://a0.muscache.com/pictures/a638911a-959c-40f2-af01-eb149811e8f7.jpg,failed_timeout_or_error,,,0,0,0,,,"HTTPSConnectionPool(host='a0.muscache.com', port=443): Max retries exceeded with url: /pictures/a638911a-959c-40f2-af01-eb149811e8f7.jpg (Caused by NameResolutionError(""<urllib3.connection.HTTPSConnection object at 0x00000232C3CE7620>: Failed to resolve 'a0.muscache.com' ([Errno 11001] getaddrinfo failed)""))"
554287733342215871,https://a0.muscache.com/pictures/prohost-api/Hosting-554287733342215871/original/952a930e-e1b4-463d-9652-71028eec4e0f.jpeg,failed_timeout_or_error,,,0,0,0,,,"HTTPSConnectionPool(host='a0.muscache.com', port=443): Max retries exceeded with url: /pictures/prohost-api/Hosting-554287733342215871/original/952a930e-e1b4-463d-9652-71028eec4e0f.jpeg (Caused by NameResolutionError(""<urllib3.connection.HTTPSConnection object at 0x00000232C3CE6660>: Failed to resolve 'a0.muscache.com' ([Errno 11001] getaddrinfo failed)""))"
554837888479707395,https://a0.muscache.com/pictures/prohost-api/Hosting-554837888479707395/original/da74b68d-e4ab-4db5-a169-306e10492744.jpeg,failed_timeout_or_error,,,0,0,0,,,"HTTPSConnectionPool(host='a0.muscache.com', port=443): Max retries exceeded with url: /pictures/prohost-api/Hosting-554837888479707395/original/da74b68d-e4ab-4db5-a169-306e10492744.jpeg (Caused by NameResolutionError(""<urllib3.connection.HTTPSConnection object at 0x00000232C3B18440>: Failed to resolve 'a0.muscache.com' ([Errno 11001] getaddrinfo failed)""))"
552335414058286180,https://a0.muscache.com/pictures/miso/Hosting-552335414058286180/original/e3ed56fa-05a6-4b74-bd62-9046c234f0d9.jpeg,failed_timeout_or_error,,,0,0,0,,,"HTTPSConnectionPool(host='a0.muscache.com', port=443): Max retries exceeded with url: /pictures/miso/Hosting-552335414058286180/original/e3ed56fa-05a6-4b74-bd62-9046c234f0d9.jpeg (Caused by NameResolutionError(""<urllib3.connection.HTTPSConnection object at 0x00000232C3D872F0>: Failed to resolve 'a0.muscache.com' ([Errno 11001] getaddrinfo failed)""))"
555692461491360686,https://a0.muscache.com/pictures/miso/Hosting-555692461491360686/original/030e8d1c-d213-4466-94ef-9d6a0fd74aeb.jpeg,failed_timeout_or_error,,,0,0,0,,,"HTTPSConnectionPool(host='a0.muscache.com', port=443): Max retries exceeded with url: /pictures/miso/Hosting-555692461491360686/original/030e8d1c-d213-4466-94ef-9d6a0fd74aeb.jpeg (Caused by NameResolutionError(""<urllib3.connection.HTTPSConnection object at 0x00000232C3CF4050>: Failed to resolve 'a0.muscache.com' ([Errno 11001] getaddrinfo failed)""))"
554287388846165092,https://a0.muscache.com/pictures/prohost-api/Hosting-554287388846165092/original/1ca4320e-fe68-405b-8de1-78fecb8123b8.jpeg,failed_timeout_or_error,,,0,0,0,,,"HTTPSConnectionPool(host='a0.muscache.com', port=443): Max retries exceeded with url: /pictures/prohost-api/Hosting-554287388846165092/original/1ca4320e-fe68-405b-8de1-78fecb8123b8.jpeg (Caused by NameResolutionError(""<urllib3.connection.HTTPSConnection object at 0x00000232C3C0A060>: Failed to resolve 'a0.muscache.com' ([Errno 11001] getaddrinfo failed)""))"
54184393,https://a0.muscache.com/pictures/miso/Hosting-54184393/original/dbe396b3-6cbc-4b74-a9ec-0647be16eb48.jpeg,failed_timeout_or_error,,,0,0,0,,,"HTTPSConnectionPool(host='a0.muscache.com', port=443): Max retries exceeded with url: /pictures/miso/Hosting-54184393/original/dbe396b3-6cbc-4b74-a9ec-0647be16eb48.jpeg (Caused by NameResolutionError(""<urllib3.connection.HTTPSConnection object at 0x00000232C3D40A70>: Failed to resolve 'a0.muscache.com' ([Errno 11001] getaddrinfo failed)""))"
554724044914613845,https://a0.muscache.com/pictures/prohost-api/Hosting-554724044914613845/original/20b1bce2-8bcf-412f-838d-cf53b21ae629.jpeg,failed_timeout_or_error,,,0,0,0,,,"HTTPSConnectionPool(host='a0.muscache.com', port=443): Max retries exceeded with url: /pictures/prohost-api/Hosting-554724044914613845/original/20b1bce2-8bcf-412f-838d-cf53b21ae629.jpeg (Caused by NameResolutionError(""<urllib3.connection.HTTPSConnection object at 0x00000232C3CA5100>: Failed to resolve 'a0.muscache.com' ([Errno 11001] getaddrinfo failed)""))"
54260374,https://a0.muscache.com/pictures/miso/Hosting-54260374/original/6c27ae00-bbf1-45f8-998e-77691cc0590a.jpeg,failed_timeout_or_error,,,0,0,0,,,"HTTPSConnectionPool(host='a0.muscache.com', port=443): Max retries exceeded with url: /pictures/miso/Hosting-54260374/original/6c27ae00-bbf1-45f8-998e-77691cc0590a.jpeg (Caused by NameResolutionError(""<urllib3.connection.HTTPSConnection object at 0x00000232C3D84F20>: Failed to resolve 'a0.muscache.com' ([Errno 11001] getaddrinfo failed)""))"
554723797986629443,https://a0.muscache.com/pictures/prohost-api/Hosting-554723797986629443/original/96138e15-3d95-4a1d-acb1-33cbb1579ed7.jpeg,failed_timeout_or_error,,,0,0,0,,,"HTTPSConnectionPool(host='a0.muscache.com', port=443): Max retries exceeded with url: /pictures/prohost-api/Hosting-554723797986629443/original/96138e15-3d95-4a1d-acb1-33cbb1579ed7.jpeg (Caused by NameResolutionError(""<urllib3.connection.HTTPSConnection object at 0x00000232C3DA2A80>: Failed to resolve 'a0.muscache.com' ([Errno 11001] getaddrinfo failed)""))"
54274825,https://a0.muscache.com/pictures/7d15cc3a-b537-4455-8ee0-3a3fc8078421.jpg,failed_timeout_or_error,,,0,0,0,,,"HTTPSConnectionPool(host='a0.muscache.com', port=443): Max retries exceeded with url: /pictures/7d15cc3a-b537-4455-8ee0-3a3fc8078421.jpg (Caused by NameResolutionError(""<urllib3.connection.HTTPSConnection object at 0x00000232C3CA6B70>: Failed to resolve 'a0.muscache.com' ([Errno 11001] getaddrinfo failed)""))"
551264073523811543,https://a0.muscache.com/pictures/miso/Hosting-551264073523811543/original/bb2276e9-4fd2-45b5-a6c9-7178bbbe0e4d.jpeg,failed_timeout_or_error,,,0,0,0,,,"HTTPSConnectionPool(host='a0.muscache.com', port=443): Max retries exceeded with url: /pictures/miso/Hosting-551264073523811543/original/bb2276e9-4fd2-45b5-a6c9-7178bbbe0e4d.jpeg (Caused by NameResolutionError(""<urllib3.connection.HTTPSConnection object at 0x00000232C3DA24B0>: Failed to resolve 'a0.muscache.com' ([Errno 11001] getaddrinfo failed)""))"
554338948779706744,https://a0.muscache.com/pictures/miso/Hosting-554338948779706744/original/37de7e79-b70c-42a9-add4-67a2a38ed17d.jpeg,failed_timeout_or_error,,,0,0,0,,,"HTTPSConnectionPool(host='a0.muscache.com', port=443): Max retries exceeded with url: /pictures/miso/Hosting-554338948779706744/original/37de7e79-b70c-42a9-add4-67a2a38ed17d.jpeg (Caused by NameResolutionError(""<urllib3.connection.HTTPSConnection object at 0x00000232C3CF4C80>: Failed to resolve 'a0.muscache.com' ([Errno 11001] getaddrinfo failed)""))"
554287692513149899,https://a0.muscache.com/pictures/prohost-api/Hosting-554287692513149899/original/62e4817a-60ae-4d44-a3b6-04b2a80ff9ad.jpeg,failed_timeout_or_error,,,0,0,0,,,"HTTPSConnectionPool(host='a0.muscache.com', port=443): Max retries exceeded with url: /pictures/prohost-api/Hosting-554287692513149899/original/62e4817a-60ae-4d44-a3b6-04b2a80ff9ad.jpeg (Caused by NameResolutionError(""<urllib3.connection.HTTPSConnection object at 0x00000232C3D87200>: Failed to resolve 'a0.muscache.com' ([Errno 11001] getaddrinfo failed)""))"
554287532136090284,https://a0.muscache.com/pictures/prohost-api/Hosting-554287532136090284/original/950d702d-78d6-46e5-8419-227936f4dd2c.jpeg,failed_timeout_or_error,,,0,0,0,,,"HTTPSConnectionPool(host='a0.muscache.com', port=443): Max retries exceeded with url: /pictures/prohost-api/Hosting-554287532136090284/original/950d702d-78d6-46e5-8419-227936f4dd2c.jpeg (Caused by NameResolutionError(""<urllib3.connection.HTTPSConnection object at 0x00000232C3CE7050>: Failed to resolve 'a0.muscache.com' ([Errno 11001] getaddrinfo failed)""))"
550551028937183208,https://a0.muscache.com/pictures/miso/Hosting-550551028937183208/original/365343d0-563e-41bf-a4a1-cf3bdc35042a.jpeg,failed_timeout_or_error,,,0,0,0,,,"HTTPSConnectionPool(host='a0.muscache.com', port=443): Max retries exceeded with url: /pictures/miso/Hosting-550551028937183208/original/365343d0-563e-41bf-a4a1-cf3bdc35042a.jpeg (Caused by NameResolutionError(""<urllib3.connection.HTTPSConnection object at 0x00000232C3CE5550>: Failed to resolve 'a0.muscache.com' ([Errno 11001] getaddrinfo failed)""))"
557817593538158401,https://a0.muscache.com/pictures/miso/Hosting-557817593538158401/original/97800069-38da-40c0-8fb8-2a9608e25dc6.jpeg,failed_timeout_or_error,,,0,0,0,,,"HTTPSConnectionPool(host='a0.muscache.com', port=443): Max retries exceeded with url: /pictures/miso/Hosting-557817593538158401/original/97800069-38da-40c0-8fb8-2a9608e25dc6.jpeg (Caused by NameResolutionError(""<urllib3.connection.HTTPSConnection object at 0x00000232C3CA63C0>: Failed to resolve 'a0.muscache.com' ([Errno 11001] getaddrinfo failed)""))"
561696274751615668,https://a0.muscache.com/pictures/prohost-api/Hosting-561696274751615668/original/64e4cdca-2f93-4d02-b103-76924b3c9c70.jpeg,failed_timeout_or_error,,,0,0,0,,,"HTTPSConnectionPool(host='a0.muscache.com', port=443): Max retries exceeded with url: /pictures/prohost-api/Hosting-561696274751615668/original/64e4cdca-2f93-4d02-b103-76924b3c9c70.jpeg (Caused by NameResolutionError(""<urllib3.connection.HTTPSConnection object at 0x00000232C3CA4DA0>: Failed to resolve 'a0.muscache.com' ([Errno 11001] getaddrinfo failed)""))"
554287217436240399,https://a0.muscache.com/pictures/prohost-api/Hosting-554287217436240399/original/6d2031af-8fc2-4bd3-b858-8be11d6aa2a1.jpeg,failed_timeout_or_error,,,0,0,0,,,"HTTPSConnectionPool(host='a0.muscache.com', port=443): Max retries exceeded with url: /pictures/prohost-api/Hosting-554287217436240399/original/6d2031af-8fc2-4bd3-b858-8be11d6aa2a1.jpeg (Caused by NameResolutionError(""<urllib3.connection.HTTPSConnection object at 0x00000232C3D872F0>: Failed to resolve 'a0.muscache.com' ([Errno 11001] getaddrinfo failed)""))"
554838899688295043,https://a0.muscache.com/pictures/prohost-api/Hosting-554838899688295043/original/538ef963-3a99-4511-9d84-d70c91dcfbec.jpeg,failed_timeout_or_error,,,0,0,0,,,"HTTPSConnectionPool(host='a0.muscache.com', port=443): Max retries exceeded with url: /pictures/prohost-api/Hosting-554838899688295043/original/538ef963-3a99-4511-9d84-d70c91dcfbec.jpeg (Caused by NameResolutionError(""<urllib3.connection.HTTPSConnection object at 0x00000232C3CA7EC0>: Failed to resolve 'a0.muscache.com' ([Errno 11001] getaddrinfo failed)""))"
554287166311175790,https://a0.muscache.com/pictures/prohost-api/Hosting-554287166311175790/original/8d4c0460-e516-457c-8de1-582cc1c68de7.jpeg,failed_timeout_or_error,,,0,0,0,,,"HTTPSConnectionPool(host='a0.muscache.com', port=443): Max retries exceeded with url: /pictures/prohost-api/Hosting-554287166311175790/original/8d4c0460-e516-457c-8de1-582cc1c68de7.jpeg (Caused by NameResolutionError(""<urllib3.connection.HTTPSConnection object at 0x00000232C3CA6A50>: Failed to resolve 'a0.muscache.com' ([Errno 11001] getaddrinfo failed)""))"
565916956349123822,https://a0.muscache.com/pictures/miso/Hosting-565916956349123822/original/af3d1cd1-02f5-4f1c-aa95-f3f3b0b787d6.jpeg,failed_timeout_or_error,,,0,0,0,,,"HTTPSConnectionPool(host='a0.muscache.com', port=443): Max retries exceeded with url: /pictures/miso/Hosting-565916956349123822/original/af3d1cd1-02f5-4f1c-aa95-f3f3b0b787d6.jpeg (Caused by NameResolutionError(""<urllib3.connection.HTTPSConnection object at 0x00000232C3CA4D40>: Failed to resolve 'a0.muscache.com' ([Errno 11001] getaddrinfo failed)""))"
557267473982972293,https://a0.muscache.com/pictures/fee3d324-c138-43da-afdd-0107c2112e14.jpg,failed_timeout_or_error,,,0,0,0,,,"HTTPSConnectionPool(host='a0.muscache.com', port=443): Max retries exceeded with url: /pictures/fee3d324-c138-43da-afdd-0107c2112e14.jpg (Caused by NameResolutionError(""<urllib3.connection.HTTPSConnection object at 0x00000232C3D874D0>: Failed to resolve 'a0.muscache.com' ([Errno 11001] getaddrinfo failed)""))"
556303216712717862,https://a0.muscache.com/pictures/miso/Hosting-556303216712717862/original/85dee35d-b8b2-4694-8e4a-ec643b986e08.jpeg,failed_timeout_or_error,,,0,0,0,,,"HTTPSConnectionPool(host='a0.muscache.com', port=443): Max retries exceeded with url: /pictures/miso/Hosting-556303216712717862/original/85dee35d-b8b2-4694-8e4a-ec643b986e08.jpeg (Caused by NameResolutionError(""<urllib3.connection.HTTPSConnection object at 0x00000232C3B1B500>: Failed to resolve 'a0.muscache.com' ([Errno 11001] getaddrinfo failed)""))"
534015342005836604,https://a0.muscache.com/pictures/miso/Hosting-534015342005836604/original/d3352ce0-2491-4b14-9a4b-561082139b8e.jpeg,failed_timeout_or_error,,,0,0,0,,,"HTTPSConnectionPool(host='a0.muscache.com', port=443): Max retries exceeded with url: /pictures/miso/Hosting-534015342005836604/original/d3352ce0-2491-4b14-9a4b-561082139b8e.jpeg (Caused by NameResolutionError(""<urllib3.connection.HTTPSConnection object at 0x00000232C40699A0>: Failed to resolve 'a0.muscache.com' ([Errno 11001] getaddrinfo failed)""))"
557873794986607231,https://a0.muscache.com/pictures/miso/Hosting-557873794986607231/original/d553f10a-9e5b-4b55-81f8-05800e9ad3f3.png,failed_timeout_or_error,,,0,0,0,,,"HTTPSConnectionPool(host='a0.muscache.com', port=443): Max retries exceeded with url: /pictures/miso/Hosting-557873794986607231/original/d553f10a-9e5b-4b55-81f8-05800e9ad3f3.png (Caused by NameResolutionError(""<urllib3.connection.HTTPSConnection object at 0x00000232C40687D0>: Failed to resolve 'a0.muscache.com' ([Errno 11001] getaddrinfo failed)""))"
562151087989468295,https://a0.muscache.com/pictures/miso/Hosting-562151087989468295/original/9306cd5a-e7b1-49d4-b05f-aff361f283a8.jpeg,failed_timeout_or_error,,,0,0,0,,,"HTTPSConnectionPool(host='a0.muscache.com', port=443): Max retries exceeded with url: /pictures/miso/Hosting-562151087989468295/original/9306cd5a-e7b1-49d4-b05f-aff361f283a8.jpeg (Caused by NameResolutionError(""<urllib3.connection.HTTPSConnection object at 0x00000232C3D856A0>: Failed to resolve 'a0.muscache.com' ([Errno 11001] getaddrinfo failed)""))"
554540295389052125,https://a0.muscache.com/pictures/miso/Hosting-554540295389052125/original/fbdc9fef-5bfc-4e37-a86f-b2abb969820e.jpeg,failed_timeout_or_error,,,0,0,0,,,"HTTPSConnectionPool(host='a0.muscache.com', port=443): Max retries exceeded with url: /pictures/miso/Hosting-554540295389052125/original/fbdc9fef-5bfc-4e37-a86f-b2abb969820e.jpeg (Caused by NameResolutionError(""<urllib3.connection.HTTPSConnection object at 0x00000232C3CB4D40>: Failed to resolve 'a0.muscache.com' ([Errno 11001] getaddrinfo failed)""))"
554748266723855555,https://a0.muscache.com/pictures/prohost-api/Hosting-554748266723855555/original/8b02a2c3-65d8-480d-b27b-7904a7a766ad.jpeg,failed_timeout_or_error,,,0,0,0,,,"HTTPSConnectionPool(host='a0.muscache.com', port=443): Max retries exceeded with url: /pictures/prohost-api/Hosting-554748266723855555/original/8b02a2c3-65d8-480d-b27b-7904a7a766ad.jpeg (Caused by NameResolutionError(""<urllib3.connection.HTTPSConnection object at 0x00000232C3CA4D70>: Failed to resolve 'a0.muscache.com' ([Errno 11001] getaddrinfo failed)""))"
571846084759795576,https://a0.muscache.com/pictures/miso/Hosting-571846084759795576/original/92ce5de3-4846-4fd0-9e8f-5f4d2db12f8c.jpeg,failed_timeout_or_error,,,0,0,0,,,"HTTPSConnectionPool(host='a0.muscache.com', port=443): Max retries exceeded with url: /pictures/miso/Hosting-571846084759795576/original/92ce5de3-4846-4fd0-9e8f-5f4d2db12f8c.jpeg (Caused by NameResolutionError(""<urllib3.connection.HTTPSConnection object at 0x00000232C3B19A60>: Failed to resolve 'a0.muscache.com' ([Errno 11001] getaddrinfo failed)""))"
566127397996398378,https://a0.muscache.com/pictures/miso/Hosting-566127397996398378/original/45859a02-6c63-42a8-a82a-9140bb125a4d.jpeg,failed_timeout_or_error,,,0,0,0,,,"HTTPSConnectionPool(host='a0.muscache.com', port=443): Max retries exceeded with url: /pictures/miso/Hosting-566127397996398378/original/45859a02-6c63-42a8-a82a-9140bb125a4d.jpeg (Caused by NameResolutionError(""<urllib3.connection.HTTPSConnection object at 0x00000232C3D405C0>: Failed to resolve 'a0.muscache.com' ([Errno 11001] getaddrinfo failed)""))"
572435879484786314,https://a0.muscache.com/pictures/prohost-api/Hosting-572435879484786314/original/de21a13d-aa3f-4114-bea8-8d49d0e882f6.jpeg,failed_timeout_or_error,,,0,0,0,,,"HTTPSConnectionPool(host='a0.muscache.com', port=443): Max retries exceeded with url: /pictures/prohost-api/Hosting-572435879484786314/original/de21a13d-aa3f-4114-bea8-8d49d0e882f6.jpeg (Caused by NameResolutionError(""<urllib3.connection.HTTPSConnection object at 0x00000232C3CA5FA0>: Failed to resolve 'a0.muscache.com' ([Errno 11001] getaddrinfo failed)""))"
569548244798677981,https://a0.muscache.com/pictures/prohost-api/Hosting-569548244798677981/original/1c250cc8-8fde-4d7f-8199-a60208ecbc6b.jpeg,failed_timeout_or_error,,,0,0,0,,,"HTTPSConnectionPool(host='a0.muscache.com', port=443): Max retries exceeded with url: /pictures/prohost-api/Hosting-569548244798677981/original/1c250cc8-8fde-4d7f-8199-a60208ecbc6b.jpeg (Caused by NameResolutionError(""<urllib3.connection.HTTPSConnection object at 0x00000232C3CB7A70>: Failed to resolve 'a0.muscache.com' ([Errno 11001] getaddrinfo failed)""))"
572435816142415498,https://a0.muscache.com/pictures/prohost-api/Hosting-572435816142415498/original/6416ce02-e282-4351-8668-12e263057a8f.jpeg,failed_timeout_or_error,,,0,0,0,,,"HTTPSConnectionPool(host='a0.muscache.com', port=443): Max retries exceeded with url: /pictures/prohost-api/Hosting-572435816142415498/original/6416ce02-e282-4351-8668-12e263057a8f.jpeg (Caused by NameResolutionError(""<urllib3.connection.HTTPSConnection object at 0x00000232C3CB4800>: Failed to resolve 'a0.muscache.com' ([Errno 11001] getaddrinfo failed)""))"
564465514725800559,https://a0.muscache.com/pictures/30aed887-73be-40f6-ac36-9a31c5399b50.jpg,failed_timeout_or_error,,,0,0,0,,,"HTTPSConnectionPool(host='a0.muscache.com', port=443): Max retries exceeded with url: /pictures/30aed887-73be-40f6-ac36-9a31c5399b50.jpg (Caused by NameResolutionError(""<urllib3.connection.HTTPSConnection object at 0x00000232C3CB4080>: Failed to resolve 'a0.muscache.com' ([Errno 11001] getaddrinfo failed)""))"
565084527936137389,https://a0.muscache.com/pictures/miso/Hosting-565084527936137389/original/ceb3e4d0-a6ec-45f9-8f31-6e06689e0411.jpeg,failed_timeout_or_error,,,0,0,0,,,"HTTPSConnectionPool(host='a0.muscache.com', port=443): Max retries exceeded with url: /pictures/miso/Hosting-565084527936137389/original/ceb3e4d0-a6ec-45f9-8f31-6e06689e0411.jpeg (Caused by NameResolutionError(""<urllib3.connection.HTTPSConnection object at 0x00000232C3CB4890>: Failed to resolve 'a0.muscache.com' ([Errno 11001] getaddrinfo failed)""))"
567444958220784708,https://a0.muscache.com/pictures/miso/Hosting-567444958220784708/original/723d2f70-e701-4759-a920-0a566656d1e4.jpeg,failed_timeout_or_error,,,0,0,0,,,"HTTPSConnectionPool(host='a0.muscache.com', port=443): Max retries exceeded with url: /pictures/miso/Hosting-567444958220784708/original/723d2f70-e701-4759-a920-0a566656d1e4.jpeg (Caused by NameResolutionError(""<urllib3.connection.HTTPSConnection object at 0x00000232C3CB5220>: Failed to resolve 'a0.muscache.com' ([Errno 11001] getaddrinfo failed)""))"
563772837868385972,https://a0.muscache.com/pictures/prohost-api/Hosting-563772837868385972/original/99d56569-f269-49c9-9b80-d8b70c2d24cb.jpeg,failed_timeout_or_error,,,0,0,0,,,"HTTPSConnectionPool(host='a0.muscache.com', port=443): Max retries exceeded with url: /pictures/prohost-api/Hosting-563772837868385972/original/99d56569-f269-49c9-9b80-d8b70c2d24cb.jpeg (Caused by NameResolutionError(""<urllib3.connection.HTTPSConnection object at 0x00000232C3CA6CF0>: Failed to resolve 'a0.muscache.com' ([Errno 11001] getaddrinfo failed)""))"
567933019816419619,https://a0.muscache.com/pictures/8594e31e-bbb7-47cd-be78-2fdfcc4444c9.jpg,failed_timeout_or_error,,,0,0,0,,,"HTTPSConnectionPool(host='a0.muscache.com', port=443): Max retries exceeded with url: /pictures/8594e31e-bbb7-47cd-be78-2fdfcc4444c9.jpg (Caused by NameResolutionError(""<urllib3.connection.HTTPSConnection object at 0x00000232C3CB7500>: Failed to resolve 'a0.muscache.com' ([Errno 11001] getaddrinfo failed)""))"
554839184686601503,https://a0.muscache.com/pictures/prohost-api/Hosting-554839184686601503/original/2cc7b596-e59c-4249-be51-4d777fd14506.jpeg,failed_timeout_or_error,,,0,0,0,,,"HTTPSConnectionPool(host='a0.muscache.com', port=443): Max retries exceeded with url: /pictures/prohost-api/Hosting-554839184686601503/original/2cc7b596-e59c-4249-be51-4d777fd14506.jpeg (Caused by NameResolutionError(""<urllib3.connection.HTTPSConnection object at 0x00000232C3CB64E0>: Failed to resolve 'a0.muscache.com' ([Errno 11001] getaddrinfo failed)""))"
565221046093678426,https://a0.muscache.com/pictures/prohost-api/Hosting-565221046093678426/original/31fa70e7-a0a3-482e-b882-4db626065945.jpeg,failed_timeout_or_error,,,0,0,0,,,"HTTPSConnectionPool(host='a0.muscache.com', port=443): Max retries exceeded with url: /pictures/prohost-api/Hosting-565221046093678426/original/31fa70e7-a0a3-482e-b882-4db626065945.jpeg (Caused by NameResolutionError(""<urllib3.connection.HTTPSConnection object at 0x00000232C3CB4C50>: Failed to resolve 'a0.muscache.com' ([Errno 11001] getaddrinfo failed)""))"
572435754874186880,https://a0.muscache.com/pictures/prohost-api/Hosting-572435754874186880/original/8e2a75bc-7bbd-458f-9947-6092d72b2c4a.jpeg,failed_timeout_or_error,,,0,0,0,,,"HTTPSConnectionPool(host='a0.muscache.com', port=443): Max retries exceeded with url: /pictures/prohost-api/Hosting-572435754874186880/original/8e2a75bc-7bbd-458f-9947-6092d72b2c4a.jpeg (Caused by NameResolutionError(""<urllib3.connection.HTTPSConnection object at 0x00000232C3D6A4B0>: Failed to resolve 'a0.muscache.com' ([Errno 11001] getaddrinfo failed)""))"
583433201809490265,https://a0.muscache.com/pictures/miso/Hosting-583433201809490265/original/ca3bb994-4a65-44cd-9c01-95a85c2b7bea.jpeg,failed_timeout_or_error,,,0,0,0,,,"HTTPSConnectionPool(host='a0.muscache.com', port=443): Max retries exceeded with url: /pictures/miso/Hosting-583433201809490265/original/ca3bb994-4a65-44cd-9c01-95a85c2b7bea.jpeg (Caused by NameResolutionError(""<urllib3.connection.HTTPSConnection object at 0x00000232C3D68980>: Failed to resolve 'a0.muscache.com' ([Errno 11001] getaddrinfo failed)""))"
573788729255175815,https://a0.muscache.com/pictures/miso/Hosting-573788729255175815/original/b89a0ad3-5afd-45fb-9b92-d375fd5a17c8.jpeg,failed_timeout_or_error,,,0,0,0,,,"HTTPSConnectionPool(host='a0.muscache.com', port=443): Max retries exceeded with url: /pictures/miso/Hosting-573788729255175815/original/b89a0ad3-5afd-45fb-9b92-d375fd5a17c8.jpeg (Caused by NameResolutionError(""<urllib3.connection.HTTPSConnection object at 0x00000232C3D68A70>: Failed to resolve 'a0.muscache.com' ([Errno 11001] getaddrinfo failed)""))"
561628933559810559,https://a0.muscache.com/pictures/miso/Hosting-561628933559810559/original/ffc23bac-7a0f-4f6c-b222-872e7fd6e826.jpeg,failed_timeout_or_error,,,0,0,0,,,"HTTPSConnectionPool(host='a0.muscache.com', port=443): Max retries exceeded with url: /pictures/miso/Hosting-561628933559810559/original/ffc23bac-7a0f-4f6c-b222-872e7fd6e826.jpeg (Caused by NameResolutionError(""<urllib3.connection.HTTPSConnection object at 0x00000232C3CB4D40>: Failed to resolve 'a0.muscache.com' ([Errno 11001] getaddrinfo failed)""))"
573392220758899521,https://a0.muscache.com/pictures/e7ddf53c-1721-4dfe-823b-a91a0b81d3fe.jpg,failed_timeout_or_error,,,0,0,0,,,"HTTPSConnectionPool(host='a0.muscache.com', port=443): Max retries exceeded with url: /pictures/e7ddf53c-1721-4dfe-823b-a91a0b81d3fe.jpg (Caused by NameResolutionError(""<urllib3.connection.HTTPSConnection object at 0x00000232C3D69100>: Failed to resolve 'a0.muscache.com' ([Errno 11001] getaddrinfo failed)""))"
568954337248450674,https://a0.muscache.com/pictures/miso/Hosting-568954337248450674/original/ac3170a2-fbc1-49fe-85c5-51345ab2b336.jpeg,failed_timeout_or_error,,,0,0,0,,,"HTTPSConnectionPool(host='a0.muscache.com', port=443): Max retries exceeded with url: /pictures/miso/Hosting-568954337248450674/original/ac3170a2-fbc1-49fe-85c5-51345ab2b336.jpeg (Caused by NameResolutionError(""<urllib3.connection.HTTPSConnection object at 0x00000232C3CA6060>: Failed to resolve 'a0.muscache.com' ([Errno 11001] getaddrinfo failed)""))"
572435903541837350,https://a0.muscache.com/pictures/prohost-api/Hosting-572435903541837350/original/57b0591f-9810-4e91-ba4a-70cc4ca2e296.jpeg,failed_timeout_or_error,,,0,0,0,,,"HTTPSConnectionPool(host='a0.muscache.com', port=443): Max retries exceeded with url: /pictures/prohost-api/Hosting-572435903541837350/original/57b0591f-9810-4e91-ba4a-70cc4ca2e296.jpeg (Caused by NameResolutionError(""<urllib3.connection.HTTPSConnection object at 0x00000232C3CB7020>: Failed to resolve 'a0.muscache.com' ([Errno 11001] getaddrinfo failed)""))"
562346651544631806,https://a0.muscache.com/pictures/miso/Hosting-562346651544631806/original/460a7825-4167-4db1-8c2d-33884082dfe0.jpeg,failed_timeout_or_error,,,0,0,0,,,"HTTPSConnectionPool(host='a0.muscache.com', port=443): Max retries exceeded with url: /pictures/miso/Hosting-562346651544631806/original/460a7825-4167-4db1-8c2d-33884082dfe0.jpeg (Caused by NameResolutionError(""<urllib3.connection.HTTPSConnection object at 0x00000232C3CB4050>: Failed to resolve 'a0.muscache.com' ([Errno 11001] getaddrinfo failed)""))"
571027554473176486,https://a0.muscache.com/pictures/miso/Hosting-571027554473176486/original/50403236-97d5-41d2-8163-738bbb94166e.jpeg,failed_timeout_or_error,,,0,0,0,,,"HTTPSConnectionPool(host='a0.muscache.com', port=443): Max retries exceeded with url: /pictures/miso/Hosting-571027554473176486/original/50403236-97d5-41d2-8163-738bbb94166e.jpeg (Caused by NameResolutionError(""<urllib3.connection.HTTPSConnection object at 0x00000232C3C86D80>: Failed to resolve 'a0.muscache.com' ([Errno 11001] getaddrinfo failed)""))"
572469838940652151,https://a0.muscache.com/pictures/miso/Hosting-572469838940652151/original/096945ec-99bc-4813-a990-bea172cc1c51.jpeg,failed_timeout_or_error,,,0,0,0,,,"HTTPSConnectionPool(host='a0.muscache.com', port=443): Max retries exceeded with url: /pictures/miso/Hosting-572469838940652151/original/096945ec-99bc-4813-a990-bea172cc1c51.jpeg (Caused by NameResolutionError(""<urllib3.connection.HTTPSConnection object at 0x00000232C3C87F20>: Failed to resolve 'a0.muscache.com' ([Errno 11001] getaddrinfo failed)""))"
574570250363828575,https://a0.muscache.com/pictures/miso/Hosting-574570250363828575/original/f17cef84-c21c-4e71-a3b0-ea902c5ddc99.jpeg,failed_timeout_or_error,,,0,0,0,,,"HTTPSConnectionPool(host='a0.muscache.com', port=443): Max retries exceeded with url: /pictures/miso/Hosting-574570250363828575/original/f17cef84-c21c-4e71-a3b0-ea902c5ddc99.jpeg (Caused by NameResolutionError(""<urllib3.connection.HTTPSConnection object at 0x00000232C406AA80>: Failed to resolve 'a0.muscache.com' ([Errno 11001] getaddrinfo failed)""))"
572435867063700994,https://a0.muscache.com/pictures/prohost-api/Hosting-572435867063700994/original/64e3d6be-7313-4f03-adba-225fe8605128.jpeg,failed_timeout_or_error,,,0,0,0,,,"HTTPSConnectionPool(host='a0.muscache.com', port=443): Max retries exceeded with url: /pictures/prohost-api/Hosting-572435867063700994/original/64e3d6be-7313-4f03-adba-225fe8605128.jpeg (Caused by NameResolutionError(""<urllib3.connection.HTTPSConnection object at 0x00000232C3D6A990>: Failed to resolve 'a0.muscache.com' ([Errno 11001] getaddrinfo failed)""))"
574528050452533802,https://a0.muscache.com/pictures/prohost-api/Hosting-574528050452533802/original/84d8d83a-7fa7-4ed8-976d-f95cce4cadff.jpeg,failed_timeout_or_error,,,0,0,0,,,"HTTPSConnectionPool(host='a0.muscache.com', port=443): Max retries exceeded with url: /pictures/prohost-api/Hosting-574528050452533802/original/84d8d83a-7fa7-4ed8-976d-f95cce4cadff.jpeg (Caused by NameResolutionError(""<urllib3.connection.HTTPSConnection object at 0x00000232C3CB6690>: Failed to resolve 'a0.muscache.com' ([Errno 11001] getaddrinfo failed)""))"
584595916036589563,https://a0.muscache.com/pictures/miso/Hosting-584595916036589563/original/9c1a31b7-84fb-48d3-9e93-a0a8ba1db31b.jpeg,failed_timeout_or_error,,,0,0,0,,,"HTTPSConnectionPool(host='a0.muscache.com', port=443): Max retries exceeded with url: /pictures/miso/Hosting-584595916036589563/original/9c1a31b7-84fb-48d3-9e93-a0a8ba1db31b.jpeg (Caused by NameResolutionError(""<urllib3.connection.HTTPSConnection object at 0x00000232C3D68980>: Failed to resolve 'a0.muscache.com' ([Errno 11001] getaddrinfo failed)""))"
560708497575441639,https://a0.muscache.com/pictures/miso/Hosting-560708497575441639/original/2e2428ac-9172-4c0f-b063-8ecd675a7494.jpeg,failed_timeout_or_error,,,0,0,0,,,"HTTPSConnectionPool(host='a0.muscache.com', port=443): Max retries exceeded with url: /pictures/miso/Hosting-560708497575441639/original/2e2428ac-9172-4c0f-b063-8ecd675a7494.jpeg (Caused by NameResolutionError(""<urllib3.connection.HTTPSConnection object at 0x00000232C3CF6A80>: Failed to resolve 'a0.muscache.com' ([Errno 11001] getaddrinfo failed)""))"
587891127575439811,https://a0.muscache.com/pictures/prohost-api/Hosting-587891127575439811/original/402b9199-40c2-48d3-b9c0-3e87fd101b22.jpeg,failed_timeout_or_error,,,0,0,0,,,"HTTPSConnectionPool(host='a0.muscache.com', port=443): Max retries exceeded with url: /pictures/prohost-api/Hosting-587891127575439811/original/402b9199-40c2-48d3-b9c0-3e87fd101b22.jpeg (Caused by NameResolutionError(""<urllib3.connection.HTTPSConnection object at 0x00000232C3CA5A00>: Failed to resolve 'a0.muscache.com' ([Errno 11001] getaddrinfo failed)""))"
587875188664208473,https://a0.muscache.com/pictures/2da383a7-7fc6-49a5-b326-25674ee6fee4.jpg,failed_timeout_or_error,,,0,0,0,,,"HTTPSConnectionPool(host='a0.muscache.com', port=443): Max retries exceeded with url: /pictures/2da383a7-7fc6-49a5-b326-25674ee6fee4.jpg (Caused by NameResolutionError(""<urllib3.connection.HTTPSConnection object at 0x00000232C3CA5190>: Failed to resolve 'a0.muscache.com' ([Errno 11001] getaddrinfo failed)""))"
577703974478980299,https://a0.muscache.com/pictures/miso/Hosting-577703974478980299/original/931768da-9479-4545-9053-aba3cde65c33.jpeg,failed_timeout_or_error,,,0,0,0,,,"HTTPSConnectionPool(host='a0.muscache.com', port=443): Max retries exceeded with url: /pictures/miso/Hosting-577703974478980299/original/931768da-9479-4545-9053-aba3cde65c33.jpeg (Caused by NameResolutionError(""<urllib3.connection.HTTPSConnection object at 0x00000232C3CB4C50>: Failed to resolve 'a0.muscache.com' ([Errno 11001] getaddrinfo failed)""))"
577571570724983360,https://a0.muscache.com/pictures/miso/Hosting-577571570724983360/original/c7771c1f-a462-47ba-9d9c-1a953cb7c3d8.jpeg,failed_timeout_or_error,,,0,0,0,,,"HTTPSConnectionPool(host='a0.muscache.com', port=443): Max retries exceeded with url: /pictures/miso/Hosting-577571570724983360/original/c7771c1f-a462-47ba-9d9c-1a953cb7c3d8.jpeg (Caused by NameResolutionError(""<urllib3.connection.HTTPSConnection object at 0x00000232C3D68980>: Failed to resolve 'a0.muscache.com' ([Errno 11001] getaddrinfo failed)""))"
593399979902305782,https://a0.muscache.com/pictures/e8780c0b-cd49-43ef-9c6f-9655733f2e05.jpg,failed_timeout_or_error,,,0,0,0,,,"HTTPSConnectionPool(host='a0.muscache.com', port=443): Max retries exceeded with url: /pictures/e8780c0b-cd49-43ef-9c6f-9655733f2e05.jpg (Caused by NameResolutionError(""<urllib3.connection.HTTPSConnection object at 0x00000232C3C847D0>: Failed to resolve 'a0.muscache.com' ([Errno 11001] getaddrinfo failed)""))"
577481538891576408,https://a0.muscache.com/pictures/miso/Hosting-577481538891576408/original/03dd9882-4a4a-4f95-8803-88e82efa6274.jpeg,failed_timeout_or_error,,,0,0,0,,,"HTTPSConnectionPool(host='a0.muscache.com', port=443): Max retries exceeded with url: /pictures/miso/Hosting-577481538891576408/original/03dd9882-4a4a-4f95-8803-88e82efa6274.jpeg (Caused by NameResolutionError(""<urllib3.connection.HTTPSConnection object at 0x00000232C3C87B30>: Failed to resolve 'a0.muscache.com' ([Errno 11001] getaddrinfo failed)""))"
588343873264336287,https://a0.muscache.com/pictures/prohost-api/Hosting-588343873264336287/original/882ca1ea-1166-491d-9d10-ce78866e936f.jpeg,failed_timeout_or_error,,,0,0,0,,,"HTTPSConnectionPool(host='a0.muscache.com', port=443): Max retries exceeded with url: /pictures/prohost-api/Hosting-588343873264336287/original/882ca1ea-1166-491d-9d10-ce78866e936f.jpeg (Caused by NameResolutionError(""<urllib3.connection.HTTPSConnection object at 0x00000232C3CB7110>: Failed to resolve 'a0.muscache.com' ([Errno 11001] getaddrinfo failed)""))"
579930049387493349,https://a0.muscache.com/pictures/miso/Hosting-579930049387493349/original/388d0236-1045-4c6a-a350-0ae0d58a18d5.jpeg,failed_timeout_or_error,,,0,0,0,,,"HTTPSConnectionPool(host='a0.muscache.com', port=443): Max retries exceeded with url: /pictures/miso/Hosting-579930049387493349/original/388d0236-1045-4c6a-a350-0ae0d58a18d5.jpeg (Caused by NameResolutionError(""<urllib3.connection.HTTPSConnection object at 0x00000232C3CB46E0>: Failed to resolve 'a0.muscache.com' ([Errno 11001] getaddrinfo failed)""))"
575374602222225785,https://a0.muscache.com/pictures/miso/Hosting-575374602222225785/original/fc68c7de-618b-413f-ae20-717dd25aa523.jpeg,failed_timeout_or_error,,,0,0,0,,,"HTTPSConnectionPool(host='a0.muscache.com', port=443): Max retries exceeded with url: /pictures/miso/Hosting-575374602222225785/original/fc68c7de-618b-413f-ae20-717dd25aa523.jpeg (Caused by NameResolutionError(""<urllib3.connection.HTTPSConnection object at 0x00000232C40687A0>: Failed to resolve 'a0.muscache.com' ([Errno 11001] getaddrinfo failed)""))"
593332128562974077,https://a0.muscache.com/pictures/miso/Hosting-593332128562974077/original/536a0372-c542-4780-9e10-ac5d15abb238.jpeg,failed_timeout_or_error,,,0,0,0,,,"HTTPSConnectionPool(host='a0.muscache.com', port=443): Max retries exceeded with url: /pictures/miso/Hosting-593332128562974077/original/536a0372-c542-4780-9e10-ac5d15abb238.jpeg (Caused by NameResolutionError(""<urllib3.connection.HTTPSConnection object at 0x00000232C3C86D20>: Failed to resolve 'a0.muscache.com' ([Errno 11001] getaddrinfo failed)""))"
578762733048842826,https://a0.muscache.com/pictures/8bb29123-7ecb-46a1-8594-82998a2950d7.jpg,failed_timeout_or_error,,,0,0,0,,,"HTTPSConnectionPool(host='a0.muscache.com', port=443): Max retries exceeded with url: /pictures/8bb29123-7ecb-46a1-8594-82998a2950d7.jpg (Caused by NameResolutionError(""<urllib3.connection.HTTPSConnection object at 0x00000232C4069A30>: Failed to resolve 'a0.muscache.com' ([Errno 11001] getaddrinfo failed)""))"
591960600601075742,https://a0.muscache.com/pictures/miso/Hosting-591960600601075742/original/6287be59-bc43-4007-90b7-25465027d0c1.jpeg,failed_timeout_or_error,,,0,0,0,,,"HTTPSConnectionPool(host='a0.muscache.com', port=443): Max retries exceeded with url: /pictures/miso/Hosting-591960600601075742/original/6287be59-bc43-4007-90b7-25465027d0c1.jpeg (Caused by NameResolutionError(""<urllib3.connection.HTTPSConnection object at 0x00000232C3DA14C0>: Failed to resolve 'a0.muscache.com' ([Errno 11001] getaddrinfo failed)""))"
591991014797767486,https://a0.muscache.com/pictures/miso/Hosting-591991014797767486/original/e8d15481-3000-4f40-820e-52d501f50af3.jpeg,failed_timeout_or_error,,,0,0,0,,,"HTTPSConnectionPool(host='a0.muscache.com', port=443): Max retries exceeded with url: /pictures/miso/Hosting-591991014797767486/original/e8d15481-3000-4f40-820e-52d501f50af3.jpeg (Caused by NameResolutionError(""<urllib3.connection.HTTPSConnection object at 0x00000232C3C87A70>: Failed to resolve 'a0.muscache.com' ([Errno 11001] getaddrinfo failed)""))"
600829985936198475,https://a0.muscache.com/pictures/miso/Hosting-600829985936198475/original/ad448270-4223-4c75-a6d8-1b67059e8878.jpeg,failed_timeout_or_error,,,0,0,0,,,"HTTPSConnectionPool(host='a0.muscache.com', port=443): Max retries exceeded with url: /pictures/miso/Hosting-600829985936198475/original/ad448270-4223-4c75-a6d8-1b67059e8878.jpeg (Caused by NameResolutionError(""<urllib3.connection.HTTPSConnection object at 0x00000232C3BB9E50>: Failed to resolve 'a0.muscache.com' ([Errno 11001] getaddrinfo failed)""))"
602689442984691613,https://a0.muscache.com/pictures/prohost-api/Hosting-602689442984691613/original/af927ea9-ebbb-4abd-959d-a9cd0ba3788e.png,failed_timeout_or_error,,,0,0,0,,,"HTTPSConnectionPool(host='a0.muscache.com', port=443): Max retries exceeded with url: /pictures/prohost-api/Hosting-602689442984691613/original/af927ea9-ebbb-4abd-959d-a9cd0ba3788e.png (Caused by NameResolutionError(""<urllib3.connection.HTTPSConnection object at 0x00000232C40FB1D0>: Failed to resolve 'a0.muscache.com' ([Errno 11001] getaddrinfo failed)""))"
591230873312834346,https://a0.muscache.com/pictures/prohost-api/Hosting-591230873312834346/original/5529ae2b-9180-4985-a589-432ca8287b36.jpeg,failed_timeout_or_error,,,0,0,0,,,"HTTPSConnectionPool(host='a0.muscache.com', port=443): Max retries exceeded with url: /pictures/prohost-api/Hosting-591230873312834346/original/5529ae2b-9180-4985-a589-432ca8287b36.jpeg (Caused by NameResolutionError(""<urllib3.connection.HTTPSConnection object at 0x00000232C40F97C0>: Failed to resolve 'a0.muscache.com' ([Errno 11001] getaddrinfo failed)""))"
600657375840229786,https://a0.muscache.com/pictures/miso/Hosting-600657375840229786/original/b7379ade-e32a-4a68-b67d-5aea6081336a.jpeg,failed_timeout_or_error,,,0,0,0,,,"HTTPSConnectionPool(host='a0.muscache.com', port=443): Max retries exceeded with url: /pictures/miso/Hosting-600657375840229786/original/b7379ade-e32a-4a68-b67d-5aea6081336a.jpeg (Caused by NameResolutionError(""<urllib3.connection.HTTPSConnection object at 0x00000232C3BB86E0>: Failed to resolve 'a0.muscache.com' ([Errno 11001] getaddrinfo failed)""))"
610265461685785634,https://a0.muscache.com/pictures/09cb7a3a-cc6d-403d-8342-1ac0cdc23522.jpg,failed_timeout_or_error,,,0,0,0,,,"HTTPSConnectionPool(host='a0.muscache.com', port=443): Max retries exceeded with url: /pictures/09cb7a3a-cc6d-403d-8342-1ac0cdc23522.jpg (Caused by NameResolutionError(""<urllib3.connection.HTTPSConnection object at 0x00000232C3B19610>: Failed to resolve 'a0.muscache.com' ([Errno 11001] getaddrinfo failed)""))"
583180347593401019,https://a0.muscache.com/pictures/miso/Hosting-583180347593401019/original/646ac20c-4d05-42d7-8a07-cf0133429096.jpeg,failed_timeout_or_error,,,0,0,0,,,"HTTPSConnectionPool(host='a0.muscache.com', port=443): Max retries exceeded with url: /pictures/miso/Hosting-583180347593401019/original/646ac20c-4d05-42d7-8a07-cf0133429096.jpeg (Caused by NameResolutionError(""<urllib3.connection.HTTPSConnection object at 0x00000232C3CB4260>: Failed to resolve 'a0.muscache.com' ([Errno 11001] getaddrinfo failed)""))"
607133559837798983,https://a0.muscache.com/pictures/miso/Hosting-607133559837798983/original/572df8bb-11c3-4df8-9480-18b75cb41a39.jpeg,failed_timeout_or_error,,,0,0,0,,,"HTTPSConnectionPool(host='a0.muscache.com', port=443): Max retries exceeded with url: /pictures/miso/Hosting-607133559837798983/original/572df8bb-11c3-4df8-9480-18b75cb41a39.jpeg (Caused by NameResolutionError(""<urllib3.connection.HTTPSConnection object at 0x00000232C3C879B0>: Failed to resolve 'a0.muscache.com' ([Errno 11001] getaddrinfo failed)""))"
588388462295176869,https://a0.muscache.com/pictures/prohost-api/Hosting-588388462295176869/original/8fed93ce-5d8d-41fe-b986-8dd74a59855e.jpeg,failed_timeout_or_error,,,0,0,0,,,"HTTPSConnectionPool(host='a0.muscache.com', port=443): Max retries exceeded with url: /pictures/prohost-api/Hosting-588388462295176869/original/8fed93ce-5d8d-41fe-b986-8dd74a59855e.jpeg (Caused by NameResolutionError(""<urllib3.connection.HTTPSConnection object at 0x00000232C3D6AC60>: Failed to resolve 'a0.muscache.com' ([Errno 11001] getaddrinfo failed)""))"
600525407367572701,https://a0.muscache.com/pictures/miso/Hosting-600525407367572701/original/1e5645a9-8dc4-40fb-b0b0-5187376bdafd.jpeg,failed_timeout_or_error,,,0,0,0,,,"HTTPSConnectionPool(host='a0.muscache.com', port=443): Max retries exceeded with url: /pictures/miso/Hosting-600525407367572701/original/1e5645a9-8dc4-40fb-b0b0-5187376bdafd.jpeg (Caused by NameResolutionError(""<urllib3.connection.HTTPSConnection object at 0x00000232C3C87F50>: Failed to resolve 'a0.muscache.com' ([Errno 11001] getaddrinfo failed)""))"
600689703786112609,https://a0.muscache.com/pictures/miso/Hosting-600689703786112609/original/ea37d36b-6469-4042-8a0f-af9c2c4f2dd8.jpeg,failed_timeout_or_error,,,0,0,0,,,"HTTPSConnectionPool(host='a0.muscache.com', port=443): Max retries exceeded with url: /pictures/miso/Hosting-600689703786112609/original/ea37d36b-6469-4042-8a0f-af9c2c4f2dd8.jpeg (Caused by NameResolutionError(""<urllib3.connection.HTTPSConnection object at 0x00000232C40681D0>: Failed to resolve 'a0.muscache.com' ([Errno 11001] getaddrinfo failed)""))"
598443680410978412,https://a0.muscache.com/pictures/miso/Hosting-598443680410978412/original/13548652-e560-4742-9f6c-29e6eb3b749f.jpeg,failed_timeout_or_error,,,0,0,0,,,"HTTPSConnectionPool(host='a0.muscache.com', port=443): Max retries exceeded with url: /pictures/miso/Hosting-598443680410978412/original/13548652-e560-4742-9f6c-29e6eb3b749f.jpeg (Caused by NameResolutionError(""<urllib3.connection.HTTPSConnection object at 0x00000232C3BBB4A0>: Failed to resolve 'a0.muscache.com' ([Errno 11001] getaddrinfo failed)""))"
596178008430855191,https://a0.muscache.com/pictures/miso/Hosting-596178008430855191/original/be34e11b-f90d-4edd-9488-17e761d229e1.jpeg,failed_timeout_or_error,,,0,0,0,,,"HTTPSConnectionPool(host='a0.muscache.com', port=443): Max retries exceeded with url: /pictures/miso/Hosting-596178008430855191/original/be34e11b-f90d-4edd-9488-17e761d229e1.jpeg (Caused by NameResolutionError(""<urllib3.connection.HTTPSConnection object at 0x00000232C3CB4050>: Failed to resolve 'a0.muscache.com' ([Errno 11001] getaddrinfo failed)""))"
598600704928190553,https://a0.muscache.com/pictures/miso/Hosting-598600704928190553/original/88cc1261-069d-4d11-9b06-f0b9a3fb914f.jpeg,failed_timeout_or_error,,,0,0,0,,,"HTTPSConnectionPool(host='a0.muscache.com', port=443): Max retries exceeded with url: /pictures/miso/Hosting-598600704928190553/original/88cc1261-069d-4d11-9b06-f0b9a3fb914f.jpeg (Caused by NameResolutionError(""<urllib3.connection.HTTPSConnection object at 0x00000232C40FB440>: Failed to resolve 'a0.muscache.com' ([Errno 11001] getaddrinfo failed)""))"
615307974552362252,https://a0.muscache.com/pictures/prohost-api/Hosting-615307974552362252/original/4479b21a-e14e-4ca6-9137-3273f97008e4.jpeg,failed_timeout_or_error,,,0,0,0,,,"HTTPSConnectionPool(host='a0.muscache.com', port=443): Max retries exceeded with url: /pictures/prohost-api/Hosting-615307974552362252/original/4479b21a-e14e-4ca6-9137-3273f97008e4.jpeg (Caused by NameResolutionError(""<urllib3.connection.HTTPSConnection object at 0x00000232C40FAB40>: Failed to resolve 'a0.muscache.com' ([Errno 11001] getaddrinfo failed)""))"
614302016810761350,https://a0.muscache.com/pictures/miso/Hosting-614302016810761350/original/06250464-b7b7-40e0-93b6-6f9ce3bc7757.png,failed_timeout_or_error,,,0,0,0,,,"HTTPSConnectionPool(host='a0.muscache.com', port=443): Max retries exceeded with url: /pictures/miso/Hosting-614302016810761350/original/06250464-b7b7-40e0-93b6-6f9ce3bc7757.png (Caused by NameResolutionError(""<urllib3.connection.HTTPSConnection object at 0x00000232C3CB5E80>: Failed to resolve 'a0.muscache.com' ([Errno 11001] getaddrinfo failed)""))"
610560281626401230,https://a0.muscache.com/pictures/prohost-api/Hosting-610560281626401230/original/9955adbc-3b07-411b-b3f1-4b80de7d5552.jpeg,failed_timeout_or_error,,,0,0,0,,,"HTTPSConnectionPool(host='a0.muscache.com', port=443): Max retries exceeded with url: /pictures/prohost-api/Hosting-610560281626401230/original/9955adbc-3b07-411b-b3f1-4b80de7d5552.jpeg (Caused by NameResolutionError(""<urllib3.connection.HTTPSConnection object at 0x00000232C3C845C0>: Failed to resolve 'a0.muscache.com' ([Errno 11001] getaddrinfo failed)""))"
602044235063163642,https://a0.muscache.com/pictures/1bdafbe4-68a3-4220-9ccd-9ff829b157b5.jpg,failed_timeout_or_error,,,0,0,0,,,"HTTPSConnectionPool(host='a0.muscache.com', port=443): Max retries exceeded with url: /pictures/1bdafbe4-68a3-4220-9ccd-9ff829b157b5.jpg (Caused by NameResolutionError(""<urllib3.connection.HTTPSConnection object at 0x00000232C406AA80>: Failed to resolve 'a0.muscache.com' ([Errno 11001] getaddrinfo failed)""))"
613700249253498876,https://a0.muscache.com/pictures/miso/Hosting-613700249253498876/original/6cbbed40-9b1d-407f-b500-d2d069f24dc8.jpeg,failed_timeout_or_error,,,0,0,0,,,"HTTPSConnectionPool(host='a0.muscache.com', port=443): Max retries exceeded with url: /pictures/miso/Hosting-613700249253498876/original/6cbbed40-9b1d-407f-b500-d2d069f24dc8.jpeg (Caused by NameResolutionError(""<urllib3.connection.HTTPSConnection object at 0x00000232C3BB86B0>: Failed to resolve 'a0.muscache.com' ([Errno 11001] getaddrinfo failed)""))"
607489019200529048,https://a0.muscache.com/pictures/miso/Hosting-607489019200529048/original/45458914-fa62-430c-b012-bec8455e39bc.jpeg,failed_timeout_or_error,,,0,0,0,,,"HTTPSConnectionPool(host='a0.muscache.com', port=443): Max retries exceeded with url: /pictures/miso/Hosting-607489019200529048/original/45458914-fa62-430c-b012-bec8455e39bc.jpeg (Caused by NameResolutionError(""<urllib3.connection.HTTPSConnection object at 0x00000232C3C86E70>: Failed to resolve 'a0.muscache.com' ([Errno 11001] getaddrinfo failed)""))"
619483022361673632,https://a0.muscache.com/pictures/f75bfdb9-5a29-449a-a7d3-050b4359a7bb.jpg,failed_timeout_or_error,,,0,0,0,,,"HTTPSConnectionPool(host='a0.muscache.com', port=443): Max retries exceeded with url: /pictures/f75bfdb9-5a29-449a-a7d3-050b4359a7bb.jpg (Caused by NameResolutionError(""<urllib3.connection.HTTPSConnection object at 0x00000232C3CE5550>: Failed to resolve 'a0.muscache.com' ([Errno 11001] getaddrinfo failed)""))"
618631910523278073,https://a0.muscache.com/pictures/miso/Hosting-618631910523278073/original/cb18ef75-deb3-43c3-8378-d0b41621a581.jpeg,failed_timeout_or_error,,,0,0,0,,,"HTTPSConnectionPool(host='a0.muscache.com', port=443): Max retries exceeded with url: /pictures/miso/Hosting-618631910523278073/original/cb18ef75-deb3-43c3-8378-d0b41621a581.jpeg (Caused by NameResolutionError(""<urllib3.connection.HTTPSConnection object at 0x00000232C3AB6BA0>: Failed to resolve 'a0.muscache.com' ([Errno 11001] getaddrinfo failed)""))"
616888515375292290,https://a0.muscache.com/pictures/miso/Hosting-616888515375292290/original/c534165d-08ba-4c74-acc1-4d170add7792.jpeg,failed_timeout_or_error,,,0,0,0,,,"HTTPSConnectionPool(host='a0.muscache.com', port=443): Max retries exceeded with url: /pictures/miso/Hosting-616888515375292290/original/c534165d-08ba-4c74-acc1-4d170add7792.jpeg (Caused by NameResolutionError(""<urllib3.connection.HTTPSConnection object at 0x00000232C3AB7E30>: Failed to resolve 'a0.muscache.com' ([Errno 11001] getaddrinfo failed)""))"
617493282921278807,https://a0.muscache.com/pictures/670e255b-58c4-4a7f-9693-3ae4e493bc1b.jpg,failed_timeout_or_error,,,0,0,0,,,"HTTPSConnectionPool(host='a0.muscache.com', port=443): Max retries exceeded with url: /pictures/670e255b-58c4-4a7f-9693-3ae4e493bc1b.jpg (Caused by NameResolutionError(""<urllib3.connection.HTTPSConnection object at 0x00000232C3942FC0>: Failed to resolve 'a0.muscache.com' ([Errno 11001] getaddrinfo failed)""))"
619567362673536608,https://a0.muscache.com/pictures/7fc52616-a41c-4995-a8d6-6d42eaeb13a9.jpg,failed_timeout_or_error,,,0,0,0,,,"HTTPSConnectionPool(host='a0.muscache.com', port=443): Max retries exceeded with url: /pictures/7fc52616-a41c-4995-a8d6-6d42eaeb13a9.jpg (Caused by NameResolutionError(""<urllib3.connection.HTTPSConnection object at 0x00000232C3BB97F0>: Failed to resolve 'a0.muscache.com' ([Errno 11001] getaddrinfo failed)""))"
617915321080119810,https://a0.muscache.com/pictures/9f6cef27-8428-488b-8bd7-4d73bc2b49f6.jpg,failed_timeout_or_error,,,0,0,0,,,"HTTPSConnectionPool(host='a0.muscache.com', port=443): Max retries exceeded with url: /pictures/9f6cef27-8428-488b-8bd7-4d73bc2b49f6.jpg (Caused by NameResolutionError(""<urllib3.connection.HTTPSConnection object at 0x00000232C40FA5D0>: Failed to resolve 'a0.muscache.com' ([Errno 11001] getaddrinfo failed)""))"
623181407416441491,https://a0.muscache.com/pictures/38ec686e-df30-4ff4-a6bc-9082378c90bf.jpg,failed_timeout_or_error,,,0,0,0,,,"HTTPSConnectionPool(host='a0.muscache.com', port=443): Max retries exceeded with url: /pictures/38ec686e-df30-4ff4-a6bc-9082378c90bf.jpg (Caused by NameResolutionError(""<urllib3.connection.HTTPSConnection object at 0x00000232C3CF76B0>: Failed to resolve 'a0.muscache.com' ([Errno 11001] getaddrinfo failed)""))"
602348590325459976,https://a0.muscache.com/pictures/miso/Hosting-602348590325459976/original/285d8822-b19e-4862-a33e-ddfa5775359c.jpeg,failed_timeout_or_error,,,0,0,0,,,"HTTPSConnectionPool(host='a0.muscache.com', port=443): Max retries exceeded with url: /pictures/miso/Hosting-602348590325459976/original/285d8822-b19e-4862-a33e-ddfa5775359c.jpeg (Caused by NameResolutionError(""<urllib3.connection.HTTPSConnection object at 0x00000232C3CF6030>: Failed to resolve 'a0.muscache.com' ([Errno 11001] getaddrinfo failed)""))"
626335247692205325,https://a0.muscache.com/pictures/miso/Hosting-626335247692205325/original/ab670231-b350-40fe-9498-1d893ba6b814.jpeg,failed_timeout_or_error,,,0,0,0,,,"HTTPSConnectionPool(host='a0.muscache.com', port=443): Max retries exceeded with url: /pictures/miso/Hosting-626335247692205325/original/ab670231-b350-40fe-9498-1d893ba6b814.jpeg (Caused by NameResolutionError(""<urllib3.connection.HTTPSConnection object at 0x00000232C3CA6E10>: Failed to resolve 'a0.muscache.com' ([Errno 11001] getaddrinfo failed)""))"
629657604334214852,https://a0.muscache.com/pictures/miso/Hosting-629657604334214852/original/604d5b98-7568-4fd9-aa75-eecfdcd0c677.jpeg,failed_timeout_or_error,,,0,0,0,,,"HTTPSConnectionPool(host='a0.muscache.com', port=443): Max retries exceeded with url: /pictures/miso/Hosting-629657604334214852/original/604d5b98-7568-4fd9-aa75-eecfdcd0c677.jpeg (Caused by NameResolutionError(""<urllib3.connection.HTTPSConnection object at 0x00000232C3CE63F0>: Failed to resolve 'a0.muscache.com' ([Errno 11001] getaddrinfo failed)""))"
626718578774555759,https://a0.muscache.com/pictures/miso/Hosting-626718578774555759/original/a0f39f34-9412-4503-a646-56e90c0fa985.jpeg,failed_timeout_or_error,,,0,0,0,,,"HTTPSConnectionPool(host='a0.muscache.com', port=443): Max retries exceeded with url: /pictures/miso/Hosting-626718578774555759/original/a0f39f34-9412-4503-a646-56e90c0fa985.jpeg (Caused by NameResolutionError(""<urllib3.connection.HTTPSConnection object at 0x00000232C3CA59A0>: Failed to resolve 'a0.muscache.com' ([Errno 11001] getaddrinfo failed)""))"
628370434306614889,https://a0.muscache.com/pictures/prohost-api/Hosting-628370434306614889/original/e3181ba9-ee62-400a-8637-f2ff60277b68.jpeg,failed_timeout_or_error,,,0,0,0,,,"HTTPSConnectionPool(host='a0.muscache.com', port=443): Max retries exceeded with url: /pictures/prohost-api/Hosting-628370434306614889/original/e3181ba9-ee62-400a-8637-f2ff60277b68.jpeg (Caused by NameResolutionError(""<urllib3.connection.HTTPSConnection object at 0x00000232C3CA4A40>: Failed to resolve 'a0.muscache.com' ([Errno 11001] getaddrinfo failed)""))"
630553964450826956,https://a0.muscache.com/pictures/miso/Hosting-630553964450826956/original/1ea2289a-c89b-4e4b-ab75-246c0da27f3f.jpeg,failed_timeout_or_error,,,0,0,0,,,"HTTPSConnectionPool(host='a0.muscache.com', port=443): Max retries exceeded with url: /pictures/miso/Hosting-630553964450826956/original/1ea2289a-c89b-4e4b-ab75-246c0da27f3f.jpeg (Caused by NameResolutionError(""<urllib3.connection.HTTPSConnection object at 0x00000232C3DA0E60>: Failed to resolve 'a0.muscache.com' ([Errno 11001] getaddrinfo failed)""))"
631870653291208805,https://a0.muscache.com/pictures/c2064914-e1ee-44d1-88a5-647f47055dcb.jpg,failed_timeout_or_error,,,0,0,0,,,"HTTPSConnectionPool(host='a0.muscache.com', port=443): Max retries exceeded with url: /pictures/c2064914-e1ee-44d1-88a5-647f47055dcb.jpg (Caused by NameResolutionError(""<urllib3.connection.HTTPSConnection object at 0x00000232C3DA2A80>: Failed to resolve 'a0.muscache.com' ([Errno 11001] getaddrinfo failed)""))"
622400091046078341,https://a0.muscache.com/pictures/miso/Hosting-622400091046078341/original/67f89d7e-b3b9-4166-ab3d-447547b3081b.jpeg,failed_timeout_or_error,,,0,0,0,,,"HTTPSConnectionPool(host='a0.muscache.com', port=443): Max retries exceeded with url: /pictures/miso/Hosting-622400091046078341/original/67f89d7e-b3b9-4166-ab3d-447547b3081b.jpeg (Caused by NameResolutionError(""<urllib3.connection.HTTPSConnection object at 0x00000232C3DA0AA0>: Failed to resolve 'a0.muscache.com' ([Errno 11001] getaddrinfo failed)""))"
628105532636221295,https://a0.muscache.com/pictures/miso/Hosting-628105532636221295/original/9d2b7bfc-1074-4eca-be63-fdfcbd392524.jpeg,failed_timeout_or_error,,,0,0,0,,,"HTTPSConnectionPool(host='a0.muscache.com', port=443): Max retries exceeded with url: /pictures/miso/Hosting-628105532636221295/original/9d2b7bfc-1074-4eca-be63-fdfcbd392524.jpeg (Caused by NameResolutionError(""<urllib3.connection.HTTPSConnection object at 0x00000232C3DA18B0>: Failed to resolve 'a0.muscache.com' ([Errno 11001] getaddrinfo failed)""))"
628325548200165472,https://a0.muscache.com/pictures/miso/Hosting-628325548200165472/original/1607301b-b026-43a3-a770-d219ac56b3b6.jpeg,failed_timeout_or_error,,,0,0,0,,,"HTTPSConnectionPool(host='a0.muscache.com', port=443): Max retries exceeded with url: /pictures/miso/Hosting-628325548200165472/original/1607301b-b026-43a3-a770-d219ac56b3b6.jpeg (Caused by NameResolutionError(""<urllib3.connection.HTTPSConnection object at 0x00000232C3CF47A0>: Failed to resolve 'a0.muscache.com' ([Errno 11001] getaddrinfo failed)""))"
631066632238704724,https://a0.muscache.com/pictures/miso/Hosting-631066632238704724/original/117d0999-f0d5-4a0f-8724-0068f81edf8f.jpeg,failed_timeout_or_error,,,0,0,0,,,"HTTPSConnectionPool(host='a0.muscache.com', port=443): Max retries exceeded with url: /pictures/miso/Hosting-631066632238704724/original/117d0999-f0d5-4a0f-8724-0068f81edf8f.jpeg (Caused by NameResolutionError(""<urllib3.connection.HTTPSConnection object at 0x00000232C3CF7E00>: Failed to resolve 'a0.muscache.com' ([Errno 11001] getaddrinfo failed)""))"
631761067050806095,https://a0.muscache.com/pictures/prohost-api/Hosting-631761067050806095/original/faaed13e-7abe-474f-9317-409b98d28deb.jpeg,failed_timeout_or_error,,,0,0,0,,,"HTTPSConnectionPool(host='a0.muscache.com', port=443): Max retries exceeded with url: /pictures/prohost-api/Hosting-631761067050806095/original/faaed13e-7abe-474f-9317-409b98d28deb.jpeg (Caused by NameResolutionError(""<urllib3.connection.HTTPSConnection object at 0x00000232C3CA6240>: Failed to resolve 'a0.muscache.com' ([Errno 11001] getaddrinfo failed)""))"
637672772568626171,https://a0.muscache.com/pictures/prohost-api/Hosting-637672772568626171/original/57d88cbf-b739-48d1-a39b-e3a88c04402d.jpeg,failed_timeout_or_error,,,0,0,0,,,"HTTPSConnectionPool(host='a0.muscache.com', port=443): Max retries exceeded with url: /pictures/prohost-api/Hosting-637672772568626171/original/57d88cbf-b739-48d1-a39b-e3a88c04402d.jpeg (Caused by NameResolutionError(""<urllib3.connection.HTTPSConnection object at 0x00000232C3CF5D30>: Failed to resolve 'a0.muscache.com' ([Errno 11001] getaddrinfo failed)""))"
628846920167906161,https://a0.muscache.com/pictures/miso/Hosting-628846920167906161/original/7f55af52-1d42-41fc-ad19-998cd546979c.jpeg,failed_timeout_or_error,,,0,0,0,,,"HTTPSConnectionPool(host='a0.muscache.com', port=443): Max retries exceeded with url: /pictures/miso/Hosting-628846920167906161/original/7f55af52-1d42-41fc-ad19-998cd546979c.jpeg (Caused by NameResolutionError(""<urllib3.connection.HTTPSConnection object at 0x00000232C3CA4A40>: Failed to resolve 'a0.muscache.com' ([Errno 11001] getaddrinfo failed)""))"
632739314530565782,https://a0.muscache.com/pictures/95de496e-411c-4239-aad5-0cd6681c1d9a.jpg,failed_timeout_or_error,,,0,0,0,,,"HTTPSConnectionPool(host='a0.muscache.com', port=443): Max retries exceeded with url: /pictures/95de496e-411c-4239-aad5-0cd6681c1d9a.jpg (Caused by NameResolutionError(""<urllib3.connection.HTTPSConnection object at 0x00000232C3B1B0E0>: Failed to resolve 'a0.muscache.com' ([Errno 11001] getaddrinfo failed)""))"
640420687296388472,https://a0.muscache.com/pictures/miso/Hosting-640420687296388472/original/555271af-7735-49f9-a462-eba7697a4046.jpeg,failed_timeout_or_error,,,0,0,0,,,"HTTPSConnectionPool(host='a0.muscache.com', port=443): Max retries exceeded with url: /pictures/miso/Hosting-640420687296388472/original/555271af-7735-49f9-a462-eba7697a4046.jpeg (Caused by NameResolutionError(""<urllib3.connection.HTTPSConnection object at 0x00000232C3B1B140>: Failed to resolve 'a0.muscache.com' ([Errno 11001] getaddrinfo failed)""))"
641304933834393681,https://a0.muscache.com/pictures/prohost-api/Hosting-641304933834393681/original/a9b39d46-13a1-4dc5-88c4-e2ac4c5dcf0b.jpeg,failed_timeout_or_error,,,0,0,0,,,"HTTPSConnectionPool(host='a0.muscache.com', port=443): Max retries exceeded with url: /pictures/prohost-api/Hosting-641304933834393681/original/a9b39d46-13a1-4dc5-88c4-e2ac4c5dcf0b.jpeg (Caused by NameResolutionError(""<urllib3.connection.HTTPSConnection object at 0x00000232C3B1BB60>: Failed to resolve 'a0.muscache.com' ([Errno 11001] getaddrinfo failed)""))"
630897587250262308,https://a0.muscache.com/pictures/miso/Hosting-630897587250262308/original/a574a413-da32-451d-b442-f4a45fed64c1.jpeg,failed_timeout_or_error,,,0,0,0,,,"HTTPSConnectionPool(host='a0.muscache.com', port=443): Max retries exceeded with url: /pictures/miso/Hosting-630897587250262308/original/a574a413-da32-451d-b442-f4a45fed64c1.jpeg (Caused by NameResolutionError(""<urllib3.connection.HTTPSConnection object at 0x00000232C3B1AB40>: Failed to resolve 'a0.muscache.com' ([Errno 11001] getaddrinfo failed)""))"
630472961938618312,https://a0.muscache.com/pictures/90c4a28d-f59c-40e6-ab78-45003c279f18.jpg,failed_timeout_or_error,,,0,0,0,,,"HTTPSConnectionPool(host='a0.muscache.com', port=443): Max retries exceeded with url: /pictures/90c4a28d-f59c-40e6-ab78-45003c279f18.jpg (Caused by NameResolutionError(""<urllib3.connection.HTTPSConnection object at 0x00000232C3B188C0>: Failed to resolve 'a0.muscache.com' ([Errno 11001] getaddrinfo failed)""))"
636940096232169939,https://a0.muscache.com/pictures/miso/Hosting-636940096232169939/original/d56b9d4a-0b58-47a3-baab-1043a02d70d0.jpeg,failed_timeout_or_error,,,0,0,0,,,"HTTPSConnectionPool(host='a0.muscache.com', port=443): Max retries exceeded with url: /pictures/miso/Hosting-636940096232169939/original/d56b9d4a-0b58-47a3-baab-1043a02d70d0.jpeg (Caused by NameResolutionError(""<urllib3.connection.HTTPSConnection object at 0x00000232C4069010>: Failed to resolve 'a0.muscache.com' ([Errno 11001] getaddrinfo failed)""))"
635479299986877171,https://a0.muscache.com/pictures/prohost-api/Hosting-635479299986877171/original/3f88084e-c5a6-4b39-be4e-cc84d8502e16.png,failed_timeout_or_error,,,0,0,0,,,"HTTPSConnectionPool(host='a0.muscache.com', port=443): Max retries exceeded with url: /pictures/prohost-api/Hosting-635479299986877171/original/3f88084e-c5a6-4b39-be4e-cc84d8502e16.png (Caused by NameResolutionError(""<urllib3.connection.HTTPSConnection object at 0x00000232C3CA4BC0>: Failed to resolve 'a0.muscache.com' ([Errno 11001] getaddrinfo failed)""))"
631806502718255020,https://a0.muscache.com/pictures/miso/Hosting-631806502718255020/original/62f58b89-bc65-4260-86fc-9d9b1388bcb8.jpeg,failed_timeout_or_error,,,0,0,0,,,"HTTPSConnectionPool(host='a0.muscache.com', port=443): Max retries exceeded with url: /pictures/miso/Hosting-631806502718255020/original/62f58b89-bc65-4260-86fc-9d9b1388bcb8.jpeg (Caused by NameResolutionError(""<urllib3.connection.HTTPSConnection object at 0x00000232C4068890>: Failed to resolve 'a0.muscache.com' ([Errno 11001] getaddrinfo failed)""))"
635453479167942216,https://a0.muscache.com/pictures/miso/Hosting-635453479167942216/original/09d79018-8939-41e1-adf9-08e9158006ba.jpeg,failed_timeout_or_error,,,0,0,0,,,"HTTPSConnectionPool(host='a0.muscache.com', port=443): Max retries exceeded with url: /pictures/miso/Hosting-635453479167942216/original/09d79018-8939-41e1-adf9-08e9158006ba.jpeg (Caused by NameResolutionError(""<urllib3.connection.HTTPSConnection object at 0x00000232C3D6B950>: Failed to resolve 'a0.muscache.com' ([Errno 11001] getaddrinfo failed)""))"
640473347103600209,https://a0.muscache.com/pictures/prohost-api/Hosting-640473347103600209/original/8fe4aea5-dd96-431a-b55d-a2e945af0209.jpeg,failed_timeout_or_error,,,0,0,0,,,"HTTPSConnectionPool(host='a0.muscache.com', port=443): Max retries exceeded with url: /pictures/prohost-api/Hosting-640473347103600209/original/8fe4aea5-dd96-431a-b55d-a2e945af0209.jpeg (Caused by NameResolutionError(""<urllib3.connection.HTTPSConnection object at 0x00000232C3D68B90>: Failed to resolve 'a0.muscache.com' ([Errno 11001] getaddrinfo failed)""))"
638305712997070656,https://a0.muscache.com/pictures/657933dc-a31d-4c80-b586-2a558bf72d15.jpg,failed_timeout_or_error,,,0,0,0,,,"HTTPSConnectionPool(host='a0.muscache.com', port=443): Max retries exceeded with url: /pictures/657933dc-a31d-4c80-b586-2a558bf72d15.jpg (Caused by NameResolutionError(""<urllib3.connection.HTTPSConnection object at 0x00000232C3D41A90>: Failed to resolve 'a0.muscache.com' ([Errno 11001] getaddrinfo failed)""))"
632611045895676379,https://a0.muscache.com/pictures/a159ced4-4f5c-4285-bea3-a8a30fad4915.jpg,failed_timeout_or_error,,,0,0,0,,,"HTTPSConnectionPool(host='a0.muscache.com', port=443): Max retries exceeded with url: /pictures/a159ced4-4f5c-4285-bea3-a8a30fad4915.jpg (Caused by NameResolutionError(""<urllib3.connection.HTTPSConnection object at 0x00000232C3DA1E20>: Failed to resolve 'a0.muscache.com' ([Errno 11001] getaddrinfo failed)""))"
642768690636158694,https://a0.muscache.com/pictures/miso/Hosting-642768690636158694/original/f5e92811-ce77-42c4-82ba-7fe83a20a44d.jpeg,failed_timeout_or_error,,,0,0,0,,,"HTTPSConnectionPool(host='a0.muscache.com', port=443): Max retries exceeded with url: /pictures/miso/Hosting-642768690636158694/original/f5e92811-ce77-42c4-82ba-7fe83a20a44d.jpeg (Caused by NameResolutionError(""<urllib3.connection.HTTPSConnection object at 0x00000232C3D42D50>: Failed to resolve 'a0.muscache.com' ([Errno 11001] getaddrinfo failed)""))"
648430620786268461,https://a0.muscache.com/pictures/miso/Hosting-648391789873513026/original/a81f8499-7c98-4b45-9238-2152dffda793.png,failed_timeout_or_error,,,0,0,0,,,"HTTPSConnectionPool(host='a0.muscache.com', port=443): Max retries exceeded with url: /pictures/miso/Hosting-648391789873513026/original/a81f8499-7c98-4b45-9238-2152dffda793.png (Caused by NameResolutionError(""<urllib3.connection.HTTPSConnection object at 0x00000232C3D6B2C0>: Failed to resolve 'a0.muscache.com' ([Errno 11001] getaddrinfo failed)""))"
649159981874701169,https://a0.muscache.com/pictures/prohost-api/Hosting-649159981874701169/original/bfd50a10-a98d-4376-85f8-702995e3d448.jpeg,failed_timeout_or_error,,,0,0,0,,,"HTTPSConnectionPool(host='a0.muscache.com', port=443): Max retries exceeded with url: /pictures/prohost-api/Hosting-649159981874701169/original/bfd50a10-a98d-4376-85f8-702995e3d448.jpeg (Caused by NameResolutionError(""<urllib3.connection.HTTPSConnection object at 0x00000232C40F9850>: Failed to resolve 'a0.muscache.com' ([Errno 11001] getaddrinfo failed)""))"
646209186010299913,https://a0.muscache.com/pictures/miso/Hosting-646209186010299913/original/cda26b4b-803e-4b28-aa18-bc93b0cb4647.jpeg,failed_timeout_or_error,,,0,0,0,,,"HTTPSConnectionPool(host='a0.muscache.com', port=443): Max retries exceeded with url: /pictures/miso/Hosting-646209186010299913/original/cda26b4b-803e-4b28-aa18-bc93b0cb4647.jpeg (Caused by NameResolutionError(""<urllib3.connection.HTTPSConnection object at 0x00000232C3D42210>: Failed to resolve 'a0.muscache.com' ([Errno 11001] getaddrinfo failed)""))"
647499312875397788,https://a0.muscache.com/pictures/prohost-api/Hosting-647499312875397788/original/4d64e0bc-a668-4a9b-a41c-9023c6cf7d38.jpeg,failed_timeout_or_error,,,0,0,0,,,"HTTPSConnectionPool(host='a0.muscache.com', port=443): Max retries exceeded with url: /pictures/prohost-api/Hosting-647499312875397788/original/4d64e0bc-a668-4a9b-a41c-9023c6cf7d38.jpeg (Caused by NameResolutionError(""<urllib3.connection.HTTPSConnection object at 0x00000232C3DA3590>: Failed to resolve 'a0.muscache.com' ([Errno 11001] getaddrinfo failed)""))"
635415350287429913,https://a0.muscache.com/pictures/miso/Hosting-635415350287429913/original/544bbee4-3e93-4905-ad6d-18c617bd10ed.jpeg,failed_timeout_or_error,,,0,0,0,,,"HTTPSConnectionPool(host='a0.muscache.com', port=443): Max retries exceeded with url: /pictures/miso/Hosting-635415350287429913/original/544bbee4-3e93-4905-ad6d-18c617bd10ed.jpeg (Caused by NameResolutionError(""<urllib3.connection.HTTPSConnection object at 0x00000232C3D68890>: Failed to resolve 'a0.muscache.com' ([Errno 11001] getaddrinfo failed)""))"
656541516341155950,https://a0.muscache.com/pictures/189af2de-ae29-415f-a3e6-867738d479b3.jpg,failed_timeout_or_error,,,0,0,0,,,"HTTPSConnectionPool(host='a0.muscache.com', port=443): Max retries exceeded with url: /pictures/189af2de-ae29-415f-a3e6-867738d479b3.jpg (Caused by NameResolutionError(""<urllib3.connection.HTTPSConnection object at 0x00000232C4068B90>: Failed to resolve 'a0.muscache.com' ([Errno 11001] getaddrinfo failed)""))"
661017790664427303,https://a0.muscache.com/pictures/miso/Hosting-661017790664427303/original/ea8de7f0-2c04-42eb-8b8b-362975f1c5c1.jpeg,failed_timeout_or_error,,,0,0,0,,,"HTTPSConnectionPool(host='a0.muscache.com', port=443): Max retries exceeded with url: /pictures/miso/Hosting-661017790664427303/original/ea8de7f0-2c04-42eb-8b8b-362975f1c5c1.jpeg (Caused by NameResolutionError(""<urllib3.connection.HTTPSConnection object at 0x00000232C406A330>: Failed to resolve 'a0.muscache.com' ([Errno 11001] getaddrinfo failed)""))"
659427041564978528,https://a0.muscache.com/pictures/prohost-api/Hosting-659427041564978528/original/5429adf3-6809-4b04-ab81-ee7f4abff342.jpeg,failed_timeout_or_error,,,0,0,0,,,"HTTPSConnectionPool(host='a0.muscache.com', port=443): Max retries exceeded with url: /pictures/prohost-api/Hosting-659427041564978528/original/5429adf3-6809-4b04-ab81-ee7f4abff342.jpeg (Caused by NameResolutionError(""<urllib3.connection.HTTPSConnection object at 0x00000232C40FBE60>: Failed to resolve 'a0.muscache.com' ([Errno 11001] getaddrinfo failed)""))"
645082046833169782,https://a0.muscache.com/pictures/miso/Hosting-645082046833169782/original/0fab774e-553e-404f-947b-f263556e571b.jpeg,failed_timeout_or_error,,,0,0,0,,,"HTTPSConnectionPool(host='a0.muscache.com', port=443): Max retries exceeded with url: /pictures/miso/Hosting-645082046833169782/original/0fab774e-553e-404f-947b-f263556e571b.jpeg (Caused by NameResolutionError(""<urllib3.connection.HTTPSConnection object at 0x00000232C40FB2C0>: Failed to resolve 'a0.muscache.com' ([Errno 11001] getaddrinfo failed)""))"
658784191155071456,https://a0.muscache.com/pictures/miso/Hosting-658784191155071456/original/5bec3102-5b80-47d5-9902-560348e651c9.jpeg,failed_timeout_or_error,,,0,0,0,,,"HTTPSConnectionPool(host='a0.muscache.com', port=443): Max retries exceeded with url: /pictures/miso/Hosting-658784191155071456/original/5bec3102-5b80-47d5-9902-560348e651c9.jpeg (Caused by NameResolutionError(""<urllib3.connection.HTTPSConnection object at 0x00000232C40F90A0>: Failed to resolve 'a0.muscache.com' ([Errno 11001] getaddrinfo failed)""))"
660682507219527871,https://a0.muscache.com/pictures/miso/Hosting-660682507219527871/original/078942dc-eb74-4004-be9b-d356761df75b.jpeg,failed_timeout_or_error,,,0,0,0,,,"HTTPSConnectionPool(host='a0.muscache.com', port=443): Max retries exceeded with url: /pictures/miso/Hosting-660682507219527871/original/078942dc-eb74-4004-be9b-d356761df75b.jpeg (Caused by NameResolutionError(""<urllib3.connection.HTTPSConnection object at 0x00000232C3D6A960>: Failed to resolve 'a0.muscache.com' ([Errno 11001] getaddrinfo failed)""))"
654362822315075318,https://a0.muscache.com/pictures/57df82cb-d0d0-4910-a870-6a7692ea2a0e.jpg,failed_timeout_or_error,,,0,0,0,,,"HTTPSConnectionPool(host='a0.muscache.com', port=443): Max retries exceeded with url: /pictures/57df82cb-d0d0-4910-a870-6a7692ea2a0e.jpg (Caused by NameResolutionError(""<urllib3.connection.HTTPSConnection object at 0x00000232C40F9490>: Failed to resolve 'a0.muscache.com' ([Errno 11001] getaddrinfo failed)""))"
642676199912839483,https://a0.muscache.com/pictures/miso/Hosting-642676199912839483/original/0cfe8863-5b65-4051-a871-aab60cd5d9b9.jpeg,failed_timeout_or_error,,,0,0,0,,,"HTTPSConnectionPool(host='a0.muscache.com', port=443): Max retries exceeded with url: /pictures/miso/Hosting-642676199912839483/original/0cfe8863-5b65-4051-a871-aab60cd5d9b9.jpeg (Caused by NameResolutionError(""<urllib3.connection.HTTPSConnection object at 0x00000232C40F89B0>: Failed to resolve 'a0.muscache.com' ([Errno 11001] getaddrinfo failed)""))"
633454855694759366,https://a0.muscache.com/pictures/f48e655b-cf3f-4e2a-9c89-f48366f20498.jpg,failed_timeout_or_error,,,0,0,0,,,"HTTPSConnectionPool(host='a0.muscache.com', port=443): Max retries exceeded with url: /pictures/f48e655b-cf3f-4e2a-9c89-f48366f20498.jpg (Caused by NameResolutionError(""<urllib3.connection.HTTPSConnection object at 0x00000232C3D695B0>: Failed to resolve 'a0.muscache.com' ([Errno 11001] getaddrinfo failed)""))"
658517258882985610,https://a0.muscache.com/pictures/prohost-api/Hosting-658517258882985610/original/96afa767-245a-455f-88a6-1be2fb344dbd.jpeg,failed_timeout_or_error,,,0,0,0,,,"HTTPSConnectionPool(host='a0.muscache.com', port=443): Max retries exceeded with url: /pictures/prohost-api/Hosting-658517258882985610/original/96afa767-245a-455f-88a6-1be2fb344dbd.jpeg (Caused by NameResolutionError(""<urllib3.connection.HTTPSConnection object at 0x00000232C3D43980>: Failed to resolve 'a0.muscache.com' ([Errno 11001] getaddrinfo failed)""))"
644782260633230559,https://a0.muscache.com/pictures/miso/Hosting-644782260633230559/original/de33212d-218d-4e93-8dd4-f99e589c8f2b.jpeg,failed_timeout_or_error,,,0,0,0,,,"HTTPSConnectionPool(host='a0.muscache.com', port=443): Max retries exceeded with url: /pictures/miso/Hosting-644782260633230559/original/de33212d-218d-4e93-8dd4-f99e589c8f2b.jpeg (Caused by NameResolutionError(""<urllib3.connection.HTTPSConnection object at 0x00000232C406A240>: Failed to resolve 'a0.muscache.com' ([Errno 11001] getaddrinfo failed)""))"
642220518382224454,https://a0.muscache.com/pictures/94946059-8ef1-40e8-ac57-f4f8afc2aff7.jpg,failed_timeout_or_error,,,0,0,0,,,"HTTPSConnectionPool(host='a0.muscache.com', port=443): Max retries exceeded with url: /pictures/94946059-8ef1-40e8-ac57-f4f8afc2aff7.jpg (Caused by NameResolutionError(""<urllib3.connection.HTTPSConnection object at 0x00000232C3D845C0>: Failed to resolve 'a0.muscache.com' ([Errno 11001] getaddrinfo failed)""))"
654194009538201852,https://a0.muscache.com/pictures/miso/Hosting-654194009538201852/original/29cd2704-99d4-4877-85b9-e1a43c444039.jpeg,failed_timeout_or_error,,,0,0,0,,,"HTTPSConnectionPool(host='a0.muscache.com', port=443): Max retries exceeded with url: /pictures/miso/Hosting-654194009538201852/original/29cd2704-99d4-4877-85b9-e1a43c444039.jpeg (Caused by NameResolutionError(""<urllib3.connection.HTTPSConnection object at 0x00000232C406AC60>: Failed to resolve 'a0.muscache.com' ([Errno 11001] getaddrinfo failed)""))"
643596452914733765,https://a0.muscache.com/pictures/prohost-api/Hosting-643596452914733765/original/46741617-7627-454b-8319-47bfba933ebb.jpeg,failed_timeout_or_error,,,0,0,0,,,"HTTPSConnectionPool(host='a0.muscache.com', port=443): Max retries exceeded with url: /pictures/prohost-api/Hosting-643596452914733765/original/46741617-7627-454b-8319-47bfba933ebb.jpeg (Caused by NameResolutionError(""<urllib3.connection.HTTPSConnection object at 0x00000232C3DA3A40>: Failed to resolve 'a0.muscache.com' ([Errno 11001] getaddrinfo failed)""))"
661619298131144900,https://a0.muscache.com/pictures/prohost-api/Hosting-661619298131144900/original/04998e87-d9d0-4289-b05b-64b7121b99eb.jpeg,failed_timeout_or_error,,,0,0,0,,,"HTTPSConnectionPool(host='a0.muscache.com', port=443): Max retries exceeded with url: /pictures/prohost-api/Hosting-661619298131144900/original/04998e87-d9d0-4289-b05b-64b7121b99eb.jpeg (Caused by NameResolutionError(""<urllib3.connection.HTTPSConnection object at 0x00000232C3D87A40>: Failed to resolve 'a0.muscache.com' ([Errno 11001] getaddrinfo failed)""))"
648391789873513026,https://a0.muscache.com/pictures/miso/Hosting-648391789873513026/original/1914d844-07c7-42a5-91a2-72f69aa502ff.png,failed_timeout_or_error,,,0,0,0,,,"HTTPSConnectionPool(host='a0.muscache.com', port=443): Max retries exceeded with url: /pictures/miso/Hosting-648391789873513026/original/1914d844-07c7-42a5-91a2-72f69aa502ff.png (Caused by NameResolutionError(""<urllib3.connection.HTTPSConnection object at 0x00000232C3D87200>: Failed to resolve 'a0.muscache.com' ([Errno 11001] getaddrinfo failed)""))"
665247819715896836,https://a0.muscache.com/pictures/miso/Hosting-665247819715896836/original/7a02177f-0c14-4197-b25e-5f572f893673.jpeg,failed_timeout_or_error,,,0,0,0,,,"HTTPSConnectionPool(host='a0.muscache.com', port=443): Max retries exceeded with url: /pictures/miso/Hosting-665247819715896836/original/7a02177f-0c14-4197-b25e-5f572f893673.jpeg (Caused by NameResolutionError(""<urllib3.connection.HTTPSConnection object at 0x00000232C3BBA330>: Failed to resolve 'a0.muscache.com' ([Errno 11001] getaddrinfo failed)""))"
676863018438068627,https://a0.muscache.com/pictures/miso/Hosting-676863018438068627/original/5ed9e614-86ed-4f19-afa1-ef67d28f96e6.jpeg,failed_timeout_or_error,,,0,0,0,,,"HTTPSConnectionPool(host='a0.muscache.com', port=443): Max retries exceeded with url: /pictures/miso/Hosting-676863018438068627/original/5ed9e614-86ed-4f19-afa1-ef67d28f96e6.jpeg (Caused by NameResolutionError(""<urllib3.connection.HTTPSConnection object at 0x00000232C3BBA3C0>: Failed to resolve 'a0.muscache.com' ([Errno 11001] getaddrinfo failed)""))"
664995026930626855,https://a0.muscache.com/pictures/miso/Hosting-664995026930626855/original/db6c7776-fbdb-4017-9dec-2554633050e7.jpeg,failed_timeout_or_error,,,0,0,0,,,"HTTPSConnectionPool(host='a0.muscache.com', port=443): Max retries exceeded with url: /pictures/miso/Hosting-664995026930626855/original/db6c7776-fbdb-4017-9dec-2554633050e7.jpeg (Caused by NameResolutionError(""<urllib3.connection.HTTPSConnection object at 0x00000232C3BB8C50>: Failed to resolve 'a0.muscache.com' ([Errno 11001] getaddrinfo failed)""))"
649917979938769946,https://a0.muscache.com/pictures/miso/Hosting-649917979938769946/original/b717b7e9-f66f-434b-8a45-435c9cccad5a.jpeg,failed_timeout_or_error,,,0,0,0,,,"HTTPSConnectionPool(host='a0.muscache.com', port=443): Max retries exceeded with url: /pictures/miso/Hosting-649917979938769946/original/b717b7e9-f66f-434b-8a45-435c9cccad5a.jpeg (Caused by NameResolutionError(""<urllib3.connection.HTTPSConnection object at 0x00000232C3D877A0>: Failed to resolve 'a0.muscache.com' ([Errno 11001] getaddrinfo failed)""))"
661687960356442706,https://a0.muscache.com/pictures/prohost-api/Hosting-661687960356442706/original/f2888be4-ad29-4dd4-8402-42db2a3c05ac.jpeg,failed_timeout_or_error,,,0,0,0,,,"HTTPSConnectionPool(host='a0.muscache.com', port=443): Max retries exceeded with url: /pictures/prohost-api/Hosting-661687960356442706/original/f2888be4-ad29-4dd4-8402-42db2a3c05ac.jpeg (Caused by NameResolutionError(""<urllib3.connection.HTTPSConnection object at 0x00000232C3CA4560>: Failed to resolve 'a0.muscache.com' ([Errno 11001] getaddrinfo failed)""))"
660829391095210143,https://a0.muscache.com/pictures/miso/Hosting-660829391095210143/original/0a4c5dbb-b39b-4c3f-87bd-7f13e6abed5f.jpeg,failed_timeout_or_error,,,0,0,0,,,"HTTPSConnectionPool(host='a0.muscache.com', port=443): Max retries exceeded with url: /pictures/miso/Hosting-660829391095210143/original/0a4c5dbb-b39b-4c3f-87bd-7f13e6abed5f.jpeg (Caused by NameResolutionError(""<urllib3.connection.HTTPSConnection object at 0x00000232C3DA0410>: Failed to resolve 'a0.muscache.com' ([Errno 11001] getaddrinfo failed)""))"
669756483535908337,https://a0.muscache.com/pictures/miso/Hosting-669756483535908337/original/586fd6c7-7ac4-4f9f-b86b-4bb28d5b8998.jpeg,failed_timeout_or_error,,,0,0,0,,,"HTTPSConnectionPool(host='a0.muscache.com', port=443): Max retries exceeded with url: /pictures/miso/Hosting-669756483535908337/original/586fd6c7-7ac4-4f9f-b86b-4bb28d5b8998.jpeg (Caused by NameResolutionError(""<urllib3.connection.HTTPSConnection object at 0x00000232C3D853D0>: Failed to resolve 'a0.muscache.com' ([Errno 11001] getaddrinfo failed)""))"
658804581454342640,https://a0.muscache.com/pictures/2545389b-d7a7-4689-9a98-3c161fc06820.jpg,failed_timeout_or_error,,,0,0,0,,,"HTTPSConnectionPool(host='a0.muscache.com', port=443): Max retries exceeded with url: /pictures/2545389b-d7a7-4689-9a98-3c161fc06820.jpg (Caused by NameResolutionError(""<urllib3.connection.HTTPSConnection object at 0x00000232C3D86F00>: Failed to resolve 'a0.muscache.com' ([Errno 11001] getaddrinfo failed)""))"
665285983377320322,https://a0.muscache.com/pictures/81613e93-49e5-4c5f-8d2d-c7a0f2556f76.jpg,failed_timeout_or_error,,,0,0,0,,,"HTTPSConnectionPool(host='a0.muscache.com', port=443): Max retries exceeded with url: /pictures/81613e93-49e5-4c5f-8d2d-c7a0f2556f76.jpg (Caused by NameResolutionError(""<urllib3.connection.HTTPSConnection object at 0x00000232C3C85790>: Failed to resolve 'a0.muscache.com' ([Errno 11001] getaddrinfo failed)""))"
668825067960935962,https://a0.muscache.com/pictures/miso/Hosting-668825067960935962/original/a9691443-d663-4e15-8f57-495e9c3160b3.png,failed_timeout_or_error,,,0,0,0,,,"HTTPSConnectionPool(host='a0.muscache.com', port=443): Max retries exceeded with url: /pictures/miso/Hosting-668825067960935962/original/a9691443-d663-4e15-8f57-495e9c3160b3.png (Caused by NameResolutionError(""<urllib3.connection.HTTPSConnection object at 0x00000232C4069A30>: Failed to resolve 'a0.muscache.com' ([Errno 11001] getaddrinfo failed)""))"
670243348550349110,https://a0.muscache.com/pictures/miso/Hosting-670243348550349110/original/4cbc33ff-9b4c-42ae-a1d4-625a29d4cba9.jpeg,failed_timeout_or_error,,,0,0,0,,,"HTTPSConnectionPool(host='a0.muscache.com', port=443): Max retries exceeded with url: /pictures/miso/Hosting-670243348550349110/original/4cbc33ff-9b4c-42ae-a1d4-625a29d4cba9.jpeg (Caused by NameResolutionError(""<urllib3.connection.HTTPSConnection object at 0x00000232C40F9FD0>: Failed to resolve 'a0.muscache.com' ([Errno 11001] getaddrinfo failed)""))"
670215850701672135,https://a0.muscache.com/pictures/prohost-api/Hosting-670215850701672135/original/8c5e959c-58e1-408c-a8b4-bf3fa15a2ce8.png,failed_timeout_or_error,,,0,0,0,,,"HTTPSConnectionPool(host='a0.muscache.com', port=443): Max retries exceeded with url: /pictures/prohost-api/Hosting-670215850701672135/original/8c5e959c-58e1-408c-a8b4-bf3fa15a2ce8.png (Caused by NameResolutionError(""<urllib3.connection.HTTPSConnection object at 0x00000232C4068770>: Failed to resolve 'a0.muscache.com' ([Errno 11001] getaddrinfo failed)""))"
678108726732495600,https://a0.muscache.com/pictures/miso/Hosting-678108726732495600/original/67531c49-5539-4287-940e-c685cdd619f8.jpeg,failed_timeout_or_error,,,0,0,0,,,"HTTPSConnectionPool(host='a0.muscache.com', port=443): Max retries exceeded with url: /pictures/miso/Hosting-678108726732495600/original/67531c49-5539-4287-940e-c685cdd619f8.jpeg (Caused by NameResolutionError(""<urllib3.connection.HTTPSConnection object at 0x00000232C3CE67B0>: Failed to resolve 'a0.muscache.com' ([Errno 11001] getaddrinfo failed)""))"
675529968269080269,https://a0.muscache.com/pictures/e61dd6f1-0770-452d-a82d-6e2a0ba9f89e.jpg,failed_timeout_or_error,,,0,0,0,,,"HTTPSConnectionPool(host='a0.muscache.com', port=443): Max retries exceeded with url: /pictures/e61dd6f1-0770-452d-a82d-6e2a0ba9f89e.jpg (Caused by NameResolutionError(""<urllib3.connection.HTTPSConnection object at 0x00000232C3D87860>: Failed to resolve 'a0.muscache.com' ([Errno 11001] getaddrinfo failed)""))"
681984555043356793,https://a0.muscache.com/pictures/miso/Hosting-681984555043356793/original/ae366020-50fb-4d43-bc0e-1f0c8f6ce3d4.jpeg,failed_timeout_or_error,,,0,0,0,,,"HTTPSConnectionPool(host='a0.muscache.com', port=443): Max retries exceeded with url: /pictures/miso/Hosting-681984555043356793/original/ae366020-50fb-4d43-bc0e-1f0c8f6ce3d4.jpeg (Caused by NameResolutionError(""<urllib3.connection.HTTPSConnection object at 0x00000232C3D863C0>: Failed to resolve 'a0.muscache.com' ([Errno 11001] getaddrinfo failed)""))"
683959567296407076,https://a0.muscache.com/pictures/miso/Hosting-683959567296407076/original/4ad38d10-f152-481c-9a53-d1ca69a687df.jpeg,failed_timeout_or_error,,,0,0,0,,,"HTTPSConnectionPool(host='a0.muscache.com', port=443): Max retries exceeded with url: /pictures/miso/Hosting-683959567296407076/original/4ad38d10-f152-481c-9a53-d1ca69a687df.jpeg (Caused by NameResolutionError(""<urllib3.connection.HTTPSConnection object at 0x00000232C3C876B0>: Failed to resolve 'a0.muscache.com' ([Errno 11001] getaddrinfo failed)""))"
668106311195140820,https://a0.muscache.com/pictures/prohost-api/Hosting-668106311195140820/original/7f7a315d-90c8-49a6-848a-32df77ce5b74.jpeg,failed_timeout_or_error,,,0,0,0,,,"HTTPSConnectionPool(host='a0.muscache.com', port=443): Max retries exceeded with url: /pictures/prohost-api/Hosting-668106311195140820/original/7f7a315d-90c8-49a6-848a-32df77ce5b74.jpeg (Caused by NameResolutionError(""<urllib3.connection.HTTPSConnection object at 0x00000232C3C84080>: Failed to resolve 'a0.muscache.com' ([Errno 11001] getaddrinfo failed)""))"
682732554537545976,https://a0.muscache.com/pictures/miso/Hosting-682732554537545976/original/9f79dfa4-fe5e-40a6-84a4-a5586997c4ae.jpeg,failed_timeout_or_error,,,0,0,0,,,"HTTPSConnectionPool(host='a0.muscache.com', port=443): Max retries exceeded with url: /pictures/miso/Hosting-682732554537545976/original/9f79dfa4-fe5e-40a6-84a4-a5586997c4ae.jpeg (Caused by NameResolutionError(""<urllib3.connection.HTTPSConnection object at 0x00000232C3BB88F0>: Failed to resolve 'a0.muscache.com' ([Errno 11001] getaddrinfo failed)""))"
668686856973626686,https://a0.muscache.com/pictures/miso/Hosting-668686856973626686/original/09e8cfa6-7d79-40ab-9170-99b48ccaae76.jpeg,failed_timeout_or_error,,,0,0,0,,,"HTTPSConnectionPool(host='a0.muscache.com', port=443): Max retries exceeded with url: /pictures/miso/Hosting-668686856973626686/original/09e8cfa6-7d79-40ab-9170-99b48ccaae76.jpeg (Caused by NameResolutionError(""<urllib3.connection.HTTPSConnection object at 0x00000232C3BB9E20>: Failed to resolve 'a0.muscache.com' ([Errno 11001] getaddrinfo failed)""))"
667240876916183414,https://a0.muscache.com/pictures/miso/Hosting-648391789873513026/original/bd6ede92-de39-4045-8d85-48d529554c0e.png,failed_timeout_or_error,,,0,0,0,,,"HTTPSConnectionPool(host='a0.muscache.com', port=443): Max retries exceeded with url: /pictures/miso/Hosting-648391789873513026/original/bd6ede92-de39-4045-8d85-48d529554c0e.png (Caused by NameResolutionError(""<urllib3.connection.HTTPSConnection object at 0x00000232C3C84140>: Failed to resolve 'a0.muscache.com' ([Errno 11001] getaddrinfo failed)""))"
691838366687319280,https://a0.muscache.com/pictures/miso/Hosting-691838366687319280/original/952595a7-1166-404f-a8c1-5d1efae4d96c.jpeg,failed_timeout_or_error,,,0,0,0,,,"HTTPSConnectionPool(host='a0.muscache.com', port=443): Max retries exceeded with url: /pictures/miso/Hosting-691838366687319280/original/952595a7-1166-404f-a8c1-5d1efae4d96c.jpeg (Caused by NameResolutionError(""<urllib3.connection.HTTPSConnection object at 0x00000232C3D876B0>: Failed to resolve 'a0.muscache.com' ([Errno 11001] getaddrinfo failed)""))"
671882192427658113,https://a0.muscache.com/pictures/miso/Hosting-671882192427658113/original/c84d80a7-c4e4-4ad0-a654-dbc1c9fc71d3.jpeg,failed_timeout_or_error,,,0,0,0,,,"HTTPSConnectionPool(host='a0.muscache.com', port=443): Max retries exceeded with url: /pictures/miso/Hosting-671882192427658113/original/c84d80a7-c4e4-4ad0-a654-dbc1c9fc71d3.jpeg (Caused by NameResolutionError(""<urllib3.connection.HTTPSConnection object at 0x00000232C406A6F0>: Failed to resolve 'a0.muscache.com' ([Errno 11001] getaddrinfo failed)""))"
692690736208081397,https://a0.muscache.com/pictures/miso/Hosting-692690736208081397/original/bea1f1f5-ebc5-4dcf-bf9f-629ca8db4873.jpeg,failed_timeout_or_error,,,0,0,0,,,"HTTPSConnectionPool(host='a0.muscache.com', port=443): Max retries exceeded with url: /pictures/miso/Hosting-692690736208081397/original/bea1f1f5-ebc5-4dcf-bf9f-629ca8db4873.jpeg (Caused by NameResolutionError(""<urllib3.connection.HTTPSConnection object at 0x00000232C3CB7A40>: Failed to resolve 'a0.muscache.com' ([Errno 11001] getaddrinfo failed)""))"
695155686927508143,https://a0.muscache.com/pictures/5d35b4f6-b8d4-4585-a187-6657d4e98aaa.jpg,failed_timeout_or_error,,,0,0,0,,,"HTTPSConnectionPool(host='a0.muscache.com', port=443): Max retries exceeded with url: /pictures/5d35b4f6-b8d4-4585-a187-6657d4e98aaa.jpg (Caused by NameResolutionError(""<urllib3.connection.HTTPSConnection object at 0x00000232C40F9190>: Failed to resolve 'a0.muscache.com' ([Errno 11001] getaddrinfo failed)""))"
688527920286591172,https://a0.muscache.com/pictures/miso/Hosting-688527920286591172/original/6fe55f9a-8531-4df5-a3e2-8b6a8203e727.jpeg,failed_timeout_or_error,,,0,0,0,,,"HTTPSConnectionPool(host='a0.muscache.com', port=443): Max retries exceeded with url: /pictures/miso/Hosting-688527920286591172/original/6fe55f9a-8531-4df5-a3e2-8b6a8203e727.jpeg (Caused by NameResolutionError(""<urllib3.connection.HTTPSConnection object at 0x00000232C3CB52E0>: Failed to resolve 'a0.muscache.com' ([Errno 11001] getaddrinfo failed)""))"
695008307440529296,https://a0.muscache.com/pictures/miso/Hosting-695008307440529296/original/97b6b92d-cb26-445c-a10a-a3b4080b7f19.jpeg,failed_timeout_or_error,,,0,0,0,,,"HTTPSConnectionPool(host='a0.muscache.com', port=443): Max retries exceeded with url: /pictures/miso/Hosting-695008307440529296/original/97b6b92d-cb26-445c-a10a-a3b4080b7f19.jpeg (Caused by NameResolutionError(""<urllib3.connection.HTTPSConnection object at 0x00000232C3CB7AA0>: Failed to resolve 'a0.muscache.com' ([Errno 11001] getaddrinfo failed)""))"
673618382327247833,https://a0.muscache.com/pictures/miso/Hosting-673618382327247833/original/cd229d7b-aa36-4154-a99a-58ed80df3176.jpeg,failed_timeout_or_error,,,0,0,0,,,"HTTPSConnectionPool(host='a0.muscache.com', port=443): Max retries exceeded with url: /pictures/miso/Hosting-673618382327247833/original/cd229d7b-aa36-4154-a99a-58ed80df3176.jpeg (Caused by NameResolutionError(""<urllib3.connection.HTTPSConnection object at 0x00000232C3CB7200>: Failed to resolve 'a0.muscache.com' ([Errno 11001] getaddrinfo failed)""))"
667421156770491567,https://a0.muscache.com/pictures/miso/Hosting-667421156770491567/original/e5ad5f1c-05e6-4b97-886d-f72b80d3199c.jpeg,failed_timeout_or_error,,,0,0,0,,,"HTTPSConnectionPool(host='a0.muscache.com', port=443): Max retries exceeded with url: /pictures/miso/Hosting-667421156770491567/original/e5ad5f1c-05e6-4b97-886d-f72b80d3199c.jpeg (Caused by NameResolutionError(""<urllib3.connection.HTTPSConnection object at 0x00000232C3CB4A70>: Failed to resolve 'a0.muscache.com' ([Errno 11001] getaddrinfo failed)""))"
688382665214505680,https://a0.muscache.com/pictures/miso/Hosting-688382665214505680/original/25f09c33-7c56-49c0-bf40-19dff012aaee.jpeg,failed_timeout_or_error,,,0,0,0,,,"HTTPSConnectionPool(host='a0.muscache.com', port=443): Max retries exceeded with url: /pictures/miso/Hosting-688382665214505680/original/25f09c33-7c56-49c0-bf40-19dff012aaee.jpeg (Caused by NameResolutionError(""<urllib3.connection.HTTPSConnection object at 0x00000232C3C87110>: Failed to resolve 'a0.muscache.com' ([Errno 11001] getaddrinfo failed)""))"
668880210547439250,https://a0.muscache.com/pictures/miso/Hosting-668880210547439250/original/73286556-53b5-41e9-877a-016e3580f4ca.jpeg,failed_timeout_or_error,,,0,0,0,,,"HTTPSConnectionPool(host='a0.muscache.com', port=443): Max retries exceeded with url: /pictures/miso/Hosting-668880210547439250/original/73286556-53b5-41e9-877a-016e3580f4ca.jpeg (Caused by NameResolutionError(""<urllib3.connection.HTTPSConnection object at 0x00000232C3CA4FB0>: Failed to resolve 'a0.muscache.com' ([Errno 11001] getaddrinfo failed)""))"
696183666539579217,https://a0.muscache.com/pictures/prohost-api/Hosting-696183666539579217/original/4613f6fb-f436-4880-8d53-48a9a274aeb8.jpeg,failed_timeout_or_error,,,0,0,0,,,"HTTPSConnectionPool(host='a0.muscache.com', port=443): Max retries exceeded with url: /pictures/prohost-api/Hosting-696183666539579217/original/4613f6fb-f436-4880-8d53-48a9a274aeb8.jpeg (Caused by NameResolutionError(""<urllib3.connection.HTTPSConnection object at 0x00000232C3C85F40>: Failed to resolve 'a0.muscache.com' ([Errno 11001] getaddrinfo failed)""))"
692635815829294148,https://a0.muscache.com/pictures/miso/Hosting-692635815829294148/original/7b2e6566-6955-4938-8dd2-22cf449e3f35.jpeg,failed_timeout_or_error,,,0,0,0,,,"HTTPSConnectionPool(host='a0.muscache.com', port=443): Max retries exceeded with url: /pictures/miso/Hosting-692635815829294148/original/7b2e6566-6955-4938-8dd2-22cf449e3f35.jpeg (Caused by NameResolutionError(""<urllib3.connection.HTTPSConnection object at 0x00000232C3CB4440>: Failed to resolve 'a0.muscache.com' ([Errno 11001] getaddrinfo failed)""))"
684276111985663750,https://a0.muscache.com/pictures/8cbfd707-3e11-4c2d-b956-adacf4ae450f.jpg,failed_timeout_or_error,,,0,0,0,,,"HTTPSConnectionPool(host='a0.muscache.com', port=443): Max retries exceeded with url: /pictures/8cbfd707-3e11-4c2d-b956-adacf4ae450f.jpg (Caused by NameResolutionError(""<urllib3.connection.HTTPSConnection object at 0x00000232C3BBB980>: Failed to resolve 'a0.muscache.com' ([Errno 11001] getaddrinfo failed)""))"
670778011104116657,https://a0.muscache.com/pictures/f1c2fc84-c0e8-4329-a849-5e3b8bd25c57.jpg,failed_timeout_or_error,,,0,0,0,,,"HTTPSConnectionPool(host='a0.muscache.com', port=443): Max retries exceeded with url: /pictures/f1c2fc84-c0e8-4329-a849-5e3b8bd25c57.jpg (Caused by NameResolutionError(""<urllib3.connection.HTTPSConnection object at 0x00000232C41623C0>: Failed to resolve 'a0.muscache.com' ([Errno 11001] getaddrinfo failed)""))"
686055814693911306,https://a0.muscache.com/pictures/efc8d4ba-c1ce-48af-8567-a3e7e33599b9.jpg,failed_timeout_or_error,,,0,0,0,,,"HTTPSConnectionPool(host='a0.muscache.com', port=443): Max retries exceeded with url: /pictures/efc8d4ba-c1ce-48af-8567-a3e7e33599b9.jpg (Caused by NameResolutionError(""<urllib3.connection.HTTPSConnection object at 0x00000232C3D42FF0>: Failed to resolve 'a0.muscache.com' ([Errno 11001] getaddrinfo failed)""))"
702056774494336876,https://a0.muscache.com/pictures/prohost-api/Hosting-702056774494336876/original/008d9983-2cdc-4575-9916-e365153b12a7.jpeg,failed_timeout_or_error,,,0,0,0,,,"HTTPSConnectionPool(host='a0.muscache.com', port=443): Max retries exceeded with url: /pictures/prohost-api/Hosting-702056774494336876/original/008d9983-2cdc-4575-9916-e365153b12a7.jpeg (Caused by NameResolutionError(""<urllib3.connection.HTTPSConnection object at 0x00000232C3AB7D10>: Failed to resolve 'a0.muscache.com' ([Errno 11001] getaddrinfo failed)""))"
700255410096550243,https://a0.muscache.com/pictures/miso/Hosting-700255410096550243/original/d08f70d3-38ba-4b96-bfa8-f444d47c8db5.jpeg,failed_timeout_or_error,,,0,0,0,,,"HTTPSConnectionPool(host='a0.muscache.com', port=443): Max retries exceeded with url: /pictures/miso/Hosting-700255410096550243/original/d08f70d3-38ba-4b96-bfa8-f444d47c8db5.jpeg (Caused by NameResolutionError(""<urllib3.connection.HTTPSConnection object at 0x00000232C3AB4B00>: Failed to resolve 'a0.muscache.com' ([Errno 11001] getaddrinfo failed)""))"
700134617928939908,https://a0.muscache.com/pictures/miso/Hosting-700134617928939908/original/70fc9c53-00e3-4a62-95c6-2c7baa6b7f78.jpeg,failed_timeout_or_error,,,0,0,0,,,"HTTPSConnectionPool(host='a0.muscache.com', port=443): Max retries exceeded with url: /pictures/miso/Hosting-700134617928939908/original/70fc9c53-00e3-4a62-95c6-2c7baa6b7f78.jpeg (Caused by NameResolutionError(""<urllib3.connection.HTTPSConnection object at 0x00000232C3CB7320>: Failed to resolve 'a0.muscache.com' ([Errno 11001] getaddrinfo failed)""))"
670961343260623487,https://a0.muscache.com/pictures/prohost-api/Hosting-670961343260623487/original/8598e64c-29a0-4668-837c-bf7e18b78b09.png,failed_timeout_or_error,,,0,0,0,,,"HTTPSConnectionPool(host='a0.muscache.com', port=443): Max retries exceeded with url: /pictures/prohost-api/Hosting-670961343260623487/original/8598e64c-29a0-4668-837c-bf7e18b78b09.png (Caused by NameResolutionError(""<urllib3.connection.HTTPSConnection object at 0x00000232C3C09D90>: Failed to resolve 'a0.muscache.com' ([Errno 11001] getaddrinfo failed)""))"
690077496342128940,https://a0.muscache.com/pictures/miso/Hosting-690077496342128940/original/df02370e-fd08-4c3e-8b2d-00c1f815da1c.jpeg,failed_timeout_or_error,,,0,0,0,,,"HTTPSConnectionPool(host='a0.muscache.com', port=443): Max retries exceeded with url: /pictures/miso/Hosting-690077496342128940/original/df02370e-fd08-4c3e-8b2d-00c1f815da1c.jpeg (Caused by NameResolutionError(""<urllib3.connection.HTTPSConnection object at 0x00000232C3C09C40>: Failed to resolve 'a0.muscache.com' ([Errno 11001] getaddrinfo failed)""))"
693580362829882827,https://a0.muscache.com/pictures/miso/Hosting-693580362829882827/original/57847dc5-48ec-4a74-af21-786013bf954b.jpeg,failed_timeout_or_error,,,0,0,0,,,"HTTPSConnectionPool(host='a0.muscache.com', port=443): Max retries exceeded with url: /pictures/miso/Hosting-693580362829882827/original/57847dc5-48ec-4a74-af21-786013bf954b.jpeg (Caused by NameResolutionError(""<urllib3.connection.HTTPSConnection object at 0x00000232C3C0A480>: Failed to resolve 'a0.muscache.com' ([Errno 11001] getaddrinfo failed)""))"
699455719266132450,https://a0.muscache.com/pictures/miso/Hosting-699455719266132450/original/3b1846fa-c500-4c8d-99af-addb80a2c8ca.png,failed_timeout_or_error,,,0,0,0,,,"HTTPSConnectionPool(host='a0.muscache.com', port=443): Max retries exceeded with url: /pictures/miso/Hosting-699455719266132450/original/3b1846fa-c500-4c8d-99af-addb80a2c8ca.png (Caused by NameResolutionError(""<urllib3.connection.HTTPSConnection object at 0x00000232C3CE67B0>: Failed to resolve 'a0.muscache.com' ([Errno 11001] getaddrinfo failed)""))"
704201021761597436,https://a0.muscache.com/pictures/prohost-api/Hosting-704201021761597436/original/8d87becd-437d-437f-8d1f-1b24aa51c9e1.jpeg,failed_timeout_or_error,,,0,0,0,,,"HTTPSConnectionPool(host='a0.muscache.com', port=443): Max retries exceeded with url: /pictures/prohost-api/Hosting-704201021761597436/original/8d87becd-437d-437f-8d1f-1b24aa51c9e1.jpeg (Caused by NameResolutionError(""<urllib3.connection.HTTPSConnection object at 0x00000232C3D32A50>: Failed to resolve 'a0.muscache.com' ([Errno 11001] getaddrinfo failed)""))"
696568972343201433,https://a0.muscache.com/pictures/5b188117-5d06-4a61-817b-2df4566630d1.jpg,failed_timeout_or_error,,,0,0,0,,,"HTTPSConnectionPool(host='a0.muscache.com', port=443): Max retries exceeded with url: /pictures/5b188117-5d06-4a61-817b-2df4566630d1.jpg (Caused by NameResolutionError(""<urllib3.connection.HTTPSConnection object at 0x00000232C3CB4530>: Failed to resolve 'a0.muscache.com' ([Errno 11001] getaddrinfo failed)""))"
706356638386568044,https://a0.muscache.com/pictures/miso/Hosting-706356638386568044/original/51875892-2189-486b-b5e1-585663f41d8d.jpeg,failed_timeout_or_error,,,0,0,0,,,"HTTPSConnectionPool(host='a0.muscache.com', port=443): Max retries exceeded with url: /pictures/miso/Hosting-706356638386568044/original/51875892-2189-486b-b5e1-585663f41d8d.jpeg (Caused by NameResolutionError(""<urllib3.connection.HTTPSConnection object at 0x00000232C3D30110>: Failed to resolve 'a0.muscache.com' ([Errno 11001] getaddrinfo failed)""))"
698312346476999849,https://a0.muscache.com/pictures/prohost-api/Hosting-698312346476999849/original/7048fdb8-35c1-4832-8768-635026699df8.jpeg,failed_timeout_or_error,,,0,0,0,,,"HTTPSConnectionPool(host='a0.muscache.com', port=443): Max retries exceeded with url: /pictures/prohost-api/Hosting-698312346476999849/original/7048fdb8-35c1-4832-8768-635026699df8.jpeg (Caused by NameResolutionError(""<urllib3.connection.HTTPSConnection object at 0x00000232C3CA7950>: Failed to resolve 'a0.muscache.com' ([Errno 11001] getaddrinfo failed)""))"
707223031567138922,https://a0.muscache.com/pictures/prohost-api/Hosting-707223031567138922/original/2525dbfb-8300-4d43-88a0-2956957d24e8.jpeg,failed_timeout_or_error,,,0,0,0,,,"HTTPSConnectionPool(host='a0.muscache.com', port=443): Max retries exceeded with url: /pictures/prohost-api/Hosting-707223031567138922/original/2525dbfb-8300-4d43-88a0-2956957d24e8.jpeg (Caused by NameResolutionError(""<urllib3.connection.HTTPSConnection object at 0x00000232C3D6A300>: Failed to resolve 'a0.muscache.com' ([Errno 11001] getaddrinfo failed)""))"
699244524348422704,https://a0.muscache.com/pictures/miso/Hosting-699244524348422704/original/28363f9a-a643-41f4-b211-182b2f6f37fe.jpeg,failed_timeout_or_error,,,0,0,0,,,"HTTPSConnectionPool(host='a0.muscache.com', port=443): Max retries exceeded with url: /pictures/miso/Hosting-699244524348422704/original/28363f9a-a643-41f4-b211-182b2f6f37fe.jpeg (Caused by NameResolutionError(""<urllib3.connection.HTTPSConnection object at 0x00000232C3AB76B0>: Failed to resolve 'a0.muscache.com' ([Errno 11001] getaddrinfo failed)""))"
701379308767487416,https://a0.muscache.com/pictures/miso/Hosting-701379308767487416/original/c32dc5a0-46b3-4363-8bc4-a71343dac6a0.jpeg,failed_timeout_or_error,,,0,0,0,,,"HTTPSConnectionPool(host='a0.muscache.com', port=443): Max retries exceeded with url: /pictures/miso/Hosting-701379308767487416/original/c32dc5a0-46b3-4363-8bc4-a71343dac6a0.jpeg (Caused by NameResolutionError(""<urllib3.connection.HTTPSConnection object at 0x00000232C3B187A0>: Failed to resolve 'a0.muscache.com' ([Errno 11001] getaddrinfo failed)""))"
708114013451316676,https://a0.muscache.com/pictures/miso/Hosting-708114013451316676/original/c23b6fd2-b45e-445d-baad-f0d020686b2e.jpeg,failed_timeout_or_error,,,0,0,0,,,"HTTPSConnectionPool(host='a0.muscache.com', port=443): Max retries exceeded with url: /pictures/miso/Hosting-708114013451316676/original/c23b6fd2-b45e-445d-baad-f0d020686b2e.jpeg (Caused by NameResolutionError(""<urllib3.connection.HTTPSConnection object at 0x00000232C3B1A300>: Failed to resolve 'a0.muscache.com' ([Errno 11001] getaddrinfo failed)""))"
707283217949702436,https://a0.muscache.com/pictures/miso/Hosting-707283217949702436/original/6d47e580-cf22-40a7-8258-eaa83b662786.jpeg,failed_timeout_or_error,,,0,0,0,,,"HTTPSConnectionPool(host='a0.muscache.com', port=443): Max retries exceeded with url: /pictures/miso/Hosting-707283217949702436/original/6d47e580-cf22-40a7-8258-eaa83b662786.jpeg (Caused by NameResolutionError(""<urllib3.connection.HTTPSConnection object at 0x00000232C3CB7B90>: Failed to resolve 'a0.muscache.com' ([Errno 11001] getaddrinfo failed)""))"
686088974677118082,https://a0.muscache.com/pictures/1ae87d69-ee6a-4012-b2c1-3ea89b77eb61.jpg,failed_timeout_or_error,,,0,0,0,,,"HTTPSConnectionPool(host='a0.muscache.com', port=443): Max retries exceeded with url: /pictures/1ae87d69-ee6a-4012-b2c1-3ea89b77eb61.jpg (Caused by NameResolutionError(""<urllib3.connection.HTTPSConnection object at 0x00000232C3CB4D70>: Failed to resolve 'a0.muscache.com' ([Errno 11001] getaddrinfo failed)""))"
710202128153189712,https://a0.muscache.com/pictures/prohost-api/Hosting-710202128153189712/original/3e4c1dd2-1da5-4327-a5bb-2009bf6f492a.jpeg,failed_timeout_or_error,,,0,0,0,,,"HTTPSConnectionPool(host='a0.muscache.com', port=443): Max retries exceeded with url: /pictures/prohost-api/Hosting-710202128153189712/original/3e4c1dd2-1da5-4327-a5bb-2009bf6f492a.jpeg (Caused by NameResolutionError(""<urllib3.connection.HTTPSConnection object at 0x00000232C3D688C0>: Failed to resolve 'a0.muscache.com' ([Errno 11001] getaddrinfo failed)""))"
700859437931507959,https://a0.muscache.com/pictures/363a36d2-b27d-4e92-b1e8-1ffa780f7351.jpg,failed_timeout_or_error,,,0,0,0,,,"HTTPSConnectionPool(host='a0.muscache.com', port=443): Max retries exceeded with url: /pictures/363a36d2-b27d-4e92-b1e8-1ffa780f7351.jpg (Caused by NameResolutionError(""<urllib3.connection.HTTPSConnection object at 0x00000232C3D6BE00>: Failed to resolve 'a0.muscache.com' ([Errno 11001] getaddrinfo failed)""))"
701589241635873941,https://a0.muscache.com/pictures/miso/Hosting-701589241635873941/original/9840bc1f-7873-4268-b88a-2874fed500dd.jpeg,failed_timeout_or_error,,,0,0,0,,,"HTTPSConnectionPool(host='a0.muscache.com', port=443): Max retries exceeded with url: /pictures/miso/Hosting-701589241635873941/original/9840bc1f-7873-4268-b88a-2874fed500dd.jpeg (Caused by NameResolutionError(""<urllib3.connection.HTTPSConnection object at 0x00000232C3D6BEF0>: Failed to resolve 'a0.muscache.com' ([Errno 11001] getaddrinfo failed)""))"
708532469627740435,https://a0.muscache.com/pictures/4fc75af4-de4f-4416-96e0-9324b1af51a4.jpg,failed_timeout_or_error,,,0,0,0,,,"HTTPSConnectionPool(host='a0.muscache.com', port=443): Max retries exceeded with url: /pictures/4fc75af4-de4f-4416-96e0-9324b1af51a4.jpg (Caused by NameResolutionError(""<urllib3.connection.HTTPSConnection object at 0x00000232C3D6A5D0>: Failed to resolve 'a0.muscache.com' ([Errno 11001] getaddrinfo failed)""))"
705022840214875903,https://a0.muscache.com/pictures/prohost-api/Hosting-705022840214875903/original/d41fc27d-05c3-403d-a53c-d4247f611a47.jpeg,failed_timeout_or_error,,,0,0,0,,,"HTTPSConnectionPool(host='a0.muscache.com', port=443): Max retries exceeded with url: /pictures/prohost-api/Hosting-705022840214875903/original/d41fc27d-05c3-403d-a53c-d4247f611a47.jpeg (Caused by NameResolutionError(""<urllib3.connection.HTTPSConnection object at 0x00000232C41631D0>: Failed to resolve 'a0.muscache.com' ([Errno 11001] getaddrinfo failed)""))"
712359823273007794,https://a0.muscache.com/pictures/ba8ae382-c60d-4e54-b8e5-2f89fa9eef98.jpg,failed_timeout_or_error,,,0,0,0,,,"HTTPSConnectionPool(host='a0.muscache.com', port=443): Max retries exceeded with url: /pictures/ba8ae382-c60d-4e54-b8e5-2f89fa9eef98.jpg (Caused by NameResolutionError(""<urllib3.connection.HTTPSConnection object at 0x00000232C40691C0>: Failed to resolve 'a0.muscache.com' ([Errno 11001] getaddrinfo failed)""))"
713172242078826529,https://a0.muscache.com/pictures/miso/Hosting-713172242078826529/original/97ddabda-208a-47ec-99ba-2f0b74fcd1d4.jpeg,failed_timeout_or_error,,,0,0,0,,,"HTTPSConnectionPool(host='a0.muscache.com', port=443): Max retries exceeded with url: /pictures/miso/Hosting-713172242078826529/original/97ddabda-208a-47ec-99ba-2f0b74fcd1d4.jpeg (Caused by NameResolutionError(""<urllib3.connection.HTTPSConnection object at 0x00000232C406B4A0>: Failed to resolve 'a0.muscache.com' ([Errno 11001] getaddrinfo failed)""))"
712158021471707255,https://a0.muscache.com/pictures/miso/Hosting-712158021471707255/original/29b49dc4-32c6-4b5c-90f6-bbb5c9b5d433.jpeg,failed_timeout_or_error,,,0,0,0,,,"HTTPSConnectionPool(host='a0.muscache.com', port=443): Max retries exceeded with url: /pictures/miso/Hosting-712158021471707255/original/29b49dc4-32c6-4b5c-90f6-bbb5c9b5d433.jpeg (Caused by NameResolutionError(""<urllib3.connection.HTTPSConnection object at 0x00000232C406A990>: Failed to resolve 'a0.muscache.com' ([Errno 11001] getaddrinfo failed)""))"
714670482096384597,https://a0.muscache.com/pictures/miso/Hosting-714670482096384597/original/ae13c46d-4345-4844-8d4c-b1d33af6d76c.jpeg,failed_timeout_or_error,,,0,0,0,,,"HTTPSConnectionPool(host='a0.muscache.com', port=443): Max retries exceeded with url: /pictures/miso/Hosting-714670482096384597/original/ae13c46d-4345-4844-8d4c-b1d33af6d76c.jpeg (Caused by NameResolutionError(""<urllib3.connection.HTTPSConnection object at 0x00000232C3B1AB40>: Failed to resolve 'a0.muscache.com' ([Errno 11001] getaddrinfo failed)""))"
714523729471504500,https://a0.muscache.com/pictures/miso/Hosting-714523729471504500/original/3764f145-7612-4e91-b3d0-9f0ec4206084.jpeg,failed_timeout_or_error,,,0,0,0,,,"HTTPSConnectionPool(host='a0.muscache.com', port=443): Max retries exceeded with url: /pictures/miso/Hosting-714523729471504500/original/3764f145-7612-4e91-b3d0-9f0ec4206084.jpeg (Caused by NameResolutionError(""<urllib3.connection.HTTPSConnection object at 0x00000232C40698B0>: Failed to resolve 'a0.muscache.com' ([Errno 11001] getaddrinfo failed)""))"
715852949809222793,https://a0.muscache.com/pictures/miso/Hosting-715852949809222793/original/28e3c713-ac53-4ab5-823b-70022375dbd5.jpeg,failed_timeout_or_error,,,0,0,0,,,"HTTPSConnectionPool(host='a0.muscache.com', port=443): Max retries exceeded with url: /pictures/miso/Hosting-715852949809222793/original/28e3c713-ac53-4ab5-823b-70022375dbd5.jpeg (Caused by NameResolutionError(""<urllib3.connection.HTTPSConnection object at 0x00000232C3CE4EF0>: Failed to resolve 'a0.muscache.com' ([Errno 11001] getaddrinfo failed)""))"
712360798735711174,https://a0.muscache.com/pictures/miso/Hosting-712360798735711174/original/1f6d6aa9-7066-438f-a673-7a148d36be10.jpeg,failed_timeout_or_error,,,0,0,0,,,"HTTPSConnectionPool(host='a0.muscache.com', port=443): Max retries exceeded with url: /pictures/miso/Hosting-712360798735711174/original/1f6d6aa9-7066-438f-a673-7a148d36be10.jpeg (Caused by NameResolutionError(""<urllib3.connection.HTTPSConnection object at 0x00000232C3CAC1A0>: Failed to resolve 'a0.muscache.com' ([Errno 11001] getaddrinfo failed)""))"
712284140232798079,https://a0.muscache.com/pictures/miso/Hosting-712284140232798079/original/e7b0b9fb-414f-4277-98e0-60620c855dff.jpeg,failed_timeout_or_error,,,0,0,0,,,"HTTPSConnectionPool(host='a0.muscache.com', port=443): Max retries exceeded with url: /pictures/miso/Hosting-712284140232798079/original/e7b0b9fb-414f-4277-98e0-60620c855dff.jpeg (Caused by NameResolutionError(""<urllib3.connection.HTTPSConnection object at 0x00000232C3D6A960>: Failed to resolve 'a0.muscache.com' ([Errno 11001] getaddrinfo failed)""))"
710094782457879072,https://a0.muscache.com/pictures/miso/Hosting-710094782457879072/original/0e79de94-f8e2-4242-88b7-df232b284242.jpeg,failed_timeout_or_error,,,0,0,0,,,"HTTPSConnectionPool(host='a0.muscache.com', port=443): Max retries exceeded with url: /pictures/miso/Hosting-710094782457879072/original/0e79de94-f8e2-4242-88b7-df232b284242.jpeg (Caused by NameResolutionError(""<urllib3.connection.HTTPSConnection object at 0x00000232C3D6BC20>: Failed to resolve 'a0.muscache.com' ([Errno 11001] getaddrinfo failed)""))"
715378065890700582,https://a0.muscache.com/pictures/miso/Hosting-715378065890700582/original/bea03ca1-d4d6-4af9-990f-605dc90e9f2f.jpeg,failed_timeout_or_error,,,0,0,0,,,"HTTPSConnectionPool(host='a0.muscache.com', port=443): Max retries exceeded with url: /pictures/miso/Hosting-715378065890700582/original/bea03ca1-d4d6-4af9-990f-605dc90e9f2f.jpeg (Caused by NameResolutionError(""<urllib3.connection.HTTPSConnection object at 0x00000232C4068200>: Failed to resolve 'a0.muscache.com' ([Errno 11001] getaddrinfo failed)""))"
717877485430444519,https://a0.muscache.com/pictures/miso/Hosting-717877485430444519/original/a59081ef-c5cf-48a0-a17c-4f7c6771ff6b.jpeg,failed_timeout_or_error,,,0,0,0,,,"HTTPSConnectionPool(host='a0.muscache.com', port=443): Max retries exceeded with url: /pictures/miso/Hosting-717877485430444519/original/a59081ef-c5cf-48a0-a17c-4f7c6771ff6b.jpeg (Caused by NameResolutionError(""<urllib3.connection.HTTPSConnection object at 0x00000232C3D41310>: Failed to resolve 'a0.muscache.com' ([Errno 11001] getaddrinfo failed)""))"
715114759668615418,https://a0.muscache.com/pictures/c3576d94-080d-4bf0-872f-3d8ee1277651.jpg,failed_timeout_or_error,,,0,0,0,,,"HTTPSConnectionPool(host='a0.muscache.com', port=443): Max retries exceeded with url: /pictures/c3576d94-080d-4bf0-872f-3d8ee1277651.jpg (Caused by NameResolutionError(""<urllib3.connection.HTTPSConnection object at 0x00000232C3C85E80>: Failed to resolve 'a0.muscache.com' ([Errno 11001] getaddrinfo failed)""))"
715845302265452266,https://a0.muscache.com/pictures/miso/Hosting-715845302265452266/original/9520ff48-1bc2-4d20-86c7-3e407f8bf8b7.jpeg,failed_timeout_or_error,,,0,0,0,,,"HTTPSConnectionPool(host='a0.muscache.com', port=443): Max retries exceeded with url: /pictures/miso/Hosting-715845302265452266/original/9520ff48-1bc2-4d20-86c7-3e407f8bf8b7.jpeg (Caused by NameResolutionError(""<urllib3.connection.HTTPSConnection object at 0x00000232C3C862D0>: Failed to resolve 'a0.muscache.com' ([Errno 11001] getaddrinfo failed)""))"
713624151554100780,https://a0.muscache.com/pictures/miso/Hosting-713624151554100780/original/75efeeae-dec7-4cd0-afe2-52833e551dfd.jpeg,failed_timeout_or_error,,,0,0,0,,,"HTTPSConnectionPool(host='a0.muscache.com', port=443): Max retries exceeded with url: /pictures/miso/Hosting-713624151554100780/original/75efeeae-dec7-4cd0-afe2-52833e551dfd.jpeg (Caused by NameResolutionError(""<urllib3.connection.HTTPSConnection object at 0x00000232C3D411F0>: Failed to resolve 'a0.muscache.com' ([Errno 11001] getaddrinfo failed)""))"
717483947483055729,https://a0.muscache.com/pictures/miso/Hosting-717483947483055729/original/02bb1f47-e565-490f-9dca-ed07a7aa18a3.jpeg,failed_timeout_or_error,,,0,0,0,,,"HTTPSConnectionPool(host='a0.muscache.com', port=443): Max retries exceeded with url: /pictures/miso/Hosting-717483947483055729/original/02bb1f47-e565-490f-9dca-ed07a7aa18a3.jpeg (Caused by NameResolutionError(""<urllib3.connection.HTTPSConnection object at 0x00000232C3D41010>: Failed to resolve 'a0.muscache.com' ([Errno 11001] getaddrinfo failed)""))"
716596573978630523,https://a0.muscache.com/pictures/prohost-api/Hosting-716596573978630523/original/57fafa94-4b1d-4365-a19c-73b3f55ca01d.jpeg,failed_timeout_or_error,,,0,0,0,,,"HTTPSConnectionPool(host='a0.muscache.com', port=443): Max retries exceeded with url: /pictures/prohost-api/Hosting-716596573978630523/original/57fafa94-4b1d-4365-a19c-73b3f55ca01d.jpeg (Caused by NameResolutionError(""<urllib3.connection.HTTPSConnection object at 0x00000232C3D432C0>: Failed to resolve 'a0.muscache.com' ([Errno 11001] getaddrinfo failed)""))"
721907880901512266,https://a0.muscache.com/pictures/miso/Hosting-721907880901512266/original/c7a4e1c0-3597-442d-8da6-b6e1d3fc6a6b.jpeg,failed_timeout_or_error,,,0,0,0,,,"HTTPSConnectionPool(host='a0.muscache.com', port=443): Max retries exceeded with url: /pictures/miso/Hosting-721907880901512266/original/c7a4e1c0-3597-442d-8da6-b6e1d3fc6a6b.jpeg (Caused by NameResolutionError(""<urllib3.connection.HTTPSConnection object at 0x00000232C4161010>: Failed to resolve 'a0.muscache.com' ([Errno 11001] getaddrinfo failed)""))"
722079813111451075,https://a0.muscache.com/pictures/prohost-api/Hosting-722079813111451075/original/27613043-2b75-4fca-8992-609d4581ee83.jpeg,failed_timeout_or_error,,,0,0,0,,,"HTTPSConnectionPool(host='a0.muscache.com', port=443): Max retries exceeded with url: /pictures/prohost-api/Hosting-722079813111451075/original/27613043-2b75-4fca-8992-609d4581ee83.jpeg (Caused by NameResolutionError(""<urllib3.connection.HTTPSConnection object at 0x00000232C4068110>: Failed to resolve 'a0.muscache.com' ([Errno 11001] getaddrinfo failed)""))"
712997789140305161,https://a0.muscache.com/pictures/miso/Hosting-712997789140305161/original/62497688-f97b-43f8-b9be-1eb7ef55fe1b.png,failed_timeout_or_error,,,0,0,0,,,"HTTPSConnectionPool(host='a0.muscache.com', port=443): Max retries exceeded with url: /pictures/miso/Hosting-712997789140305161/original/62497688-f97b-43f8-b9be-1eb7ef55fe1b.png (Caused by NameResolutionError(""<urllib3.connection.HTTPSConnection object at 0x00000232C406A8D0>: Failed to resolve 'a0.muscache.com' ([Errno 11001] getaddrinfo failed)""))"
715340950846778381,https://a0.muscache.com/pictures/5df46890-c794-4891-a971-41fc1a6386f7.jpg,failed_timeout_or_error,,,0,0,0,,,"HTTPSConnectionPool(host='a0.muscache.com', port=443): Max retries exceeded with url: /pictures/5df46890-c794-4891-a971-41fc1a6386f7.jpg (Caused by NameResolutionError(""<urllib3.connection.HTTPSConnection object at 0x00000232C3C87AA0>: Failed to resolve 'a0.muscache.com' ([Errno 11001] getaddrinfo failed)""))"
718051160607923605,https://a0.muscache.com/pictures/miso/Hosting-718051160607923605/original/84a8a692-5116-4769-b6ea-0af980094004.jpeg,failed_timeout_or_error,,,0,0,0,,,"HTTPSConnectionPool(host='a0.muscache.com', port=443): Max retries exceeded with url: /pictures/miso/Hosting-718051160607923605/original/84a8a692-5116-4769-b6ea-0af980094004.jpeg (Caused by NameResolutionError(""<urllib3.connection.HTTPSConnection object at 0x00000232C3C85400>: Failed to resolve 'a0.muscache.com' ([Errno 11001] getaddrinfo failed)""))"
729883698713955634,https://a0.muscache.com/pictures/miso/Hosting-729883698713955634/original/2594777e-b712-41e9-a4cc-080cf07cd115.jpeg,failed_timeout_or_error,,,0,0,0,,,"HTTPSConnectionPool(host='a0.muscache.com', port=443): Max retries exceeded with url: /pictures/miso/Hosting-729883698713955634/original/2594777e-b712-41e9-a4cc-080cf07cd115.jpeg (Caused by NameResolutionError(""<urllib3.connection.HTTPSConnection object at 0x00000232C3CAF200>: Failed to resolve 'a0.muscache.com' ([Errno 11001] getaddrinfo failed)""))"
726320552731902243,https://a0.muscache.com/pictures/miso/Hosting-726320552731902243/original/860b1fc9-23c8-44ca-a252-49ceac66ccfd.png,failed_timeout_or_error,,,0,0,0,,,"HTTPSConnectionPool(host='a0.muscache.com', port=443): Max retries exceeded with url: /pictures/miso/Hosting-726320552731902243/original/860b1fc9-23c8-44ca-a252-49ceac66ccfd.png (Caused by NameResolutionError(""<urllib3.connection.HTTPSConnection object at 0x00000232C40FB2F0>: Failed to resolve 'a0.muscache.com' ([Errno 11001] getaddrinfo failed)""))"
720918444382057846,https://a0.muscache.com/pictures/airflow/Hosting-720918444382057846/original/87fcece1-d325-4108-a751-9eebf523ac29.jpg,failed_timeout_or_error,,,0,0,0,,,"HTTPSConnectionPool(host='a0.muscache.com', port=443): Max retries exceeded with url: /pictures/airflow/Hosting-720918444382057846/original/87fcece1-d325-4108-a751-9eebf523ac29.jpg (Caused by NameResolutionError(""<urllib3.connection.HTTPSConnection object at 0x00000232C3B19880>: Failed to resolve 'a0.muscache.com' ([Errno 11001] getaddrinfo failed)""))"
730411227465026445,https://a0.muscache.com/pictures/miso/Hosting-730411227465026445/original/a2983997-c3ed-4ad4-b5fe-2db8f09dba3a.jpeg,failed_timeout_or_error,,,0,0,0,,,"HTTPSConnectionPool(host='a0.muscache.com', port=443): Max retries exceeded with url: /pictures/miso/Hosting-730411227465026445/original/a2983997-c3ed-4ad4-b5fe-2db8f09dba3a.jpeg (Caused by NameResolutionError(""<urllib3.connection.HTTPSConnection object at 0x00000232C40FAF60>: Failed to resolve 'a0.muscache.com' ([Errno 11001] getaddrinfo failed)""))"
727716425054670664,https://a0.muscache.com/pictures/miso/Hosting-727716425054670664/original/30c8ffa9-6b95-4fe6-adf5-e7db8be5931b.jpeg,failed_timeout_or_error,,,0,0,0,,,"HTTPSConnectionPool(host='a0.muscache.com', port=443): Max retries exceeded with url: /pictures/miso/Hosting-727716425054670664/original/30c8ffa9-6b95-4fe6-adf5-e7db8be5931b.jpeg (Caused by NameResolutionError(""<urllib3.connection.HTTPSConnection object at 0x00000232C40FBDA0>: Failed to resolve 'a0.muscache.com' ([Errno 11001] getaddrinfo failed)""))"
726762814576596361,https://a0.muscache.com/pictures/miso/Hosting-726762814576596361/original/729caec7-ed51-42ec-8261-41d6f1075e64.jpeg,failed_timeout_or_error,,,0,0,0,,,"HTTPSConnectionPool(host='a0.muscache.com', port=443): Max retries exceeded with url: /pictures/miso/Hosting-726762814576596361/original/729caec7-ed51-42ec-8261-41d6f1075e64.jpeg (Caused by NameResolutionError(""<urllib3.connection.HTTPSConnection object at 0x00000232C3D423F0>: Failed to resolve 'a0.muscache.com' ([Errno 11001] getaddrinfo failed)""))"
731985170250976258,https://a0.muscache.com/pictures/miso/Hosting-731985170250976258/original/c8ca732c-b24c-44fd-a166-988bb73aacfb.jpeg,failed_timeout_or_error,,,0,0,0,,,"HTTPSConnectionPool(host='a0.muscache.com', port=443): Max retries exceeded with url: /pictures/miso/Hosting-731985170250976258/original/c8ca732c-b24c-44fd-a166-988bb73aacfb.jpeg (Caused by NameResolutionError(""<urllib3.connection.HTTPSConnection object at 0x00000232C3C862D0>: Failed to resolve 'a0.muscache.com' ([Errno 11001] getaddrinfo failed)""))"
718311061895949027,https://a0.muscache.com/pictures/17c5fd06-385f-4132-ab1d-268a5e15e06e.jpg,failed_timeout_or_error,,,0,0,0,,,"HTTPSConnectionPool(host='a0.muscache.com', port=443): Max retries exceeded with url: /pictures/17c5fd06-385f-4132-ab1d-268a5e15e06e.jpg (Caused by NameResolutionError(""<urllib3.connection.HTTPSConnection object at 0x00000232C40F89E0>: Failed to resolve 'a0.muscache.com' ([Errno 11001] getaddrinfo failed)""))"
722374129746452740,https://a0.muscache.com/pictures/prohost-api/Hosting-722374129746452740/original/e1d01f95-5a5c-42a7-b5f2-15ccea72f7ac.jpeg,failed_timeout_or_error,,,0,0,0,,,"HTTPSConnectionPool(host='a0.muscache.com', port=443): Max retries exceeded with url: /pictures/prohost-api/Hosting-722374129746452740/original/e1d01f95-5a5c-42a7-b5f2-15ccea72f7ac.jpeg (Caused by NameResolutionError(""<urllib3.connection.HTTPSConnection object at 0x00000232C3B1A120>: Failed to resolve 'a0.muscache.com' ([Errno 11001] getaddrinfo failed)""))"
719605170711816265,https://a0.muscache.com/pictures/miso/Hosting-719605170711816265/original/a769e185-5ba6-49c6-a66c-051a3f7d8a44.jpeg,failed_timeout_or_error,,,0,0,0,,,"HTTPSConnectionPool(host='a0.muscache.com', port=443): Max retries exceeded with url: /pictures/miso/Hosting-719605170711816265/original/a769e185-5ba6-49c6-a66c-051a3f7d8a44.jpeg (Caused by NameResolutionError(""<urllib3.connection.HTTPSConnection object at 0x00000232C3B1B980>: Failed to resolve 'a0.muscache.com' ([Errno 11001] getaddrinfo failed)""))"
724812786793812111,https://a0.muscache.com/pictures/miso/Hosting-724812786793812111/original/768c93db-1059-48ac-9cae-8f1bf68fb056.jpeg,failed_timeout_or_error,,,0,0,0,,,"HTTPSConnectionPool(host='a0.muscache.com', port=443): Max retries exceeded with url: /pictures/miso/Hosting-724812786793812111/original/768c93db-1059-48ac-9cae-8f1bf68fb056.jpeg (Caused by NameResolutionError(""<urllib3.connection.HTTPSConnection object at 0x00000232C41621E0>: Failed to resolve 'a0.muscache.com' ([Errno 11001] getaddrinfo failed)""))"
727557284655130228,https://a0.muscache.com/pictures/prohost-api/Hosting-727557284655130228/original/4b499263-f254-4922-b59d-e1449a089674.jpeg,failed_timeout_or_error,,,0,0,0,,,"HTTPSConnectionPool(host='a0.muscache.com', port=443): Max retries exceeded with url: /pictures/prohost-api/Hosting-727557284655130228/original/4b499263-f254-4922-b59d-e1449a089674.jpeg (Caused by NameResolutionError(""<urllib3.connection.HTTPSConnection object at 0x00000232C406AC30>: Failed to resolve 'a0.muscache.com' ([Errno 11001] getaddrinfo failed)""))"
722503811840502032,https://a0.muscache.com/pictures/miso/Hosting-722503811840502032/original/514f7ac7-169c-4774-84c7-d0cf6ba1866b.jpeg,failed_timeout_or_error,,,0,0,0,,,"HTTPSConnectionPool(host='a0.muscache.com', port=443): Max retries exceeded with url: /pictures/miso/Hosting-722503811840502032/original/514f7ac7-169c-4774-84c7-d0cf6ba1866b.jpeg (Caused by NameResolutionError(""<urllib3.connection.HTTPSConnection object at 0x00000232C3CB5A60>: Failed to resolve 'a0.muscache.com' ([Errno 11001] getaddrinfo failed)""))"
721993461963622015,https://a0.muscache.com/pictures/c1966a9f-4ce0-4cbf-92b8-77d9bb31d144.jpg,failed_timeout_or_error,,,0,0,0,,,"HTTPSConnectionPool(host='a0.muscache.com', port=443): Max retries exceeded with url: /pictures/c1966a9f-4ce0-4cbf-92b8-77d9bb31d144.jpg (Caused by NameResolutionError(""<urllib3.connection.HTTPSConnection object at 0x00000232C3D41130>: Failed to resolve 'a0.muscache.com' ([Errno 11001] getaddrinfo failed)""))"
732034214286221500,https://a0.muscache.com/pictures/miso/Hosting-732034214286221500/original/67bb90b1-5226-44c5-a9c0-b168e00b872a.jpeg,failed_timeout_or_error,,,0,0,0,,,"HTTPSConnectionPool(host='a0.muscache.com', port=443): Max retries exceeded with url: /pictures/miso/Hosting-732034214286221500/original/67bb90b1-5226-44c5-a9c0-b168e00b872a.jpeg (Caused by NameResolutionError(""<urllib3.connection.HTTPSConnection object at 0x00000232C3CF5A60>: Failed to resolve 'a0.muscache.com' ([Errno 11001] getaddrinfo failed)""))"
739222634773710782,https://a0.muscache.com/pictures/miso/Hosting-739222634773710782/original/2b321e8c-a7ea-4522-a94e-6de66a060028.jpeg,failed_timeout_or_error,,,0,0,0,,,"HTTPSConnectionPool(host='a0.muscache.com', port=443): Max retries exceeded with url: /pictures/miso/Hosting-739222634773710782/original/2b321e8c-a7ea-4522-a94e-6de66a060028.jpeg (Caused by NameResolutionError(""<urllib3.connection.HTTPSConnection object at 0x00000232C40695B0>: Failed to resolve 'a0.muscache.com' ([Errno 11001] getaddrinfo failed)""))"
728325273739436780,https://a0.muscache.com/pictures/miso/Hosting-728325273739436780/original/13da8ec1-747c-404b-bf7a-c65d8bd8efae.jpeg,failed_timeout_or_error,,,0,0,0,,,"HTTPSConnectionPool(host='a0.muscache.com', port=443): Max retries exceeded with url: /pictures/miso/Hosting-728325273739436780/original/13da8ec1-747c-404b-bf7a-c65d8bd8efae.jpeg (Caused by NameResolutionError(""<urllib3.connection.HTTPSConnection object at 0x00000232C3CF47A0>: Failed to resolve 'a0.muscache.com' ([Errno 11001] getaddrinfo failed)""))"
720169989167279784,https://a0.muscache.com/pictures/50fc8ce7-ccec-44e2-a729-28cae80509a8.jpg,failed_timeout_or_error,,,0,0,0,,,"HTTPSConnectionPool(host='a0.muscache.com', port=443): Max retries exceeded with url: /pictures/50fc8ce7-ccec-44e2-a729-28cae80509a8.jpg (Caused by NameResolutionError(""<urllib3.connection.HTTPSConnection object at 0x00000232C3B19700>: Failed to resolve 'a0.muscache.com' ([Errno 11001] getaddrinfo failed)""))"
739340943221084317,https://a0.muscache.com/pictures/miso/Hosting-739340943221084317/original/5913c2bd-4d56-4fd5-8acb-3d0a499c4514.jpeg,failed_timeout_or_error,,,0,0,0,,,"HTTPSConnectionPool(host='a0.muscache.com', port=443): Max retries exceeded with url: /pictures/miso/Hosting-739340943221084317/original/5913c2bd-4d56-4fd5-8acb-3d0a499c4514.jpeg (Caused by NameResolutionError(""<urllib3.connection.HTTPSConnection object at 0x00000232C3CF6E10>: Failed to resolve 'a0.muscache.com' ([Errno 11001] getaddrinfo failed)""))"
731826340233671263,https://a0.muscache.com/pictures/prohost-api/Hosting-731826340233671263/original/a510a2ce-67dc-4780-a0b4-efae4e9876f5.jpeg,failed_timeout_or_error,,,0,0,0,,,"HTTPSConnectionPool(host='a0.muscache.com', port=443): Max retries exceeded with url: /pictures/prohost-api/Hosting-731826340233671263/original/a510a2ce-67dc-4780-a0b4-efae4e9876f5.jpeg (Caused by NameResolutionError(""<urllib3.connection.HTTPSConnection object at 0x00000232C3CF7C20>: Failed to resolve 'a0.muscache.com' ([Errno 11001] getaddrinfo failed)""))"
752756257998723426,https://a0.muscache.com/pictures/miso/Hosting-752756257998723426/original/8b406654-68e6-4a67-b3b5-9a94fe5e8cd6.png,failed_timeout_or_error,,,0,0,0,,,"HTTPSConnectionPool(host='a0.muscache.com', port=443): Max retries exceeded with url: /pictures/miso/Hosting-752756257998723426/original/8b406654-68e6-4a67-b3b5-9a94fe5e8cd6.png (Caused by NameResolutionError(""<urllib3.connection.HTTPSConnection object at 0x00000232C3D6A5D0>: Failed to resolve 'a0.muscache.com' ([Errno 11001] getaddrinfo failed)""))"
739833192373082278,https://a0.muscache.com/pictures/miso/Hosting-739833192373082278/original/d04ea9f8-26a8-4ec5-954a-a2db27655077.jpeg,failed_timeout_or_error,,,0,0,0,,,"HTTPSConnectionPool(host='a0.muscache.com', port=443): Max retries exceeded with url: /pictures/miso/Hosting-739833192373082278/original/d04ea9f8-26a8-4ec5-954a-a2db27655077.jpeg (Caused by NameResolutionError(""<urllib3.connection.HTTPSConnection object at 0x00000232C3CB61E0>: Failed to resolve 'a0.muscache.com' ([Errno 11001] getaddrinfo failed)""))"
745647738527624779,https://a0.muscache.com/pictures/miso/Hosting-745647738527624779/original/34cc0677-1909-49d8-a047-bd5beca1b467.png,failed_timeout_or_error,,,0,0,0,,,"HTTPSConnectionPool(host='a0.muscache.com', port=443): Max retries exceeded with url: /pictures/miso/Hosting-745647738527624779/original/34cc0677-1909-49d8-a047-bd5beca1b467.png (Caused by NameResolutionError(""<urllib3.connection.HTTPSConnection object at 0x00000232C3B19220>: Failed to resolve 'a0.muscache.com' ([Errno 11001] getaddrinfo failed)""))"
764652071728217097,https://a0.muscache.com/pictures/10278633-3941-49a4-b93f-be197a850b81.jpg,failed_timeout_or_error,,,0,0,0,,,"HTTPSConnectionPool(host='a0.muscache.com', port=443): Max retries exceeded with url: /pictures/10278633-3941-49a4-b93f-be197a850b81.jpg (Caused by NameResolutionError(""<urllib3.connection.HTTPSConnection object at 0x00000232C4068680>: Failed to resolve 'a0.muscache.com' ([Errno 11001] getaddrinfo failed)""))"
760853608588754168,https://a0.muscache.com/pictures/miso/Hosting-760853608588754168/original/51b19a86-b6a1-4cdb-83a3-501b8396866d.jpeg,failed_timeout_or_error,,,0,0,0,,,"HTTPSConnectionPool(host='a0.muscache.com', port=443): Max retries exceeded with url: /pictures/miso/Hosting-760853608588754168/original/51b19a86-b6a1-4cdb-83a3-501b8396866d.jpeg (Caused by NameResolutionError(""<urllib3.connection.HTTPSConnection object at 0x00000232C3D86E40>: Failed to resolve 'a0.muscache.com' ([Errno 11001] getaddrinfo failed)""))"
747701982580242170,https://a0.muscache.com/pictures/prohost-api/Hosting-747701982580242170/original/9ae00dcd-9219-4439-88d1-52f95f66502f.jpeg,failed_timeout_or_error,,,0,0,0,,,"HTTPSConnectionPool(host='a0.muscache.com', port=443): Max retries exceeded with url: /pictures/prohost-api/Hosting-747701982580242170/original/9ae00dcd-9219-4439-88d1-52f95f66502f.jpeg (Caused by NameResolutionError(""<urllib3.connection.HTTPSConnection object at 0x00000232C3D845F0>: Failed to resolve 'a0.muscache.com' ([Errno 11001] getaddrinfo failed)""))"
724499520908533591,https://a0.muscache.com/pictures/miso/Hosting-724499520908533591/original/0ad7f9ad-3a70-473f-a83b-7cc0e4de87ba.jpeg,failed_timeout_or_error,,,0,0,0,,,"HTTPSConnectionPool(host='a0.muscache.com', port=443): Max retries exceeded with url: /pictures/miso/Hosting-724499520908533591/original/0ad7f9ad-3a70-473f-a83b-7cc0e4de87ba.jpeg (Caused by NameResolutionError(""<urllib3.connection.HTTPSConnection object at 0x00000232C3C86870>: Failed to resolve 'a0.muscache.com' ([Errno 11001] getaddrinfo failed)""))"
742265784665629640,https://a0.muscache.com/pictures/f4c125fc-981f-4527-9d77-71eefd38778f.jpg,failed_timeout_or_error,,,0,0,0,,,"HTTPSConnectionPool(host='a0.muscache.com', port=443): Max retries exceeded with url: /pictures/f4c125fc-981f-4527-9d77-71eefd38778f.jpg (Caused by NameResolutionError(""<urllib3.connection.HTTPSConnection object at 0x00000232C3D86B70>: Failed to resolve 'a0.muscache.com' ([Errno 11001] getaddrinfo failed)""))"
735578419438653716,https://a0.muscache.com/pictures/miso/Hosting-735578419438653716/original/c1fd363c-e0d0-49e7-88ac-a49ee9331853.jpeg,failed_timeout_or_error,,,0,0,0,,,"HTTPSConnectionPool(host='a0.muscache.com', port=443): Max retries exceeded with url: /pictures/miso/Hosting-735578419438653716/original/c1fd363c-e0d0-49e7-88ac-a49ee9331853.jpeg (Caused by NameResolutionError(""<urllib3.connection.HTTPSConnection object at 0x00000232C3CF5970>: Failed to resolve 'a0.muscache.com' ([Errno 11001] getaddrinfo failed)""))"
746959677162494830,https://a0.muscache.com/pictures/miso/Hosting-746959677162494830/original/24882e1a-127f-497d-a1ca-3ee37c500dbc.png,failed_timeout_or_error,,,0,0,0,,,"HTTPSConnectionPool(host='a0.muscache.com', port=443): Max retries exceeded with url: /pictures/miso/Hosting-746959677162494830/original/24882e1a-127f-497d-a1ca-3ee37c500dbc.png (Caused by NameResolutionError(""<urllib3.connection.HTTPSConnection object at 0x00000232C406A240>: Failed to resolve 'a0.muscache.com' ([Errno 11001] getaddrinfo failed)""))"
755933245094974115,https://a0.muscache.com/pictures/airflow/Hosting-755933245094974115/original/9009fe4d-cecd-485c-bbb3-a1ddd9c0b06c.jpg,failed_timeout_or_error,,,0,0,0,,,"HTTPSConnectionPool(host='a0.muscache.com', port=443): Max retries exceeded with url: /pictures/airflow/Hosting-755933245094974115/original/9009fe4d-cecd-485c-bbb3-a1ddd9c0b06c.jpg (Caused by NameResolutionError(""<urllib3.connection.HTTPSConnection object at 0x00000232C3AB5400>: Failed to resolve 'a0.muscache.com' ([Errno 11001] getaddrinfo failed)""))"
750526187830005720,https://a0.muscache.com/pictures/miso/Hosting-750526187830005720/original/af736dbd-d7d7-480a-8503-629ee4a7544c.jpeg,failed_timeout_or_error,,,0,0,0,,,"HTTPSConnectionPool(host='a0.muscache.com', port=443): Max retries exceeded with url: /pictures/miso/Hosting-750526187830005720/original/af736dbd-d7d7-480a-8503-629ee4a7544c.jpeg (Caused by NameResolutionError(""<urllib3.connection.HTTPSConnection object at 0x00000232C3CF62D0>: Failed to resolve 'a0.muscache.com' ([Errno 11001] getaddrinfo failed)""))"
774545010096556204,https://a0.muscache.com/pictures/miso/Hosting-774545010096556204/original/ed0bd7f0-ee60-457f-bcdf-77a4d4bf65bd.jpeg,failed_timeout_or_error,,,0,0,0,,,"HTTPSConnectionPool(host='a0.muscache.com', port=443): Max retries exceeded with url: /pictures/miso/Hosting-774545010096556204/original/ed0bd7f0-ee60-457f-bcdf-77a4d4bf65bd.jpeg (Caused by NameResolutionError(""<urllib3.connection.HTTPSConnection object at 0x00000232C3D43C50>: Failed to resolve 'a0.muscache.com' ([Errno 11001] getaddrinfo failed)""))"
747769144070162294,https://a0.muscache.com/pictures/miso/Hosting-747769144070162294/original/421efaa9-08c5-44d1-970f-a9179b6e271d.jpeg,failed_timeout_or_error,,,0,0,0,,,"HTTPSConnectionPool(host='a0.muscache.com', port=443): Max retries exceeded with url: /pictures/miso/Hosting-747769144070162294/original/421efaa9-08c5-44d1-970f-a9179b6e271d.jpeg (Caused by NameResolutionError(""<urllib3.connection.HTTPSConnection object at 0x00000232C40F9B80>: Failed to resolve 'a0.muscache.com' ([Errno 11001] getaddrinfo failed)""))"
742621627565951201,https://a0.muscache.com/pictures/miso/Hosting-742621627565951201/original/c4e40343-e4f7-4bbf-934f-32f87e7b6e80.jpeg,failed_timeout_or_error,,,0,0,0,,,"HTTPSConnectionPool(host='a0.muscache.com', port=443): Max retries exceeded with url: /pictures/miso/Hosting-742621627565951201/original/c4e40343-e4f7-4bbf-934f-32f87e7b6e80.jpeg (Caused by NameResolutionError(""<urllib3.connection.HTTPSConnection object at 0x00000232C3AB6150>: Failed to resolve 'a0.muscache.com' ([Errno 11001] getaddrinfo failed)""))"
762408080060331673,https://a0.muscache.com/pictures/miso/Hosting-762408080060331673/original/74d1b5cf-cc69-44a4-a0f2-023ff68f4bd6.jpeg,failed_timeout_or_error,,,0,0,0,,,"HTTPSConnectionPool(host='a0.muscache.com', port=443): Max retries exceeded with url: /pictures/miso/Hosting-762408080060331673/original/74d1b5cf-cc69-44a4-a0f2-023ff68f4bd6.jpeg (Caused by NameResolutionError(""<urllib3.connection.HTTPSConnection object at 0x00000232C3D6AF00>: Failed to resolve 'a0.muscache.com' ([Errno 11001] getaddrinfo failed)""))"
756373781930465840,https://a0.muscache.com/pictures/d094688a-975d-4505-8446-176b11f66337.jpg,failed_timeout_or_error,,,0,0,0,,,"HTTPSConnectionPool(host='a0.muscache.com', port=443): Max retries exceeded with url: /pictures/d094688a-975d-4505-8446-176b11f66337.jpg (Caused by NameResolutionError(""<urllib3.connection.HTTPSConnection object at 0x00000232C3AB43E0>: Failed to resolve 'a0.muscache.com' ([Errno 11001] getaddrinfo failed)""))"
754895013944592964,https://a0.muscache.com/pictures/miso/Hosting-754895013944592964/original/dd22848e-bb8f-4d40-84cb-af7871c6696d.jpeg,failed_timeout_or_error,,,0,0,0,,,"HTTPSConnectionPool(host='a0.muscache.com', port=443): Max retries exceeded with url: /pictures/miso/Hosting-754895013944592964/original/dd22848e-bb8f-4d40-84cb-af7871c6696d.jpeg (Caused by NameResolutionError(""<urllib3.connection.HTTPSConnection object at 0x00000232C3CF7C20>: Failed to resolve 'a0.muscache.com' ([Errno 11001] getaddrinfo failed)""))"
745583253920309322,https://a0.muscache.com/pictures/5cb45c69-885d-4690-beb2-74835ec20275.jpg,failed_timeout_or_error,,,0,0,0,,,"HTTPSConnectionPool(host='a0.muscache.com', port=443): Max retries exceeded with url: /pictures/5cb45c69-885d-4690-beb2-74835ec20275.jpg (Caused by NameResolutionError(""<urllib3.connection.HTTPSConnection object at 0x00000232C41603E0>: Failed to resolve 'a0.muscache.com' ([Errno 11001] getaddrinfo failed)""))"
747048050097929410,https://a0.muscache.com/pictures/miso/Hosting-747048050097929410/original/76540212-181f-446c-ad76-c817459a9a12.jpeg,failed_timeout_or_error,,,0,0,0,,,"HTTPSConnectionPool(host='a0.muscache.com', port=443): Max retries exceeded with url: /pictures/miso/Hosting-747048050097929410/original/76540212-181f-446c-ad76-c817459a9a12.jpeg (Caused by NameResolutionError(""<urllib3.connection.HTTPSConnection object at 0x00000232C3D41220>: Failed to resolve 'a0.muscache.com' ([Errno 11001] getaddrinfo failed)""))"
739776038240648327,https://a0.muscache.com/pictures/prohost-api/Hosting-739776038240648327/original/3ca99512-1dda-4b2b-a594-47fd090111a6.jpeg,failed_timeout_or_error,,,0,0,0,,,"HTTPSConnectionPool(host='a0.muscache.com', port=443): Max retries exceeded with url: /pictures/prohost-api/Hosting-739776038240648327/original/3ca99512-1dda-4b2b-a594-47fd090111a6.jpeg (Caused by NameResolutionError(""<urllib3.connection.HTTPSConnection object at 0x00000232C3AB7E00>: Failed to resolve 'a0.muscache.com' ([Errno 11001] getaddrinfo failed)""))"
763694852078964309,https://a0.muscache.com/pictures/prohost-api/Hosting-763694852078964309/original/8b0abbf8-bb7e-4ee4-8c53-78c2bbccd9c6.jpeg,failed_timeout_or_error,,,0,0,0,,,"HTTPSConnectionPool(host='a0.muscache.com', port=443): Max retries exceeded with url: /pictures/prohost-api/Hosting-763694852078964309/original/8b0abbf8-bb7e-4ee4-8c53-78c2bbccd9c6.jpeg (Caused by NameResolutionError(""<urllib3.connection.HTTPSConnection object at 0x00000232C3BBAF30>: Failed to resolve 'a0.muscache.com' ([Errno 11001] getaddrinfo failed)""))"
760165895117553641,https://a0.muscache.com/pictures/prohost-api/Hosting-760165895117553641/original/28ad4634-d86e-4797-98d1-76205c1e3709.jpeg,failed_timeout_or_error,,,0,0,0,,,"HTTPSConnectionPool(host='a0.muscache.com', port=443): Max retries exceeded with url: /pictures/prohost-api/Hosting-760165895117553641/original/28ad4634-d86e-4797-98d1-76205c1e3709.jpeg (Caused by NameResolutionError(""<urllib3.connection.HTTPSConnection object at 0x00000232C3CB52E0>: Failed to resolve 'a0.muscache.com' ([Errno 11001] getaddrinfo failed)""))"
750662610827372615,https://a0.muscache.com/pictures/miso/Hosting-750662610827372615/original/f4791e98-e2e3-4870-b960-63a716665178.jpeg,failed_timeout_or_error,,,0,0,0,,,"HTTPSConnectionPool(host='a0.muscache.com', port=443): Max retries exceeded with url: /pictures/miso/Hosting-750662610827372615/original/f4791e98-e2e3-4870-b960-63a716665178.jpeg (Caused by NameResolutionError(""<urllib3.connection.HTTPSConnection object at 0x00000232C3DA2B40>: Failed to resolve 'a0.muscache.com' ([Errno 11001] getaddrinfo failed)""))"
750218471903867145,https://a0.muscache.com/pictures/miso/Hosting-750218471903867145/original/1270b6f2-5202-4696-807d-124581ec4426.png,failed_timeout_or_error,,,0,0,0,,,"HTTPSConnectionPool(host='a0.muscache.com', port=443): Max retries exceeded with url: /pictures/miso/Hosting-750218471903867145/original/1270b6f2-5202-4696-807d-124581ec4426.png (Caused by NameResolutionError(""<urllib3.connection.HTTPSConnection object at 0x00000232C40FA240>: Failed to resolve 'a0.muscache.com' ([Errno 11001] getaddrinfo failed)""))"
752174290794940635,https://a0.muscache.com/pictures/miso/Hosting-752174290794940635/original/4e5d45d0-e24e-4adb-8e71-05fc1a3a49e3.jpeg,failed_timeout_or_error,,,0,0,0,,,"HTTPSConnectionPool(host='a0.muscache.com', port=443): Max retries exceeded with url: /pictures/miso/Hosting-752174290794940635/original/4e5d45d0-e24e-4adb-8e71-05fc1a3a49e3.jpeg (Caused by NameResolutionError(""<urllib3.connection.HTTPSConnection object at 0x00000232C3DA0200>: Failed to resolve 'a0.muscache.com' ([Errno 11001] getaddrinfo failed)""))"
762867300480281790,https://a0.muscache.com/pictures/5000b7c1-0805-40f8-a012-9ef7be59f0cb.jpg,failed_timeout_or_error,,,0,0,0,,,"HTTPSConnectionPool(host='a0.muscache.com', port=443): Max retries exceeded with url: /pictures/5000b7c1-0805-40f8-a012-9ef7be59f0cb.jpg (Caused by NameResolutionError(""<urllib3.connection.HTTPSConnection object at 0x00000232C4069040>: Failed to resolve 'a0.muscache.com' ([Errno 11001] getaddrinfo failed)""))"
791933559832114039,https://a0.muscache.com/pictures/miso/Hosting-791933559832114039/original/472026c3-5d7d-4597-a2ee-9bf698688013.jpeg,failed_timeout_or_error,,,0,0,0,,,"HTTPSConnectionPool(host='a0.muscache.com', port=443): Max retries exceeded with url: /pictures/miso/Hosting-791933559832114039/original/472026c3-5d7d-4597-a2ee-9bf698688013.jpeg (Caused by NameResolutionError(""<urllib3.connection.HTTPSConnection object at 0x00000232C40F9940>: Failed to resolve 'a0.muscache.com' ([Errno 11001] getaddrinfo failed)""))"
767392285700878978,https://a0.muscache.com/pictures/miso/Hosting-767392285700878978/original/2a2cc01e-201a-468b-9dd6-5b37bad17e29.jpeg,failed_timeout_or_error,,,0,0,0,,,"HTTPSConnectionPool(host='a0.muscache.com', port=443): Max retries exceeded with url: /pictures/miso/Hosting-767392285700878978/original/2a2cc01e-201a-468b-9dd6-5b37bad17e29.jpeg (Caused by NameResolutionError(""<urllib3.connection.HTTPSConnection object at 0x00000232C3DA0E30>: Failed to resolve 'a0.muscache.com' ([Errno 11001] getaddrinfo failed)""))"
779598253679590567,https://a0.muscache.com/pictures/miso/Hosting-779598253679590567/original/0865a3e9-65b7-4201-b51d-1d441ec4769a.jpeg,failed_timeout_or_error,,,0,0,0,,,"HTTPSConnectionPool(host='a0.muscache.com', port=443): Max retries exceeded with url: /pictures/miso/Hosting-779598253679590567/original/0865a3e9-65b7-4201-b51d-1d441ec4769a.jpeg (Caused by NameResolutionError(""<urllib3.connection.HTTPSConnection object at 0x00000232C3D844D0>: Failed to resolve 'a0.muscache.com' ([Errno 11001] getaddrinfo failed)""))"
761734836187738677,https://a0.muscache.com/pictures/973ab425-031d-4304-8411-c62ed2d18ff0.jpg,failed_timeout_or_error,,,0,0,0,,,"HTTPSConnectionPool(host='a0.muscache.com', port=443): Max retries exceeded with url: /pictures/973ab425-031d-4304-8411-c62ed2d18ff0.jpg (Caused by NameResolutionError(""<urllib3.connection.HTTPSConnection object at 0x00000232C3CA5160>: Failed to resolve 'a0.muscache.com' ([Errno 11001] getaddrinfo failed)""))"
782690732521177969,https://a0.muscache.com/pictures/miso/Hosting-782690732521177969/original/d3ebe5f0-1ce7-4689-a3a9-dceb0692ff0c.jpeg,failed_timeout_or_error,,,0,0,0,,,"HTTPSConnectionPool(host='a0.muscache.com', port=443): Max retries exceeded with url: /pictures/miso/Hosting-782690732521177969/original/d3ebe5f0-1ce7-4689-a3a9-dceb0692ff0c.jpeg (Caused by NameResolutionError(""<urllib3.connection.HTTPSConnection object at 0x00000232C3CA5340>: Failed to resolve 'a0.muscache.com' ([Errno 11001] getaddrinfo failed)""))"
775748870746145651,https://a0.muscache.com/pictures/miso/Hosting-775748870746145651/original/3a87e44c-d6e5-4d1f-91a0-f1db6bd90a28.jpeg,failed_timeout_or_error,,,0,0,0,,,"HTTPSConnectionPool(host='a0.muscache.com', port=443): Max retries exceeded with url: /pictures/miso/Hosting-775748870746145651/original/3a87e44c-d6e5-4d1f-91a0-f1db6bd90a28.jpeg (Caused by NameResolutionError(""<urllib3.connection.HTTPSConnection object at 0x00000232C3BB86B0>: Failed to resolve 'a0.muscache.com' ([Errno 11001] getaddrinfo failed)""))"
780534535309829961,https://a0.muscache.com/pictures/miso/Hosting-780534535309829961/original/d6b14919-7ffa-4d40-a102-a094dd584233.jpeg,failed_timeout_or_error,,,0,0,0,,,"HTTPSConnectionPool(host='a0.muscache.com', port=443): Max retries exceeded with url: /pictures/miso/Hosting-780534535309829961/original/d6b14919-7ffa-4d40-a102-a094dd584233.jpeg (Caused by NameResolutionError(""<urllib3.connection.HTTPSConnection object at 0x00000232C3CA5F40>: Failed to resolve 'a0.muscache.com' ([Errno 11001] getaddrinfo failed)""))"
780141460555894020,https://a0.muscache.com/pictures/miso/Hosting-780141460555894020/original/fe31a87e-6d26-4951-a388-85fa5ad366f2.jpeg,failed_timeout_or_error,,,0,0,0,,,"HTTPSConnectionPool(host='a0.muscache.com', port=443): Max retries exceeded with url: /pictures/miso/Hosting-780141460555894020/original/fe31a87e-6d26-4951-a388-85fa5ad366f2.jpeg (Caused by NameResolutionError(""<urllib3.connection.HTTPSConnection object at 0x00000232C3CA7500>: Failed to resolve 'a0.muscache.com' ([Errno 11001] getaddrinfo failed)""))"
770229270654622365,https://a0.muscache.com/pictures/miso/Hosting-770229270654622365/original/80372006-b849-41f6-a34f-527f21e110fe.jpeg,failed_timeout_or_error,,,0,0,0,,,"HTTPSConnectionPool(host='a0.muscache.com', port=443): Max retries exceeded with url: /pictures/miso/Hosting-770229270654622365/original/80372006-b849-41f6-a34f-527f21e110fe.jpeg (Caused by NameResolutionError(""<urllib3.connection.HTTPSConnection object at 0x00000232C3CA7770>: Failed to resolve 'a0.muscache.com' ([Errno 11001] getaddrinfo failed)""))"
791259136214392480,https://a0.muscache.com/pictures/miso/Hosting-791259136214392480/original/74020bd7-ddce-45d9-a9fc-e10d43acc363.jpeg,failed_timeout_or_error,,,0,0,0,,,"HTTPSConnectionPool(host='a0.muscache.com', port=443): Max retries exceeded with url: /pictures/miso/Hosting-791259136214392480/original/74020bd7-ddce-45d9-a9fc-e10d43acc363.jpeg (Caused by NameResolutionError(""<urllib3.connection.HTTPSConnection object at 0x00000232C4068200>: Failed to resolve 'a0.muscache.com' ([Errno 11001] getaddrinfo failed)""))"
783200712500479389,https://a0.muscache.com/pictures/miso/Hosting-783200712500479389/original/311d6238-2396-4066-bc45-c5bf2372637a.jpeg,failed_timeout_or_error,,,0,0,0,,,"HTTPSConnectionPool(host='a0.muscache.com', port=443): Max retries exceeded with url: /pictures/miso/Hosting-783200712500479389/original/311d6238-2396-4066-bc45-c5bf2372637a.jpeg (Caused by NameResolutionError(""<urllib3.connection.HTTPSConnection object at 0x00000232C3AB4D10>: Failed to resolve 'a0.muscache.com' ([Errno 11001] getaddrinfo failed)""))"
786892739148623801,https://a0.muscache.com/pictures/prohost-api/Hosting-786892739148623801/original/37250791-9e68-4943-aaec-166a926272f9.jpeg,failed_timeout_or_error,,,0,0,0,,,"HTTPSConnectionPool(host='a0.muscache.com', port=443): Max retries exceeded with url: /pictures/prohost-api/Hosting-786892739148623801/original/37250791-9e68-4943-aaec-166a926272f9.jpeg (Caused by NameResolutionError(""<urllib3.connection.HTTPSConnection object at 0x00000232C3D68230>: Failed to resolve 'a0.muscache.com' ([Errno 11001] getaddrinfo failed)""))"
785575328057748301,https://a0.muscache.com/pictures/prohost-api/Hosting-785575328057748301/original/809f28e3-b517-42ce-babc-5047f8ee73ef.jpeg,failed_timeout_or_error,,,0,0,0,,,"HTTPSConnectionPool(host='a0.muscache.com', port=443): Max retries exceeded with url: /pictures/prohost-api/Hosting-785575328057748301/original/809f28e3-b517-42ce-babc-5047f8ee73ef.jpeg (Caused by NameResolutionError(""<urllib3.connection.HTTPSConnection object at 0x00000232C3BB8C80>: Failed to resolve 'a0.muscache.com' ([Errno 11001] getaddrinfo failed)""))"
786730754311109964,https://a0.muscache.com/pictures/prohost-api/Hosting-786730754311109964/original/cede4806-ccc5-471b-871b-00c8c41cac15.jpeg,failed_timeout_or_error,,,0,0,0,,,"HTTPSConnectionPool(host='a0.muscache.com', port=443): Max retries exceeded with url: /pictures/prohost-api/Hosting-786730754311109964/original/cede4806-ccc5-471b-871b-00c8c41cac15.jpeg (Caused by NameResolutionError(""<urllib3.connection.HTTPSConnection object at 0x00000232C3CA4B30>: Failed to resolve 'a0.muscache.com' ([Errno 11001] getaddrinfo failed)""))"
779831052182176019,https://a0.muscache.com/pictures/796cfeb8-e7ac-4e5d-89cb-601f43b06fa2.jpg,failed_timeout_or_error,,,0,0,0,,,"HTTPSConnectionPool(host='a0.muscache.com', port=443): Max retries exceeded with url: /pictures/796cfeb8-e7ac-4e5d-89cb-601f43b06fa2.jpg (Caused by NameResolutionError(""<urllib3.connection.HTTPSConnection object at 0x00000232C40FB230>: Failed to resolve 'a0.muscache.com' ([Errno 11001] getaddrinfo failed)""))"
775404892024131437,https://a0.muscache.com/pictures/miso/Hosting-775404892024131437/original/50401f03-f553-4404-82af-b6b05e9f7b12.jpeg,failed_timeout_or_error,,,0,0,0,,,"HTTPSConnectionPool(host='a0.muscache.com', port=443): Max retries exceeded with url: /pictures/miso/Hosting-775404892024131437/original/50401f03-f553-4404-82af-b6b05e9f7b12.jpeg (Caused by NameResolutionError(""<urllib3.connection.HTTPSConnection object at 0x00000232C3D11C40>: Failed to resolve 'a0.muscache.com' ([Errno 11001] getaddrinfo failed)""))"
783468485250196758,https://a0.muscache.com/pictures/miso/Hosting-783468485250196758/original/0c0988d8-8c6c-4648-a233-853404f79bc4.jpeg,failed_timeout_or_error,,,0,0,0,,,"HTTPSConnectionPool(host='a0.muscache.com', port=443): Max retries exceeded with url: /pictures/miso/Hosting-783468485250196758/original/0c0988d8-8c6c-4648-a233-853404f79bc4.jpeg (Caused by NameResolutionError(""<urllib3.connection.HTTPSConnection object at 0x00000232C3D109B0>: Failed to resolve 'a0.muscache.com' ([Errno 11001] getaddrinfo failed)""))"
776014861241735902,https://a0.muscache.com/pictures/prohost-api/Hosting-776014861241735902/original/a7afe3b4-a792-4e2d-b8fb-2dc819af2bb3.jpeg,failed_timeout_or_error,,,0,0,0,,,"HTTPSConnectionPool(host='a0.muscache.com', port=443): Max retries exceeded with url: /pictures/prohost-api/Hosting-776014861241735902/original/a7afe3b4-a792-4e2d-b8fb-2dc819af2bb3.jpeg (Caused by NameResolutionError(""<urllib3.connection.HTTPSConnection object at 0x00000232C398C590>: Failed to resolve 'a0.muscache.com' ([Errno 11001] getaddrinfo failed)""))"
771793196571267930,https://a0.muscache.com/pictures/prohost-api/Hosting-771793196571267930/original/6d9e3bf3-296b-496e-be9c-d1a21580d72e.jpeg,failed_timeout_or_error,,,0,0,0,,,"HTTPSConnectionPool(host='a0.muscache.com', port=443): Max retries exceeded with url: /pictures/prohost-api/Hosting-771793196571267930/original/6d9e3bf3-296b-496e-be9c-d1a21580d72e.jpeg (Caused by NameResolutionError(""<urllib3.connection.HTTPSConnection object at 0x00000232C3D119A0>: Failed to resolve 'a0.muscache.com' ([Errno 11001] getaddrinfo failed)""))"
801677979931509402,https://a0.muscache.com/pictures/miso/Hosting-801677979931509402/original/7102fb4f-b7ac-45ad-afa2-30509b545760.jpeg,failed_timeout_or_error,,,0,0,0,,,"HTTPSConnectionPool(host='a0.muscache.com', port=443): Max retries exceeded with url: /pictures/miso/Hosting-801677979931509402/original/7102fb4f-b7ac-45ad-afa2-30509b545760.jpeg (Caused by NameResolutionError(""<urllib3.connection.HTTPSConnection object at 0x00000232C3D134A0>: Failed to resolve 'a0.muscache.com' ([Errno 11001] getaddrinfo failed)""))"
793535631103106347,https://a0.muscache.com/pictures/prohost-api/Hosting-793535631103106347/original/a34b4365-80d0-4d50-8906-47e34f580f1f.png,failed_timeout_or_error,,,0,0,0,,,"HTTPSConnectionPool(host='a0.muscache.com', port=443): Max retries exceeded with url: /pictures/prohost-api/Hosting-793535631103106347/original/a34b4365-80d0-4d50-8906-47e34f580f1f.png (Caused by NameResolutionError(""<urllib3.connection.HTTPSConnection object at 0x00000232C3CAC6B0>: Failed to resolve 'a0.muscache.com' ([Errno 11001] getaddrinfo failed)""))"
804235967095343482,https://a0.muscache.com/pictures/miso/Hosting-804235967095343482/original/a2e24e85-06f1-4e7a-8a24-854fbe5d3fa4.jpeg,failed_timeout_or_error,,,0,0,0,,,"HTTPSConnectionPool(host='a0.muscache.com', port=443): Max retries exceeded with url: /pictures/miso/Hosting-804235967095343482/original/a2e24e85-06f1-4e7a-8a24-854fbe5d3fa4.jpeg (Caused by NameResolutionError(""<urllib3.connection.HTTPSConnection object at 0x00000232C3CA7F20>: Failed to resolve 'a0.muscache.com' ([Errno 11001] getaddrinfo failed)""))"
814506199227674948,https://a0.muscache.com/pictures/prohost-api/Hosting-814506199227674948/original/fad7a2f5-b37c-4552-90ec-2c70b2a8871d.jpeg,failed_timeout_or_error,,,0,0,0,,,"HTTPSConnectionPool(host='a0.muscache.com', port=443): Max retries exceeded with url: /pictures/prohost-api/Hosting-814506199227674948/original/fad7a2f5-b37c-4552-90ec-2c70b2a8871d.jpeg (Caused by NameResolutionError(""<urllib3.connection.HTTPSConnection object at 0x00000232C3CF5100>: Failed to resolve 'a0.muscache.com' ([Errno 11001] getaddrinfo failed)""))"
793314656060612567,https://a0.muscache.com/pictures/prohost-api/Hosting-793314656060612567/original/6119741f-a659-482e-9b38-41e9a1c85d5d.jpeg,failed_timeout_or_error,,,0,0,0,,,"HTTPSConnectionPool(host='a0.muscache.com', port=443): Max retries exceeded with url: /pictures/prohost-api/Hosting-793314656060612567/original/6119741f-a659-482e-9b38-41e9a1c85d5d.jpeg (Caused by NameResolutionError(""<urllib3.connection.HTTPSConnection object at 0x00000232C3CF47A0>: Failed to resolve 'a0.muscache.com' ([Errno 11001] getaddrinfo failed)""))"
792514918043734073,https://a0.muscache.com/pictures/d6991190-a326-48ee-b7bd-4ebddbc5526b.jpg,failed_timeout_or_error,,,0,0,0,,,"HTTPSConnectionPool(host='a0.muscache.com', port=443): Max retries exceeded with url: /pictures/d6991190-a326-48ee-b7bd-4ebddbc5526b.jpg (Caused by NameResolutionError(""<urllib3.connection.HTTPSConnection object at 0x00000232C3CF5A90>: Failed to resolve 'a0.muscache.com' ([Errno 11001] getaddrinfo failed)""))"
797310259485630962,https://a0.muscache.com/pictures/miso/Hosting-797310259485630962/original/88340802-380f-4e74-a7d2-dacfcb3d3379.jpeg,failed_timeout_or_error,,,0,0,0,,,"HTTPSConnectionPool(host='a0.muscache.com', port=443): Max retries exceeded with url: /pictures/miso/Hosting-797310259485630962/original/88340802-380f-4e74-a7d2-dacfcb3d3379.jpeg (Caused by NameResolutionError(""<urllib3.connection.HTTPSConnection object at 0x00000232C3CF7B30>: Failed to resolve 'a0.muscache.com' ([Errno 11001] getaddrinfo failed)""))"
790620302367439295,https://a0.muscache.com/pictures/miso/Hosting-790620302367439295/original/176d59a9-030e-42b8-a1f3-7e031ee44515.jpeg,failed_timeout_or_error,,,0,0,0,,,"HTTPSConnectionPool(host='a0.muscache.com', port=443): Max retries exceeded with url: /pictures/miso/Hosting-790620302367439295/original/176d59a9-030e-42b8-a1f3-7e031ee44515.jpeg (Caused by NameResolutionError(""<urllib3.connection.HTTPSConnection object at 0x00000232C3CF5130>: Failed to resolve 'a0.muscache.com' ([Errno 11001] getaddrinfo failed)""))"
791273631100844517,https://a0.muscache.com/pictures/65683884-49dd-4f63-a9d6-94ad967f351a.jpg,failed_timeout_or_error,,,0,0,0,,,"HTTPSConnectionPool(host='a0.muscache.com', port=443): Max retries exceeded with url: /pictures/65683884-49dd-4f63-a9d6-94ad967f351a.jpg (Caused by NameResolutionError(""<urllib3.connection.HTTPSConnection object at 0x00000232C3CF5B50>: Failed to resolve 'a0.muscache.com' ([Errno 11001] getaddrinfo failed)""))"
806430918323857030,https://a0.muscache.com/pictures/miso/Hosting-806430918323857030/original/9d356cae-32d6-489c-badb-b4ec3398d85f.jpeg,failed_timeout_or_error,,,0,0,0,,,"HTTPSConnectionPool(host='a0.muscache.com', port=443): Max retries exceeded with url: /pictures/miso/Hosting-806430918323857030/original/9d356cae-32d6-489c-badb-b4ec3398d85f.jpeg (Caused by NameResolutionError(""<urllib3.connection.HTTPSConnection object at 0x00000232C3D6B2F0>: Failed to resolve 'a0.muscache.com' ([Errno 11001] getaddrinfo failed)""))"
805942258921052192,https://a0.muscache.com/pictures/miso/Hosting-805942258921052192/original/d7014cd1-37ec-405f-a923-26ee5a14175e.jpeg,failed_timeout_or_error,,,0,0,0,,,"HTTPSConnectionPool(host='a0.muscache.com', port=443): Max retries exceeded with url: /pictures/miso/Hosting-805942258921052192/original/d7014cd1-37ec-405f-a923-26ee5a14175e.jpeg (Caused by NameResolutionError(""<urllib3.connection.HTTPSConnection object at 0x00000232C40FA690>: Failed to resolve 'a0.muscache.com' ([Errno 11001] getaddrinfo failed)""))"
814659769544419658,https://a0.muscache.com/pictures/prohost-api/Hosting-814659769544419658/original/2a3564fe-429d-48a8-bb86-9f32c4e3331f.jpeg,failed_timeout_or_error,,,0,0,0,,,"HTTPSConnectionPool(host='a0.muscache.com', port=443): Max retries exceeded with url: /pictures/prohost-api/Hosting-814659769544419658/original/2a3564fe-429d-48a8-bb86-9f32c4e3331f.jpeg (Caused by NameResolutionError(""<urllib3.connection.HTTPSConnection object at 0x00000232C3CA5B50>: Failed to resolve 'a0.muscache.com' ([Errno 11001] getaddrinfo failed)""))"
825426380707389742,https://a0.muscache.com/pictures/miso/Hosting-825426380707389742/original/06b83026-30b3-474f-827c-6fedb819ca41.jpeg,failed_timeout_or_error,,,0,0,0,,,"HTTPSConnectionPool(host='a0.muscache.com', port=443): Max retries exceeded with url: /pictures/miso/Hosting-825426380707389742/original/06b83026-30b3-474f-827c-6fedb819ca41.jpeg (Caused by NameResolutionError(""<urllib3.connection.HTTPSConnection object at 0x00000232C3CF51F0>: Failed to resolve 'a0.muscache.com' ([Errno 11001] getaddrinfo failed)""))"
795605256242705845,https://a0.muscache.com/pictures/miso/Hosting-795605256242705845/original/2586ffd7-2214-4913-8492-0036afb228a2.png,failed_timeout_or_error,,,0,0,0,,,"HTTPSConnectionPool(host='a0.muscache.com', port=443): Max retries exceeded with url: /pictures/miso/Hosting-795605256242705845/original/2586ffd7-2214-4913-8492-0036afb228a2.png (Caused by NameResolutionError(""<urllib3.connection.HTTPSConnection object at 0x00000232C4188320>: Failed to resolve 'a0.muscache.com' ([Errno 11001] getaddrinfo failed)""))"
816833876868671890,https://a0.muscache.com/pictures/miso/Hosting-816833876868671890/original/a65a4c6f-558f-4697-ae83-f3a3e7688a5b.jpeg,failed_timeout_or_error,,,0,0,0,,,"HTTPSConnectionPool(host='a0.muscache.com', port=443): Max retries exceeded with url: /pictures/miso/Hosting-816833876868671890/original/a65a4c6f-558f-4697-ae83-f3a3e7688a5b.jpeg (Caused by NameResolutionError(""<urllib3.connection.HTTPSConnection object at 0x00000232C3CF43E0>: Failed to resolve 'a0.muscache.com' ([Errno 11001] getaddrinfo failed)""))"
811026130816354743,https://a0.muscache.com/pictures/miso/Hosting-811026130816354743/original/be4f424e-a5c6-49c1-9c25-fd7b0b6b8a30.jpeg,failed_timeout_or_error,,,0,0,0,,,"HTTPSConnectionPool(host='a0.muscache.com', port=443): Max retries exceeded with url: /pictures/miso/Hosting-811026130816354743/original/be4f424e-a5c6-49c1-9c25-fd7b0b6b8a30.jpeg (Caused by NameResolutionError(""<urllib3.connection.HTTPSConnection object at 0x00000232C3C08E30>: Failed to resolve 'a0.muscache.com' ([Errno 11001] getaddrinfo failed)""))"
821285421345961579,https://a0.muscache.com/pictures/miso/Hosting-821285421345961579/original/e0d57b02-b31c-413d-8485-c131cf2c79d3.jpeg,failed_timeout_or_error,,,0,0,0,,,"HTTPSConnectionPool(host='a0.muscache.com', port=443): Max retries exceeded with url: /pictures/miso/Hosting-821285421345961579/original/e0d57b02-b31c-413d-8485-c131cf2c79d3.jpeg (Caused by NameResolutionError(""<urllib3.connection.HTTPSConnection object at 0x00000232C3C0AAB0>: Failed to resolve 'a0.muscache.com' ([Errno 11001] getaddrinfo failed)""))"
786858671294872745,https://a0.muscache.com/pictures/miso/Hosting-786858671294872745/original/bca64d3e-14fc-4c46-a9aa-28042333ba21.jpeg,failed_timeout_or_error,,,0,0,0,,,"HTTPSConnectionPool(host='a0.muscache.com', port=443): Max retries exceeded with url: /pictures/miso/Hosting-786858671294872745/original/bca64d3e-14fc-4c46-a9aa-28042333ba21.jpeg (Caused by NameResolutionError(""<urllib3.connection.HTTPSConnection object at 0x00000232C40697C0>: Failed to resolve 'a0.muscache.com' ([Errno 11001] getaddrinfo failed)""))"
816841447039098290,https://a0.muscache.com/pictures/miso/Hosting-816841447039098290/original/6d925469-02e4-484d-a5c6-0246b3ce3c3c.jpeg,failed_timeout_or_error,,,0,0,0,,,"HTTPSConnectionPool(host='a0.muscache.com', port=443): Max retries exceeded with url: /pictures/miso/Hosting-816841447039098290/original/6d925469-02e4-484d-a5c6-0246b3ce3c3c.jpeg (Caused by NameResolutionError(""<urllib3.connection.HTTPSConnection object at 0x00000232C4068C20>: Failed to resolve 'a0.muscache.com' ([Errno 11001] getaddrinfo failed)""))"
797666977010512780,https://a0.muscache.com/pictures/miso/Hosting-797666977010512780/original/902b0018-2700-479c-828e-d8e332eff539.jpeg,failed_timeout_or_error,,,0,0,0,,,"HTTPSConnectionPool(host='a0.muscache.com', port=443): Max retries exceeded with url: /pictures/miso/Hosting-797666977010512780/original/902b0018-2700-479c-828e-d8e332eff539.jpeg (Caused by NameResolutionError(""<urllib3.connection.HTTPSConnection object at 0x00000232C3CE74D0>: Failed to resolve 'a0.muscache.com' ([Errno 11001] getaddrinfo failed)""))"
800167085445702991,https://a0.muscache.com/pictures/miso/Hosting-800167085445702991/original/bea23194-b2db-40c8-a14e-927a7898550f.jpeg,failed_timeout_or_error,,,0,0,0,,,"HTTPSConnectionPool(host='a0.muscache.com', port=443): Max retries exceeded with url: /pictures/miso/Hosting-800167085445702991/original/bea23194-b2db-40c8-a14e-927a7898550f.jpeg (Caused by NameResolutionError(""<urllib3.connection.HTTPSConnection object at 0x00000232C3C08500>: Failed to resolve 'a0.muscache.com' ([Errno 11001] getaddrinfo failed)""))"
817471375669238387,https://a0.muscache.com/pictures/prohost-api/Hosting-817471375669238387/original/d897e08e-4e58-4c5c-bea2-3723bebc128b.jpeg,failed_timeout_or_error,,,0,0,0,,,"HTTPSConnectionPool(host='a0.muscache.com', port=443): Max retries exceeded with url: /pictures/prohost-api/Hosting-817471375669238387/original/d897e08e-4e58-4c5c-bea2-3723bebc128b.jpeg (Caused by NameResolutionError(""<urllib3.connection.HTTPSConnection object at 0x00000232C406A3F0>: Failed to resolve 'a0.muscache.com' ([Errno 11001] getaddrinfo failed)""))"
827415644569762331,https://a0.muscache.com/pictures/miso/Hosting-827415644569762331/original/d3d57bb8-0440-4ef0-902d-26a0d43105bd.jpeg,failed_timeout_or_error,,,0,0,0,,,"HTTPSConnectionPool(host='a0.muscache.com', port=443): Max retries exceeded with url: /pictures/miso/Hosting-827415644569762331/original/d3d57bb8-0440-4ef0-902d-26a0d43105bd.jpeg (Caused by NameResolutionError(""<urllib3.connection.HTTPSConnection object at 0x00000232C3CA7530>: Failed to resolve 'a0.muscache.com' ([Errno 11001] getaddrinfo failed)""))"
807354529237189568,https://a0.muscache.com/pictures/prohost-api/Hosting-807354529237189568/original/f5942860-98c0-44a4-93e0-1eb7ad1d282d.jpeg,failed_timeout_or_error,,,0,0,0,,,"HTTPSConnectionPool(host='a0.muscache.com', port=443): Max retries exceeded with url: /pictures/prohost-api/Hosting-807354529237189568/original/f5942860-98c0-44a4-93e0-1eb7ad1d282d.jpeg (Caused by NameResolutionError(""<urllib3.connection.HTTPSConnection object at 0x00000232C3CA6180>: Failed to resolve 'a0.muscache.com' ([Errno 11001] getaddrinfo failed)""))"
792685208775480989,https://a0.muscache.com/pictures/miso/Hosting-792685208775480989/original/12680f0b-ed37-4bd0-8d06-0609ab6911a8.jpeg,failed_timeout_or_error,,,0,0,0,,,"HTTPSConnectionPool(host='a0.muscache.com', port=443): Max retries exceeded with url: /pictures/miso/Hosting-792685208775480989/original/12680f0b-ed37-4bd0-8d06-0609ab6911a8.jpeg (Caused by NameResolutionError(""<urllib3.connection.HTTPSConnection object at 0x00000232C4069130>: Failed to resolve 'a0.muscache.com' ([Errno 11001] getaddrinfo failed)""))"
808755513807830917,https://a0.muscache.com/pictures/miso/Hosting-808755513807830917/original/8f6b7bfb-28e9-4f9c-a818-7403beca624a.jpeg,failed_timeout_or_error,,,0,0,0,,,"HTTPSConnectionPool(host='a0.muscache.com', port=443): Max retries exceeded with url: /pictures/miso/Hosting-808755513807830917/original/8f6b7bfb-28e9-4f9c-a818-7403beca624a.jpeg (Caused by NameResolutionError(""<urllib3.connection.HTTPSConnection object at 0x00000232C40FB9E0>: Failed to resolve 'a0.muscache.com' ([Errno 11001] getaddrinfo failed)""))"
813099815984205443,https://a0.muscache.com/pictures/f3283abb-b1ce-419a-8a68-d9deb90564c0.jpg,failed_timeout_or_error,,,0,0,0,,,"HTTPSConnectionPool(host='a0.muscache.com', port=443): Max retries exceeded with url: /pictures/f3283abb-b1ce-419a-8a68-d9deb90564c0.jpg (Caused by NameResolutionError(""<urllib3.connection.HTTPSConnection object at 0x00000232C40683E0>: Failed to resolve 'a0.muscache.com' ([Errno 11001] getaddrinfo failed)""))"
831443447835778403,https://a0.muscache.com/pictures/prohost-api/Hosting-831443447835778403/original/96a565d9-e6ff-4472-b37e-d71a0002471a.jpeg,failed_timeout_or_error,,,0,0,0,,,"HTTPSConnectionPool(host='a0.muscache.com', port=443): Max retries exceeded with url: /pictures/prohost-api/Hosting-831443447835778403/original/96a565d9-e6ff-4472-b37e-d71a0002471a.jpeg (Caused by NameResolutionError(""<urllib3.connection.HTTPSConnection object at 0x00000232C40F90D0>: Failed to resolve 'a0.muscache.com' ([Errno 11001] getaddrinfo failed)""))"
827009519256274127,https://a0.muscache.com/pictures/ec1bf803-e570-488e-959f-465de6317cc0.jpg,failed_timeout_or_error,,,0,0,0,,,"HTTPSConnectionPool(host='a0.muscache.com', port=443): Max retries exceeded with url: /pictures/ec1bf803-e570-488e-959f-465de6317cc0.jpg (Caused by NameResolutionError(""<urllib3.connection.HTTPSConnection object at 0x00000232C4069E20>: Failed to resolve 'a0.muscache.com' ([Errno 11001] getaddrinfo failed)""))"
828957064823370406,https://a0.muscache.com/pictures/miso/Hosting-828957064823370406/original/21544892-a8fc-4585-9a82-4b1ec77c9e9c.jpeg,failed_timeout_or_error,,,0,0,0,,,"HTTPSConnectionPool(host='a0.muscache.com', port=443): Max retries exceeded with url: /pictures/miso/Hosting-828957064823370406/original/21544892-a8fc-4585-9a82-4b1ec77c9e9c.jpeg (Caused by NameResolutionError(""<urllib3.connection.HTTPSConnection object at 0x00000232C3D87F20>: Failed to resolve 'a0.muscache.com' ([Errno 11001] getaddrinfo failed)""))"
821030675435216627,https://a0.muscache.com/pictures/miso/Hosting-821030675435216627/original/4db6f4da-8827-4a36-8dfb-38ad7587f466.jpeg,failed_timeout_or_error,,,0,0,0,,,"HTTPSConnectionPool(host='a0.muscache.com', port=443): Max retries exceeded with url: /pictures/miso/Hosting-821030675435216627/original/4db6f4da-8827-4a36-8dfb-38ad7587f466.jpeg (Caused by NameResolutionError(""<urllib3.connection.HTTPSConnection object at 0x00000232C3D86B70>: Failed to resolve 'a0.muscache.com' ([Errno 11001] getaddrinfo failed)""))"
826162182781186712,https://a0.muscache.com/pictures/miso/Hosting-826162182781186712/original/0f099ebd-9561-4116-a296-e8c8819294ec.jpeg,failed_timeout_or_error,,,0,0,0,,,"HTTPSConnectionPool(host='a0.muscache.com', port=443): Max retries exceeded with url: /pictures/miso/Hosting-826162182781186712/original/0f099ebd-9561-4116-a296-e8c8819294ec.jpeg (Caused by NameResolutionError(""<urllib3.connection.HTTPSConnection object at 0x00000232C418AA50>: Failed to resolve 'a0.muscache.com' ([Errno 11001] getaddrinfo failed)""))"
821947800997638307,https://a0.muscache.com/pictures/fb93bff5-5186-4476-a66d-14d359a747af.jpg,failed_timeout_or_error,,,0,0,0,,,"HTTPSConnectionPool(host='a0.muscache.com', port=443): Max retries exceeded with url: /pictures/fb93bff5-5186-4476-a66d-14d359a747af.jpg (Caused by NameResolutionError(""<urllib3.connection.HTTPSConnection object at 0x00000232C3D86120>: Failed to resolve 'a0.muscache.com' ([Errno 11001] getaddrinfo failed)""))"
830546863527097176,https://a0.muscache.com/pictures/81c565e9-84a2-4435-b1af-d70b74fa392b.jpg,failed_timeout_or_error,,,0,0,0,,,"HTTPSConnectionPool(host='a0.muscache.com', port=443): Max retries exceeded with url: /pictures/81c565e9-84a2-4435-b1af-d70b74fa392b.jpg (Caused by NameResolutionError(""<urllib3.connection.HTTPSConnection object at 0x00000232C3D42B40>: Failed to resolve 'a0.muscache.com' ([Errno 11001] getaddrinfo failed)""))"
824582948839792664,https://a0.muscache.com/pictures/miso/Hosting-824582948839792664/original/6ae248c6-fe2e-45c5-be86-bf5e9e59ebe0.jpeg,failed_timeout_or_error,,,0,0,0,,,"HTTPSConnectionPool(host='a0.muscache.com', port=443): Max retries exceeded with url: /pictures/miso/Hosting-824582948839792664/original/6ae248c6-fe2e-45c5-be86-bf5e9e59ebe0.jpeg (Caused by NameResolutionError(""<urllib3.connection.HTTPSConnection object at 0x00000232C3D86300>: Failed to resolve 'a0.muscache.com' ([Errno 11001] getaddrinfo failed)""))"
840712325040919020,https://a0.muscache.com/pictures/miso/Hosting-840712325040919020/original/1d9a6ee8-d258-4acd-8a44-66c82574bf50.jpeg,failed_timeout_or_error,,,0,0,0,,,"HTTPSConnectionPool(host='a0.muscache.com', port=443): Max retries exceeded with url: /pictures/miso/Hosting-840712325040919020/original/1d9a6ee8-d258-4acd-8a44-66c82574bf50.jpeg (Caused by NameResolutionError(""<urllib3.connection.HTTPSConnection object at 0x00000232C3CA4CE0>: Failed to resolve 'a0.muscache.com' ([Errno 11001] getaddrinfo failed)""))"
835485143685646452,https://a0.muscache.com/pictures/hosting/Hosting-835485143685646452/original/7f59ae67-8ef3-421f-bf7a-14f4d0a15fd1.jpeg,failed_timeout_or_error,,,0,0,0,,,"HTTPSConnectionPool(host='a0.muscache.com', port=443): Max retries exceeded with url: /pictures/hosting/Hosting-835485143685646452/original/7f59ae67-8ef3-421f-bf7a-14f4d0a15fd1.jpeg (Caused by NameResolutionError(""<urllib3.connection.HTTPSConnection object at 0x00000232C3D84500>: Failed to resolve 'a0.muscache.com' ([Errno 11001] getaddrinfo failed)""))"
831847179747729654,https://a0.muscache.com/pictures/miso/Hosting-831847179747729654/original/cda13ba1-f3af-46db-b031-4b2174dd1873.jpeg,failed_timeout_or_error,,,0,0,0,,,"HTTPSConnectionPool(host='a0.muscache.com', port=443): Max retries exceeded with url: /pictures/miso/Hosting-831847179747729654/original/cda13ba1-f3af-46db-b031-4b2174dd1873.jpeg (Caused by NameResolutionError(""<urllib3.connection.HTTPSConnection object at 0x00000232C3D43E00>: Failed to resolve 'a0.muscache.com' ([Errno 11001] getaddrinfo failed)""))"
825415053290113653,https://a0.muscache.com/pictures/20149e33-6cf1-407e-a270-0f7f22af2152.jpg,failed_timeout_or_error,,,0,0,0,,,"HTTPSConnectionPool(host='a0.muscache.com', port=443): Max retries exceeded with url: /pictures/20149e33-6cf1-407e-a270-0f7f22af2152.jpg (Caused by NameResolutionError(""<urllib3.connection.HTTPSConnection object at 0x00000232C418AA80>: Failed to resolve 'a0.muscache.com' ([Errno 11001] getaddrinfo failed)""))"
833975902820133508,https://a0.muscache.com/pictures/prohost-api/Hosting-833975902820133508/original/9a988185-908e-4bb9-8c3f-e799408076bf.jpeg,failed_timeout_or_error,,,0,0,0,,,"HTTPSConnectionPool(host='a0.muscache.com', port=443): Max retries exceeded with url: /pictures/prohost-api/Hosting-833975902820133508/original/9a988185-908e-4bb9-8c3f-e799408076bf.jpeg (Caused by NameResolutionError(""<urllib3.connection.HTTPSConnection object at 0x00000232C3D40320>: Failed to resolve 'a0.muscache.com' ([Errno 11001] getaddrinfo failed)""))"
831404997185459379,https://a0.muscache.com/pictures/miso/Hosting-831404997185459379/original/c7ff3b98-e5a8-4d80-85d5-b746f50a6953.jpeg,failed_timeout_or_error,,,0,0,0,,,"HTTPSConnectionPool(host='a0.muscache.com', port=443): Max retries exceeded with url: /pictures/miso/Hosting-831404997185459379/original/c7ff3b98-e5a8-4d80-85d5-b746f50a6953.jpeg (Caused by NameResolutionError(""<urllib3.connection.HTTPSConnection object at 0x00000232C3D41F10>: Failed to resolve 'a0.muscache.com' ([Errno 11001] getaddrinfo failed)""))"
841302116274633964,https://a0.muscache.com/pictures/45e9053d-90fc-4227-821a-5a214083ad07.jpg,failed_timeout_or_error,,,0,0,0,,,"HTTPSConnectionPool(host='a0.muscache.com', port=443): Max retries exceeded with url: /pictures/45e9053d-90fc-4227-821a-5a214083ad07.jpg (Caused by NameResolutionError(""<urllib3.connection.HTTPSConnection object at 0x00000232C3D417C0>: Failed to resolve 'a0.muscache.com' ([Errno 11001] getaddrinfo failed)""))"
831980203296811461,https://a0.muscache.com/pictures/prohost-api/Hosting-831980203296811461/original/5696796c-d63d-4cd6-a1e8-3f5348fdf874.jpeg,failed_timeout_or_error,,,0,0,0,,,"HTTPSConnectionPool(host='a0.muscache.com', port=443): Max retries exceeded with url: /pictures/prohost-api/Hosting-831980203296811461/original/5696796c-d63d-4cd6-a1e8-3f5348fdf874.jpeg (Caused by NameResolutionError(""<urllib3.connection.HTTPSConnection object at 0x00000232C3D433E0>: Failed to resolve 'a0.muscache.com' ([Errno 11001] getaddrinfo failed)""))"
836257564163931688,https://a0.muscache.com/pictures/miso/Hosting-836257564163931688/original/a2b6c231-3988-408e-997e-adb6db582c5c.jpeg,failed_timeout_or_error,,,0,0,0,,,"HTTPSConnectionPool(host='a0.muscache.com', port=443): Max retries exceeded with url: /pictures/miso/Hosting-836257564163931688/original/a2b6c231-3988-408e-997e-adb6db582c5c.jpeg (Caused by NameResolutionError(""<urllib3.connection.HTTPSConnection object at 0x00000232C3C867E0>: Failed to resolve 'a0.muscache.com' ([Errno 11001] getaddrinfo failed)""))"
850666818338598615,https://a0.muscache.com/pictures/miso/Hosting-850666818338598615/original/49c65aa2-aa22-4f5c-b6f8-ad3ed4ffee3d.jpeg,failed_timeout_or_error,,,0,0,0,,,"HTTPSConnectionPool(host='a0.muscache.com', port=443): Max retries exceeded with url: /pictures/miso/Hosting-850666818338598615/original/49c65aa2-aa22-4f5c-b6f8-ad3ed4ffee3d.jpeg (Caused by NameResolutionError(""<urllib3.connection.HTTPSConnection object at 0x00000232C3C84AA0>: Failed to resolve 'a0.muscache.com' ([Errno 11001] getaddrinfo failed)""))"
846986376815412901,https://a0.muscache.com/pictures/prohost-api/Hosting-846986376815412901/original/9dd20b5d-eaa7-4d24-83d8-5736c65b3acb.jpeg,failed_timeout_or_error,,,0,0,0,,,"HTTPSConnectionPool(host='a0.muscache.com', port=443): Max retries exceeded with url: /pictures/prohost-api/Hosting-846986376815412901/original/9dd20b5d-eaa7-4d24-83d8-5736c65b3acb.jpeg (Caused by NameResolutionError(""<urllib3.connection.HTTPSConnection object at 0x00000232C3C87E60>: Failed to resolve 'a0.muscache.com' ([Errno 11001] getaddrinfo failed)""))"
844365634518032786,https://a0.muscache.com/pictures/miso/Hosting-715845302265452266/original/b316c3ba-ae66-4da8-8c17-cc40a9a77d3c.jpeg,failed_timeout_or_error,,,0,0,0,,,"HTTPSConnectionPool(host='a0.muscache.com', port=443): Max retries exceeded with url: /pictures/miso/Hosting-715845302265452266/original/b316c3ba-ae66-4da8-8c17-cc40a9a77d3c.jpeg (Caused by NameResolutionError(""<urllib3.connection.HTTPSConnection object at 0x00000232C3CA7AA0>: Failed to resolve 'a0.muscache.com' ([Errno 11001] getaddrinfo failed)""))"
825261368700959639,https://a0.muscache.com/pictures/miso/Hosting-825261368700959639/original/7e6d04ff-0790-45f9-8cdd-750f63572413.jpeg,failed_timeout_or_error,,,0,0,0,,,"HTTPSConnectionPool(host='a0.muscache.com', port=443): Max retries exceeded with url: /pictures/miso/Hosting-825261368700959639/original/7e6d04ff-0790-45f9-8cdd-750f63572413.jpeg (Caused by NameResolutionError(""<urllib3.connection.HTTPSConnection object at 0x00000232C3D41790>: Failed to resolve 'a0.muscache.com' ([Errno 11001] getaddrinfo failed)""))"
843579221824479246,https://a0.muscache.com/pictures/miso/Hosting-843579221824479246/original/069d8dc5-401e-4c18-ae5a-fea5f1be8244.jpeg,failed_timeout_or_error,,,0,0,0,,,"HTTPSConnectionPool(host='a0.muscache.com', port=443): Max retries exceeded with url: /pictures/miso/Hosting-843579221824479246/original/069d8dc5-401e-4c18-ae5a-fea5f1be8244.jpeg (Caused by NameResolutionError(""<urllib3.connection.HTTPSConnection object at 0x00000232C3D405C0>: Failed to resolve 'a0.muscache.com' ([Errno 11001] getaddrinfo failed)""))"
836467932275012094,https://a0.muscache.com/pictures/04a11908-6ede-4ab9-8d84-88e47c006775.jpg,failed_timeout_or_error,,,0,0,0,,,"HTTPSConnectionPool(host='a0.muscache.com', port=443): Max retries exceeded with url: /pictures/04a11908-6ede-4ab9-8d84-88e47c006775.jpg (Caused by NameResolutionError(""<urllib3.connection.HTTPSConnection object at 0x00000232C3C09B50>: Failed to resolve 'a0.muscache.com' ([Errno 11001] getaddrinfo failed)""))"
852729234447441957,https://a0.muscache.com/pictures/miso/Hosting-852729234447441957/original/d4894ad1-ff8f-485a-b651-4f3a29eb3dba.jpeg,failed_timeout_or_error,,,0,0,0,,,"HTTPSConnectionPool(host='a0.muscache.com', port=443): Max retries exceeded with url: /pictures/miso/Hosting-852729234447441957/original/d4894ad1-ff8f-485a-b651-4f3a29eb3dba.jpeg (Caused by NameResolutionError(""<urllib3.connection.HTTPSConnection object at 0x00000232C418A990>: Failed to resolve 'a0.muscache.com' ([Errno 11001] getaddrinfo failed)""))"
852986934018677953,https://a0.muscache.com/pictures/miso/Hosting-852986934018677953/original/d871d436-fd4b-4e99-ad9d-ce63eccabb5b.jpeg,failed_timeout_or_error,,,0,0,0,,,"HTTPSConnectionPool(host='a0.muscache.com', port=443): Max retries exceeded with url: /pictures/miso/Hosting-852986934018677953/original/d871d436-fd4b-4e99-ad9d-ce63eccabb5b.jpeg (Caused by NameResolutionError(""<urllib3.connection.HTTPSConnection object at 0x00000232C3D845F0>: Failed to resolve 'a0.muscache.com' ([Errno 11001] getaddrinfo failed)""))"
829737607287146165,https://a0.muscache.com/pictures/7b2acfd2-4b79-4feb-818e-5ee88c94bea2.jpg,failed_timeout_or_error,,,0,0,0,,,"HTTPSConnectionPool(host='a0.muscache.com', port=443): Max retries exceeded with url: /pictures/7b2acfd2-4b79-4feb-818e-5ee88c94bea2.jpg (Caused by NameResolutionError(""<urllib3.connection.HTTPSConnection object at 0x00000232C3CF5B50>: Failed to resolve 'a0.muscache.com' ([Errno 11001] getaddrinfo failed)""))"
830456448676584755,https://a0.muscache.com/pictures/miso/Hosting-830456448676584755/original/518e73af-6773-4b17-b854-61a660d88d4b.png,failed_timeout_or_error,,,0,0,0,,,"HTTPSConnectionPool(host='a0.muscache.com', port=443): Max retries exceeded with url: /pictures/miso/Hosting-830456448676584755/original/518e73af-6773-4b17-b854-61a660d88d4b.png (Caused by NameResolutionError(""<urllib3.connection.HTTPSConnection object at 0x00000232C3BB8E60>: Failed to resolve 'a0.muscache.com' ([Errno 11001] getaddrinfo failed)""))"
840607331908560244,https://a0.muscache.com/pictures/miso/Hosting-840607331908560244/original/fc62b4fd-1cc5-4084-9139-1d36495ced69.jpeg,failed_timeout_or_error,,,0,0,0,,,"HTTPSConnectionPool(host='a0.muscache.com', port=443): Max retries exceeded with url: /pictures/miso/Hosting-840607331908560244/original/fc62b4fd-1cc5-4084-9139-1d36495ced69.jpeg (Caused by NameResolutionError(""<urllib3.connection.HTTPSConnection object at 0x00000232C3D406E0>: Failed to resolve 'a0.muscache.com' ([Errno 11001] getaddrinfo failed)""))"
857213438416779633,https://a0.muscache.com/pictures/8d9c7224-929d-420c-8e57-78ecb5c365df.jpg,failed_timeout_or_error,,,0,0,0,,,"HTTPSConnectionPool(host='a0.muscache.com', port=443): Max retries exceeded with url: /pictures/8d9c7224-929d-420c-8e57-78ecb5c365df.jpg (Caused by NameResolutionError(""<urllib3.connection.HTTPSConnection object at 0x00000232C3DA1040>: Failed to resolve 'a0.muscache.com' ([Errno 11001] getaddrinfo failed)""))"
847122003938479347,https://a0.muscache.com/pictures/miso/Hosting-847122003938479347/original/e10f1a1a-c6e0-4a63-9e49-e8e586e2f002.jpeg,failed_timeout_or_error,,,0,0,0,,,"HTTPSConnectionPool(host='a0.muscache.com', port=443): Max retries exceeded with url: /pictures/miso/Hosting-847122003938479347/original/e10f1a1a-c6e0-4a63-9e49-e8e586e2f002.jpeg (Caused by NameResolutionError(""<urllib3.connection.HTTPSConnection object at 0x00000232C3D40110>: Failed to resolve 'a0.muscache.com' ([Errno 11001] getaddrinfo failed)""))"
847027036733024770,https://a0.muscache.com/pictures/miso/Hosting-847027036733024770/original/45342545-1d09-4a71-9788-93b8939db678.jpeg,failed_timeout_or_error,,,0,0,0,,,"HTTPSConnectionPool(host='a0.muscache.com', port=443): Max retries exceeded with url: /pictures/miso/Hosting-847027036733024770/original/45342545-1d09-4a71-9788-93b8939db678.jpeg (Caused by NameResolutionError(""<urllib3.connection.HTTPSConnection object at 0x00000232C3CA7F20>: Failed to resolve 'a0.muscache.com' ([Errno 11001] getaddrinfo failed)""))"
844886538694387858,https://a0.muscache.com/pictures/miso/Hosting-844886538694387858/original/5840abb1-f27e-4404-be4a-058296851fbe.jpeg,failed_timeout_or_error,,,0,0,0,,,"HTTPSConnectionPool(host='a0.muscache.com', port=443): Max retries exceeded with url: /pictures/miso/Hosting-844886538694387858/original/5840abb1-f27e-4404-be4a-058296851fbe.jpeg (Caused by NameResolutionError(""<urllib3.connection.HTTPSConnection object at 0x00000232C3C0A210>: Failed to resolve 'a0.muscache.com' ([Errno 11001] getaddrinfo failed)""))"
843025015795756302,https://a0.muscache.com/pictures/miso/Hosting-790816914345274713/original/71238ac6-55ad-4cc3-ba1e-da4190799497.jpeg,failed_timeout_or_error,,,0,0,0,,,"HTTPSConnectionPool(host='a0.muscache.com', port=443): Max retries exceeded with url: /pictures/miso/Hosting-790816914345274713/original/71238ac6-55ad-4cc3-ba1e-da4190799497.jpeg (Caused by NameResolutionError(""<urllib3.connection.HTTPSConnection object at 0x00000232C3D87770>: Failed to resolve 'a0.muscache.com' ([Errno 11001] getaddrinfo failed)""))"
858068395098620771,https://a0.muscache.com/pictures/prohost-api/Hosting-858068395098620771/original/e3723be4-9faa-437c-9815-f881ebefa9c0.jpeg,failed_timeout_or_error,,,0,0,0,,,"HTTPSConnectionPool(host='a0.muscache.com', port=443): Max retries exceeded with url: /pictures/prohost-api/Hosting-858068395098620771/original/e3723be4-9faa-437c-9815-f881ebefa9c0.jpeg (Caused by NameResolutionError(""<urllib3.connection.HTTPSConnection object at 0x00000232C3C87B60>: Failed to resolve 'a0.muscache.com' ([Errno 11001] getaddrinfo failed)""))"
857918213730778256,https://a0.muscache.com/pictures/miso/Hosting-857918213730778256/original/c61f5d1d-0d02-469b-a6c5-38181892e9cc.jpeg,failed_timeout_or_error,,,0,0,0,,,"HTTPSConnectionPool(host='a0.muscache.com', port=443): Max retries exceeded with url: /pictures/miso/Hosting-857918213730778256/original/c61f5d1d-0d02-469b-a6c5-38181892e9cc.jpeg (Caused by NameResolutionError(""<urllib3.connection.HTTPSConnection object at 0x00000232C3D403E0>: Failed to resolve 'a0.muscache.com' ([Errno 11001] getaddrinfo failed)""))"
856550832635722499,https://a0.muscache.com/pictures/miso/Hosting-856550832635722499/original/a9591e09-3811-4283-a52e-43e5e714578d.jpeg,failed_timeout_or_error,,,0,0,0,,,"HTTPSConnectionPool(host='a0.muscache.com', port=443): Max retries exceeded with url: /pictures/miso/Hosting-856550832635722499/original/a9591e09-3811-4283-a52e-43e5e714578d.jpeg (Caused by NameResolutionError(""<urllib3.connection.HTTPSConnection object at 0x00000232C3C0A870>: Failed to resolve 'a0.muscache.com' ([Errno 11001] getaddrinfo failed)""))"
823959205779601736,https://a0.muscache.com/pictures/miso/Hosting-823959205779601736/original/68e35d22-a6ba-413a-88a5-be53a0095911.jpeg,failed_timeout_or_error,,,0,0,0,,,"HTTPSConnectionPool(host='a0.muscache.com', port=443): Max retries exceeded with url: /pictures/miso/Hosting-823959205779601736/original/68e35d22-a6ba-413a-88a5-be53a0095911.jpeg (Caused by NameResolutionError(""<urllib3.connection.HTTPSConnection object at 0x00000232C3CF7A70>: Failed to resolve 'a0.muscache.com' ([Errno 11001] getaddrinfo failed)""))"
857287887558182649,https://a0.muscache.com/pictures/miso/Hosting-857287887558182649/original/2d255f84-2407-490e-ba45-3fffbdef9e81.jpeg,failed_timeout_or_error,,,0,0,0,,,"HTTPSConnectionPool(host='a0.muscache.com', port=443): Max retries exceeded with url: /pictures/miso/Hosting-857287887558182649/original/2d255f84-2407-490e-ba45-3fffbdef9e81.jpeg (Caused by NameResolutionError(""<urllib3.connection.HTTPSConnection object at 0x00000232C3B19700>: Failed to resolve 'a0.muscache.com' ([Errno 11001] getaddrinfo failed)""))"
858646539415178136,https://a0.muscache.com/pictures/prohost-api/Hosting-858646539415178136/original/8cb08eb6-f06a-406a-99e4-ab491fad8452.jpeg,failed_timeout_or_error,,,0,0,0,,,"HTTPSConnectionPool(host='a0.muscache.com', port=443): Max retries exceeded with url: /pictures/prohost-api/Hosting-858646539415178136/original/8cb08eb6-f06a-406a-99e4-ab491fad8452.jpeg (Caused by NameResolutionError(""<urllib3.connection.HTTPSConnection object at 0x00000232C3C85AC0>: Failed to resolve 'a0.muscache.com' ([Errno 11001] getaddrinfo failed)""))"
839701869911797731,https://a0.muscache.com/pictures/miso/Hosting-839701869911797731/original/17546507-ec75-411b-beaa-002615311a62.jpeg,failed_timeout_or_error,,,0,0,0,,,"HTTPSConnectionPool(host='a0.muscache.com', port=443): Max retries exceeded with url: /pictures/miso/Hosting-839701869911797731/original/17546507-ec75-411b-beaa-002615311a62.jpeg (Caused by NameResolutionError(""<urllib3.connection.HTTPSConnection object at 0x00000232C41885F0>: Failed to resolve 'a0.muscache.com' ([Errno 11001] getaddrinfo failed)""))"
831978562322702951,https://a0.muscache.com/pictures/prohost-api/Hosting-831978562322702951/original/ffc3e5c6-7f81-45e0-b99c-bee2ec11bf3a.jpeg,failed_timeout_or_error,,,0,0,0,,,"HTTPSConnectionPool(host='a0.muscache.com', port=443): Max retries exceeded with url: /pictures/prohost-api/Hosting-831978562322702951/original/ffc3e5c6-7f81-45e0-b99c-bee2ec11bf3a.jpeg (Caused by NameResolutionError(""<urllib3.connection.HTTPSConnection object at 0x00000232C3C87320>: Failed to resolve 'a0.muscache.com' ([Errno 11001] getaddrinfo failed)""))"
827599653801923303,https://a0.muscache.com/pictures/miso/Hosting-827599653801923303/original/5ba7f1d5-3dc6-4d5f-92a7-8a438523d22a.jpeg,failed_timeout_or_error,,,0,0,0,,,"HTTPSConnectionPool(host='a0.muscache.com', port=443): Max retries exceeded with url: /pictures/miso/Hosting-827599653801923303/original/5ba7f1d5-3dc6-4d5f-92a7-8a438523d22a.jpeg (Caused by NameResolutionError(""<urllib3.connection.HTTPSConnection object at 0x00000232C40FA540>: Failed to resolve 'a0.muscache.com' ([Errno 11001] getaddrinfo failed)""))"
860214814961263869,https://a0.muscache.com/pictures/miso/Hosting-860214814961263869/original/b173e1e3-bb13-4211-afb1-49984e44fd32.jpeg,failed_timeout_or_error,,,0,0,0,,,"HTTPSConnectionPool(host='a0.muscache.com', port=443): Max retries exceeded with url: /pictures/miso/Hosting-860214814961263869/original/b173e1e3-bb13-4211-afb1-49984e44fd32.jpeg (Caused by NameResolutionError(""<urllib3.connection.HTTPSConnection object at 0x00000232C3D845F0>: Failed to resolve 'a0.muscache.com' ([Errno 11001] getaddrinfo failed)""))"
858924168933977089,https://a0.muscache.com/pictures/2b0837bc-6241-4d94-a773-07145182ecf5.jpg,failed_timeout_or_error,,,0,0,0,,,"HTTPSConnectionPool(host='a0.muscache.com', port=443): Max retries exceeded with url: /pictures/2b0837bc-6241-4d94-a773-07145182ecf5.jpg (Caused by NameResolutionError(""<urllib3.connection.HTTPSConnection object at 0x00000232C40698B0>: Failed to resolve 'a0.muscache.com' ([Errno 11001] getaddrinfo failed)""))"
856827826416481785,https://a0.muscache.com/pictures/miso/Hosting-856827826416481785/original/08aa9155-89e4-4c39-97bc-bcb087dd8168.jpeg,failed_timeout_or_error,,,0,0,0,,,"HTTPSConnectionPool(host='a0.muscache.com', port=443): Max retries exceeded with url: /pictures/miso/Hosting-856827826416481785/original/08aa9155-89e4-4c39-97bc-bcb087dd8168.jpeg (Caused by NameResolutionError(""<urllib3.connection.HTTPSConnection object at 0x00000232C3DA3680>: Failed to resolve 'a0.muscache.com' ([Errno 11001] getaddrinfo failed)""))"
861784147951896334,https://a0.muscache.com/pictures/miso/Hosting-861784147951896334/original/507713eb-0e81-491e-9550-e9d4fc9152d8.jpeg,failed_timeout_or_error,,,0,0,0,,,"HTTPSConnectionPool(host='a0.muscache.com', port=443): Max retries exceeded with url: /pictures/miso/Hosting-861784147951896334/original/507713eb-0e81-491e-9550-e9d4fc9152d8.jpeg (Caused by NameResolutionError(""<urllib3.connection.HTTPSConnection object at 0x00000232C3CA79E0>: Failed to resolve 'a0.muscache.com' ([Errno 11001] getaddrinfo failed)""))"
861621337723825671,https://a0.muscache.com/pictures/miso/Hosting-861621337723825671/original/4ecf3236-4453-4d3c-85cc-d453d99ab1e4.jpeg,failed_timeout_or_error,,,0,0,0,,,"HTTPSConnectionPool(host='a0.muscache.com', port=443): Max retries exceeded with url: /pictures/miso/Hosting-861621337723825671/original/4ecf3236-4453-4d3c-85cc-d453d99ab1e4.jpeg (Caused by NameResolutionError(""<urllib3.connection.HTTPSConnection object at 0x00000232C418B770>: Failed to resolve 'a0.muscache.com' ([Errno 11001] getaddrinfo failed)""))"
857427415890334878,https://a0.muscache.com/pictures/miso/Hosting-857427415890334878/original/449016c1-a7b5-4256-90c9-5449ef4375e3.jpeg,failed_timeout_or_error,,,0,0,0,,,"HTTPSConnectionPool(host='a0.muscache.com', port=443): Max retries exceeded with url: /pictures/miso/Hosting-857427415890334878/original/449016c1-a7b5-4256-90c9-5449ef4375e3.jpeg (Caused by NameResolutionError(""<urllib3.connection.HTTPSConnection object at 0x00000232C3CF74D0>: Failed to resolve 'a0.muscache.com' ([Errno 11001] getaddrinfo failed)""))"
858702635980096611,https://a0.muscache.com/pictures/prohost-api/Hosting-858702635980096611/original/87b17062-d743-4afd-83ef-5c1bb8dc841e.jpeg,failed_timeout_or_error,,,0,0,0,,,"HTTPSConnectionPool(host='a0.muscache.com', port=443): Max retries exceeded with url: /pictures/prohost-api/Hosting-858702635980096611/original/87b17062-d743-4afd-83ef-5c1bb8dc841e.jpeg (Caused by NameResolutionError(""<urllib3.connection.HTTPSConnection object at 0x00000232C3C85130>: Failed to resolve 'a0.muscache.com' ([Errno 11001] getaddrinfo failed)""))"
858751950790032008,https://a0.muscache.com/pictures/prohost-api/Hosting-858751950790032008/original/19d5672d-44ef-49b3-9f92-cf268d20bcfe.jpeg,failed_timeout_or_error,,,0,0,0,,,"HTTPSConnectionPool(host='a0.muscache.com', port=443): Max retries exceeded with url: /pictures/prohost-api/Hosting-858751950790032008/original/19d5672d-44ef-49b3-9f92-cf268d20bcfe.jpeg (Caused by NameResolutionError(""<urllib3.connection.HTTPSConnection object at 0x00000232C38C2240>: Failed to resolve 'a0.muscache.com' ([Errno 11001] getaddrinfo failed)""))"
861562729483207247,https://a0.muscache.com/pictures/miso/Hosting-861562729483207247/original/95d89034-a60a-429e-9582-a6dc010c0716.jpeg,failed_timeout_or_error,,,0,0,0,,,"HTTPSConnectionPool(host='a0.muscache.com', port=443): Max retries exceeded with url: /pictures/miso/Hosting-861562729483207247/original/95d89034-a60a-429e-9582-a6dc010c0716.jpeg (Caused by NameResolutionError(""<urllib3.connection.HTTPSConnection object at 0x00000232C3CB6240>: Failed to resolve 'a0.muscache.com' ([Errno 11001] getaddrinfo failed)""))"
863843775999116073,https://a0.muscache.com/pictures/miso/Hosting-863843775999116073/original/a45468fd-57a4-4b84-a34c-600e92b8da1d.jpeg,failed_timeout_or_error,,,0,0,0,,,"HTTPSConnectionPool(host='a0.muscache.com', port=443): Max retries exceeded with url: /pictures/miso/Hosting-863843775999116073/original/a45468fd-57a4-4b84-a34c-600e92b8da1d.jpeg (Caused by NameResolutionError(""<urllib3.connection.HTTPSConnection object at 0x00000232C3CB5C70>: Failed to resolve 'a0.muscache.com' ([Errno 11001] getaddrinfo failed)""))"
859477116752256153,https://a0.muscache.com/pictures/miso/Hosting-859477116752256153/original/effd1714-046c-4e00-81cb-b2ed86fbcd6c.jpeg,failed_timeout_or_error,,,0,0,0,,,"HTTPSConnectionPool(host='a0.muscache.com', port=443): Max retries exceeded with url: /pictures/miso/Hosting-859477116752256153/original/effd1714-046c-4e00-81cb-b2ed86fbcd6c.jpeg (Caused by NameResolutionError(""<urllib3.connection.HTTPSConnection object at 0x00000232C3D85010>: Failed to resolve 'a0.muscache.com' ([Errno 11001] getaddrinfo failed)""))"
858787369223286951,https://a0.muscache.com/pictures/miso/Hosting-858787369223286951/original/9950706a-cd6c-4760-8675-ce1643d620ed.jpeg,failed_timeout_or_error,,,0,0,0,,,"HTTPSConnectionPool(host='a0.muscache.com', port=443): Max retries exceeded with url: /pictures/miso/Hosting-858787369223286951/original/9950706a-cd6c-4760-8675-ce1643d620ed.jpeg (Caused by NameResolutionError(""<urllib3.connection.HTTPSConnection object at 0x00000232C3B1B410>: Failed to resolve 'a0.muscache.com' ([Errno 11001] getaddrinfo failed)""))"
870527312327340177,https://a0.muscache.com/pictures/19c96f54-f4b9-4446-8685-575a3f0a97fe.jpg,failed_timeout_or_error,,,0,0,0,,,"HTTPSConnectionPool(host='a0.muscache.com', port=443): Max retries exceeded with url: /pictures/19c96f54-f4b9-4446-8685-575a3f0a97fe.jpg (Caused by NameResolutionError(""<urllib3.connection.HTTPSConnection object at 0x00000232C36F8BC0>: Failed to resolve 'a0.muscache.com' ([Errno 11001] getaddrinfo failed)""))"
879109424040368993,https://a0.muscache.com/pictures/miso/Hosting-879109424040368993/original/7b645c1d-62db-476e-b382-b96575ccd403.jpeg,failed_timeout_or_error,,,0,0,0,,,"HTTPSConnectionPool(host='a0.muscache.com', port=443): Max retries exceeded with url: /pictures/miso/Hosting-879109424040368993/original/7b645c1d-62db-476e-b382-b96575ccd403.jpeg (Caused by NameResolutionError(""<urllib3.connection.HTTPSConnection object at 0x00000232C3DA31D0>: Failed to resolve 'a0.muscache.com' ([Errno 11001] getaddrinfo failed)""))"
868110638120292455,https://a0.muscache.com/pictures/miso/Hosting-868110638120292455/original/4be762b3-386e-4861-9139-50f639e18414.jpeg,failed_timeout_or_error,,,0,0,0,,,"HTTPSConnectionPool(host='a0.muscache.com', port=443): Max retries exceeded with url: /pictures/miso/Hosting-868110638120292455/original/4be762b3-386e-4861-9139-50f639e18414.jpeg (Caused by NameResolutionError(""<urllib3.connection.HTTPSConnection object at 0x00000232C40F8CB0>: Failed to resolve 'a0.muscache.com' ([Errno 11001] getaddrinfo failed)""))"
867993338712158581,https://a0.muscache.com/pictures/miso/Hosting-867993338712158581/original/b44c042a-d38b-44f2-83dc-e4f6b6bc383b.jpeg,failed_timeout_or_error,,,0,0,0,,,"HTTPSConnectionPool(host='a0.muscache.com', port=443): Max retries exceeded with url: /pictures/miso/Hosting-867993338712158581/original/b44c042a-d38b-44f2-83dc-e4f6b6bc383b.jpeg (Caused by NameResolutionError(""<urllib3.connection.HTTPSConnection object at 0x00000232C3D402F0>: Failed to resolve 'a0.muscache.com' ([Errno 11001] getaddrinfo failed)""))"
860118544528692769,https://a0.muscache.com/pictures/miso/Hosting-860118544528692769/original/ed0c0516-264e-4162-872c-7d4edd439986.jpeg,failed_timeout_or_error,,,0,0,0,,,"HTTPSConnectionPool(host='a0.muscache.com', port=443): Max retries exceeded with url: /pictures/miso/Hosting-860118544528692769/original/ed0c0516-264e-4162-872c-7d4edd439986.jpeg (Caused by NameResolutionError(""<urllib3.connection.HTTPSConnection object at 0x00000232C3B18CB0>: Failed to resolve 'a0.muscache.com' ([Errno 11001] getaddrinfo failed)""))"
863654247733503847,https://a0.muscache.com/pictures/bd2a7e47-542a-4836-9b21-873f3df599a1.jpg,failed_http_404,404.0,,0,0,0,,,HTTP 404
865361508560617025,https://a0.muscache.com/pictures/prohost-api/Hosting-865361508560617025/original/267ef438-b59c-4fe9-9410-3c1363064eb3.png,failed_http_404,404.0,,0,0,0,,,HTTP 404
882231204858720055,https://a0.muscache.com/pictures/miso/Hosting-882231204858720055/original/fb257b1d-8bce-4a05-a71f-59666ec32cf1.jpeg,failed_http_404,404.0,,0,0,0,,,HTTP 404
874726602931216913,https://a0.muscache.com/pictures/prohost-api/Hosting-874726602931216913/original/a6115a88-6a97-4069-b816-7e552bedb091.jpeg,failed_http_404,404.0,,0,0,0,,,HTTP 404
886196475124925510,https://a0.muscache.com/pictures/miso/Hosting-886196475124925510/original/13bc3049-5ee3-4b35-8790-b190a6887f38.jpeg,failed_http_404,404.0,,0,0,0,,,HTTP 404
891864428830572687,https://a0.muscache.com/pictures/miso/Hosting-891864428830572687/original/89d6f6e4-b03f-4931-9722-86df43c82127.jpeg,failed_http_404,404.0,,0,0,0,,,HTTP 404
889121682838326010,https://a0.muscache.com/pictures/prohost-api/Hosting-889121682838326010/original/bf5f1773-1c27-4c01-a0e9-3d00d4cf4d13.jpeg,failed_http_404,404.0,,0,0,0,,,HTTP 404
892249126068143189,https://a0.muscache.com/pictures/miso/Hosting-892249126068143189/original/02221bc9-eb07-4eca-ab1e-383a5297f32a.jpeg,failed_http_404,404.0,,0,0,0,,,HTTP 404
892113107850098005,https://a0.muscache.com/pictures/miso/Hosting-892113107850098005/original/abe11ae2-cee6-4250-90a5-f4051bd03b69.jpeg,failed_timeout_or_error,,,0,0,0,,,"('Connection broken: IncompleteRead(706 bytes read, 5646061 more expected)', IncompleteRead(706 bytes read, 5646061 more expected))"
866570797047292576,https://a0.muscache.com/pictures/miso/Hosting-866570797047292576/original/d96595f9-8aee-4a1f-a75a-5fe037a49ae3.jpeg,failed_timeout_or_error,,,0,0,0,,,"('Connection broken: IncompleteRead(32768 bytes read, 471022 more expected)', IncompleteRead(32768 bytes read, 471022 more expected))"
882561956783087793,https://a0.muscache.com/pictures/prohost-api/Hosting-882561956783087793/original/f64b5bed-c67d-4b0e-9787-4eabbfc761f7.jpeg,failed_timeout_or_error,,,0,0,0,,,"('Connection broken: IncompleteRead(32113 bytes read, 295496 more expected)', IncompleteRead(32113 bytes read, 295496 more expected))"
873745990637321415,https://a0.muscache.com/pictures/92a00f5c-5dc3-4b70-9667-149c8ed34bb0.jpg,failed_timeout_or_error,,,0,0,0,,,"('Connection broken: IncompleteRead(17038 bytes read, 27446 more expected)', IncompleteRead(17038 bytes read, 27446 more expected))"
888360812984921293,https://a0.muscache.com/pictures/prohost-api/Hosting-888360812984921293/original/6838ab3a-2165-4cd0-b70f-7f7af166f703.png,failed_timeout_or_error,,,0,0,0,,,"('Connection broken: IncompleteRead(17083 bytes read, 2426195 more expected)', IncompleteRead(17083 bytes read, 2426195 more expected))"
869384351246628871,https://a0.muscache.com/pictures/miso/Hosting-869384351246628871/original/46915a66-68ab-4678-9b8f-531b84b839b2.jpeg,failed_timeout_or_error,,,0,0,0,,,"('Connection broken: IncompleteRead(17086 bytes read, 2798936 more expected)', IncompleteRead(17086 bytes read, 2798936 more expected))"
863668175659514649,https://a0.muscache.com/pictures/1b429e2d-bfc8-4dd1-8e6e-4503e8fd0ec0.jpg,failed_timeout_or_error,,,0,0,0,,,"('Connection broken: IncompleteRead(17008 bytes read, 4371572 more expected)', IncompleteRead(17008 bytes read, 4371572 more expected))"
859278740184118442,https://a0.muscache.com/pictures/prohost-api/Hosting-859278740184118442/original/aedc11d5-3a82-4ffd-a277-28900af33c5c.jpeg,failed_timeout_or_error,,,0,0,0,,,"('Connection broken: IncompleteRead(17102 bytes read, 348488 more expected)', IncompleteRead(17102 bytes read, 348488 more expected))"
875400629375636096,https://a0.muscache.com/pictures/miso/Hosting-875400629375636096/original/c0aedf5c-1331-44c7-a18b-4bd280eb2a3e.jpeg,failed_timeout_or_error,,,0,0,0,,,"('Connection broken: IncompleteRead(33305 bytes read, 499736 more expected)', IncompleteRead(33305 bytes read, 499736 more expected))"
873800024931120764,https://a0.muscache.com/pictures/hosting/Hosting-873800024931120764/original/1e98c4dd-72c0-4975-920e-eee7850839a3.jpeg,failed_timeout_or_error,,,0,0,0,,,"('Connection broken: IncompleteRead(32768 bytes read, 7759481 more expected)', IncompleteRead(32768 bytes read, 7759481 more expected))"
868082230911607347,https://a0.muscache.com/pictures/miso/Hosting-868082230911607347/original/1c88d446-7aa6-4dba-9348-1d3aa7e9f8e4.jpeg,failed_timeout_or_error,,,0,0,0,,,"('Connection broken: IncompleteRead(17107 bytes read, 4779660 more expected)', IncompleteRead(17107 bytes read, 4779660 more expected))"
869381635977129108,https://a0.muscache.com/pictures/miso/Hosting-869381635977129108/original/f25bfdaa-a1bc-4148-90ac-24b54594ca84.jpeg,failed_timeout_or_error,,,0,0,0,,,"('Connection broken: IncompleteRead(17088 bytes read, 2721048 more expected)', IncompleteRead(17088 bytes read, 2721048 more expected))"
862395904656281056,https://a0.muscache.com/pictures/c1378529-58c0-45fe-a676-ea4502e864df.jpg,failed_timeout_or_error,,,0,0,0,,,"('Connection broken: IncompleteRead(17029 bytes read, 1270047 more expected)', IncompleteRead(17029 bytes read, 1270047 more expected))"
889694157859022963,https://a0.muscache.com/pictures/miso/Hosting-889694157859022963/original/0ad8b654-1b93-4dbb-aa9e-8ee78bb91938.jpeg,failed_timeout_or_error,,,0,0,0,,,"('Connection broken: IncompleteRead(17090 bytes read, 1547789 more expected)', IncompleteRead(17090 bytes read, 1547789 more expected))"
874725103753806598,https://a0.muscache.com/pictures/prohost-api/Hosting-874725103753806598/original/6354dd81-0841-4004-a840-3240c25a796c.jpeg,failed_timeout_or_error,,,0,0,0,,,"('Connection broken: IncompleteRead(17118 bytes read, 405059 more expected)', IncompleteRead(17118 bytes read, 405059 more expected))"
853531231228833355,https://a0.muscache.com/pictures/miso/Hosting-853531231228833355/original/e7475d9b-704f-4336-8892-00da69b64254.jpeg,failed_timeout_or_error,,,0,0,0,,,"('Connection broken: IncompleteRead(34301 bytes read, 3458350 more expected)', IncompleteRead(34301 bytes read, 3458350 more expected))"
856678083000821060,https://a0.muscache.com/pictures/miso/Hosting-856678083000821060/original/88785155-d773-4701-8d03-af5acd661c68.jpeg,failed_timeout_or_error,,,0,0,0,,,"('Connection broken: IncompleteRead(17079 bytes read, 18224876 more expected)', IncompleteRead(17079 bytes read, 18224876 more expected))"
866760195768806468,https://a0.muscache.com/pictures/miso/Hosting-866760195768806468/original/baed4263-66ef-4d41-95ee-7bb88729bc0e.jpeg,failed_timeout_or_error,,,0,0,0,,,"('Connection broken: IncompleteRead(17113 bytes read, 2158069 more expected)', IncompleteRead(17113 bytes read, 2158069 more expected))"
888296287022908459,https://a0.muscache.com/pictures/e1011c3f-c632-48c7-a2dc-28654b8af599.jpg,failed_timeout_or_error,,,0,0,0,,,"('Connection broken: IncompleteRead(32171 bytes read, 2555799 more expected)', IncompleteRead(32171 bytes read, 2555799 more expected))"
889025015578616597,https://a0.muscache.com/pictures/miso/Hosting-889025015578616597/original/8a45a134-6382-4864-b86e-238ad6199f20.png,failed_timeout_or_error,,,0,0,0,,,"('Connection broken: IncompleteRead(17120 bytes read, 851013 more expected)', IncompleteRead(17120 bytes read, 851013 more expected))"
876812545083823268,https://a0.muscache.com/pictures/miso/Hosting-876812545083823268/original/2d477ba5-6eb1-4e95-908b-f6d6395ab252.jpeg,failed_timeout_or_error,,,0,0,0,,,"('Connection broken: IncompleteRead(32768 bytes read, 4506648 more expected)', IncompleteRead(32768 bytes read, 4506648 more expected))"
888656865890341217,https://a0.muscache.com/pictures/15f38e92-855d-4b6d-865e-2bd0861936af.jpg,failed_timeout_or_error,,,0,0,0,,,"('Connection broken: IncompleteRead(617 bytes read, 158678 more expected)', IncompleteRead(617 bytes read, 158678 more expected))"
879184902656869741,https://a0.muscache.com/pictures/miso/Hosting-802824801000979408/original/1f1b7e63-d469-40dc-b470-f3663d6b056b.jpeg,failed_timeout_or_error,,,0,0,0,,,"('Connection broken: IncompleteRead(706 bytes read, 1421945 more expected)', IncompleteRead(706 bytes read, 1421945 more expected))"
877551972813715839,https://a0.muscache.com/pictures/miso/Hosting-877551972813715839/original/c6415534-edba-4c8a-9e06-b1785804d8ad.jpeg,failed_timeout_or_error,,,0,0,0,,,"('Connection broken: IncompleteRead(32768 bytes read, 7014425 more expected)', IncompleteRead(32768 bytes read, 7014425 more expected))"
891567522553682064,https://a0.muscache.com/pictures/miso/Hosting-891567522553682064/original/2e46997f-d767-431b-ae5f-743351358e84.jpeg,failed_timeout_or_error,,,0,0,0,,,"('Connection broken: IncompleteRead(725 bytes read, 5804549 more expected)', IncompleteRead(725 bytes read, 5804549 more expected))"
886871167668195765,https://a0.muscache.com/pictures/prohost-api/Hosting-886871167668195765/original/b32f37e2-a211-45ad-87be-23b881458c36.jpeg,failed_timeout_or_error,,,0,0,0,,,"('Connection broken: IncompleteRead(48644 bytes read, 2100642 more expected)', IncompleteRead(48644 bytes read, 2100642 more expected))"
876689830803378456,https://a0.muscache.com/pictures/prohost-api/Hosting-876689830803378456/original/b801440e-bf95-4cfc-9273-b519dd37ac33.jpeg,failed_timeout_or_error,,,0,0,0,,,"('Connection broken: IncompleteRead(163784 bytes read, 543312 more expected)', IncompleteRead(163784 bytes read, 543312 more expected))"
887061719314888767,https://a0.muscache.com/pictures/71be1583-5afa-43cc-976f-88cece54ef77.jpg,failed_timeout_or_error,,,0,0,0,,,"('Connection broken: IncompleteRead(17029 bytes read, 743843 more expected)', IncompleteRead(17029 bytes read, 743843 more expected))"
884013514535350819,https://a0.muscache.com/pictures/miso/Hosting-884013514535350819/original/686ed55e-45df-4aa3-9313-9f1c762cccaf.jpeg,failed_timeout_or_error,,,0,0,0,,,"('Connection broken: IncompleteRead(17112 bytes read, 3128805 more expected)', IncompleteRead(17112 bytes read, 3128805 more expected))"
874724845616921931,https://a0.muscache.com/pictures/prohost-api/Hosting-874724845616921931/original/fb3efcab-c458-4abf-8731-423372b7d7dc.jpeg,failed_timeout_or_error,,,0,0,0,,,"('Connection broken: IncompleteRead(17087 bytes read, 2681792 more expected)', IncompleteRead(17087 bytes read, 2681792 more expected))"
907933203969939408,https://a0.muscache.com/pictures/miso/Hosting-907933203969939408/original/fe6114e2-7c9a-49b8-93da-3358aa36209b.jpeg,failed_http_404,404.0,,0,0,0,,,HTTP 404
905154484554673235,https://a0.muscache.com/pictures/prohost-api/Hosting-905154484554673235/original/23bc48ac-3a8a-4d57-b117-4892a6190de1.jpeg,failed_http_404,404.0,,0,0,0,,,HTTP 404
897012842531200206,https://a0.muscache.com/pictures/prohost-api/Hosting-897012842531200206/original/a57a1dfb-43b3-4aa8-8806-30d1d8947e77.jpeg,failed_http_404,404.0,,0,0,0,,,HTTP 404
903828418284489253,https://a0.muscache.com/pictures/miso/Hosting-903828418284489253/original/7d0c752b-ed69-46c5-9c64-dd2e4f84cd1f.jpeg,failed_http_404,404.0,,0,0,0,,,HTTP 404
897855294734413073,https://a0.muscache.com/pictures/582f6aa5-4e2b-46ec-863b-62924d862094.jpg,failed_http_404,404.0,,0,0,0,,,HTTP 404
908754851232618664,https://a0.muscache.com/pictures/miso/Hosting-908754851232618664/original/020394d3-92d7-4ed1-8e03-7599a8f6b930.jpeg,success,200.0,c:\Prathik\MY DOCUMENTS\Rental_price_prediction\datasets\multimodal_v3\images\908754851232618664.jpg,14927,220,147,RGB,bdb8348698f202a3366a8b9095cb4c44,
905154432097807523,https://a0.muscache.com/pictures/prohost-api/Hosting-905154432097807523/original/03fd67bc-79fd-465e-8082-af7f46a372fe.jpeg,failed_http_404,404.0,,0,0,0,,,HTTP 404
903072595055952281,https://a0.muscache.com/pictures/miso/Hosting-903072595055952281/original/c30c5f4a-a127-4d6b-901e-7f865a7b30c5.jpeg,failed_http_404,404.0,,0,0,0,,,HTTP 404
908515528408361637,https://a0.muscache.com/pictures/miso/Hosting-908515528408361637/original/f8d7c48d-1a27-4c20-894e-3c0e5ea68cea.jpeg,success,200.0,c:\Prathik\MY DOCUMENTS\Rental_price_prediction\datasets\multimodal_v3\images\908515528408361637.jpg,170861,1170,783,RGB,9523f06b30d3ae918eb0ebd8fa2ede66,
906558735828371317,https://a0.muscache.com/pictures/2852720e-43a9-44fc-b0a3-2f763305fcd8.jpg,success,200.0,c:\Prathik\MY DOCUMENTS\Rental_price_prediction\datasets\multimodal_v3\images\906558735828371317.jpg,261770,1512,1145,RGB,793e1570920523fed3f52aa7f183a619,
892716929803333450,https://a0.muscache.com/pictures/miso/Hosting-892716929803333450/original/7bdd305a-3008-48cb-830e-01afaa008922.jpeg,success,200.0,c:\Prathik\MY DOCUMENTS\Rental_price_prediction\datasets\multimodal_v3\images\892716929803333450.jpg,237333,1440,960,RGB,0266616f62368f1e1add40e3c70477cc,
913155025675993877,https://a0.muscache.com/pictures/d6a96113-ff47-455e-a7c7-d8cbcffe1ece.jpg,success,200.0,c:\Prathik\MY DOCUMENTS\Rental_price_prediction\datasets\multimodal_v3\images\913155025675993877.jpg,176469,1242,816,RGB,67dfea716b35e2ee535c3c1350d802b8,
914559574241378585,https://a0.muscache.com/pictures/31a16c75-2be9-42c7-9bd5-85c7ffef4cb5.jpg,failed_http_404,404.0,,0,0,0,,,HTTP 404
912266648636837241,https://a0.muscache.com/pictures/miso/Hosting-912266648636837241/original/a3ee16b5-156d-4678-ab73-e6c6f6183045.jpeg,failed_timeout_or_error,,,0,0,0,,,"HTTPSConnectionPool(host='a0.muscache.com', port=443): Read timed out."
908463326021223147,https://a0.muscache.com/pictures/3a157e16-b769-4e02-bbe9-9a0be2115cb0.jpg,success,200.0,c:\Prathik\MY DOCUMENTS\Rental_price_prediction\datasets\multimodal_v3\images\908463326021223147.jpg,460744,2000,1500,RGB,dee0fc9ebf7074a95bcc5c0ed4657c49,
899212092415626033,https://a0.muscache.com/pictures/3c4c0a35-6a35-4377-851c-9661f82e3bff.jpg,failed_timeout_or_error,,,0,0,0,,,"HTTPSConnectionPool(host='a0.muscache.com', port=443): Read timed out."
911446741074991676,https://a0.muscache.com/pictures/miso/Hosting-911446741074991676/original/edc396c5-79cd-4b9c-8f14-176c946085dc.jpeg,failed_timeout_or_error,,,0,0,0,,,"HTTPSConnectionPool(host='a0.muscache.com', port=443): Read timed out."
903486801540157597,https://a0.muscache.com/pictures/prohost-api/Hosting-903486801540157597/original/e620037a-de15-4328-afdf-762417b0dc6b.jpeg,failed_timeout_or_error,,,0,0,0,,,"HTTPSConnectionPool(host='a0.muscache.com', port=443): Read timed out."
898803034016367682,https://a0.muscache.com/pictures/miso/Hosting-898803034016367682/original/33dcb2ab-889e-4231-bb2b-6a978752d4f8.png,failed_timeout_or_error,,,0,0,0,,,"HTTPSConnectionPool(host='a0.muscache.com', port=443): Read timed out."
912556149336364754,https://a0.muscache.com/pictures/miso/Hosting-912556149336364754/original/0e072615-23bf-4acd-8857-c290fc1fae9c.jpeg,failed_timeout_or_error,,,0,0,0,,,"HTTPSConnectionPool(host='a0.muscache.com', port=443): Read timed out."
895837214785840282,https://a0.muscache.com/pictures/f1773ef9-178d-4783-998d-5f7ba0ad799f.jpg,failed_timeout_or_error,,,0,0,0,,,"HTTPSConnectionPool(host='a0.muscache.com', port=443): Read timed out."
902039232279530268,https://a0.muscache.com/pictures/miso/Hosting-902039232279530268/original/35ed92ba-015d-4a46-aff0-0370e574ad00.jpeg,failed_timeout_or_error,,,0,0,0,,,"HTTPSConnectionPool(host='a0.muscache.com', port=443): Read timed out."
912519329404994614,https://a0.muscache.com/pictures/miso/Hosting-912519329404994614/original/dfc94835-efc0-460b-863a-0769e2087901.jpeg,failed_timeout_or_error,,,0,0,0,,,"HTTPSConnectionPool(host='a0.muscache.com', port=443): Read timed out."
902043056459773980,https://a0.muscache.com/pictures/miso/Hosting-902043056459773980/original/0036d991-0f2f-44b8-9800-114f72249801.jpeg,failed_timeout_or_error,,,0,0,0,,,"HTTPSConnectionPool(host='a0.muscache.com', port=443): Read timed out."
892744973488950593,https://a0.muscache.com/pictures/miso/Hosting-892744973488950593/original/b6c2700a-9551-4141-a549-e1b1d982609d.jpeg,failed_timeout_or_error,,,0,0,0,,,"HTTPSConnectionPool(host='a0.muscache.com', port=443): Read timed out."
892707629310422246,https://a0.muscache.com/pictures/prohost-api/Hosting-892707629310422246/original/bfcf8fee-0a3d-49c3-8c54-bcd50582e782.jpeg,failed_timeout_or_error,,,0,0,0,,,"HTTPSConnectionPool(host='a0.muscache.com', port=443): Read timed out."
907246055069667619,https://a0.muscache.com/pictures/miso/Hosting-907246055069667619/original/3c93993a-031b-4825-bb2d-d5715179e57d.jpeg,failed_timeout_or_error,,,0,0,0,,,"HTTPSConnectionPool(host='a0.muscache.com', port=443): Read timed out."
912556709616696491,https://a0.muscache.com/pictures/miso/Hosting-912556709616696491/original/a1ecd6eb-e050-49bb-ba39-466511ee4df0.jpeg,failed_timeout_or_error,,,0,0,0,,,"HTTPSConnectionPool(host='a0.muscache.com', port=443): Read timed out."
915084960312092772,https://a0.muscache.com/pictures/miso/Hosting-915084960312092772/original/635f198e-0fd6-44af-8414-d1d55c1fddb1.jpeg,failed_timeout_or_error,,,0,0,0,,,"HTTPSConnectionPool(host='a0.muscache.com', port=443): Max retries exceeded with url: /pictures/miso/Hosting-915084960312092772/original/635f198e-0fd6-44af-8414-d1d55c1fddb1.jpeg (Caused by ReadTimeoutError(""HTTPSConnectionPool(host='a0.muscache.com', port=443): Read timed out. (read timeout=4.0)""))"
900105062585449125,https://a0.muscache.com/pictures/miso/Hosting-900105062585449125/original/db5830ba-4b40-4da3-a5b2-670a6cdbcfd0.jpeg,failed_timeout_or_error,,,0,0,0,,,"HTTPSConnectionPool(host='a0.muscache.com', port=443): Read timed out."
925281327366164699,https://a0.muscache.com/pictures/prohost-api/Hosting-925281327366164699/original/265eea62-1285-4c5a-bae3-bd09fddc6a7a.jpeg,failed_http_404,404.0,,0,0,0,,,HTTP 404
926832854595626519,https://a0.muscache.com/pictures/miso/Hosting-926832854595626519/original/7cb5deb6-1147-4bcc-a87f-31830b032bd9.jpeg,failed_http_404,404.0,,0,0,0,,,HTTP 404
925968228721793207,https://a0.muscache.com/pictures/prohost-api/Hosting-925968228721793207/original/8759b0d0-2445-496a-874b-0b206ead5251.jpeg,failed_http_404,404.0,,0,0,0,,,HTTP 404
933834867254845799,https://a0.muscache.com/pictures/prohost-api/Hosting-933834867254845799/original/c13aebad-5f61-4bcd-ad71-eaafd5c6a2e0.png,failed_http_404,404.0,,0,0,0,,,HTTP 404
916890386805703130,https://a0.muscache.com/pictures/miso/Hosting-916890386805703130/original/18b40d28-a9bf-4562-bf8a-b29e9244ff54.jpeg,success,200.0,c:\Prathik\MY DOCUMENTS\Rental_price_prediction\datasets\multimodal_v3\images\916890386805703130.jpg,116624,640,480,RGB,f06857cf14282a0d1f4cdc124c30b858,
931228431205741838,https://a0.muscache.com/pictures/miso/Hosting-931228431205741838/original/08e1fc0c-5c7c-4f21-aa10-59843d6e9b28.jpeg,success,200.0,c:\Prathik\MY DOCUMENTS\Rental_price_prediction\datasets\multimodal_v3\images\931228431205741838.jpg,190586,1024,681,RGB,d114babaf2d3b1570509508872f64c49,
920157313941291970,https://a0.muscache.com/pictures/9214c1eb-62f7-468e-8527-3f21b5198e73.jpg,success,200.0,c:\Prathik\MY DOCUMENTS\Rental_price_prediction\datasets\multimodal_v3\images\920157313941291970.jpg,752215,4032,3024,RGB,79e498f0e4b23ae059399ce902d9d091,
934236001272003289,https://a0.muscache.com/pictures/prohost-api/Hosting-934236001272003289/original/604d3eb9-a759-4627-8afa-4e9f03ec25b7.jpeg,failed_http_404,404.0,,0,0,0,,,HTTP 404
929228082299378218,https://a0.muscache.com/pictures/miso/Hosting-929228082299378218/original/84757f94-dab2-4d3f-b5e0-48a566243f19.jpeg,success,200.0,c:\Prathik\MY DOCUMENTS\Rental_price_prediction\datasets\multimodal_v3\images\929228082299378218.jpg,499381,2048,1365,RGB,94d67044ea5df6edb58184598f572cfa,
934275202717613061,https://a0.muscache.com/pictures/miso/Hosting-934275202717613061/original/9bf01ac1-0597-4efe-9f45-5ddde66b808d.jpeg,success,200.0,c:\Prathik\MY DOCUMENTS\Rental_price_prediction\datasets\multimodal_v3\images\934275202717613061.jpg,320684,2048,1365,RGB,9e4eae00f8a10f7a3ea1958f383d2c00,
934254553856369722,https://a0.muscache.com/pictures/prohost-api/Hosting-934254553856369722/original/df77c57d-448f-45d9-b368-9e929660d7af.jpeg,success,200.0,c:\Prathik\MY DOCUMENTS\Rental_price_prediction\datasets\multimodal_v3\images\934254553856369722.jpg,1713517,3923,2456,RGB,6836cf879dfee4ae57ee835e66060f46,
913639609236218890,https://a0.muscache.com/pictures/miso/Hosting-913639609236218890/original/cb3aaa9e-aaa6-411c-a33b-a91f406a3509.jpeg,success,200.0,c:\Prathik\MY DOCUMENTS\Rental_price_prediction\datasets\multimodal_v3\images\913639609236218890.jpg,706858,2048,1365,RGB,6e7ec6e11c9837d71671b8d4c10a2737,
896899207791125247,https://a0.muscache.com/pictures/dee0321c-20ac-4514-b1d1-568828a0b8d9.jpg,success,200.0,c:\Prathik\MY DOCUMENTS\Rental_price_prediction\datasets\multimodal_v3\images\896899207791125247.jpg,2318410,4032,3024,RGB,0f21f03668feb53c7b615204e55ca4ad,
937765096957535160,https://a0.muscache.com/pictures/21265699-1d44-4343-b3c3-47e67c04f826.jpg,success,200.0,c:\Prathik\MY DOCUMENTS\Rental_price_prediction\datasets\multimodal_v3\images\937765096957535160.jpg,700396,3749,2437,RGB,99956be09369c8a48fd1dd1aeed96ff4,
921849366931019999,https://a0.muscache.com/pictures/miso/Hosting-921849366931019999/original/306b1ebc-eb8d-49d4-97db-c1ad9a0f718d.jpeg,failed_timeout_or_error,,,0,0,0,,,"HTTPSConnectionPool(host='a0.muscache.com', port=443): Read timed out."
900137614649229914,https://a0.muscache.com/pictures/miso/Hosting-900137614649229914/original/315d0e73-e84a-40f9-acba-e8cdfa8b62a9.jpeg,failed_timeout_or_error,,,0,0,0,,,The operation did not complete (read) (_ssl.c:2559)
941362749329597296,https://a0.muscache.com/pictures/hosting/Hosting-941362749329597296/original/05d93084-f540-43ae-bd7a-b33352d88da8.jpeg,failed_http_404,404.0,,0,0,0,,,HTTP 404
942059132905756376,https://a0.muscache.com/pictures/miso/Hosting-942059132905756376/original/b64214f4-d66e-4769-9eac-8a321d8fdc57.jpeg,success,200.0,c:\Prathik\MY DOCUMENTS\Rental_price_prediction\datasets\multimodal_v3\images\942059132905756376.jpg,231494,1200,800,RGB,97844cc839287d148c657e3799630429,
940440797741865839,https://a0.muscache.com/pictures/miso/Hosting-940440797741865839/original/58fc7558-4da6-4709-ba08-06e510ac13ff.jpeg,success,200.0,c:\Prathik\MY DOCUMENTS\Rental_price_prediction\datasets\multimodal_v3\images\940440797741865839.jpg,149979,1125,740,RGB,f411386976d784dbe76c483fd1be8c1b,
942757778590638140,https://a0.muscache.com/pictures/miso/Hosting-942757778590638140/original/f165e539-fcbe-4530-9574-5e22c3ca8337.jpeg,failed_http_404,404.0,,0,0,0,,,HTTP 404
941986228114776472,https://a0.muscache.com/pictures/miso/Hosting-941986228114776472/original/be46e692-035c-4122-b23c-def9dd5745fe.jpeg,success,200.0,c:\Prathik\MY DOCUMENTS\Rental_price_prediction\datasets\multimodal_v3\images\941986228114776472.jpg,491710,1440,960,RGB,5e3087d575c908552bced52dbdbb3c25,
942157457050611710,https://a0.muscache.com/pictures/miso/Hosting-942157457050611710/original/881e148e-08bd-44d7-9ab4-ade972dcd2b2.jpeg,success,200.0,c:\Prathik\MY DOCUMENTS\Rental_price_prediction\datasets\multimodal_v3\images\942157457050611710.jpg,427175,2048,1365,RGB,351b9243410d17a73242acc735badaa0,
934254685608009725,https://a0.muscache.com/pictures/prohost-api/Hosting-934254685608009725/original/ab80319b-414f-436b-bc3a-2c2c9032d987.jpeg,success,200.0,c:\Prathik\MY DOCUMENTS\Rental_price_prediction\datasets\multimodal_v3\images\934254685608009725.jpg,1713517,3923,2456,RGB,6836cf879dfee4ae57ee835e66060f46,
943578343906663323,https://a0.muscache.com/pictures/miso/Hosting-943578343906663323/original/4b889b66-c206-4bfd-9a67-9bb8308110b8.jpeg,success,200.0,c:\Prathik\MY DOCUMENTS\Rental_price_prediction\datasets\multimodal_v3\images\943578343906663323.jpg,292326,960,720,RGB,94e95ef30ccaabf82bf6da266a402d43,
897161803755787752,https://a0.muscache.com/pictures/prohost-api/Hosting-897161803755787752/original/2099cfd2-6f45-4bab-9054-7a7e6ef6fc79.jpeg,failed_timeout_or_error,,,0,0,0,,,"HTTPSConnectionPool(host='a0.muscache.com', port=443): Read timed out."
910236251610012703,https://a0.muscache.com/pictures/miso/Hosting-910236251610012703/original/829505c3-aef9-443b-af7e-cb582d5b2604.jpeg,failed_timeout_or_error,,,0,0,0,,,"HTTPSConnectionPool(host='a0.muscache.com', port=443): Read timed out."
915365547791555861,https://a0.muscache.com/pictures/miso/Hosting-915365547791555861/original/ed01f678-cedf-40aa-9b8a-d4229c954984.jpeg,failed_timeout_or_error,,,0,0,0,,,"HTTPSConnectionPool(host='a0.muscache.com', port=443): Read timed out."
942839218482237117,https://a0.muscache.com/pictures/miso/Hosting-942839218482237117/original/9ece3a6e-68e5-40e9-85a4-05d589476d6b.jpeg,failed_timeout_or_error,,,0,0,0,,,"HTTPSConnectionPool(host='a0.muscache.com', port=443): Read timed out."
944339687971561205,https://a0.muscache.com/pictures/miso/Hosting-944339687971561205/original/04ad72be-5ef7-4f42-b7c5-d8c193e7b148.jpeg,failed_http_404,404.0,,0,0,0,,,HTTP 404
945632598248985674,https://a0.muscache.com/pictures/miso/Hosting-945632598248985674/original/ed703dd6-a182-4550-be27-9f7708334795.jpeg,failed_http_404,404.0,,0,0,0,,,HTTP 404
945593472202424241,https://a0.muscache.com/pictures/prohost-api/Hosting-945593472202424241/original/f6ed13eb-6c19-447d-b187-3d1d03888464.jpeg,failed_http_404,404.0,,0,0,0,,,HTTP 404
949142116052615875,https://a0.muscache.com/pictures/prohost-api/Hosting-949142116052615875/original/3b1a51e6-57ec-4036-a4a8-b861a75ad923.jpeg,success,200.0,c:\Prathik\MY DOCUMENTS\Rental_price_prediction\datasets\multimodal_v3\images\949142116052615875.jpg,167375,911,683,RGB,3f79116e52910fe9258f5fdec6ca4f4a,
945648970226298157,https://a0.muscache.com/pictures/869fd47e-059c-4793-9c5c-5dd25ecc83a2.jpg,success,200.0,c:\Prathik\MY DOCUMENTS\Rental_price_prediction\datasets\multimodal_v3\images\945648970226298157.jpg,891392,4032,2688,RGB,ac96ae1ef68234ff830adb55e26db765,
947886864973950635,https://a0.muscache.com/pictures/8042b84a-7adb-4147-9324-4862eaf14abf.jpg,success,200.0,c:\Prathik\MY DOCUMENTS\Rental_price_prediction\datasets\multimodal_v3\images\947886864973950635.jpg,1097043,4032,3024,RGB,dc22475fa3035ad4603643cba3f37e17,
949958386396884561,https://a0.muscache.com/pictures/miso/Hosting-949958386396884561/original/f3fd5f2e-8c2f-4f88-828d-84b4f6ce4f26.jpeg,success,200.0,c:\Prathik\MY DOCUMENTS\Rental_price_prediction\datasets\multimodal_v3\images\949958386396884561.jpg,70926,640,480,RGB,6ee27e8f07bc2874d60e56820067f965,
920404826869152671,https://a0.muscache.com/pictures/prohost-api/Hosting-920404826869152671/original/3f07eaf5-b050-4094-a8c2-acafb4b81199.jpeg,failed_timeout_or_error,,,0,0,0,,,"HTTPSConnectionPool(host='a0.muscache.com', port=443): Read timed out."
909430637865426557,https://a0.muscache.com/pictures/prohost-api/Hosting-909430637865426557/original/252b483c-2613-48d3-83ce-ed72666eab9f.jpeg,failed_timeout_or_error,,,0,0,0,,,"HTTPSConnectionPool(host='a0.muscache.com', port=443): Read timed out."
949160817922917345,https://a0.muscache.com/pictures/miso/Hosting-949160817922917345/original/ad3b7a35-c921-4dcd-83d8-5c8cc7d4b284.png,success,200.0,c:\Prathik\MY DOCUMENTS\Rental_price_prediction\datasets\multimodal_v3\images\949160817922917345.jpg,90925,828,619,RGB,23b8bbbef814c626e847a0d4a06f44d8,
910246575940347861,https://a0.muscache.com/pictures/miso/Hosting-910246575940347861/original/2198cf86-8362-404f-a1d0-82bff30b81d6.jpeg,failed_timeout_or_error,,,0,0,0,,,"HTTPSConnectionPool(host='a0.muscache.com', port=443): Read timed out."
939852912388913682,https://a0.muscache.com/pictures/miso/Hosting-939852912388913682/original/75f7b9fe-ad37-40c9-94cb-2a34da263cc4.jpeg,failed_timeout_or_error,,,0,0,0,,,"HTTPSConnectionPool(host='a0.muscache.com', port=443): Read timed out."
905154358245611560,https://a0.muscache.com/pictures/prohost-api/Hosting-905154358245611560/original/9b21f827-9b08-4929-bab3-b44fde3496e0.jpeg,failed_timeout_or_error,,,0,0,0,,,"HTTPSConnectionPool(host='a0.muscache.com', port=443): Read timed out."
914485386467874668,https://a0.muscache.com/pictures/miso/Hosting-914485386467874668/original/9c77addf-ae39-4e9c-b2d9-ac20e4bcaa5e.jpeg,failed_timeout_or_error,,,0,0,0,,,"HTTPSConnectionPool(host='a0.muscache.com', port=443): Read timed out."
920404877481860676,https://a0.muscache.com/pictures/prohost-api/Hosting-920404877481860676/original/c0629ed1-af30-40c9-ab65-08ed2bfcdf52.jpeg,failed_timeout_or_error,,,0,0,0,,,"HTTPSConnectionPool(host='a0.muscache.com', port=443): Read timed out."
919001786154332854,https://a0.muscache.com/pictures/airflow/Hosting-919001786154332854/original/98229ecd-c724-4d77-8efd-c689efd7e1c7.jpg,failed_timeout_or_error,,,0,0,0,,,"HTTPSConnectionPool(host='a0.muscache.com', port=443): Read timed out."
919679227749204195,https://a0.muscache.com/pictures/miso/Hosting-919679227749204195/original/9bd255c7-8500-4b54-9460-ff2cda5b5f91.jpeg,failed_timeout_or_error,,,0,0,0,,,"HTTPSConnectionPool(host='a0.muscache.com', port=443): Read timed out."
937635084114386852,https://a0.muscache.com/pictures/miso/Hosting-937635084114386852/original/db074b26-5266-465d-87a3-03a6bfa4246d.jpeg,failed_timeout_or_error,,,0,0,0,,,"HTTPSConnectionPool(host='a0.muscache.com', port=443): Read timed out."
920404797652866756,https://a0.muscache.com/pictures/prohost-api/Hosting-920404797652866756/original/14299678-c73a-42ae-b63c-8573e7e1ffa1.jpeg,failed_timeout_or_error,,,0,0,0,,,"HTTPSConnectionPool(host='a0.muscache.com', port=443): Read timed out."
925223043414842459,https://a0.muscache.com/pictures/prohost-api/Hosting-925223043414842459/original/1fe3f7b8-7b3f-4a74-9d3e-fdb7e6d35130.png,failed_timeout_or_error,,,0,0,0,,,"HTTPSConnectionPool(host='a0.muscache.com', port=443): Read timed out."
934235976511164442,https://a0.muscache.com/pictures/prohost-api/Hosting-934235976511164442/original/1b397375-5b58-4b47-958a-86200e0960f4.jpeg,failed_timeout_or_error,,,0,0,0,,,"HTTPSConnectionPool(host='a0.muscache.com', port=443): Read timed out."
921731934713652513,https://a0.muscache.com/pictures/miso/Hosting-921731934713652513/original/a8ccf43a-23a0-47a6-9c53-38b6f8005ae6.jpeg,failed_timeout_or_error,,,0,0,0,,,"HTTPSConnectionPool(host='a0.muscache.com', port=443): Read timed out."
950016635621275606,https://a0.muscache.com/pictures/miso/Hosting-950016635621275606/original/61952bd4-0f34-46a0-b41f-7f094ab83dda.jpeg,success,200.0,c:\Prathik\MY DOCUMENTS\Rental_price_prediction\datasets\multimodal_v3\images\950016635621275606.jpg,677809,2048,1365,RGB,ce4a4f034c64c3db7fa1b708271d50ac,
946245466416766945,https://a0.muscache.com/pictures/miso/Hosting-946245466416766945/original/679b3e48-bfb1-4dce-93cb-6e183896783f.png,failed_timeout_or_error,,,0,0,0,,,"HTTPSConnectionPool(host='a0.muscache.com', port=443): Read timed out."
905154408774749090,https://a0.muscache.com/pictures/prohost-api/Hosting-905154408774749090/original/0687fd9a-a872-445b-a88a-0ed0f893a601.jpeg,failed_timeout_or_error,,,0,0,0,,,"HTTPSConnectionPool(host='a0.muscache.com', port=443): Read timed out."
955272334235306587,https://a0.muscache.com/pictures/38d0266d-fe47-4db1-977e-1d95b569d1e2.jpg,failed_timeout_or_error,,,0,0,0,,,"HTTPSConnectionPool(host='a0.muscache.com', port=443): Max retries exceeded with url: /pictures/38d0266d-fe47-4db1-977e-1d95b569d1e2.jpg (Caused by ReadTimeoutError(""HTTPSConnectionPool(host='a0.muscache.com', port=443): Read timed out. (read timeout=4.0)""))"
914459090622383604,https://a0.muscache.com/pictures/miso/Hosting-914459090622383604/original/9e4a0507-8369-426c-88b4-8a322d03dfd6.jpeg,failed_timeout_or_error,,,0,0,0,,,"HTTPSConnectionPool(host='a0.muscache.com', port=443): Read timed out."
913558500955052687,https://a0.muscache.com/pictures/miso/Hosting-913558500955052687/original/a8b384c7-d664-4a08-b6c4-bfa30d734084.jpeg,failed_timeout_or_error,,,0,0,0,,,"HTTPSConnectionPool(host='a0.muscache.com', port=443): Read timed out."
916716228670191811,https://a0.muscache.com/pictures/miso/Hosting-916716228670191811/original/153474d2-9571-47db-a5b6-4740b0a1bffd.jpeg,failed_timeout_or_error,,,0,0,0,,,"HTTPSConnectionPool(host='a0.muscache.com', port=443): Read timed out."
917403805499746391,https://a0.muscache.com/pictures/miso/Hosting-917403805499746391/original/324cf234-2ef4-4f49-b624-455d2175433e.jpeg,failed_timeout_or_error,,,0,0,0,,,"HTTPSConnectionPool(host='a0.muscache.com', port=443): Read timed out."
944099436117551075,https://a0.muscache.com/pictures/miso/Hosting-944099436117551075/original/a6e17288-5290-47ae-934e-9ed1e5152d62.jpeg,failed_timeout_or_error,,,0,0,0,,,"HTTPSConnectionPool(host='a0.muscache.com', port=443): Read timed out."
908883275096331436,https://a0.muscache.com/pictures/miso/Hosting-908883275096331436/original/fbf928d2-fecf-4949-b7d4-ad6066b661b8.jpeg,failed_timeout_or_error,,,0,0,0,,,"HTTPSConnectionPool(host='a0.muscache.com', port=443): Read timed out."
943254648335275963,https://a0.muscache.com/pictures/miso/Hosting-829809639717124427/original/85cc0270-8e73-466f-ab8d-d462e253b576.jpeg,failed_timeout_or_error,,,0,0,0,,,"HTTPSConnectionPool(host='a0.muscache.com', port=443): Read timed out."
934256042476670989,https://a0.muscache.com/pictures/prohost-api/Hosting-934256042476670989/original/ea85bb41-8baf-4ecb-b42e-bcdc3c0a6e05.jpeg,failed_timeout_or_error,,,0,0,0,,,"HTTPSConnectionPool(host='a0.muscache.com', port=443): Read timed out."
897714614763558618,https://a0.muscache.com/pictures/miso/Hosting-897714614763558618/original/25f059a5-731e-4c77-b279-dfdd39264383.jpeg,failed_timeout_or_error,,,0,0,0,,,"HTTPSConnectionPool(host='a0.muscache.com', port=443): Read timed out."
905154333114072297,https://a0.muscache.com/pictures/prohost-api/Hosting-905154333114072297/original/b3f97060-eccf-4219-ae71-721267364561.jpeg,failed_timeout_or_error,,,0,0,0,,,"HTTPSConnectionPool(host='a0.muscache.com', port=443): Read timed out."
963058466309364460,https://a0.muscache.com/pictures/prohost-api/Hosting-963058466309364460/original/e1d28a6f-2256-4450-92a6-d92d6909dfc7.jpeg,failed_http_404,404.0,,0,0,0,,,HTTP 404
950041853346200508,https://a0.muscache.com/pictures/miso/Hosting-950041853346200508/original/51112891-06aa-4fd0-8750-baefbb77a823.png,success,200.0,c:\Prathik\MY DOCUMENTS\Rental_price_prediction\datasets\multimodal_v3\images\950041853346200508.jpg,137039,810,609,RGB,a7aa975c4a3b204889a92a7d28c57bce,
959431087080377518,https://a0.muscache.com/pictures/miso/Hosting-959431087080377518/original/739b9a8b-8a28-4e73-8721-15a7ecfc0a7b.jpeg,success,200.0,c:\Prathik\MY DOCUMENTS\Rental_price_prediction\datasets\multimodal_v3\images\959431087080377518.jpg,134518,1024,683,RGB,063d7f867bd06546728b83181e2d5b06,
974732770048344636,https://a0.muscache.com/pictures/prohost-api/Hosting-974732770048344636/original/3392b1e8-3c36-433a-bfc6-cda441f00384.jpeg,failed_http_404,404.0,,0,0,0,,,HTTP 404
963721505306368285,https://a0.muscache.com/pictures/prohost-api/Hosting-963721505306368285/original/e2b98da4-d843-48c8-874d-c49d7176cd97.jpeg,success,200.0,c:\Prathik\MY DOCUMENTS\Rental_price_prediction\datasets\multimodal_v3\images\963721505306368285.jpg,326430,1280,853,RGB,512a770bd707366993f5f938dea913d1,
966666297101138788,https://a0.muscache.com/pictures/hosting/Hosting-966666297101138788/original/7a637a6f-3f24-4f2c-b4ed-8e319787378b.jpeg,failed_timeout_or_error,,,0,0,0,,,"HTTPSConnectionPool(host='a0.muscache.com', port=443): Max retries exceeded with url: /pictures/hosting/Hosting-966666297101138788/original/7a637a6f-3f24-4f2c-b4ed-8e319787378b.jpeg (Caused by ReadTimeoutError(""HTTPSConnectionPool(host='a0.muscache.com', port=443): Read timed out. (read timeout=4.0)""))"
918907030463472865,https://a0.muscache.com/pictures/miso/Hosting-918907030463472865/original/55febea9-8163-40bf-8daa-470a5a5c01fc.jpeg,failed_timeout_or_error,,,0,0,0,,,"HTTPSConnectionPool(host='a0.muscache.com', port=443): Read timed out."
941181143521798221,https://a0.muscache.com/pictures/miso/Hosting-941181143521798221/original/155149db-b1c7-4916-9d17-d630bdb24a7c.jpeg,failed_timeout_or_error,,,0,0,0,,,"HTTPSConnectionPool(host='a0.muscache.com', port=443): Read timed out."
962421606426356360,https://a0.muscache.com/pictures/11ee9e43-0d51-4381-bdfb-784bf2ebc2bc.jpg,success,200.0,c:\Prathik\MY DOCUMENTS\Rental_price_prediction\datasets\multimodal_v3\images\962421606426356360.jpg,302346,2000,1500,RGB,d129678dc1eb0deea45866cf2a11b948,
967615701891020277,https://a0.muscache.com/pictures/4d0f2a27-4a48-4e27-8b39-40c326105f97.jpg,failed_timeout_or_error,,,0,0,0,,,"HTTPSConnectionPool(host='a0.muscache.com', port=443): Read timed out."
968770924518536928,https://a0.muscache.com/pictures/miso/Hosting-968770924518536928/original/811d1fa7-6940-4462-8c4e-f6ed94ee163c.jpeg,failed_timeout_or_error,,,0,0,0,,,"HTTPSConnectionPool(host='a0.muscache.com', port=443): Read timed out."
970168506820404750,https://a0.muscache.com/pictures/prohost-api/Hosting-970168506820404750/original/bb38f6e4-af21-4d1a-a123-bbab70dd6481.jpeg,failed_timeout_or_error,,,0,0,0,,,"HTTPSConnectionPool(host='a0.muscache.com', port=443): Read timed out."
968019910571732803,https://a0.muscache.com/pictures/hosting/Hosting-968019910571732803/original/902b8382-af3d-49de-8f80-bb138a056f5d.jpeg,failed_timeout_or_error,,,0,0,0,,,"HTTPSConnectionPool(host='a0.muscache.com', port=443): Read timed out."
974633354076328901,https://a0.muscache.com/pictures/miso/Hosting-974633354076328901/original/adc963fa-7b31-455a-94d0-6bfa034b5a1a.jpeg,failed_timeout_or_error,,,0,0,0,,,"HTTPSConnectionPool(host='a0.muscache.com', port=443): Max retries exceeded with url: /pictures/miso/Hosting-974633354076328901/original/adc963fa-7b31-455a-94d0-6bfa034b5a1a.jpeg (Caused by ConnectTimeoutError(<urllib3.connection.HTTPSConnection object at 0x00000232C4612CF0>, 'Connection to a0.muscache.com timed out. (connect timeout=4.0)'))"
975211414909665659,https://a0.muscache.com/pictures/815737e0-806e-43b1-9077-334347b5b59a.jpg,failed_timeout_or_error,,,0,0,0,,,"HTTPSConnectionPool(host='a0.muscache.com', port=443): Max retries exceeded with url: /pictures/815737e0-806e-43b1-9077-334347b5b59a.jpg (Caused by ConnectTimeoutError(<urllib3.connection.HTTPSConnection object at 0x00000232C4612450>, 'Connection to a0.muscache.com timed out. (connect timeout=4.0)'))"
974702983897728033,https://a0.muscache.com/pictures/prohost-api/Hosting-974702983897728033/original/1c6c7c1f-5397-4cff-beb1-b0747e5c411d.jpeg,failed_timeout_or_error,,,0,0,0,,,"HTTPSConnectionPool(host='a0.muscache.com', port=443): Max retries exceeded with url: /pictures/prohost-api/Hosting-974702983897728033/original/1c6c7c1f-5397-4cff-beb1-b0747e5c411d.jpeg (Caused by ConnectTimeoutError(<urllib3.connection.HTTPSConnection object at 0x00000232C4610950>, 'Connection to a0.muscache.com timed out. (connect timeout=4.0)'))"
973321525115852267,https://a0.muscache.com/pictures/hosting/Hosting-973321525115852267/original/c364a572-8dee-4aaf-a35c-688766c4b016.jpeg,failed_timeout_or_error,,,0,0,0,,,"HTTPSConnectionPool(host='a0.muscache.com', port=443): Max retries exceeded with url: /pictures/hosting/Hosting-973321525115852267/original/c364a572-8dee-4aaf-a35c-688766c4b016.jpeg (Caused by ConnectTimeoutError(<urllib3.connection.HTTPSConnection object at 0x00000232C4611A90>, 'Connection to a0.muscache.com timed out. (connect timeout=4.0)'))"
974302574899708640,https://a0.muscache.com/pictures/miso/Hosting-974302574899708640/original/17848a44-5e84-4fe4-9e79-f19657f3e22b.jpeg,failed_timeout_or_error,,,0,0,0,,,"HTTPSConnectionPool(host='a0.muscache.com', port=443): Max retries exceeded with url: /pictures/miso/Hosting-974302574899708640/original/17848a44-5e84-4fe4-9e79-f19657f3e22b.jpeg (Caused by ConnectTimeoutError(<urllib3.connection.HTTPSConnection object at 0x00000232C4610BC0>, 'Connection to a0.muscache.com timed out. (connect timeout=4.0)'))"
977519015726399290,https://a0.muscache.com/pictures/miso/Hosting-977519015726399290/original/9d70c1e7-01c6-484a-a5c0-ba6b8ac5305d.jpeg,failed_timeout_or_error,,,0,0,0,,,"HTTPSConnectionPool(host='a0.muscache.com', port=443): Max retries exceeded with url: /pictures/miso/Hosting-977519015726399290/original/9d70c1e7-01c6-484a-a5c0-ba6b8ac5305d.jpeg (Caused by ConnectTimeoutError(<urllib3.connection.HTTPSConnection object at 0x00000232C45E3C20>, 'Connection to a0.muscache.com timed out. (connect timeout=4.0)'))"
973945946707624089,https://a0.muscache.com/pictures/miso/Hosting-973945946707624089/original/8972072b-948c-4eb8-8a29-2152e34480f7.jpeg,failed_timeout_or_error,,,0,0,0,,,"HTTPSConnectionPool(host='a0.muscache.com', port=443): Max retries exceeded with url: /pictures/miso/Hosting-973945946707624089/original/8972072b-948c-4eb8-8a29-2152e34480f7.jpeg (Caused by ConnectTimeoutError(<urllib3.connection.HTTPSConnection object at 0x00000232C4612210>, 'Connection to a0.muscache.com timed out. (connect timeout=4.0)'))"
975271192219936936,https://a0.muscache.com/pictures/prohost-api/Hosting-975271192219936936/original/099ab64d-3cee-4b4d-bc07-2c16e690a133.jpeg,failed_timeout_or_error,,,0,0,0,,,"HTTPSConnectionPool(host='a0.muscache.com', port=443): Max retries exceeded with url: /pictures/prohost-api/Hosting-975271192219936936/original/099ab64d-3cee-4b4d-bc07-2c16e690a133.jpeg (Caused by ConnectTimeoutError(<urllib3.connection.HTTPSConnection object at 0x00000232C45E3E60>, 'Connection to a0.muscache.com timed out. (connect timeout=4.0)'))"
974702927031905040,https://a0.muscache.com/pictures/prohost-api/Hosting-974702927031905040/original/228cc95a-73cf-4e81-b39d-584ba6dded4a.jpeg,failed_timeout_or_error,,,0,0,0,,,"HTTPSConnectionPool(host='a0.muscache.com', port=443): Max retries exceeded with url: /pictures/prohost-api/Hosting-974702927031905040/original/228cc95a-73cf-4e81-b39d-584ba6dded4a.jpeg (Caused by ConnectTimeoutError(<urllib3.connection.HTTPSConnection object at 0x00000232C46105C0>, 'Connection to a0.muscache.com timed out. (connect timeout=4.0)'))"
974142170166439131,https://a0.muscache.com/pictures/miso/Hosting-974142170166439131/original/91f710ce-bca0-4592-80ab-bb9aa2df0ec4.jpeg,failed_timeout_or_error,,,0,0,0,,,"HTTPSConnectionPool(host='a0.muscache.com', port=443): Max retries exceeded with url: /pictures/miso/Hosting-974142170166439131/original/91f710ce-bca0-4592-80ab-bb9aa2df0ec4.jpeg (Caused by ConnectTimeoutError(<urllib3.connection.HTTPSConnection object at 0x00000232C46119A0>, 'Connection to a0.muscache.com timed out. (connect timeout=4.0)'))"
975267360115953090,https://a0.muscache.com/pictures/prohost-api/Hosting-975267360115953090/original/8a58f21e-552e-44eb-b33d-d5fc9568de5c.jpeg,failed_timeout_or_error,,,0,0,0,,,"HTTPSConnectionPool(host='a0.muscache.com', port=443): Max retries exceeded with url: /pictures/prohost-api/Hosting-975267360115953090/original/8a58f21e-552e-44eb-b33d-d5fc9568de5c.jpeg (Caused by ConnectTimeoutError(<urllib3.connection.HTTPSConnection object at 0x00000232C46106E0>, 'Connection to a0.muscache.com timed out. (connect timeout=4.0)'))"
974639965200999024,https://a0.muscache.com/pictures/hosting/Hosting-U3RheVN1cHBseUxpc3Rpbmc6OTc0NjM5OTY1MjAwOTk5MDI0/original/8a7781b5-2e86-4670-badf-0ed4a43ef1c5.jpeg,failed_timeout_or_error,,,0,0,0,,,"HTTPSConnectionPool(host='a0.muscache.com', port=443): Max retries exceeded with url: /pictures/hosting/Hosting-U3RheVN1cHBseUxpc3Rpbmc6OTc0NjM5OTY1MjAwOTk5MDI0/original/8a7781b5-2e86-4670-badf-0ed4a43ef1c5.jpeg (Caused by ConnectTimeoutError(<urllib3.connection.HTTPSConnection object at 0x00000232C46128D0>, 'Connection to a0.muscache.com timed out. (connect timeout=4.0)'))"
964576233970271176,https://a0.muscache.com/pictures/miso/Hosting-964576233970271176/original/5a0037cc-5a42-4cd6-9a24-b944e7e0e40f.jpeg,failed_timeout_or_error,,,0,0,0,,,"HTTPSConnectionPool(host='a0.muscache.com', port=443): Read timed out."
973228266529164041,https://a0.muscache.com/pictures/miso/Hosting-973228266529164041/original/37ceca13-c8a5-43f3-befe-509c1294d5d6.jpeg,failed_timeout_or_error,,,0,0,0,,,"HTTPSConnectionPool(host='a0.muscache.com', port=443): Read timed out."
978973990911199880,https://a0.muscache.com/pictures/miso/Hosting-978973990911199880/original/370dc3f1-5b7e-4b80-b3b7-6aa4da3c1db1.jpeg,failed_timeout_or_error,,,0,0,0,,,"HTTPSConnectionPool(host='a0.muscache.com', port=443): Max retries exceeded with url: /pictures/miso/Hosting-978973990911199880/original/370dc3f1-5b7e-4b80-b3b7-6aa4da3c1db1.jpeg (Caused by ConnectTimeoutError(<urllib3.connection.HTTPSConnection object at 0x00000232C45E38F0>, 'Connection to a0.muscache.com timed out. (connect timeout=4.0)'))"
955773692130383763,https://a0.muscache.com/pictures/miso/Hosting-955773692130383763/original/4b79dbab-7bfc-4e58-9064-00aaf043d4ce.jpeg,success,200.0,c:\Prathik\MY DOCUMENTS\Rental_price_prediction\datasets\multimodal_v3\images\955773692130383763.jpg,935270,2048,1362,RGB,5b83d48e4b3ca2f0f362ca1481f04d2a,
988320001377955641,https://a0.muscache.com/pictures/miso/Hosting-988320001377955641/original/4e61724d-afde-4c98-b744-7b81ed1d9fc5.jpeg,failed_http_404,404.0,,0,0,0,,,HTTP 404
988994884451649697,https://a0.muscache.com/pictures/miso/Hosting-988994884451649697/original/914b5054-970b-4428-8f24-ca7000a68566.jpeg,failed_http_404,404.0,,0,0,0,,,HTTP 404
978886552213942803,https://a0.muscache.com/pictures/4e2f8c4e-3dfc-46d3-8928-70be1c3c8c10.jpg,failed_timeout_or_error,,,0,0,0,,,"HTTPSConnectionPool(host='a0.muscache.com', port=443): Max retries exceeded with url: /pictures/4e2f8c4e-3dfc-46d3-8928-70be1c3c8c10.jpg (Caused by ReadTimeoutError(""HTTPSConnectionPool(host='a0.muscache.com', port=443): Read timed out. (read timeout=4.0)""))"
988414333535438539,https://a0.muscache.com/pictures/miso/Hosting-988414333535438539/original/85a1644f-1809-4df3-b598-7955f4a77e76.jpeg,failed_http_404,404.0,,0,0,0,,,HTTP 404
984810272396820466,https://a0.muscache.com/pictures/prohost-api/Hosting-984810272396820466/original/25ecba19-aea2-4a9c-8668-6bffad2c52e4.jpeg,failed_http_404,404.0,,0,0,0,,,HTTP 404
982844657289641009,https://a0.muscache.com/pictures/miso/Hosting-982844657289641009/original/285d1f5b-9f3a-4402-a25d-e3545fff502e.jpeg,failed_timeout_or_error,,,0,0,0,,,"HTTPSConnectionPool(host='a0.muscache.com', port=443): Max retries exceeded with url: /pictures/miso/Hosting-982844657289641009/original/285d1f5b-9f3a-4402-a25d-e3545fff502e.jpeg (Caused by ReadTimeoutError(""HTTPSConnectionPool(host='a0.muscache.com', port=443): Read timed out. (read timeout=4.0)""))"
981163890605149741,https://a0.muscache.com/pictures/prohost-api/Hosting-981163890605149741/original/aad090fe-6d9e-408f-a0c8-cbe50871c3a9.jpeg,failed_timeout_or_error,,,0,0,0,,,"HTTPSConnectionPool(host='a0.muscache.com', port=443): Max retries exceeded with url: /pictures/prohost-api/Hosting-981163890605149741/original/aad090fe-6d9e-408f-a0c8-cbe50871c3a9.jpeg (Caused by ReadTimeoutError(""HTTPSConnectionPool(host='a0.muscache.com', port=443): Read timed out. (read timeout=4.0)""))"
978852999401422461,https://a0.muscache.com/pictures/miso/Hosting-978852999401422461/original/b803ccb3-c63e-428c-bda1-b2e172dc0b3c.jpeg,failed_http_404,404.0,,0,0,0,,,HTTP 404
978965916068667978,https://a0.muscache.com/pictures/miso/Hosting-978965916068667978/original/915c37eb-2f03-4da9-b905-4ff6878e66d9.jpeg,failed_timeout_or_error,,,0,0,0,,,"HTTPSConnectionPool(host='a0.muscache.com', port=443): Max retries exceeded with url: /pictures/miso/Hosting-978965916068667978/original/915c37eb-2f03-4da9-b905-4ff6878e66d9.jpeg (Caused by ReadTimeoutError(""HTTPSConnectionPool(host='a0.muscache.com', port=443): Read timed out. (read timeout=4.0)""))"
983342780207894845,https://a0.muscache.com/pictures/miso/Hosting-983342780207894845/original/ed214531-523b-4e05-81e8-6ed7a95867d6.jpeg,failed_timeout_or_error,,,0,0,0,,,"HTTPSConnectionPool(host='a0.muscache.com', port=443): Max retries exceeded with url: /pictures/miso/Hosting-983342780207894845/original/ed214531-523b-4e05-81e8-6ed7a95867d6.jpeg (Caused by ReadTimeoutError(""HTTPSConnectionPool(host='a0.muscache.com', port=443): Read timed out. (read timeout=4.0)""))"
952876845906063521,https://a0.muscache.com/pictures/bbbf254c-58dd-4665-81fa-c29733ed7f09.jpg,failed_timeout_or_error,,,0,0,0,,,"HTTPSConnectionPool(host='a0.muscache.com', port=443): Read timed out."
993383922351576836,https://a0.muscache.com/pictures/miso/Hosting-993383922351576836/original/b8e18ddb-c8c4-4665-942d-9ab338a9f91d.jpeg,failed_timeout_or_error,,,0,0,0,,,The operation did not complete (read) (_ssl.c:2559)
968006354295930995,https://a0.muscache.com/pictures/prohost-api/Hosting-968006354295930995/original/54b138a6-f397-4e5f-917c-c41d3ef436b1.jpeg,failed_timeout_or_error,,,0,0,0,,,"HTTPSConnectionPool(host='a0.muscache.com', port=443): Read timed out."
985472399990254110,https://a0.muscache.com/pictures/hosting/Hosting-985472399990254110/original/c38abe23-b88b-4de9-b3ac-c36778d2afc5.jpeg,failed_timeout_or_error,,,0,0,0,,,"HTTPSConnectionPool(host='a0.muscache.com', port=443): Read timed out."
982545032402908815,https://a0.muscache.com/pictures/miso/Hosting-981764279640506226/original/fcb971cb-6655-489d-a30d-dad11735eef6.jpeg,failed_timeout_or_error,,,0,0,0,,,"HTTPSConnectionPool(host='a0.muscache.com', port=443): Read timed out."
995088706348537572,https://a0.muscache.com/pictures/hosting/Hosting-995088706348537572/original/580aa21c-0e5b-4125-bdf2-4f4cf6c404bb.jpeg,success,200.0,c:\Prathik\MY DOCUMENTS\Rental_price_prediction\datasets\multimodal_v3\images\995088706348537572.jpg,948792,2000,1500,RGB,501263919d904ac698ad5aec1fe9b7e2,
985733574075227409,https://a0.muscache.com/pictures/9db7de2a-3e0c-41f7-b7fc-864b68a49c61.jpg,failed_http_404,404.0,,0,0,0,,,HTTP 404
998897282822795590,https://a0.muscache.com/pictures/9f8e140b-a31e-4fac-b63b-487f4550ab3f.jpg,failed_http_404,404.0,,0,0,0,,,HTTP 404
995911712178669545,https://a0.muscache.com/pictures/miso/Hosting-995911712178669545/original/97157f9e-2ad2-415d-8efa-0423fffb0381.jpeg,failed_http_404,404.0,,0,0,0,,,HTTP 404
1005201460767370712,https://a0.muscache.com/pictures/miso/Hosting-1005201460767370712/original/35e08799-c67a-4559-99cc-19818a733f0f.jpeg,failed_http_404,404.0,,0,0,0,,,HTTP 404
995250968805613866,https://a0.muscache.com/pictures/b6ed4f17-5fd6-4600-881e-d519c79f9617.jpg,failed_http_404,404.0,,0,0,0,,,HTTP 404
996185947198254167,https://a0.muscache.com/pictures/miso/Hosting-996185947198254167/original/f8424c8d-5e9e-432f-9d68-d30b6d679bf5.jpeg,failed_http_404,404.0,,0,0,0,,,HTTP 404
1010138355922333270,https://a0.muscache.com/pictures/miso/Hosting-1010138355922333270/original/d561a7b8-fcb5-47d6-a047-1b6839771c01.jpeg,failed_http_404,404.0,,0,0,0,,,HTTP 404
1011574313403421518,https://a0.muscache.com/pictures/prohost-api/Hosting-1011574313403421518/original/204f6af3-63f4-493a-80fb-a4d072424900.png,failed_http_404,404.0,,0,0,0,,,HTTP 404
1009690618237475245,https://a0.muscache.com/pictures/miso/Hosting-1009690618237475245/original/6860c348-b804-4624-a157-490265415c72.jpeg,success,200.0,c:\Prathik\MY DOCUMENTS\Rental_price_prediction\datasets\multimodal_v3\images\1009690618237475245.jpg,351877,2048,1365,RGB,c72bb091f63f678730e893f9a103cda2,
962165832798178895,https://a0.muscache.com/pictures/4f9f76c3-79c9-4172-aeb3-79ba5f5d565e.jpg,success,200.0,c:\Prathik\MY DOCUMENTS\Rental_price_prediction\datasets\multimodal_v3\images\962165832798178895.jpg,1849681,3600,2400,RGB,d78060d9101445b23b5f5a6caf6fb7e1,
986200452120333347,https://a0.muscache.com/pictures/cc318769-7584-4714-b203-3e169291bf98.jpg,success,200.0,c:\Prathik\MY DOCUMENTS\Rental_price_prediction\datasets\multimodal_v3\images\986200452120333347.jpg,610297,4032,3024,RGB,1da0761460b492a53dcd0bf4997b6ca6,
1017503562207553626,https://a0.muscache.com/pictures/hosting/Hosting-1017503562207553626/original/8d86c4d3-4364-4277-be46-95247ab74a7a.jpeg,failed_http_404,404.0,,0,0,0,,,HTTP 404
989824435216148231,https://a0.muscache.com/pictures/27a523e3-01f2-43f5-b146-11f4b581be53.jpg,success,200.0,c:\Prathik\MY DOCUMENTS\Rental_price_prediction\datasets\multimodal_v3\images\989824435216148231.jpg,730033,4032,3024,RGB,3d5c16fede7a73647eca0f72d84e3f9e,
999943947740090590,https://a0.muscache.com/pictures/bc1c4425-dfa9-4189-a403-6347f325bd93.jpg,success,200.0,c:\Prathik\MY DOCUMENTS\Rental_price_prediction\datasets\multimodal_v3\images\999943947740090590.jpg,587121,4032,3024,RGB,90485606a94989a2994fcb7f320ff2c0,
1018872416436325829,https://a0.muscache.com/pictures/prohost-api/Hosting-1018872416436325829/original/f2ba36d1-db6c-423b-aef6-b18ccc284b6a.png,failed_http_404,404.0,,0,0,0,,,HTTP 404
948712417630720639,https://a0.muscache.com/pictures/miso/Hosting-948712417630720639/original/4db04d95-8a31-4f53-9951-2483e86ee413.jpeg,failed_timeout_or_error,,,0,0,0,,,The operation did not complete (read) (_ssl.c:2559)
985603215386469690,https://a0.muscache.com/pictures/miso/Hosting-985603215386469690/original/e17af6b2-2dde-485d-ab64-ce25b4957e25.jpeg,failed_timeout_or_error,,,0,0,0,,,"HTTPSConnectionPool(host='a0.muscache.com', port=443): Read timed out."
992721286990282291,https://a0.muscache.com/pictures/hosting/Hosting-992721286990282291/original/29d0afc1-8a11-4275-9c70-8c2bfa4d4de5.jpeg,failed_timeout_or_error,,,0,0,0,,,"HTTPSConnectionPool(host='a0.muscache.com', port=443): Read timed out."
1011539622945987023,https://a0.muscache.com/pictures/3661ce31-986d-4e4d-a89c-2b674e251b0e.jpg,success,200.0,c:\Prathik\MY DOCUMENTS\Rental_price_prediction\datasets\multimodal_v3\images\1011539622945987023.jpg,694237,3899,3024,RGB,3b9eacfcd81cc736c23495f1d8dcb073,
964677706441318207,https://a0.muscache.com/pictures/miso/Hosting-964677706441318207/original/c1a386b4-1b5d-4fd5-a440-53453f8fcb0d.jpeg,failed_timeout_or_error,,,0,0,0,,,"HTTPSConnectionPool(host='a0.muscache.com', port=443): Read timed out."
1008170341907074842,https://a0.muscache.com/pictures/miso/Hosting-1008170341907074842/original/92214490-436e-4334-9f51-a4fc67c936e0.jpeg,failed_timeout_or_error,,,0,0,0,,,"HTTPSConnectionPool(host='a0.muscache.com', port=443): Read timed out."
1002329555901600444,https://a0.muscache.com/pictures/hosting/Hosting-1002329555901600444/original/0ab1a48d-cd67-4ad5-9d3e-bec87293f5b8.jpeg,failed_timeout_or_error,,,0,0,0,,,"HTTPSConnectionPool(host='a0.muscache.com', port=443): Read timed out."
1003657966231423372,https://a0.muscache.com/pictures/prohost-api/Hosting-1003657966231423372/original/724a46d7-826a-41d0-a081-ecbdb05e5007.jpeg,failed_timeout_or_error,,,0,0,0,,,"HTTPSConnectionPool(host='a0.muscache.com', port=443): Read timed out."
956136699566538884,https://a0.muscache.com/pictures/miso/Hosting-956136699566538884/original/f77df6a5-d29c-447d-882d-3c45e356efb1.jpeg,failed_timeout_or_error,,,0,0,0,,,"HTTPSConnectionPool(host='a0.muscache.com', port=443): Read timed out."
995526459863483646,https://a0.muscache.com/pictures/miso/Hosting-995526459863483646/original/9569a4e6-b6e9-40c7-87c4-4ee123a6a2bb.jpeg,failed_timeout_or_error,,,0,0,0,,,"HTTPSConnectionPool(host='a0.muscache.com', port=443): Read timed out."
985362187058829435,https://a0.muscache.com/pictures/hosting/Hosting-985362187058829435/original/81d3a0e5-3440-43bc-a999-0142aad73088.jpeg,failed_timeout_or_error,,,0,0,0,,,"HTTPSConnectionPool(host='a0.muscache.com', port=443): Read timed out."
994024778784420460,https://a0.muscache.com/pictures/hosting/Hosting-994024778784420460/original/119b08df-5de5-4729-9fce-68aba035cbc0.jpeg,failed_timeout_or_error,,,0,0,0,,,"HTTPSConnectionPool(host='a0.muscache.com', port=443): Read timed out."
1016640853512861175,https://a0.muscache.com/pictures/miso/Hosting-1016640853512861175/original/db2b3cde-d723-4f27-abe6-9dfed005d63d.jpeg,failed_timeout_or_error,,,0,0,0,,,"HTTPSConnectionPool(host='a0.muscache.com', port=443): Read timed out."
1018982479207111681,https://a0.muscache.com/pictures/miso/Hosting-1018982479207111681/original/ac8eba91-9853-4570-80cb-2aee8f52e3d3.jpeg,success,200.0,c:\Prathik\MY DOCUMENTS\Rental_price_prediction\datasets\multimodal_v3\images\1018982479207111681.jpg,388105,1866,839,RGB,c1d9d23733ccb07f9bacea9016f6ec82,
992627417330266479,https://a0.muscache.com/pictures/miso/Hosting-992627417330266479/original/69d661c2-2c19-4c17-9ef7-5abc1f80088e.jpeg,failed_timeout_or_error,,,0,0,0,,,"HTTPSConnectionPool(host='a0.muscache.com', port=443): Read timed out."
1015882706603299147,https://a0.muscache.com/pictures/miso/Hosting-1015882706603299147/original/8137b041-f652-4377-aa32-202699549dfd.jpeg,failed_timeout_or_error,,,0,0,0,,,"HTTPSConnectionPool(host='a0.muscache.com', port=443): Read timed out."
1011756765325293519,https://a0.muscache.com/pictures/prohost-api/Hosting-1011756765325293519/original/97443493-b7f1-4d92-9067-324697f025f8.jpeg,failed_timeout_or_error,,,0,0,0,,,"HTTPSConnectionPool(host='a0.muscache.com', port=443): Read timed out."
1009696350646566156,https://a0.muscache.com/pictures/miso/Hosting-1009696350646566156/original/985fb8bd-bd3f-4a4c-93cc-6ddc05e00d7b.jpeg,success,200.0,c:\Prathik\MY DOCUMENTS\Rental_price_prediction\datasets\multimodal_v3\images\1009696350646566156.jpg,611743,2048,1365,RGB,045927e0c3d6435dfca78c34d3bc5ecd,
1021740978026768033,https://a0.muscache.com/pictures/miso/Hosting-1021740978026768033/original/bd43a0e5-1832-4c83-9c4f-f7d6e3c4b249.jpeg,failed_timeout_or_error,,,0,0,0,,,"HTTPSConnectionPool(host='a0.muscache.com', port=443): Max retries exceeded with url: /pictures/miso/Hosting-1021740978026768033/original/bd43a0e5-1832-4c83-9c4f-f7d6e3c4b249.jpeg (Caused by ConnectTimeoutError(<urllib3.connection.HTTPSConnection object at 0x00000232C4789070>, 'Connection to a0.muscache.com timed out. (connect timeout=4.0)'))"
1019750955436579079,https://a0.muscache.com/pictures/miso/Hosting-1019750955436579079/original/65ebe297-cab7-4c4f-8ffd-2533f80fcfc7.jpeg,failed_timeout_or_error,,,0,0,0,,,"HTTPSConnectionPool(host='a0.muscache.com', port=443): Max retries exceeded with url: /pictures/miso/Hosting-1019750955436579079/original/65ebe297-cab7-4c4f-8ffd-2533f80fcfc7.jpeg (Caused by ConnectTimeoutError(<urllib3.connection.HTTPSConnection object at 0x00000232C478B1D0>, 'Connection to a0.muscache.com timed out. (connect timeout=4.0)'))"
998408541452672847,https://a0.muscache.com/pictures/miso/Hosting-998408541452672847/original/f3ec9836-80f9-4163-8de0-d6a9f27ce0c3.jpeg,failed_timeout_or_error,,,0,0,0,,,"HTTPSConnectionPool(host='a0.muscache.com', port=443): Read timed out."
1016772149105908996,https://a0.muscache.com/pictures/prohost-api/Hosting-1016772149105908996/original/d03b5bd4-279d-4b80-97a1-6f876a717148.jpeg,failed_timeout_or_error,,,0,0,0,,,"HTTPSConnectionPool(host='a0.muscache.com', port=443): Read timed out."
1018385414175209461,https://a0.muscache.com/pictures/hosting/Hosting-1018385414175209461/original/2143c757-20a4-4814-9520-2872ef62d0aa.jpeg,failed_timeout_or_error,,,0,0,0,,,"HTTPSConnectionPool(host='a0.muscache.com', port=443): Read timed out."
1000942001277060951,https://a0.muscache.com/pictures/miso/Hosting-1000942001277060951/original/c1c31cf8-d4c6-4ba7-bfbd-16e0f008ddf9.jpeg,failed_timeout_or_error,,,0,0,0,,,"HTTPSConnectionPool(host='a0.muscache.com', port=443): Read timed out."
1019645896631068005,https://a0.muscache.com/pictures/miso/Hosting-1019645896631068005/original/fb9573b8-ce18-44a8-b66f-72307d7e7ebd.jpeg,failed_timeout_or_error,,,0,0,0,,,"HTTPSConnectionPool(host='a0.muscache.com', port=443): Read timed out."
987729274107863972,https://a0.muscache.com/pictures/miso/Hosting-987729274107863972/original/ab11f5ac-79de-4b84-ab71-e8f611280dfe.jpeg,failed_timeout_or_error,,,0,0,0,,,"HTTPSConnectionPool(host='a0.muscache.com', port=443): Read timed out."
998492904314504741,https://a0.muscache.com/pictures/miso/Hosting-998492904314504741/original/afaa8c4b-5f5c-4621-bcd6-1c16dc14a92e.jpeg,failed_timeout_or_error,,,0,0,0,,,"HTTPSConnectionPool(host='a0.muscache.com', port=443): Read timed out."
996270414184195438,https://a0.muscache.com/pictures/miso/Hosting-996270414184195438/original/1fc0f0ec-204e-4120-a732-89746117a90d.png,failed_timeout_or_error,,,0,0,0,,,"HTTPSConnectionPool(host='a0.muscache.com', port=443): Read timed out."
952889664707070763,https://a0.muscache.com/pictures/miso/Hosting-952889664707070763/original/98c32eb0-65ef-42cf-b5e9-0749c7aa160b.jpeg,failed_timeout_or_error,,,0,0,0,,,"HTTPSConnectionPool(host='a0.muscache.com', port=443): Read timed out."
960090157496125101,https://a0.muscache.com/pictures/prohost-api/Hosting-960090157496125101/original/c395ead8-c048-48ae-8883-94fa494e012a.jpeg,failed_timeout_or_error,,,0,0,0,,,"HTTPSConnectionPool(host='a0.muscache.com', port=443): Read timed out."
1011646740978772855,https://a0.muscache.com/pictures/prohost-api/Hosting-1011646740978772855/original/09e1be4d-ce50-4215-b116-a32d3537027a.jpeg,failed_timeout_or_error,,,0,0,0,,,"HTTPSConnectionPool(host='a0.muscache.com', port=443): Read timed out."
1001745417774843643,https://a0.muscache.com/pictures/hosting/Hosting-1001745417774843643/original/6c554e33-321a-4028-82fb-661b3d08b538.jpeg,failed_timeout_or_error,,,0,0,0,,,"HTTPSConnectionPool(host='a0.muscache.com', port=443): Read timed out."
1027469258600133330,https://a0.muscache.com/pictures/prohost-api/Hosting-1027469258600133330/original/e78c041a-ce6c-4de4-9789-a1c9602af5da.jpeg,failed_timeout_or_error,,,0,0,0,,,"HTTPSConnectionPool(host='a0.muscache.com', port=443): Max retries exceeded with url: /pictures/prohost-api/Hosting-1027469258600133330/original/e78c041a-ce6c-4de4-9789-a1c9602af5da.jpeg (Caused by ConnectTimeoutError(<urllib3.connection.HTTPSConnection object at 0x00000232C478A150>, 'Connection to a0.muscache.com timed out. (connect timeout=4.0)'))"
1033925565822325233,https://a0.muscache.com/pictures/hosting/Hosting-1033925565822325233/original/3f349155-0131-4ca2-bc4b-a5797d84ec46.jpeg,failed_http_404,404.0,,0,0,0,,,HTTP 404
1020376087121484571,https://a0.muscache.com/pictures/miso/Hosting-1020376087121484571/original/db4f5763-7012-42ca-8e37-4022466f364b.jpeg,failed_http_404,404.0,,0,0,0,,,HTTP 404
1021620037926112815,https://a0.muscache.com/pictures/miso/Hosting-1021620037926112815/original/4f58d14c-d3ec-4539-9955-cdfdff0c361e.jpeg,success,200.0,c:\Prathik\MY DOCUMENTS\Rental_price_prediction\datasets\multimodal_v3\images\1021620037926112815.jpg,51856,640,334,RGB,9ff021857b5ac96f0f043524de27ddee,
1021679083453610936,https://a0.muscache.com/pictures/prohost-api/Hosting-1021679083453610936/original/93ec8e6b-0fab-4d2e-9b33-d639f0f7ea6d.jpeg,failed_http_404,404.0,,0,0,0,,,HTTP 404
1046996332735534663,https://a0.muscache.com/pictures/miso/Hosting-1046996332735534663/original/056c17dc-505b-439f-b4b0-d914ad873062.jpeg,failed_timeout_or_error,,,0,0,0,,,"HTTPSConnectionPool(host='a0.muscache.com', port=443): Read timed out."
971071205108257107,https://a0.muscache.com/pictures/miso/Hosting-971071205108257107/original/54067470-c4e2-416f-8547-1014bfd905fd.jpeg,failed_timeout_or_error,,,0,0,0,,,"HTTPSConnectionPool(host='a0.muscache.com', port=443): Read timed out."
1026663761984876970,https://a0.muscache.com/pictures/hosting/Hosting-1026663761984876970/original/a80633d1-6482-42a7-a4be-e2169f6834bc.jpeg,failed_timeout_or_error,,,0,0,0,,,"HTTPSConnectionPool(host='a0.muscache.com', port=443): Read timed out."
1022338815581295152,https://a0.muscache.com/pictures/miso/Hosting-1011109523340156167/original/ea2efed3-93ae-42a9-bc79-3bf0a0c4b44a.jpeg,failed_timeout_or_error,,,0,0,0,,,"HTTPSConnectionPool(host='a0.muscache.com', port=443): Read timed out."
1026011586961386844,https://a0.muscache.com/pictures/7ac5093e-f1aa-4982-a640-519af73332c8.jpg,failed_timeout_or_error,,,0,0,0,,,"HTTPSConnectionPool(host='a0.muscache.com', port=443): Read timed out."
1023111129937009121,https://a0.muscache.com/pictures/hosting/Hosting-1023111129937009121/original/27cdff78-d28d-4fcf-a0c5-3ba538848ccb.jpeg,failed_timeout_or_error,,,0,0,0,,,"HTTPSConnectionPool(host='a0.muscache.com', port=443): Read timed out."
1023985121498242862,https://a0.muscache.com/pictures/hosting/Hosting-1023985121498242862/original/f17ac857-b1e7-4d0b-b2d4-e1d8ab70910b.jpeg,failed_timeout_or_error,,,0,0,0,,,"HTTPSConnectionPool(host='a0.muscache.com', port=443): Read timed out."
1042298260025618001,https://a0.muscache.com/pictures/miso/Hosting-1042298260025618001/original/e449e1cc-70c0-4f8e-adfe-54c3012469da.jpeg,failed_timeout_or_error,,,0,0,0,,,"HTTPSConnectionPool(host='a0.muscache.com', port=443): Read timed out."
1024933602083067392,https://a0.muscache.com/pictures/miso/Hosting-1024933602083067392/original/30097041-9d34-4c0c-a3b8-938d7d52524c.jpeg,failed_timeout_or_error,,,0,0,0,,,"HTTPSConnectionPool(host='a0.muscache.com', port=443): Read timed out."
1037137814691368924,https://a0.muscache.com/pictures/prohost-api/Hosting-1037137814691368924/original/98a67adb-0cd4-438a-8ccb-51ca96876bdb.jpeg,failed_timeout_or_error,,,0,0,0,,,"HTTPSConnectionPool(host='a0.muscache.com', port=443): Read timed out."
1031377966614697036,https://a0.muscache.com/pictures/miso/Hosting-1031377966614697036/original/577f0477-2818-49f9-a1f8-94fdf8d57611.jpeg,failed_timeout_or_error,,,0,0,0,,,"HTTPSConnectionPool(host='a0.muscache.com', port=443): Read timed out."
1029934508668716956,https://a0.muscache.com/pictures/273772ae-9375-41bb-a34f-1eccab1a4b91.jpg,success,200.0,c:\Prathik\MY DOCUMENTS\Rental_price_prediction\datasets\multimodal_v3\images\1029934508668716956.jpg,948288,3024,4032,RGB,75d84a04742976412f63390707ebf0b6,
1045930442276845410,https://a0.muscache.com/pictures/hosting/Hosting-1045930442276845410/original/64d9db6e-8acd-462d-b4f6-f5c818d14826.jpeg,success,200.0,c:\Prathik\MY DOCUMENTS\Rental_price_prediction\datasets\multimodal_v3\images\1045930442276845410.jpg,2027359,3024,4032,RGB,3a2afb51d20fd6f7391a1cef76b369f7,
1021942435413968318,https://a0.muscache.com/pictures/miso/Hosting-1021942435413968318/original/7a641c9f-48f8-4af8-acf3-336e5152451e.jpeg,success,200.0,c:\Prathik\MY DOCUMENTS\Rental_price_prediction\datasets\multimodal_v3\images\1021942435413968318.jpg,857610,2048,1365,RGB,f953aee8c007e82d2154eb724652ef57,
1037137838814503708,https://a0.muscache.com/pictures/prohost-api/Hosting-1037137838814503708/original/e8d2639c-cd9e-423b-9169-f0165f26b0cf.jpeg,success,200.0,c:\Prathik\MY DOCUMENTS\Rental_price_prediction\datasets\multimodal_v3\images\1037137838814503708.jpg,1102653,3690,2460,RGB,32dc7f25e1a86451475d0aa42dc82381,
1025273862003028720,https://a0.muscache.com/pictures/miso/Hosting-1025273862003028720/original/7ebc23f1-8e23-4b4b-b3fb-fc88e54c4f8d.jpeg,success,200.0,c:\Prathik\MY DOCUMENTS\Rental_price_prediction\datasets\multimodal_v3\images\1025273862003028720.jpg,2470642,4032,3024,RGB,db0a886e925156e87ecf3c5882be5361,
1042076183667479199,https://a0.muscache.com/pictures/prohost-api/Hosting-1042076183667479199/original/b4da5800-8ac2-4960-8d46-ac8e4d75ae7a.jpeg,success,200.0,c:\Prathik\MY DOCUMENTS\Rental_price_prediction\datasets\multimodal_v3\images\1042076183667479199.jpg,1856380,3840,2560,RGB,c20ab26baebed70f04aa5b84ef2b05a2,
1029022545889038824,https://a0.muscache.com/pictures/miso/Hosting-1029022545889038824/original/f03dec74-380c-4da4-8715-dfa533bc6ad5.jpeg,success,200.0,c:\Prathik\MY DOCUMENTS\Rental_price_prediction\datasets\multimodal_v3\images\1029022545889038824.jpg,1449901,3264,1836,RGB,7abc552fcb74732cf11a7759a160f837,
1024008343348248280,https://a0.muscache.com/pictures/miso/Hosting-1024008343348248280/original/0d31a24b-83ef-45c3-ab5b-9bdc981e6870.jpeg,success,200.0,c:\Prathik\MY DOCUMENTS\Rental_price_prediction\datasets\multimodal_v3\images\1024008343348248280.jpg,2435601,4032,2268,RGB,f7d975339e78aa8c6723b9617fbccccd,
1034333306104698250,https://a0.muscache.com/pictures/hosting/Hosting-1034333306104698250/original/e6ea010e-e266-40af-84a3-e8a54c18fd8b.jpeg,success,200.0,c:\Prathik\MY DOCUMENTS\Rental_price_prediction\datasets\multimodal_v3\images\1034333306104698250.jpg,3343785,4032,3024,RGB,4c23945d0f1da949084e4cf9b8617257,
