id,url,status,http_code,file_path,file_size,width,height,mode,md5_hash,error
840696,https://a0.muscache.com/pictures/29354539/7fd4613e_original.jpg,success_cached,200.0,c:\Prathik\MY DOCUMENTS\Rental_price_prediction\datasets\multimodal_v3\images\840696.jpg,61529,691,461,RGB,2ed89c7da4751259788126109121af45,
621243,https://a0.muscache.com/pictures/fd26f75e-e0c6-458c-a44a-9d262468ebe3.jpg,success_cached,200.0,c:\Prathik\MY DOCUMENTS\Rental_price_prediction\datasets\multimodal_v3\images\621243.jpg,2227164,3960,2640,RGB,bd205c3bd3c61033c2ba5ccdac2f787d,
846221,https://a0.muscache.com/pictures/12059499/34463139_original.jpg,success_cached,200.0,c:\Prathik\MY DOCUMENTS\Rental_price_prediction\datasets\multimodal_v3\images\846221.jpg,343643,1024,768,RGB,4fada2f219601e5d78f7430dd4d623ae,
1066156,https://a0.muscache.com/pictures/airflow/Hosting-1066156/original/2ed6400e-82d7-4963-baf7-a050dff524b7.jpg,success_cached,200.0,c:\Prathik\MY DOCUMENTS\Rental_price_prediction\datasets\multimodal_v3\images\1066156.jpg,2074092,4200,2800,RGB,7e61c095f65651b7db74ab5f0ab98d41,
156805,https://a0.muscache.com/pictures/23447d55-fa7e-4a2b-8d0b-a8345f8732fb.jpg,success_cached,200.0,c:\Prathik\MY DOCUMENTS\Rental_price_prediction\datasets\multimodal_v3\images\156805.jpg,2658992,4208,3984,RGB,0da7388fc5be47f88bd4d44cdbdbca5a,
427497,https://a0.muscache.com/pictures/4980195/acf66919_original.jpg,success_cached,200.0,c:\Prathik\MY DOCUMENTS\Rental_price_prediction\datasets\multimodal_v3\images\427497.jpg,2396071,4200,2800,RGB,d93f750bc136c18895f9bcff6f66e35c,
209068,https://a0.muscache.com/pictures/1829924/9f3bf225_original.jpg,success_cached,200.0,c:\Prathik\MY DOCUMENTS\Rental_price_prediction\datasets\multimodal_v3\images\209068.jpg,669615,1600,1200,RGB,83f693aec00dea9361a7acc326665911,
943832,https://a0.muscache.com/pictures/miso/Hosting-943832/original/56c4ed0f-23c8-4073-a29c-781bd7692f6b.jpeg,success_cached,200.0,c:\Prathik\MY DOCUMENTS\Rental_price_prediction\datasets\multimodal_v3\images\943832.jpg,360111,781,781,RGB,f04ff8dbc236dd2c885c61c1f7b08835,
156926,https://a0.muscache.com/pictures/5fa7178e-c514-4694-a8d8-b6a4ceb75289.jpg,success_cached,200.0,c:\Prathik\MY DOCUMENTS\Rental_price_prediction\datasets\multimodal_v3\images\156926.jpg,2237522,4032,2268,RGB,8fc1f83df63925e199b839b3aaed70f8,
674894,https://a0.muscache.com/pictures/52466073/be9356fd_original.jpg,success_cached,200.0,c:\Prathik\MY DOCUMENTS\Rental_price_prediction\datasets\multimodal_v3\images\674894.jpg,2756239,5184,3456,RGB,9402e90a45728a27ddd05b24b886ba2e,
660702,https://a0.muscache.com/pictures/e0016bec-0561-4749-8dcd-983c11f3a4b4.jpg,success_cached,200.0,c:\Prathik\MY DOCUMENTS\Rental_price_prediction\datasets\multimodal_v3\images\660702.jpg,1095819,4032,3024,RGB,519eac78bec57dd49ab3984f4dcfac34,
977054,https://a0.muscache.com/pictures/16539956/39069605_original.jpg,success_cached,200.0,c:\Prathik\MY DOCUMENTS\Rental_price_prediction\datasets\multimodal_v3\images\977054.jpg,121911,640,479,RGB,2c2654086f207821c599996359ecbbd8,
976034,https://a0.muscache.com/pictures/17429978/e4656a27_original.jpg,success_cached,200.0,c:\Prathik\MY DOCUMENTS\Rental_price_prediction\datasets\multimodal_v3\images\976034.jpg,742120,2544,1696,RGB,b1805f2b41993786828591ece646ddcd,
875735,https://a0.muscache.com/pictures/12674237/1c1681e6_original.jpg,success_cached,200.0,c:\Prathik\MY DOCUMENTS\Rental_price_prediction\datasets\multimodal_v3\images\875735.jpg,3737110,4608,3456,RGB,647bc23a9cfdf5b2b9abaffcf4e9306b,
1332684,https://a0.muscache.com/pictures/111ad28e-afe3-4de2-97a8-3d6d40470e13.jpg,success_cached,200.0,c:\Prathik\MY DOCUMENTS\Rental_price_prediction\datasets\multimodal_v3\images\1332684.jpg,2270023,4032,3024,RGB,19fdbd2957d12f3c50063fdf634540af,
483384,https://a0.muscache.com/pictures/airflow/Hosting-483384/original/9188e939-e998-4157-8110-d1b54a2dc96e.jpg,success_cached,200.0,c:\Prathik\MY DOCUMENTS\Rental_price_prediction\datasets\multimodal_v3\images\483384.jpg,1765282,4200,2800,RGB,587cd6b1852a0b5b20cfa13bddb0a7a0,
259576,https://a0.muscache.com/pictures/3564e991-a326-46fb-91fd-22d72b30d7ad.jpg,success_cached,200.0,c:\Prathik\MY DOCUMENTS\Rental_price_prediction\datasets\multimodal_v3\images\259576.jpg,3267409,4032,3024,RGB,b9c0737b1ff3dbd1f39e5d3b1e4d45dc,
881707,https://a0.muscache.com/pictures/miso/Hosting-881707/original/2c0551a6-89a4-4878-9171-9ca935f659e6.jpeg,success_cached,200.0,c:\Prathik\MY DOCUMENTS\Rental_price_prediction\datasets\multimodal_v3\images\881707.jpg,2656793,3229,2153,RGB,b9b151bc6863254bb6d6363402ee10b8,
1039028,https://a0.muscache.com/pictures/15621161/dab31af1_original.jpg,success_cached,200.0,c:\Prathik\MY DOCUMENTS\Rental_price_prediction\datasets\multimodal_v3\images\1039028.jpg,1737835,3648,2736,RGB,96e514660a387f9e8c6f20f26150ce70,
1312301,https://a0.muscache.com/pictures/45a8c79e-7410-4004-ae61-458ecef226d6.jpg,success_cached,200.0,c:\Prathik\MY DOCUMENTS\Rental_price_prediction\datasets\multimodal_v3\images\1312301.jpg,573649,1600,1200,RGB,eb2ef147a8c3f4e497026e915e8af274,
1466495,https://a0.muscache.com/pictures/miso/Hosting-1466495/original/2e868b82-e174-4158-9930-704315e8f4b5.jpeg,success_cached,200.0,c:\Prathik\MY DOCUMENTS\Rental_price_prediction\datasets\multimodal_v3\images\1466495.jpg,182412,1024,768,RGB,51078b85efbc3362286f23ca27a3bf59,
1421061,https://a0.muscache.com/pictures/miso/Hosting-1421061/original/1250bf57-c760-4773-9624-c7513856e976.jpeg,success_cached,200.0,c:\Prathik\MY DOCUMENTS\Rental_price_prediction\datasets\multimodal_v3\images\1421061.jpg,1013071,2048,1363,RGB,e20103c57f10b9320051fd69a7b4a57e,
1393012,https://a0.muscache.com/pictures/da752612-220a-4fe0-a550-db3adc0f98b8.jpg,success_cached,200.0,c:\Prathik\MY DOCUMENTS\Rental_price_prediction\datasets\multimodal_v3\images\1393012.jpg,4266811,7024,3704,RGB,1ffde696b4d5b0d708d0ed257045fe8e,
1684109,https://a0.muscache.com/pictures/miso/Hosting-1684109/original/f814e184-5e59-4a15-9e1f-434df90c36cf.jpeg,success_cached,200.0,c:\Prathik\MY DOCUMENTS\Rental_price_prediction\datasets\multimodal_v3\images\1684109.jpg,178235,1400,933,RGB,230a9268755e03ab717c050a943c228b,
1879067,https://a0.muscache.com/pictures/miso/Hosting-1879067/original/4c9161dd-03af-4b18-ad90-5dd9228e3c20.jpeg,success_cached,200.0,c:\Prathik\MY DOCUMENTS\Rental_price_prediction\datasets\multimodal_v3\images\1879067.jpg,200751,1200,1500,RGB,23fe55ff311d1fff42193705e60a971e,
1728187,https://a0.muscache.com/pictures/miso/Hosting-1728187/original/47437633-e94b-4683-b649-988a6fde6c95.jpeg,success_cached,200.0,c:\Prathik\MY DOCUMENTS\Rental_price_prediction\datasets\multimodal_v3\images\1728187.jpg,398442,2000,1333,RGB,d066af470a4ccea6dc38aece32d5495e,
1827412,https://a0.muscache.com/pictures/2b70534a-c6c1-484c-95af-f1c7dc10b6ca.jpg,success_cached,200.0,c:\Prathik\MY DOCUMENTS\Rental_price_prediction\datasets\multimodal_v3\images\1827412.jpg,501229,1440,1080,RGB,4bb081be613a18e082176073edab36e5,
1297717,https://a0.muscache.com/pictures/67336970-c85e-467c-99b5-5d3552e0104f.jpg,success_cached,200.0,c:\Prathik\MY DOCUMENTS\Rental_price_prediction\datasets\multimodal_v3\images\1297717.jpg,2304430,4624,3468,RGB,fb5152eccf40cb859561f7ee35cbf8e1,
1392363,https://a0.muscache.com/pictures/miso/Hosting-1392363/original/2a1ec16d-06b9-4ffa-8f66-d1fcca48468b.jpeg,success_cached,200.0,c:\Prathik\MY DOCUMENTS\Rental_price_prediction\datasets\multimodal_v3\images\1392363.jpg,2622655,4080,2720,RGB,1ed070985a01eed14bac996301a6e7c7,
2296152,https://a0.muscache.com/pictures/6a61be3d-d8d9-45c9-97d3-2d245eb5d776.jpg,success_cached,200.0,c:\Prathik\MY DOCUMENTS\Rental_price_prediction\datasets\multimodal_v3\images\2296152.jpg,703512,3888,2916,RGB,587b94287099ee165c465edc631bbbb1,
1586906,https://a0.muscache.com/pictures/23047877/2b34d6d9_original.jpg,success_cached,200.0,c:\Prathik\MY DOCUMENTS\Rental_price_prediction\datasets\multimodal_v3\images\1586906.jpg,2461678,3072,2304,RGB,4c34a69e30b460079912fd21ab135eff,
1569954,https://a0.muscache.com/pictures/33560600/cfe5827d_original.jpg,success_cached,200.0,c:\Prathik\MY DOCUMENTS\Rental_price_prediction\datasets\multimodal_v3\images\1569954.jpg,74525,576,432,RGB,a525d61b2d31edf0369a139dc3808618,
2254521,https://a0.muscache.com/pictures/593a6eec-1273-40f1-9d6a-18242e4613cc.jpg,success_cached,200.0,c:\Prathik\MY DOCUMENTS\Rental_price_prediction\datasets\multimodal_v3\images\2254521.jpg,1409099,3264,2448,RGB,1772c0413752bbc37cb40c1dbe90ddb7,
1851921,https://a0.muscache.com/pictures/ae64bc29-5476-48e1-9b3e-9beee48fcc07.jpg,success_cached,200.0,c:\Prathik\MY DOCUMENTS\Rental_price_prediction\datasets\multimodal_v3\images\1851921.jpg,1981433,5715,3810,RGB,3fbc1758744ffe307094bf38a367365b,
3040444,https://a0.muscache.com/pictures/d1282941-b8b6-441a-9d44-5cd1d68e7f8b.jpg,success_cached,200.0,c:\Prathik\MY DOCUMENTS\Rental_price_prediction\datasets\multimodal_v3\images\3040444.jpg,803609,4096,2731,RGB,b4c8217a067a7f913e29712a981db5f1,
2176375,https://a0.muscache.com/pictures/07659f45-e399-4842-b02d-619a2c0e537f.jpg,success_cached,200.0,c:\Prathik\MY DOCUMENTS\Rental_price_prediction\datasets\multimodal_v3\images\2176375.jpg,4108471,4032,3024,RGB,d0cc7fd4c4afdfd7b464ec7a2252e98f,
2411109,https://a0.muscache.com/pictures/f19cbda1-21e2-4139-b182-4ef2985db55e.jpg,success_cached,200.0,c:\Prathik\MY DOCUMENTS\Rental_price_prediction\datasets\multimodal_v3\images\2411109.jpg,486674,4032,3024,RGB,e23bd186ffd4b2a08ae2883c97dd6fd8,
815068,https://a0.muscache.com/pictures/miso/Hosting-815068/original/9e4fcda2-91f2-410d-b52b-5e6d4bc737ee.jpeg,success_cached,200.0,c:\Prathik\MY DOCUMENTS\Rental_price_prediction\datasets\multimodal_v3\images\815068.jpg,4478447,4200,2800,RGB,ef9c863a3405c3dc57a19ad6a0a3fc51,
3314819,https://a0.muscache.com/pictures/42052824/3b0cc939_original.jpg,success_cached,200.0,c:\Prathik\MY DOCUMENTS\Rental_price_prediction\datasets\multimodal_v3\images\3314819.jpg,86665,625,417,RGB,6938122e17ad4c29ba4aff4d10067702,
2326086,https://a0.muscache.com/pictures/60768a14-fc1d-4e21-8e47-9bdeae00084c.jpg,success_cached,200.0,c:\Prathik\MY DOCUMENTS\Rental_price_prediction\datasets\multimodal_v3\images\2326086.jpg,1809937,4200,2803,RGB,69f40ce91fb0a685917d8466622984d9,
2605869,https://a0.muscache.com/pictures/prohost-api/Hosting-2605869/original/9dbb72f5-2622-4aa8-851a-6a740ef3d675.jpeg,success_cached,200.0,c:\Prathik\MY DOCUMENTS\Rental_price_prediction\datasets\multimodal_v3\images\2605869.jpg,207208,1024,768,RGB,e630da6782775974c6fdef90ef54761d,
2569529,https://a0.muscache.com/pictures/33872551/3e072ddc_original.jpg,success_cached,200.0,c:\Prathik\MY DOCUMENTS\Rental_price_prediction\datasets\multimodal_v3\images\2569529.jpg,62584,640,428,RGB,fac417ddee374cff5395dbc408393338,
3066648,https://a0.muscache.com/pictures/7fe65816-b832-4460-9346-8fe056a1af7b.jpg,success_cached,200.0,c:\Prathik\MY DOCUMENTS\Rental_price_prediction\datasets\multimodal_v3\images\3066648.jpg,2103436,4032,3024,RGB,bb67c5dbab6be3e86dc8c1f1866d1780,
3445336,https://a0.muscache.com/pictures/43616190/d3b36bfd_original.jpg,success_cached,200.0,c:\Prathik\MY DOCUMENTS\Rental_price_prediction\datasets\multimodal_v3\images\3445336.jpg,591418,3264,2448,RGB,6e3e15b084f1ef49d35c44a49070d907,
3268055,https://a0.muscache.com/pictures/f5ccb94a-a418-4926-b650-3d6f882b1552.jpg,success_cached,200.0,c:\Prathik\MY DOCUMENTS\Rental_price_prediction\datasets\multimodal_v3\images\3268055.jpg,4287460,3024,4032,RGB,423173ba0aff1d7a9f18cb6a8f75b46b,
3405282,https://a0.muscache.com/pictures/74044243/07e8d678_original.jpg,success_cached,200.0,c:\Prathik\MY DOCUMENTS\Rental_price_prediction\datasets\multimodal_v3\images\3405282.jpg,2319580,3264,2448,RGB,77d0cea277cc8785b1671517496f030a,
3454237,https://a0.muscache.com/pictures/3cc51b22-6456-4209-b9d5-147df9faaaaf.jpg,success_cached,200.0,c:\Prathik\MY DOCUMENTS\Rental_price_prediction\datasets\multimodal_v3\images\3454237.jpg,1531934,3072,2304,RGB,fd853470b88bd15fcce68a11ba6803f2,
2222067,https://a0.muscache.com/pictures/6dc71bd3-7c3a-4d84-96e5-5591e3ac7548.jpg,success_cached,200.0,c:\Prathik\MY DOCUMENTS\Rental_price_prediction\datasets\multimodal_v3\images\2222067.jpg,1582696,4032,3024,RGB,2941e3bcb8d8616852583ac74df2e54e,
2925486,https://a0.muscache.com/pictures/miso/Hosting-2925486/original/f39ac112-d151-4e72-ad6f-1d8b2bacf22d.jpeg,success_cached,200.0,c:\Prathik\MY DOCUMENTS\Rental_price_prediction\datasets\multimodal_v3\images\2925486.jpg,1760214,4032,3024,RGB,ab76a00b9c03aabec0e90af49790dad9,
3220474,https://a0.muscache.com/pictures/506eab9a-dae4-4b31-8e3e-0c4a9d38a540.jpg,success_cached,200.0,c:\Prathik\MY DOCUMENTS\Rental_price_prediction\datasets\multimodal_v3\images\3220474.jpg,3603997,4032,3024,RGB,fd8c7dc5e2e070d7d7e27e5f9938f1ac,
3868910,https://a0.muscache.com/pictures/8de52616-96d8-4887-9bae-78c0c0016884.jpg,success_cached,200.0,c:\Prathik\MY DOCUMENTS\Rental_price_prediction\datasets\multimodal_v3\images\3868910.jpg,982512,3648,2432,RGB,bee414badc599cf7ebb87d89ddb25c1f,
3529241,https://a0.muscache.com/pictures/51666736/0e7090f8_original.jpg,success_cached,200.0,c:\Prathik\MY DOCUMENTS\Rental_price_prediction\datasets\multimodal_v3\images\3529241.jpg,953807,3264,2448,RGB,c6c8011751878939c181ee6171056ce4,
3225871,https://a0.muscache.com/pictures/41011525/bab6c9be_original.jpg,success_cached,200.0,c:\Prathik\MY DOCUMENTS\Rental_price_prediction\datasets\multimodal_v3\images\3225871.jpg,27933,450,450,RGB,0907390fb6dd90c83d35fbbd4d90e4a6,
2643168,https://a0.muscache.com/pictures/94d64d58-cb6d-4f6d-b093-5b739329c58c.jpg,success_cached,200.0,c:\Prathik\MY DOCUMENTS\Rental_price_prediction\datasets\multimodal_v3\images\2643168.jpg,410612,2000,1319,RGB,dd02352c51a7fc083696695754e7aec9,
3649639,https://a0.muscache.com/pictures/831d7e2f-3392-4a54-b102-e662260f8457.jpg,success_cached,200.0,c:\Prathik\MY DOCUMENTS\Rental_price_prediction\datasets\multimodal_v3\images\3649639.jpg,1098965,3908,2541,RGB,7ae784c1711637cfb3b4209273ff3092,
3563156,https://a0.muscache.com/pictures/e93b4616-178d-4107-b755-0d4e43c799f9.jpg,success_cached,200.0,c:\Prathik\MY DOCUMENTS\Rental_price_prediction\datasets\multimodal_v3\images\3563156.jpg,2284264,4032,3024,RGB,d9fead2f35278459edfa8a6ccbf4e3c6,
3767793,https://a0.muscache.com/pictures/prohost-api/Hosting-3767793/original/9ad1657f-63fe-425d-8ef3-2fe0ae394d10.jpeg,success_cached,200.0,c:\Prathik\MY DOCUMENTS\Rental_price_prediction\datasets\multimodal_v3\images\3767793.jpg,461586,1365,1024,RGB,17d837b2334df36486cc3a002364ab83,
3095136,https://a0.muscache.com/pictures/65ee130c-aca4-4b97-8dc4-7cb123953dbf.jpg,success_cached,200.0,c:\Prathik\MY DOCUMENTS\Rental_price_prediction\datasets\multimodal_v3\images\3095136.jpg,1491769,4032,3024,RGB,5992131f57f59ad8d27aed5306ad6b59,
3445948,https://a0.muscache.com/pictures/72040811/ce93d35a_original.jpg,success_cached,200.0,c:\Prathik\MY DOCUMENTS\Rental_price_prediction\datasets\multimodal_v3\images\3445948.jpg,3706771,5760,3840,RGB,63ef211cec940b5e651a214229612455,
4124504,https://a0.muscache.com/pictures/60122faf-089a-4667-ac9b-c7aeae3187bc.jpg,success_cached,200.0,c:\Prathik\MY DOCUMENTS\Rental_price_prediction\datasets\multimodal_v3\images\4124504.jpg,664002,6000,4000,RGB,3c55c4bc7780532ffd29246d05627b3d,
3084395,https://a0.muscache.com/pictures/miso/Hosting-3084395/original/45e23c84-90aa-499e-b8dc-5786f66950f4.jpeg,success_cached,200.0,c:\Prathik\MY DOCUMENTS\Rental_price_prediction\datasets\multimodal_v3\images\3084395.jpg,2665270,4032,3024,RGB,364cb1c4ad7a89e2d38374d518f3f566,
3945733,https://a0.muscache.com/pictures/222a59c6-50cd-4f4a-99fa-d48c4ba86de2.jpg,success_cached,200.0,c:\Prathik\MY DOCUMENTS\Rental_price_prediction\datasets\multimodal_v3\images\3945733.jpg,553592,2048,1536,RGB,d39c4a5a55874a589219675f972b43d8,
3990524,https://a0.muscache.com/pictures/a3aa735d-7310-46e1-be95-3a6f7fadb557.jpg,success_cached,200.0,c:\Prathik\MY DOCUMENTS\Rental_price_prediction\datasets\multimodal_v3\images\3990524.jpg,1458623,3285,2190,RGB,c9cc15b0a1d85996e490d7e1920559b8,
4108784,https://a0.muscache.com/pictures/51654839/b4ecab81_original.jpg,success_cached,200.0,c:\Prathik\MY DOCUMENTS\Rental_price_prediction\datasets\multimodal_v3\images\4108784.jpg,1373809,4000,3000,RGB,0774c7b86cd487eaf6f333458821bc36,
4241484,https://a0.muscache.com/pictures/miso/Hosting-4241484/original/18d31407-e5f9-4d66-a74a-e6540425a221.jpeg,success_cached,200.0,c:\Prathik\MY DOCUMENTS\Rental_price_prediction\datasets\multimodal_v3\images\4241484.jpg,142311,1298,865,RGB,5d1f43558015172f209889610f87afdc,
4304358,https://a0.muscache.com/pictures/miso/Hosting-4304358/original/0066047d-691f-46b1-b8b8-c9018f6f8959.jpeg,success_cached,200.0,c:\Prathik\MY DOCUMENTS\Rental_price_prediction\datasets\multimodal_v3\images\4304358.jpg,1586066,4032,3024,RGB,ff7818dd625084f904bc4dfc804506fc,
4515772,https://a0.muscache.com/pictures/56710558/bab1fd1b_original.jpg,success_cached,200.0,c:\Prathik\MY DOCUMENTS\Rental_price_prediction\datasets\multimodal_v3\images\4515772.jpg,1531132,3264,2448,RGB,3616617fc7dacb36ebed8f0c34c7ab85,
4895765,https://a0.muscache.com/pictures/64826532/f42c1049_original.jpg,success_cached,200.0,c:\Prathik\MY DOCUMENTS\Rental_price_prediction\datasets\multimodal_v3\images\4895765.jpg,97494,640,480,RGB,175ee5862cd495478f77326961aa85ad,
4764715,https://a0.muscache.com/pictures/miso/Hosting-4764715/original/ee7843b6-5613-44a9-87d5-0a6627421f9a.jpeg,success_cached,200.0,c:\Prathik\MY DOCUMENTS\Rental_price_prediction\datasets\multimodal_v3\images\4764715.jpg,1367060,3402,2268,RGB,d48a0767f5e70d04faca7fdf792ad6d7,
4875054,https://a0.muscache.com/pictures/3b78efa5-54e1-4d4d-ad8f-56e154d415c7.jpg,success_cached,200.0,c:\Prathik\MY DOCUMENTS\Rental_price_prediction\datasets\multimodal_v3\images\4875054.jpg,1693424,4032,3024,RGB,f28fbfccfe32fb79a0e6903acfafea0b,
5151226,https://a0.muscache.com/pictures/99551814/bcfc4837_original.jpg,success_cached,200.0,c:\Prathik\MY DOCUMENTS\Rental_price_prediction\datasets\multimodal_v3\images\5151226.jpg,63171,666,442,RGB,465a36c2016fa4cc84f1db9326fa762b,
4994407,https://a0.muscache.com/pictures/62531736/33168055_original.jpg,success_cached,200.0,c:\Prathik\MY DOCUMENTS\Rental_price_prediction\datasets\multimodal_v3\images\4994407.jpg,33405,580,436,RGB,e40076ef3500f065a9d2a8fb43c283b0,
5114762,https://a0.muscache.com/pictures/miso/Hosting-5114762/original/2bff024d-1758-46a3-ba5e-9f7ac43713fc.jpeg,success_cached,200.0,c:\Prathik\MY DOCUMENTS\Rental_price_prediction\datasets\multimodal_v3\images\5114762.jpg,2168632,3162,2448,RGB,a4e5ad6cfcb3be9e7d5266e273564cbb,
4931736,https://a0.muscache.com/pictures/70673979/0d86ce5f_original.jpg,success_cached,200.0,c:\Prathik\MY DOCUMENTS\Rental_price_prediction\datasets\multimodal_v3\images\4931736.jpg,282982,1512,1134,RGB,a6945e36a2d69a8d19595deec1bef73a,
4846733,https://a0.muscache.com/pictures/miso/Hosting-4846733/original/9ac94520-5274-42b5-8143-1a480187a352.jpeg,success_cached,200.0,c:\Prathik\MY DOCUMENTS\Rental_price_prediction\datasets\multimodal_v3\images\4846733.jpg,331959,2048,1361,RGB,fd7e7e9b7c8c186e53fd4f34331250ba,
4394761,https://a0.muscache.com/pictures/76195c9a-68ee-4bfb-bd05-1a8938c4c8ac.jpg,success_cached,200.0,c:\Prathik\MY DOCUMENTS\Rental_price_prediction\datasets\multimodal_v3\images\4394761.jpg,1080117,2448,3264,RGB,9385c356a152ab4be2ecdf42082e1ed2,
4394670,https://a0.muscache.com/pictures/miso/Hosting-4394670/original/90a0c083-6192-4595-afa1-a0600daeab0c.jpeg,success_cached,200.0,c:\Prathik\MY DOCUMENTS\Rental_price_prediction\datasets\multimodal_v3\images\4394670.jpg,3198352,4032,3024,RGB,122874314c9a578c22d21a2222fb98bd,
5288006,https://a0.muscache.com/pictures/2ba45d15-515b-4189-a96a-868794bc2e21.jpg,success_cached,200.0,c:\Prathik\MY DOCUMENTS\Rental_price_prediction\datasets\multimodal_v3\images\5288006.jpg,3831080,5184,3456,RGB,64d85bf08c49f45200022cac5c43b61b,
5261984,https://a0.muscache.com/pictures/e1f5109b-8d5e-46d0-8280-9cb2f676aa35.jpg,success_cached,200.0,c:\Prathik\MY DOCUMENTS\Rental_price_prediction\datasets\multimodal_v3\images\5261984.jpg,2134525,4032,3024,RGB,0ad0a0d7afed687c3866f44c57604594,
5333015,https://a0.muscache.com/pictures/89244934/5fcb316e_original.jpg,success_cached,200.0,c:\Prathik\MY DOCUMENTS\Rental_price_prediction\datasets\multimodal_v3\images\5333015.jpg,334723,1280,960,RGB,ebe0abefba7d2fdd309181f614c626f4,
5506704,https://a0.muscache.com/pictures/miso/Hosting-5506704/original/fae25d30-8733-42e2-969e-875ce73a974d.jpeg,success_cached,200.0,c:\Prathik\MY DOCUMENTS\Rental_price_prediction\datasets\multimodal_v3\images\5506704.jpg,2452933,4032,3024,RGB,293d1595010977c4aca6a891337a4f6b,
5850649,https://a0.muscache.com/pictures/63e53e9c-eea4-4713-a8a1-c9ef9239cb16.jpg,success_cached,200.0,c:\Prathik\MY DOCUMENTS\Rental_price_prediction\datasets\multimodal_v3\images\5850649.jpg,1767308,4200,2800,RGB,58c5f5a9b16dcb2c99ce0ee704571f83,
6054250,https://a0.muscache.com/pictures/536c8658-376b-4752-a8f6-62141999cd26.jpg,success_cached,200.0,c:\Prathik\MY DOCUMENTS\Rental_price_prediction\datasets\multimodal_v3\images\6054250.jpg,2171073,4200,2804,RGB,4f5e894e59163a0e23577ee2a1755766,
6145162,https://a0.muscache.com/pictures/448b678c-030a-4dea-8d36-6b1fb10d53f5.jpg,success_cached,200.0,c:\Prathik\MY DOCUMENTS\Rental_price_prediction\datasets\multimodal_v3\images\6145162.jpg,400814,1440,1080,RGB,39c69515494ba99e671d78fbb9b6386a,
5868695,https://a0.muscache.com/pictures/99dde0b3-6bfb-4a91-846d-4b94c3b739d5.jpg,success_cached,200.0,c:\Prathik\MY DOCUMENTS\Rental_price_prediction\datasets\multimodal_v3\images\5868695.jpg,3634768,4056,3040,RGB,73f70967ac92176e29519a93791c9c75,
6079982,https://a0.muscache.com/pictures/76027145/c2decffb_original.jpg,success_cached,200.0,c:\Prathik\MY DOCUMENTS\Rental_price_prediction\datasets\multimodal_v3\images\6079982.jpg,2600822,4608,3456,RGB,2c49f893451a18910301234142d5efa0,
6170347,https://a0.muscache.com/pictures/c3e003fc-6989-4b71-976d-11fee77d873c.jpg,success_cached,200.0,c:\Prathik\MY DOCUMENTS\Rental_price_prediction\datasets\multimodal_v3\images\6170347.jpg,1178408,4032,3024,RGB,5a8a291e3a47542b0f4ab15cfb2bf8ed,
6197585,https://a0.muscache.com/pictures/77239177/2703e60b_original.jpg,success_cached,200.0,c:\Prathik\MY DOCUMENTS\Rental_price_prediction\datasets\multimodal_v3\images\6197585.jpg,911580,3264,2448,RGB,5e4cbf821e9b0839e1ee2d8d16088b1e,
6227094,https://a0.muscache.com/pictures/miso/Hosting-6227094/original/f76e9a70-6bb0-480f-9a89-702d24e5848d.jpeg,success_cached,200.0,c:\Prathik\MY DOCUMENTS\Rental_price_prediction\datasets\multimodal_v3\images\6227094.jpg,154288,1080,720,RGB,6e1c0e1e64d20b903b1d7799a2b58331,
6234618,https://a0.muscache.com/pictures/82c2e7b0-c734-4c1a-a9a8-e943d460410f.jpg,success_cached,200.0,c:\Prathik\MY DOCUMENTS\Rental_price_prediction\datasets\multimodal_v3\images\6234618.jpg,1042163,3817,2519,RGB,4adab4583c4f059aaa50903c838bb058,
6363332,https://a0.muscache.com/pictures/15cbac49-f70f-45ff-a1da-0ab036d45cba.jpg,success_cached,200.0,c:\Prathik\MY DOCUMENTS\Rental_price_prediction\datasets\multimodal_v3\images\6363332.jpg,298406,960,960,RGB,4bf753de1b05bcb17c5bea194f48c51e,
6399802,https://a0.muscache.com/pictures/b09431d3-e147-4499-b990-832df5dbc0ce.jpg,success_cached,200.0,c:\Prathik\MY DOCUMENTS\Rental_price_prediction\datasets\multimodal_v3\images\6399802.jpg,447960,1440,1080,RGB,8358a38f773295537ec6e8a5b34afd77,
6290666,https://a0.muscache.com/pictures/3a0a5fca-5730-4e54-96d0-74a3ae6f4896.jpg,success_cached,200.0,c:\Prathik\MY DOCUMENTS\Rental_price_prediction\datasets\multimodal_v3\images\6290666.jpg,1825898,4200,2800,RGB,0b7e125cfba41caa60c9826795c003a1,
6452410,https://a0.muscache.com/pictures/395bc7fa-8727-489a-ba7b-effe946a4ae1.jpg,success_cached,200.0,c:\Prathik\MY DOCUMENTS\Rental_price_prediction\datasets\multimodal_v3\images\6452410.jpg,722445,2016,1512,RGB,ebf0a3e1ab92644db370b37e683f623d,
6609327,https://a0.muscache.com/pictures/miso/Hosting-6609327/original/17af9701-8a77-44ba-8f7d-8336c6af6878.jpeg,success_cached,200.0,c:\Prathik\MY DOCUMENTS\Rental_price_prediction\datasets\multimodal_v3\images\6609327.jpg,265761,1280,960,RGB,a69c1744b0e3b806197afca25b385842,
6711659,https://a0.muscache.com/pictures/d3d4d618-2e82-49b9-95d0-df7704890f38.jpg,success_cached,200.0,c:\Prathik\MY DOCUMENTS\Rental_price_prediction\datasets\multimodal_v3\images\6711659.jpg,2028780,4032,3024,RGB,5b71c61b97255237488601fa84c1ac6a,
6715120,https://a0.muscache.com/pictures/miso/Hosting-6715120/original/345fe7e0-03b4-4afb-ace9-64d770408a43.jpeg,success_cached,200.0,c:\Prathik\MY DOCUMENTS\Rental_price_prediction\datasets\multimodal_v3\images\6715120.jpg,3732006,4080,3072,RGB,a0e2c81dac76b38fbb84a52514879bd6,
6724476,https://a0.muscache.com/pictures/miso/Hosting-6724476/original/5928d05e-c3f6-4de1-8607-beafe828e632.jpeg,success_cached,200.0,c:\Prathik\MY DOCUMENTS\Rental_price_prediction\datasets\multimodal_v3\images\6724476.jpg,206348,840,678,RGB,4cd480c92e277ab269259eb3437f5f88,
6760016,https://a0.muscache.com/pictures/85597515/bb3d35e3_original.jpg,success_cached,200.0,c:\Prathik\MY DOCUMENTS\Rental_price_prediction\datasets\multimodal_v3\images\6760016.jpg,1547399,3264,2448,RGB,6a44a7659c0782f701317eb78340f56c,
6180513,https://a0.muscache.com/pictures/prohost-api/Hosting-6180513/original/ba8aad6a-6d0a-4a1d-a635-83017f990f8e.jpeg,failed_http_404,404.0,,0,0,0,,,HTTP 404
498089,https://a0.muscache.com/pictures/1d81a2e0-dcff-46d3-ad73-01fa8f23e116.jpg,failed_http_404,404.0,,0,0,0,,,HTTP 404
3868452,https://a0.muscache.com/pictures/77735546/b7545faf_original.jpg,failed_http_404,404.0,,0,0,0,,,HTTP 404
3968877,https://a0.muscache.com/pictures/99c8af61-43bc-4d8e-96be-7fa6a84336a8.jpg,failed_http_404,404.0,,0,0,0,,,HTTP 404
3369973,https://a0.muscache.com/pictures/a383c128-ab36-44ba-9a9c-a1ad2f451e7c.jpg,failed_http_404,404.0,,0,0,0,,,HTTP 404
2477628,https://a0.muscache.com/pictures/miso/Hosting-2477628/original/5f218c76-1468-4864-99ec-9327ea8b03ba.jpeg,failed_http_404,404.0,,0,0,0,,,HTTP 404
155305,https://a0.muscache.com/pictures/8880711/cf38d21c_original.jpg,failed_http_404,404.0,,0,0,0,,,HTTP 404
3986614,https://a0.muscache.com/pictures/d36ca3ae-21c7-4c3f-ba1b-8a685b9e9868.jpg,failed_http_404,404.0,,0,0,0,,,HTTP 404
1571095,https://a0.muscache.com/pictures/60a2a79f-164a-4039-aa32-9d6672629be0.jpg,failed_http_404,404.0,,0,0,0,,,HTTP 404
1475299,https://a0.muscache.com/pictures/f88ba155-93cf-4b8f-97bd-fa5679e8b77b.jpg,failed_http_404,404.0,,0,0,0,,,HTTP 404
7103096,https://a0.muscache.com/pictures/90087470/58545d32_original.jpg,success_cached,200.0,c:\Prathik\MY DOCUMENTS\Rental_price_prediction\datasets\multimodal_v3\images\7103096.jpg,222589,1024,683,RGB,3d813b78aa324b7d034c14fd3788feec,
6818139,https://a0.muscache.com/pictures/2a1d786c-5b5d-4752-ab16-fa8569401aca.jpg,success_cached,200.0,c:\Prathik\MY DOCUMENTS\Rental_price_prediction\datasets\multimodal_v3\images\6818139.jpg,507347,1440,1080,RGB,589e29e1ad374a3f902f5120f25d73fa,
7438838,https://a0.muscache.com/pictures/104852917/aed9d578_original.jpg,success_cached,200.0,c:\Prathik\MY DOCUMENTS\Rental_price_prediction\datasets\multimodal_v3\images\7438838.jpg,76188,797,534,RGB,6fa98d33bbe2a119dc638dc06c3eb58d,
7418991,https://a0.muscache.com/pictures/hosting/Hosting-7418991/original/971b770f-7a7e-4f9a-b97d-93e578aae2cf.jpeg,success_cached,200.0,c:\Prathik\MY DOCUMENTS\Rental_price_prediction\datasets\multimodal_v3\images\7418991.jpg,1195646,3865,2899,RGB,4893e61f3a09c6acd0748f8ba77e404b,
7001873,https://a0.muscache.com/pictures/646be848-78c9-43bf-a978-71b2f53db241.jpg,success_cached,200.0,c:\Prathik\MY DOCUMENTS\Rental_price_prediction\datasets\multimodal_v3\images\7001873.jpg,3271452,5312,2988,RGB,35243ad9c4da316fd1992bc352ab4e22,
6913630,https://a0.muscache.com/pictures/miso/Hosting-6913630/original/8a8ba3b5-432c-4f3f-ac7a-20869e441e3e.jpeg,success_cached,200.0,c:\Prathik\MY DOCUMENTS\Rental_price_prediction\datasets\multimodal_v3\images\6913630.jpg,57780,640,480,RGB,24fc90e52966d41c53dc4ae13e13d4b0,
7045303,https://a0.muscache.com/pictures/c1e2d99c-e778-4804-bc96-9013e3e4b6af.jpg,success_cached,200.0,c:\Prathik\MY DOCUMENTS\Rental_price_prediction\datasets\multimodal_v3\images\7045303.jpg,410139,4032,3024,RGB,e5e51a8b17144ed91b6a78c78d23963a,
6813265,https://a0.muscache.com/pictures/88838813/ca6843ec_original.jpg,success_cached,200.0,c:\Prathik\MY DOCUMENTS\Rental_price_prediction\datasets\multimodal_v3\images\6813265.jpg,1096071,3264,2448,RGB,799eca6b7190b7a8e407e619ea9e036b,
7665735,https://a0.muscache.com/pictures/97367121/c41f2c22_original.jpg,success_cached,200.0,c:\Prathik\MY DOCUMENTS\Rental_price_prediction\datasets\multimodal_v3\images\7665735.jpg,684507,2064,1161,RGB,b3dee5025f0033c0d409d86d38caa0dd,
6002814,https://a0.muscache.com/pictures/miso/Hosting-6002814/original/194dbbe8-dc9d-4175-ad63-747a18268032.jpeg,failed_http_404,404.0,,0,0,0,,,HTTP 404
7859259,https://a0.muscache.com/pictures/dcac39e8-3343-4433-9d70-5df220eca93c.jpg,success_cached,200.0,c:\Prathik\MY DOCUMENTS\Rental_price_prediction\datasets\multimodal_v3\images\7859259.jpg,921638,2448,3264,RGB,2da0eda77db12869b2f1cd3a7a457833,
6970329,https://a0.muscache.com/pictures/miso/Hosting-6970329/original/d24d9fa5-98a2-45ed-8923-182d27234572.jpeg,success_cached,200.0,c:\Prathik\MY DOCUMENTS\Rental_price_prediction\datasets\multimodal_v3\images\6970329.jpg,1608261,4032,3024,RGB,776246ef9d2b346a0866d4686a2e1ea5,
7938930,https://a0.muscache.com/pictures/7c796240-80c5-470f-9779-3077192d298b.jpg,success_cached,200.0,c:\Prathik\MY DOCUMENTS\Rental_price_prediction\datasets\multimodal_v3\images\7938930.jpg,1918257,4748,3159,RGB,b2e7393234d67035b0f85e829634bdef,
7967886,https://a0.muscache.com/pictures/miso/Hosting-7967886/original/ddbab0fc-52b8-47d7-91f5-12c309773bf3.jpeg,success_cached,200.0,c:\Prathik\MY DOCUMENTS\Rental_price_prediction\datasets\multimodal_v3\images\7967886.jpg,189461,1140,855,RGB,177bbb2e9ce41afaff5d445c7350fac9,
7887572,https://a0.muscache.com/pictures/674030e1-8e3c-4474-8271-e64eb8943753.jpg,success_cached,200.0,c:\Prathik\MY DOCUMENTS\Rental_price_prediction\datasets\multimodal_v3\images\7887572.jpg,3570465,4032,3024,RGB,4a793b7cafd6b04a2be52d6b78c9c6f3,
7665386,https://a0.muscache.com/pictures/7781d6b9-9594-461a-a684-c64eaf2a4eb9.jpg,success_cached,200.0,c:\Prathik\MY DOCUMENTS\Rental_price_prediction\datasets\multimodal_v3\images\7665386.jpg,1029669,4032,3024,RGB,caaee72e3a48b1e22432a561b1e4c1ec,
7674957,https://a0.muscache.com/pictures/1de78927-bc08-4278-8ce1-988261caf344.jpg,success_cached,200.0,c:\Prathik\MY DOCUMENTS\Rental_price_prediction\datasets\multimodal_v3\images\7674957.jpg,2389518,4032,3024,RGB,cd845ac60d864bf1b2b7aa13a6167266,
8089299,https://a0.muscache.com/pictures/miso/Hosting-8089299/original/b423ac6d-d7b6-436e-b4a7-e4e0362af7d2.jpeg,success_cached,200.0,c:\Prathik\MY DOCUMENTS\Rental_price_prediction\datasets\multimodal_v3\images\8089299.jpg,1138557,4032,3024,RGB,481d529fbb2107cb945f1bfb6f519ae1,
8193368,https://a0.muscache.com/pictures/ca7c9136-7b70-48c3-8c12-00885fa277e1.jpg,success_cached,200.0,c:\Prathik\MY DOCUMENTS\Rental_price_prediction\datasets\multimodal_v3\images\8193368.jpg,1653434,5760,3840,RGB,e363d02b156cc86bef21c8914d8c53d5,
8265544,https://a0.muscache.com/pictures/cbc7cbdf-6d37-4c33-8b0c-caa4ead937ff.jpg,success_cached,200.0,c:\Prathik\MY DOCUMENTS\Rental_price_prediction\datasets\multimodal_v3\images\8265544.jpg,671401,1764,1825,RGB,d33cb86f985d877225a4f82d7dfdd3d8,
8304698,https://a0.muscache.com/pictures/1afe228b-bef3-4b5a-b432-b5ac3de4a04c.jpg,success_cached,200.0,c:\Prathik\MY DOCUMENTS\Rental_price_prediction\datasets\multimodal_v3\images\8304698.jpg,798681,3264,2448,RGB,f90da954c02f3d89460260cf1b4f7e7d,
8246075,https://a0.muscache.com/pictures/3ee2c1e5-32b6-4661-b731-ae466b43ebda.jpg,success_cached,200.0,c:\Prathik\MY DOCUMENTS\Rental_price_prediction\datasets\multimodal_v3\images\8246075.jpg,1943165,4096,2731,RGB,1bc87ee82e85b9e44130523ac542d449,
8211404,https://a0.muscache.com/pictures/36b3941f-cfed-41ea-9b99-d44051fc68ed.jpg,success_cached,200.0,c:\Prathik\MY DOCUMENTS\Rental_price_prediction\datasets\multimodal_v3\images\8211404.jpg,1159669,1920,1280,RGB,4ac7da75c32044b124ab5570af165c4a,
8310318,https://a0.muscache.com/pictures/105809097/6f30b886_original.jpg,success_cached,200.0,c:\Prathik\MY DOCUMENTS\Rental_price_prediction\datasets\multimodal_v3\images\8310318.jpg,198445,800,600,RGB,c8bc60c6de20bf9b350baf81dc718ff2,
8362668,https://a0.muscache.com/pictures/106497778/c0872ccb_original.jpg,success_cached,200.0,c:\Prathik\MY DOCUMENTS\Rental_price_prediction\datasets\multimodal_v3\images\8362668.jpg,1092334,3264,2448,RGB,a9c2c9c91c1dde3698202f2e82ccc3cc,
8513468,https://a0.muscache.com/pictures/fc564637-1850-461b-aa01-ed1427182873.jpg,success_cached,200.0,c:\Prathik\MY DOCUMENTS\Rental_price_prediction\datasets\multimodal_v3\images\8513468.jpg,143251,864,576,RGB,0f8c4ce1a79cd20d5182b9b69d81a710,
8593492,https://a0.muscache.com/pictures/f7669f6d-3db2-485a-b822-c562f5aac84e.jpg,success_cached,200.0,c:\Prathik\MY DOCUMENTS\Rental_price_prediction\datasets\multimodal_v3\images\8593492.jpg,2710329,3264,2448,RGB,9c7278aa1675112fd3d938a129721f5b,
1768955,https://a0.muscache.com/pictures/24983468/1c037ed5_original.jpg,failed_http_404,404.0,,0,0,0,,,HTTP 404
8741844,https://a0.muscache.com/pictures/1c52ce51-f23c-4627-aa8a-bfbe8c74beb0.jpg,success_cached,200.0,c:\Prathik\MY DOCUMENTS\Rental_price_prediction\datasets\multimodal_v3\images\8741844.jpg,450991,1936,1936,RGB,f63877918cd9a050623c09c35ab5cc86,
8782463,https://a0.muscache.com/pictures/21c2f545-86ab-4c53-975f-0c89724c1219.jpg,success_cached,200.0,c:\Prathik\MY DOCUMENTS\Rental_price_prediction\datasets\multimodal_v3\images\8782463.jpg,1944637,4608,3072,RGB,e63dba2cc3acc7591e7455a4b72c6952,
314540,https://a0.muscache.com/pictures/miso/Hosting-314540/original/60de5223-6198-46dc-bc0f-00857e70b1b1.jpeg,failed_http_404,404.0,,0,0,0,,,HTTP 404
3590634,https://a0.muscache.com/pictures/miso/Hosting-3590634/original/2f5f9478-f2d1-408f-b954-5e874497ff34.jpeg,failed_http_404,404.0,,0,0,0,,,HTTP 404
9022608,https://a0.muscache.com/pictures/a41c54e5-6eb4-44a3-875b-fded8ef4726a.jpg,success_cached,200.0,c:\Prathik\MY DOCUMENTS\Rental_price_prediction\datasets\multimodal_v3\images\9022608.jpg,1162232,2958,2369,RGB,4a707ac729ad5a5012083e3a8d39fdf8,
2454666,https://a0.muscache.com/pictures/cd89dc05-bf62-49db-8998-57c043de104e.jpg,failed_http_404,404.0,,0,0,0,,,HTTP 404
9243493,https://a0.muscache.com/pictures/e49f6afa-7ff5-48e9-9901-e17624665cf2.jpg,success_cached,200.0,c:\Prathik\MY DOCUMENTS\Rental_price_prediction\datasets\multimodal_v3\images\9243493.jpg,183569,800,600,RGB,46027e04c4548eab37ad14b3fd65eb3f,
9906491,https://a0.muscache.com/pictures/miso/Hosting-9906491/original/d1a81d07-7e12-43a5-9c27-dd7b6c65d638.jpeg,success_cached,200.0,c:\Prathik\MY DOCUMENTS\Rental_price_prediction\datasets\multimodal_v3\images\9906491.jpg,2317396,3733,2488,RGB,2fd5b14a4030a399f5fb2999421d401f,
9944111,https://a0.muscache.com/pictures/7406b089-7507-4e79-9b20-c9469b4cac81.jpg,success_cached,200.0,c:\Prathik\MY DOCUMENTS\Rental_price_prediction\datasets\multimodal_v3\images\9944111.jpg,982950,2048,1365,RGB,eddbb33b42dcd4a2009a1bf3ce7b637c,
10085566,https://a0.muscache.com/pictures/f1963bb5-40a6-44c0-9b32-e0caa9f836c0.jpg,success_cached,200.0,c:\Prathik\MY DOCUMENTS\Rental_price_prediction\datasets\multimodal_v3\images\10085566.jpg,60132,432,324,RGB,a52111999f7f6630ec25f22cddf3ed15,
10089256,https://a0.muscache.com/pictures/miso/Hosting-10089256/original/0d09a91a-4688-4a6d-8f59-17d515a3d791.jpeg,success_cached,200.0,c:\Prathik\MY DOCUMENTS\Rental_price_prediction\datasets\multimodal_v3\images\10089256.jpg,1407239,4200,2800,RGB,6422948f074848f4932cf5c62338d0f2,
10263107,https://a0.muscache.com/pictures/cb4a4033-1019-4318-981e-45ed979c479f.jpg,success_cached,200.0,c:\Prathik\MY DOCUMENTS\Rental_price_prediction\datasets\multimodal_v3\images\10263107.jpg,434538,961,1057,RGB,36212398fcd181254ba41c94349c0a03,
4448604,https://a0.muscache.com/pictures/miso/Hosting-4448604/original/67b8cd3b-7f73-4a2c-9e23-327cf96adae4.jpeg,failed_http_404,404.0,,0,0,0,,,HTTP 404
10360188,https://a0.muscache.com/pictures/51681cfb-ab30-47a8-b585-8ea39d878d88.jpg,success_cached,200.0,c:\Prathik\MY DOCUMENTS\Rental_price_prediction\datasets\multimodal_v3\images\10360188.jpg,1865415,4032,3024,RGB,a0110b60b76a7c70fc5881cf179f7829,
5464591,https://a0.muscache.com/pictures/36812185-bda3-43af-969a-6c850bca7f8f.jpg,failed_http_404,404.0,,0,0,0,,,HTTP 404
10524188,https://a0.muscache.com/pictures/monet/Select-10524188/original/75e93263-978f-4c40-9337-04b125d3e4b8,success_cached,200.0,c:\Prathik\MY DOCUMENTS\Rental_price_prediction\datasets\multimodal_v3\images\10524188.jpg,1578832,3730,2487,RGB,e755f8903206acc3b12781330cb23d4d,
10632884,https://a0.muscache.com/pictures/miso/Hosting-10632884/original/27e0ccb9-f30e-4bbb-bb86-c155927a1882.jpeg,success_cached,200.0,c:\Prathik\MY DOCUMENTS\Rental_price_prediction\datasets\multimodal_v3\images\10632884.jpg,2001169,5761,3841,RGB,20362c0bb4a84773ebb32c59ba8b253d,
10724022,https://a0.muscache.com/pictures/aa14ad05-4792-4e28-919c-84167c3e9b5e.jpg,success_cached,200.0,c:\Prathik\MY DOCUMENTS\Rental_price_prediction\datasets\multimodal_v3\images\10724022.jpg,538210,2411,1170,RGB,042ef8152360e5b7de409c65f6c04576,
6698737,https://a0.muscache.com/pictures/miso/Hosting-6698737/original/3618a84e-dffd-47f4-a34c-7764bc53b02c.jpeg,failed_http_404,404.0,,0,0,0,,,HTTP 404
10674355,https://a0.muscache.com/pictures/5caf3a39-817d-4a9d-9657-d09d263f311c.jpg,success_cached,200.0,c:\Prathik\MY DOCUMENTS\Rental_price_prediction\datasets\multimodal_v3\images\10674355.jpg,1882371,3872,2592,RGB,f39ad45fb9e78a2edb1627dc66b0a155,
10785231,https://a0.muscache.com/pictures/miso/Hosting-10785231/original/03d36e8d-f26c-4ca2-8392-7d6a1517c9d2.jpeg,success_cached,200.0,c:\Prathik\MY DOCUMENTS\Rental_price_prediction\datasets\multimodal_v3\images\10785231.jpg,116647,789,526,RGB,3223cdc9f36b8232b473540bf3132c28,
10853381,https://a0.muscache.com/pictures/miso/Hosting-10853381/original/a9a31997-33e0-48b1-9430-be7fa34ef12b.jpeg,success_cached,200.0,c:\Prathik\MY DOCUMENTS\Rental_price_prediction\datasets\multimodal_v3\images\10853381.jpg,3777743,4032,3024,RGB,defdb96ab27073a04ab8cb9c536626d9,
11259371,https://a0.muscache.com/pictures/690b9ea2-016c-459f-af34-8991038bf6bc.jpg,success_cached,200.0,c:\Prathik\MY DOCUMENTS\Rental_price_prediction\datasets\multimodal_v3\images\11259371.jpg,3675662,4032,3024,RGB,df06ddb3be309f8c44ddfec0bda3118e,
11291801,https://a0.muscache.com/pictures/814f8d50-4c73-4edf-9564-944bcf0c09a0.jpg,success_cached,200.0,c:\Prathik\MY DOCUMENTS\Rental_price_prediction\datasets\multimodal_v3\images\11291801.jpg,1647591,2592,3872,RGB,c7ffbad6e90f7465a2a5de7030c01e07,
11388248,https://a0.muscache.com/pictures/65c1bdbe-96c9-46c8-a27c-aa5d166d05ee.jpg,success_cached,200.0,c:\Prathik\MY DOCUMENTS\Rental_price_prediction\datasets\multimodal_v3\images\11388248.jpg,1609246,5715,3810,RGB,ebcfefba9d9a4ad5fd905ad75c77c7c1,
11421709,https://a0.muscache.com/pictures/miso/Hosting-11421709/original/91e6733a-f5d1-4f92-bae5-7bb841b25af6.jpeg,success_cached,200.0,c:\Prathik\MY DOCUMENTS\Rental_price_prediction\datasets\multimodal_v3\images\11421709.jpg,1726450,3000,2000,RGB,5cdab8a8f1de944df7590f09dbf90290,
6056098,https://a0.muscache.com/pictures/24d50b8b-bfa9-4544-9559-19c6d64ac9bf.jpg,failed_http_404,404.0,,0,0,0,,,HTTP 404
11489172,https://a0.muscache.com/pictures/f7d763f4-ab05-49ef-bfe2-a266d0623ac9.jpg,success_cached,200.0,c:\Prathik\MY DOCUMENTS\Rental_price_prediction\datasets\multimodal_v3\images\11489172.jpg,44549,496,330,RGB,24fde5200535b393565cde6438d86c98,
11553531,https://a0.muscache.com/pictures/677cac85-6c00-443b-a14c-50504d0e5ac4.jpg,success_cached,200.0,c:\Prathik\MY DOCUMENTS\Rental_price_prediction\datasets\multimodal_v3\images\11553531.jpg,1747287,4032,3024,RGB,61b735e93c9b8fc1d37aa6def335e408,
11609580,https://a0.muscache.com/pictures/1c018d86-a5c8-467e-803c-99e705ef760c.jpg,success_cached,200.0,c:\Prathik\MY DOCUMENTS\Rental_price_prediction\datasets\multimodal_v3\images\11609580.jpg,432515,1988,1212,RGB,fb97d2df2e670e1aa7ec4a7961082402,
8443279,https://a0.muscache.com/pictures/11506455-77c8-47a3-ac06-e725a0c6e6f9.jpg,failed_http_404,404.0,,0,0,0,,,HTTP 404
11811039,https://a0.muscache.com/pictures/13753d7d-dded-41b8-b016-8840efb95a86.jpg,success_cached,200.0,c:\Prathik\MY DOCUMENTS\Rental_price_prediction\datasets\multimodal_v3\images\11811039.jpg,1482764,5709,3806,RGB,cbd0b1ab4f70bd7811476a3cc63f817d,
7063293,https://a0.muscache.com/pictures/89588929/0cd312b9_original.jpg,failed_http_404,404.0,,0,0,0,,,HTTP 404
11938223,https://a0.muscache.com/pictures/miso/Hosting-11938223/original/333c52b8-ff03-49a2-b738-8b29bd46d387.jpeg,success_cached,200.0,c:\Prathik\MY DOCUMENTS\Rental_price_prediction\datasets\multimodal_v3\images\11938223.jpg,643294,1967,1311,RGB,1abfeb7a9166217c65d724cbede7c29d,
6765734,https://a0.muscache.com/pictures/c3c8846c-4b56-4af6-a030-bcbbeb3aa1ec.jpg,failed_http_404,404.0,,0,0,0,,,HTTP 404
8266788,https://a0.muscache.com/pictures/miso/Hosting-8266788/original/98e1dfbb-e381-40ee-8a6a-706a04254a73.jpeg,failed_http_404,404.0,,0,0,0,,,HTTP 404
11947108,https://a0.muscache.com/pictures/cef1d8eb-7c48-4f69-941b-3835ee765625.jpg,success_cached,200.0,c:\Prathik\MY DOCUMENTS\Rental_price_prediction\datasets\multimodal_v3\images\11947108.jpg,1211284,3911,2577,RGB,bb4fda1427a7961d28cb8c30b4138465,
12107874,https://a0.muscache.com/pictures/d8b90d78-5d1f-4b8e-84c4-e09f66996a57.jpg,success_cached,200.0,c:\Prathik\MY DOCUMENTS\Rental_price_prediction\datasets\multimodal_v3\images\12107874.jpg,68963,773,515,RGB,657e9169f68e987479eab149b5e7d77a,
12144656,https://a0.muscache.com/pictures/miso/Hosting-12144656/original/7e3de8ba-8730-4942-a12d-57bcd1124604.jpeg,success_cached,200.0,c:\Prathik\MY DOCUMENTS\Rental_price_prediction\datasets\multimodal_v3\images\12144656.jpg,2464651,4800,3195,RGB,dbd324c956dc0d1007ffa9b709d3d514,
12222050,https://a0.muscache.com/pictures/b4bbf36f-32f2-42ef-9f3a-46de95713994.jpg,success_cached,200.0,c:\Prathik\MY DOCUMENTS\Rental_price_prediction\datasets\multimodal_v3\images\12222050.jpg,558635,2656,1494,RGB,8fcde15404e53163a882d3434674900d,
12250733,https://a0.muscache.com/pictures/e25de3b7-c06f-49ba-bbfc-3e57ae261428.jpg,success_cached,200.0,c:\Prathik\MY DOCUMENTS\Rental_price_prediction\datasets\multimodal_v3\images\12250733.jpg,135940,1000,667,RGB,6204093e5416bd47a88307084157b9b5,
8634354,https://a0.muscache.com/pictures/miso/Hosting-8634354/original/23e52c13-81bc-43b2-8157-e200f7d8dbe9.jpeg,failed_http_404,404.0,,0,0,0,,,HTTP 404
12281167,https://a0.muscache.com/pictures/c8366e02-f3b4-4a15-bb11-cde7a2a0f695.jpg,success_cached,200.0,c:\Prathik\MY DOCUMENTS\Rental_price_prediction\datasets\multimodal_v3\images\12281167.jpg,2128296,3264,2448,RGB,10453615d20e263931cee20944eac0e9,
12286328,https://a0.muscache.com/pictures/cff14c52-b346-4227-93ea-94a8252d6eb5.jpg,success_cached,200.0,c:\Prathik\MY DOCUMENTS\Rental_price_prediction\datasets\multimodal_v3\images\12286328.jpg,1639618,4032,2268,RGB,ad67faa88f51b1be2a30660004098ba0,
6829875,https://a0.muscache.com/pictures/miso/Hosting-6829875/original/2cdb17e4-4fc8-48a4-a04f-eb4371fbbac9.jpeg,failed_http_404,404.0,,0,0,0,,,HTTP 404
6765832,https://a0.muscache.com/pictures/d0985526-f837-4988-8054-79ebcb7d507a.jpg,failed_http_404,404.0,,0,0,0,,,HTTP 404
7947839,https://a0.muscache.com/pictures/eb5a4f28-3b92-4db9-8755-0e774f6ccb57.jpg,failed_http_404,404.0,,0,0,0,,,HTTP 404
12400514,https://a0.muscache.com/pictures/26840fa1-908d-401a-a8a4-defdca7853cb.jpg,success_cached,200.0,c:\Prathik\MY DOCUMENTS\Rental_price_prediction\datasets\multimodal_v3\images\12400514.jpg,158755,900,563,RGB,08ddc2821305265c3c0cbde20fc577b9,
12472966,https://a0.muscache.com/pictures/2423c9ce-f8e0-4106-b661-464d49b0edf0.jpg,success_cached,200.0,c:\Prathik\MY DOCUMENTS\Rental_price_prediction\datasets\multimodal_v3\images\12472966.jpg,3398860,4032,3024,RGB,a35e77225cfd4cb525792a5bafd46ead,
8070733,https://a0.muscache.com/pictures/d4432a74-1654-4eb5-ae23-ede7db6bffe6.jpg,failed_http_404,404.0,,0,0,0,,,HTTP 404
12763722,https://a0.muscache.com/pictures/prohost-api/Hosting-12763722/original/4825f490-e6a2-4dbe-9da3-e55470ca3233.jpeg,success_cached,200.0,c:\Prathik\MY DOCUMENTS\Rental_price_prediction\datasets\multimodal_v3\images\12763722.jpg,187615,1280,853,RGB,f041d2bd2551c01ca3355983de16c716,
12809255,https://a0.muscache.com/pictures/960a1e35-9a5c-42e9-b1c7-a2c6a6c9e6af.jpg,success_cached,200.0,c:\Prathik\MY DOCUMENTS\Rental_price_prediction\datasets\multimodal_v3\images\12809255.jpg,1468226,4160,3120,RGB,15de779d195a65b7aec9e07a44838dd4,
12813635,https://a0.muscache.com/pictures/miso/Hosting-12813635/original/487e3a7f-9edb-446b-8260-ef176997ea25.jpeg,success_cached,200.0,c:\Prathik\MY DOCUMENTS\Rental_price_prediction\datasets\multimodal_v3\images\12813635.jpg,1144012,2048,1536,RGB,0b199ab834ef1051911529d4be4c2a18,
12834984,https://a0.muscache.com/pictures/161c5411-4103-47b0-adfa-2035ef8cdb03.jpg,success_cached,200.0,c:\Prathik\MY DOCUMENTS\Rental_price_prediction\datasets\multimodal_v3\images\12834984.jpg,1035183,1865,2490,RGB,f9274896e732224801924554a19af767,
12835184,https://a0.muscache.com/pictures/fedfd30a-1df1-48d2-9ca4-b0ec02358b9b.jpg,success_cached,200.0,c:\Prathik\MY DOCUMENTS\Rental_price_prediction\datasets\multimodal_v3\images\12835184.jpg,1441803,4608,3456,RGB,14bcaa90bcebc38d374182777a03c978,
12848084,https://a0.muscache.com/pictures/hosting/Hosting-12848084/original/85400805-0462-4c33-864d-638595a02079.jpeg,success_cached,200.0,c:\Prathik\MY DOCUMENTS\Rental_price_prediction\datasets\multimodal_v3\images\12848084.jpg,1790616,4032,3024,RGB,9c720f91bfb0c5748f9527f2eda6c747,
8895397,https://a0.muscache.com/pictures/616ceae8-5a78-47b6-8e0f-fdcc1e80d63d.jpg,failed_http_404,404.0,,0,0,0,,,HTTP 404
12918380,https://a0.muscache.com/pictures/66709dd3-8055-4c71-a51a-769719c1ff77.jpg,success_cached,200.0,c:\Prathik\MY DOCUMENTS\Rental_price_prediction\datasets\multimodal_v3\images\12918380.jpg,1080083,3264,2448,RGB,9994ae9faeb49ec2a8f969e49d67e60c,
10289755,https://a0.muscache.com/pictures/6867ca5d-8876-4c00-9216-1820c94b4b11.jpg,failed_http_404,404.0,,0,0,0,,,HTTP 404
12970301,https://a0.muscache.com/pictures/56ac4bcf-688e-4fd9-825e-dad6d54fc89f.jpg,success_cached,200.0,c:\Prathik\MY DOCUMENTS\Rental_price_prediction\datasets\multimodal_v3\images\12970301.jpg,1143906,2592,1728,RGB,f453b4fc52ddc8301d93d933d358f381,
11182596,https://a0.muscache.com/pictures/86d498eb-5d57-4f4e-a611-11ad748ef649.jpg,failed_http_404,404.0,,0,0,0,,,HTTP 404
11618840,https://a0.muscache.com/pictures/854d72ea-b762-4004-aa34-8ebd2aa519b7.jpg,failed_http_404,404.0,,0,0,0,,,HTTP 404
12105828,https://a0.muscache.com/pictures/7ef56b66-3a57-4f69-96b0-94f761765bcb.jpg,failed_http_404,404.0,,0,0,0,,,HTTP 404
13186091,https://a0.muscache.com/pictures/956b61fc-047e-4a7e-a690-8019b0671b5d.jpg,success_cached,200.0,c:\Prathik\MY DOCUMENTS\Rental_price_prediction\datasets\multimodal_v3\images\13186091.jpg,283861,1115,1087,RGB,09543a0b06e6716e2a3b0c8d67aba7fa,
13206560,https://a0.muscache.com/pictures/7fd6b427-08e6-42f6-a0d8-196edb10f4ea.jpg,success_cached,200.0,c:\Prathik\MY DOCUMENTS\Rental_price_prediction\datasets\multimodal_v3\images\13206560.jpg,1909475,4200,2804,RGB,a9cf94f99bd03c71aacb8b4bf476413c,
13234214,https://a0.muscache.com/pictures/de092deb-6024-4e8b-83bc-b2a08304c001.jpg,success_cached,200.0,c:\Prathik\MY DOCUMENTS\Rental_price_prediction\datasets\multimodal_v3\images\13234214.jpg,503357,1504,996,RGB,dcaa109b7b7e815e574e23473d13ce0b,
13274313,https://a0.muscache.com/pictures/miso/Hosting-13274313/original/408c88cb-786f-4400-954f-e98ecb7ba68b.jpeg,success_cached,200.0,c:\Prathik\MY DOCUMENTS\Rental_price_prediction\datasets\multimodal_v3\images\13274313.jpg,125699,1024,683,RGB,149fed64dcbac33f6b2854f1302481f7,
13279595,https://a0.muscache.com/pictures/miso/Hosting-13279595/original/fce6798c-acb1-4271-8141-fdb4171a2857.jpeg,success_cached,200.0,c:\Prathik\MY DOCUMENTS\Rental_price_prediction\datasets\multimodal_v3\images\13279595.jpg,1865622,4032,3024,RGB,b64fe458e5fc83af0dffe391fafbdd80,
12266103,https://a0.muscache.com/pictures/ee9fdf5c-5ff5-4634-a0e4-56e309a255b6.jpg,failed_http_404,404.0,,0,0,0,,,HTTP 404
13326253,https://a0.muscache.com/pictures/c958f0b1-534d-41d0-a97a-42d0b6500898.jpg,success_cached,200.0,c:\Prathik\MY DOCUMENTS\Rental_price_prediction\datasets\multimodal_v3\images\13326253.jpg,2420126,4720,3168,RGB,3450cd08ebc61d56c23a0df382e2dbc5,
13333422,https://a0.muscache.com/pictures/c101e3fa-04c5-4590-a4a1-56bc44406321.jpg,success_cached,200.0,c:\Prathik\MY DOCUMENTS\Rental_price_prediction\datasets\multimodal_v3\images\13333422.jpg,1191000,4272,2848,RGB,46351faa24ee1fb6a48ae999dc0cd3e4,
12543684,https://a0.muscache.com/pictures/miso/Hosting-12543684/original/be3a438b-b84c-4d0b-b0d8-0d3ef78a02d9.jpeg,failed_http_404,404.0,,0,0,0,,,HTTP 404
12377575,https://a0.muscache.com/pictures/51c14af1-e4e6-4123-a8d2-b921cf83f305.jpg,failed_http_404,404.0,,0,0,0,,,HTTP 404
13348419,https://a0.muscache.com/pictures/0afaf172-194b-4e87-8883-55d6ded6526d.jpg,success_cached,200.0,c:\Prathik\MY DOCUMENTS\Rental_price_prediction\datasets\multimodal_v3\images\13348419.jpg,1183332,2896,1936,RGB,d596c5f811c8601cedb132c66741ff30,
13355384,https://a0.muscache.com/pictures/84cd3a30-baed-4772-9dcd-9d6ada9d7931.jpg,success_cached,200.0,c:\Prathik\MY DOCUMENTS\Rental_price_prediction\datasets\multimodal_v3\images\13355384.jpg,1175713,4032,3024,RGB,a9a55d51d6bb9ecf5b85069869792b3a,
13386987,https://a0.muscache.com/pictures/76b0d2fc-526c-4533-bae6-caabdd7d72a0.jpg,success_cached,200.0,c:\Prathik\MY DOCUMENTS\Rental_price_prediction\datasets\multimodal_v3\images\13386987.jpg,1470540,4032,3024,RGB,185e57eb18dea362f08bb3509813e261,
13426466,https://a0.muscache.com/pictures/2974661e-3cc5-4d61-9ca5-c3dfa1852811.jpg,success_cached,200.0,c:\Prathik\MY DOCUMENTS\Rental_price_prediction\datasets\multimodal_v3\images\13426466.jpg,33356,320,320,RGB,fd0ff8dd6c978c036d8bc488cf2b0803,
13093505,https://a0.muscache.com/pictures/hosting/Hosting-13093505/original/ad0a2338-13c2-48c7-ac50-fc5715ecb011.jpeg,failed_http_404,404.0,,0,0,0,,,HTTP 404
12989718,https://a0.muscache.com/pictures/a3aaa7fe-ba7b-48b9-a92e-b1e9c30e9c61.jpg,failed_http_404,404.0,,0,0,0,,,HTTP 404
13556933,https://a0.muscache.com/pictures/31dfdfd5-e74b-4e73-8140-d01629ec58b1.jpg,success_cached,200.0,c:\Prathik\MY DOCUMENTS\Rental_price_prediction\datasets\multimodal_v3\images\13556933.jpg,2132207,4032,3024,RGB,36edd4e4ee59fb943af6e6ef52e8ebb0,
13308291,https://a0.muscache.com/pictures/miso/Hosting-13308291/original/ce3c1ade-89e6-492d-90fa-6ce2307a42ec.jpeg,failed_http_404,404.0,,0,0,0,,,HTTP 404
13621363,https://a0.muscache.com/pictures/miso/Hosting-13621363/original/f71d9bad-f880-4fda-a6f9-3746d28c91ae.jpeg,success_cached,200.0,c:\Prathik\MY DOCUMENTS\Rental_price_prediction\datasets\multimodal_v3\images\13621363.jpg,1968516,4032,3024,RGB,fb3ee3753bb9b8423eb154fb5f395fc3,
13674901,https://a0.muscache.com/pictures/a63e5ad3-a4ce-4237-a769-a15f5843ce14.jpg,success_cached,200.0,c:\Prathik\MY DOCUMENTS\Rental_price_prediction\datasets\multimodal_v3\images\13674901.jpg,1466559,3024,4032,RGB,fb8e8c019ffbcfc2dd3814807a555bef,
13686565,https://a0.muscache.com/pictures/b5b52b18-a207-4a39-920b-702ca6f1abf8.jpg,success_cached,200.0,c:\Prathik\MY DOCUMENTS\Rental_price_prediction\datasets\multimodal_v3\images\13686565.jpg,1784642,3769,2511,RGB,a4aad058e95b3b8a4b9dc575ce788797,
13716891,https://a0.muscache.com/pictures/609951bc-c46f-4b20-89ef-b2f037bf30fe.jpg,success_cached,200.0,c:\Prathik\MY DOCUMENTS\Rental_price_prediction\datasets\multimodal_v3\images\13716891.jpg,1727526,3264,2448,RGB,d60d35a880c376adf214dbe9b6747993,
13514183,https://a0.muscache.com/pictures/prohost-api/Hosting-13514183/original/9457f84d-f6eb-46e1-b288-e02bb13a609f.jpeg,failed_http_404,404.0,,0,0,0,,,HTTP 404
13340576,https://a0.muscache.com/pictures/e4d6ea21-a04a-43ca-a9e7-9ff31bd8251a.jpg,failed_http_404,404.0,,0,0,0,,,HTTP 404
13388627,https://a0.muscache.com/pictures/prohost-api/Hosting-13388627/original/496f6f83-a8fe-46ab-a8f9-70bbf4979f33.jpeg,failed_http_404,404.0,,0,0,0,,,HTTP 404
13524286,https://a0.muscache.com/pictures/prohost-api/Hosting-13524286/original/4672e680-db7a-47ff-9564-b293d2fcf8bc.jpeg,failed_http_404,404.0,,0,0,0,,,HTTP 404
13582513,https://a0.muscache.com/pictures/c09c040a-be99-4c41-babb-62847263e93e.jpg,failed_http_404,404.0,,0,0,0,,,HTTP 404
14110641,https://a0.muscache.com/pictures/5ba5c791-c725-4680-8075-b28eb9d5ffdc.jpg,success_cached,200.0,c:\Prathik\MY DOCUMENTS\Rental_price_prediction\datasets\multimodal_v3\images\14110641.jpg,60031,594,408,RGB,543fafc38c695f9e3d5b11b0a07a9e3c,
13779774,https://a0.muscache.com/pictures/miso/Hosting-13779774/original/4e385879-3c4d-4974-a3b9-2ad268aea62b.jpeg,failed_http_404,404.0,,0,0,0,,,HTTP 404
14125023,https://a0.muscache.com/pictures/693c127a-3b56-4e36-b4a9-019ec9aaab4b.jpg,success_cached,200.0,c:\Prathik\MY DOCUMENTS\Rental_price_prediction\datasets\multimodal_v3\images\14125023.jpg,3885817,6016,4016,RGB,715a9de8e6a6804810c29bfffeb36bec,
14167740,https://a0.muscache.com/pictures/a6009dda-7303-406e-8857-693b8086f422.jpg,success_cached,200.0,c:\Prathik\MY DOCUMENTS\Rental_price_prediction\datasets\multimodal_v3\images\14167740.jpg,1413365,3264,2448,RGB,46512f24c1d1386b61d662f2288986c6,
14168464,https://a0.muscache.com/pictures/641c5348-a059-4c2b-b634-1b0ca1444b08.jpg,success_cached,200.0,c:\Prathik\MY DOCUMENTS\Rental_price_prediction\datasets\multimodal_v3\images\14168464.jpg,592854,2245,2875,RGB,0b14ae7cc33d861cee8ec54491b0b21c,
13901952,https://a0.muscache.com/pictures/9379f8cd-ad52-4627-8359-d9f685507f7f.jpg,failed_http_404,404.0,,0,0,0,,,HTTP 404
14236639,https://a0.muscache.com/pictures/97c68748-4219-4237-80a9-d93d940524a6.jpg,success_cached,200.0,c:\Prathik\MY DOCUMENTS\Rental_price_prediction\datasets\multimodal_v3\images\14236639.jpg,2382554,4288,2848,RGB,a2bef7e6cae51958dd20755847bbf39c,
14052114,https://a0.muscache.com/pictures/d7528363-b1fa-4b08-8377-057a7dec2e40.jpg,failed_http_404,404.0,,0,0,0,,,HTTP 404
14357005,https://a0.muscache.com/pictures/a8ea9644-f143-4eb3-a98d-7a772d5e6610.jpg,success_cached,200.0,c:\Prathik\MY DOCUMENTS\Rental_price_prediction\datasets\multimodal_v3\images\14357005.jpg,290432,1440,900,RGB,2f2049352c6ec964b9ea413327c5a33d,
14122794,https://a0.muscache.com/pictures/a0d9887d-12ed-4b7f-8212-7de0ffa863fb.jpg,failed_http_404,404.0,,0,0,0,,,HTTP 404
14514191,https://a0.muscache.com/pictures/44927bce-2c99-4c37-87d7-10ce07ea08d6.jpg,success_cached,200.0,c:\Prathik\MY DOCUMENTS\Rental_price_prediction\datasets\multimodal_v3\images\14514191.jpg,79496,640,436,RGB,5098060ee872d917393fb815d4602937,
14522467,https://a0.muscache.com/pictures/3c546270-af9a-4d82-87e4-e3683d0e1079.jpg,success_cached,200.0,c:\Prathik\MY DOCUMENTS\Rental_price_prediction\datasets\multimodal_v3\images\14522467.jpg,522141,1536,2048,RGB,0c9eb60fd5a1decdcc806335c30155d5,
14561813,https://a0.muscache.com/pictures/b9e93842-27eb-43db-bc1d-66dbccf02c73.jpg,success_cached,200.0,c:\Prathik\MY DOCUMENTS\Rental_price_prediction\datasets\multimodal_v3\images\14561813.jpg,927586,4200,2800,RGB,54e72056fdda6c8382a8131456577908,
14632829,https://a0.muscache.com/pictures/fb317971-b448-4ceb-ba5d-ef79b396a3a1.jpg,success_cached,200.0,c:\Prathik\MY DOCUMENTS\Rental_price_prediction\datasets\multimodal_v3\images\14632829.jpg,1441403,3264,1836,RGB,e43ab7e916fb693ba9d3074d8bf36469,
14652591,https://a0.muscache.com/pictures/miso/Hosting-14652591/original/e02ea998-0bb5-4aef-90b2-3bc511aa3920.jpeg,success_cached,200.0,c:\Prathik\MY DOCUMENTS\Rental_price_prediction\datasets\multimodal_v3\images\14652591.jpg,1014932,4032,2268,RGB,5a99d0b5de55372128e02616ace891a8,
14738243,https://a0.muscache.com/pictures/c15fdcc9-9fc7-4c25-a4f1-6cbaee70f162.jpg,success_cached,200.0,c:\Prathik\MY DOCUMENTS\Rental_price_prediction\datasets\multimodal_v3\images\14738243.jpg,1191338,3264,2448,RGB,1c5a03b8fc399660a80e31c08ce1c3d4,
8867635,https://a0.muscache.com/pictures/018834ed-a3e6-4a6d-b3ef-f6c579531c7f.jpg,failed_timeout_or_error,,,0,0,0,,,"HTTPSConnectionPool(host='a0.muscache.com', port=443): Read timed out."
14757919,https://a0.muscache.com/pictures/miso/Hosting-14757919/original/49b1afe7-2192-4a6f-9427-08d6d534049d.jpeg,success_cached,200.0,c:\Prathik\MY DOCUMENTS\Rental_price_prediction\datasets\multimodal_v3\images\14757919.jpg,2975349,4032,3024,RGB,14164f1c80bffa504df553ef3e486e49,
14805266,https://a0.muscache.com/pictures/6706b33c-a616-4734-a33d-7d53fcc2a3ac.jpg,success_cached,200.0,c:\Prathik\MY DOCUMENTS\Rental_price_prediction\datasets\multimodal_v3\images\14805266.jpg,2178705,4032,3024,RGB,3f1dae4ac6e05f90dc12caa2978e7ef0,
14835813,https://a0.muscache.com/pictures/b6aae56c-a9b9-4d2a-8402-48b7d9252047.jpg,success_cached,200.0,c:\Prathik\MY DOCUMENTS\Rental_price_prediction\datasets\multimodal_v3\images\14835813.jpg,552287,2048,1536,RGB,a70bef5e01e14eaf9731ebee2bbcaaab,
14857013,https://a0.muscache.com/pictures/airflow/Hosting-14857013/original/47307235-21b5-4feb-a811-fe9a5df7fc79.jpg,success_cached,200.0,c:\Prathik\MY DOCUMENTS\Rental_price_prediction\datasets\multimodal_v3\images\14857013.jpg,2628622,4200,2800,RGB,60054ab730be1d3659a0c6763a059775,
5696919,https://a0.muscache.com/pictures/7900bbd7-0408-4e3d-8d2d-e61d6ba65204.jpg,failed_timeout_or_error,,,0,0,0,,,"HTTPSConnectionPool(host='a0.muscache.com', port=443): Read timed out."
14941161,https://a0.muscache.com/pictures/595d61fe-bd26-4c18-8451-754cef99a75f.jpg,success_cached,200.0,c:\Prathik\MY DOCUMENTS\Rental_price_prediction\datasets\multimodal_v3\images\14941161.jpg,948405,1695,1380,RGB,bc711ec63202ff1242ca5b135320880e,
14963589,https://a0.muscache.com/pictures/4166680c-8619-46a7-8998-11eecdf0731a.jpg,success_cached,200.0,c:\Prathik\MY DOCUMENTS\Rental_price_prediction\datasets\multimodal_v3\images\14963589.jpg,3155153,4032,3024,RGB,60762fafa29fd338b8769c478cfce5a8,
3522532,https://a0.muscache.com/pictures/miso/Hosting-3522532/original/49479cce-d671-4f57-8984-4a29ce7b3e3d.jpeg,failed_timeout_or_error,,,0,0,0,,,"HTTPSConnectionPool(host='a0.muscache.com', port=443): Read timed out."
15091721,https://a0.muscache.com/pictures/dccaf9f5-773e-47f0-bf6e-640673f5133c.jpg,success_cached,200.0,c:\Prathik\MY DOCUMENTS\Rental_price_prediction\datasets\multimodal_v3\images\15091721.jpg,433130,2016,1512,RGB,bd3eab24962d10cf159f24e9a17eba46,
15124397,https://a0.muscache.com/pictures/8dc84982-d1fc-4ef7-a7b2-5b760f7945a0.jpg,success_cached,200.0,c:\Prathik\MY DOCUMENTS\Rental_price_prediction\datasets\multimodal_v3\images\15124397.jpg,4183036,4000,3000,RGB,40147473e9c198b015aa7ef63793e0c9,
15158878,https://a0.muscache.com/pictures/b7323ee0-efe5-4deb-b219-10d393d37b40.jpg,success_cached,200.0,c:\Prathik\MY DOCUMENTS\Rental_price_prediction\datasets\multimodal_v3\images\15158878.jpg,221034,935,722,RGB,3ac736e3b8ddaf953786ca2b005552be,
436476,https://a0.muscache.com/pictures/pro_photo_tool/Hosting-436476-unapproved/original/177bcf78-c363-4071-bba9-10f2721710b2.JPEG,failed_timeout_or_error,,,0,0,0,,,"HTTPSConnectionPool(host='a0.muscache.com', port=443): Read timed out."
4587394,https://a0.muscache.com/pictures/57609340/7c7579ab_original.jpg,failed_timeout_or_error,,,0,0,0,,,"HTTPSConnectionPool(host='a0.muscache.com', port=443): Read timed out."
15231248,https://a0.muscache.com/pictures/29e11aaf-ad9b-4367-9303-a86f8c095853.jpg,success_cached,200.0,c:\Prathik\MY DOCUMENTS\Rental_price_prediction\datasets\multimodal_v3\images\15231248.jpg,157487,960,720,RGB,b5432c21d9ae4c616575d6d92504d59b,
15192947,https://a0.muscache.com/pictures/miso/Hosting-15192947/original/93b65a87-0b18-4025-8737-cfa75e07d4cb.jpeg,success_cached,200.0,c:\Prathik\MY DOCUMENTS\Rental_price_prediction\datasets\multimodal_v3\images\15192947.jpg,1650342,4032,3024,RGB,9fd94be65fe26b21a1a0b5fc2cdd075e,
15289199,https://a0.muscache.com/pictures/dc3f6357-2e03-4ecb-ac53-3ad6bed7b3fb.jpg,success_cached,200.0,c:\Prathik\MY DOCUMENTS\Rental_price_prediction\datasets\multimodal_v3\images\15289199.jpg,190242,1280,853,RGB,095687556e329ba0a2d3b7cb711923ae,
15248786,https://a0.muscache.com/pictures/miso/Hosting-15248786/original/2e954f94-e734-4990-9538-908d82f36f4d.jpeg,success_cached,200.0,c:\Prathik\MY DOCUMENTS\Rental_price_prediction\datasets\multimodal_v3\images\15248786.jpg,2301242,4032,3024,RGB,c28c6348e7a4eb9b119dd30a5e792c83,
197263,https://a0.muscache.com/pictures/miso/Hosting-197263/original/b0db6064-8a13-47fd-8c76-861ffda8d4dc.jpeg,failed_timeout_or_error,,,0,0,0,,,"HTTPSConnectionPool(host='a0.muscache.com', port=443): Read timed out."
15351409,https://a0.muscache.com/pictures/miso/Hosting-15351409/original/01715ced-8fc2-4fee-b2ff-b30d90d4c84a.jpeg,success_cached,200.0,c:\Prathik\MY DOCUMENTS\Rental_price_prediction\datasets\multimodal_v3\images\15351409.jpg,1529769,4032,3024,RGB,75428dd329536b334885ed92298073e2,
13112074,https://a0.muscache.com/pictures/b473db26-6e56-415b-8dfc-c8af34ce7b11.jpg,failed_timeout_or_error,,,0,0,0,,,"HTTPSConnectionPool(host='a0.muscache.com', port=443): Read timed out."
15422307,https://a0.muscache.com/pictures/miso/Hosting-15422307/original/b412b436-5635-47ee-8596-aa98b2312f6a.jpeg,success_cached,200.0,c:\Prathik\MY DOCUMENTS\Rental_price_prediction\datasets\multimodal_v3\images\15422307.jpg,1149974,3600,2403,RGB,23ab5969659b901fe345cfb538050650,
9794899,https://a0.muscache.com/pictures/ef67ea52-acf2-4dca-b58f-9fd9aae025ae.jpg,failed_timeout_or_error,,,0,0,0,,,"HTTPSConnectionPool(host='a0.muscache.com', port=443): Read timed out."
15444450,https://a0.muscache.com/pictures/531a255f-de2b-45ad-8433-b156b3b4ab5a.jpg,success_cached,200.0,c:\Prathik\MY DOCUMENTS\Rental_price_prediction\datasets\multimodal_v3\images\15444450.jpg,1547331,4032,3024,RGB,36ad44ad2b50beb1ea248b20052c34d1,
723349,https://a0.muscache.com/pictures/c2bba064-a9b5-42c4-ba5d-f38e9e32be20.jpg,failed_timeout_or_error,,,0,0,0,,,"HTTPSConnectionPool(host='a0.muscache.com', port=443): Read timed out."
8624659,https://a0.muscache.com/pictures/miso/Hosting-8624659/original/467214f8-e4b6-4f48-a77b-56f063006176.jpeg,failed_timeout_or_error,,,0,0,0,,,"HTTPSConnectionPool(host='a0.muscache.com', port=443): Read timed out."
15437202,https://a0.muscache.com/pictures/3e05a65c-ffe3-4870-80c9-6510d52f7cfe.jpg,success_cached,200.0,c:\Prathik\MY DOCUMENTS\Rental_price_prediction\datasets\multimodal_v3\images\15437202.jpg,2056587,4608,3456,RGB,a2d4df092c42518c4559887a1d9f2914,
15476300,https://a0.muscache.com/pictures/4f603fe3-8179-4c87-bc99-a17704a8d1ea.jpg,success_cached,200.0,c:\Prathik\MY DOCUMENTS\Rental_price_prediction\datasets\multimodal_v3\images\15476300.jpg,877961,2560,1536,RGB,55163a3dd8486cb7ac9379fc962ca880,
15462269,https://a0.muscache.com/pictures/951390ee-9923-4cb9-a356-b0f0270fcfca.jpg,success_cached,200.0,c:\Prathik\MY DOCUMENTS\Rental_price_prediction\datasets\multimodal_v3\images\15462269.jpg,78200,538,640,RGB,f2423b1dd873c57b7fab1aaeccd4212f,
4285157,https://a0.muscache.com/pictures/miso/Hosting-4285157/original/951becb1-cd3c-4155-aefd-1d7989373e03.jpeg,failed_timeout_or_error,,,0,0,0,,,"HTTPSConnectionPool(host='a0.muscache.com', port=443): Read timed out."
15510852,https://a0.muscache.com/pictures/14180e32-c91b-4de6-87ee-784f398f4bd6.jpg,success_cached,200.0,c:\Prathik\MY DOCUMENTS\Rental_price_prediction\datasets\multimodal_v3\images\15510852.jpg,2177840,4032,3024,RGB,6a5bc6b8295480d47f31c28593d59985,
15546661,https://a0.muscache.com/pictures/f3301f5c-3c74-4f2f-8bda-e157582abf6e.jpg,success_cached,200.0,c:\Prathik\MY DOCUMENTS\Rental_price_prediction\datasets\multimodal_v3\images\15546661.jpg,955433,2592,1728,RGB,e1dc453fb27c130d3bb35f624a5597dc,
8664712,https://a0.muscache.com/pictures/miso/Hosting-8664712/original/792232de-026a-4d30-be41-b698b1800ca8.jpeg,failed_timeout_or_error,,,0,0,0,,,"HTTPSConnectionPool(host='a0.muscache.com', port=443): Read timed out."
1127777,https://a0.muscache.com/pictures/airflow/Hosting-1127777/original/11bf3c9b-4956-41e9-a3c9-48331c8dc969.jpg,failed_timeout_or_error,,,0,0,0,,,"HTTPSConnectionPool(host='a0.muscache.com', port=443): Read timed out."
15544670,https://a0.muscache.com/pictures/654fa796-751d-4ae2-a9d8-3e95697975e4.jpg,success_cached,200.0,c:\Prathik\MY DOCUMENTS\Rental_price_prediction\datasets\multimodal_v3\images\15544670.jpg,1176385,3648,2736,RGB,9777c9bfd5b9539e89bc569fa4ea71c5,
15685101,https://a0.muscache.com/pictures/a93af43d-c02c-43ad-9381-dacbf5298e5f.jpg,success_cached,200.0,c:\Prathik\MY DOCUMENTS\Rental_price_prediction\datasets\multimodal_v3\images\15685101.jpg,1573449,3889,2565,RGB,d7705394a5c32e8d7d84a3b9e857c6f7,
15653105,https://a0.muscache.com/pictures/83013a8a-5fdf-42ac-b54f-0a2df967b965.jpg,success_cached,200.0,c:\Prathik\MY DOCUMENTS\Rental_price_prediction\datasets\multimodal_v3\images\15653105.jpg,446670,4032,3024,RGB,4ab2e726a629659a022bd19620e66ee6,
12310425,https://a0.muscache.com/pictures/miso/Hosting-12310425/original/de4dfd84-2f17-4135-b24b-d153296a43d3.png,failed_timeout_or_error,,,0,0,0,,,"HTTPSConnectionPool(host='a0.muscache.com', port=443): Read timed out."
11925721,https://a0.muscache.com/pictures/27ebe100-8a88-46b8-af89-9bff2515d3b2.jpg,failed_timeout_or_error,,,0,0,0,,,"HTTPSConnectionPool(host='a0.muscache.com', port=443): Read timed out."
15757654,https://a0.muscache.com/pictures/e2b001b4-c04a-421a-ab54-43aaaff7c5bb.jpg,success_cached,200.0,c:\Prathik\MY DOCUMENTS\Rental_price_prediction\datasets\multimodal_v3\images\15757654.jpg,301265,2016,1512,RGB,dcac2490d49a76408e7175b51a168f5e,
12944995,https://a0.muscache.com/pictures/miso/Hosting-12944995/original/dfe3431c-0cac-4a25-8bc1-6633b3561d87.jpeg,failed_timeout_or_error,,,0,0,0,,,"HTTPSConnectionPool(host='a0.muscache.com', port=443): Read timed out."
15706129,https://a0.muscache.com/pictures/4fe4e979-9d08-489e-bbe9-0413ce36c9ac.jpg,success_cached,200.0,c:\Prathik\MY DOCUMENTS\Rental_price_prediction\datasets\multimodal_v3\images\15706129.jpg,1684222,4028,2493,RGB,79a0445c14181d97cb74809b24592eb5,
15936945,https://a0.muscache.com/pictures/miso/Hosting-15936945/original/236505fc-a2be-40af-9cf2-bd9a575fe148.jpeg,success_cached,200.0,c:\Prathik\MY DOCUMENTS\Rental_price_prediction\datasets\multimodal_v3\images\15936945.jpg,373324,2000,1500,RGB,3dcb352dd9595a87e364c8ddd8932f09,
15995355,https://a0.muscache.com/pictures/bf57953e-7ecf-4230-95e6-c54fa2e86860.jpg,success_cached,200.0,c:\Prathik\MY DOCUMENTS\Rental_price_prediction\datasets\multimodal_v3\images\15995355.jpg,1109637,4032,3024,RGB,1297a38466f536c4266bd07296a8c2fa,
15867765,https://a0.muscache.com/pictures/e9618d2c-3303-4336-bcda-6fd362490856.jpg,success_cached,200.0,c:\Prathik\MY DOCUMENTS\Rental_price_prediction\datasets\multimodal_v3\images\15867765.jpg,2502278,4228,3020,RGB,3c10b02c6aa2ac5855d6b46840c6346f,
246315,https://a0.muscache.com/pictures/5908617/cfe79153_original.jpg,failed_timeout_or_error,,,0,0,0,,,"HTTPSConnectionPool(host='a0.muscache.com', port=443): Read timed out."
11483381,https://a0.muscache.com/pictures/66346370-ae14-495b-a94a-e2b9dd9627c1.jpg,failed_timeout_or_error,,,0,0,0,,,"HTTPSConnectionPool(host='a0.muscache.com', port=443): Read timed out."
16147877,https://a0.muscache.com/pictures/278658fc-b3d3-44e1-a281-07c43a989bfb.jpg,success_cached,200.0,c:\Prathik\MY DOCUMENTS\Rental_price_prediction\datasets\multimodal_v3\images\16147877.jpg,1550550,3960,2640,RGB,ff6e53a1542b443bc29b9e7e74afd584,
16095359,https://a0.muscache.com/pictures/ab0198e0-68f5-44b8-975c-5e5d1d4bf424.jpg,success_cached,200.0,c:\Prathik\MY DOCUMENTS\Rental_price_prediction\datasets\multimodal_v3\images\16095359.jpg,2476091,4032,3024,RGB,49e2d4d2b0de0adbd7d3e50fcb931db6,
16155218,https://a0.muscache.com/pictures/miso/Hosting-16155218/original/7ee9e43c-3430-432c-998c-1fc1b11a3687.jpeg,success_cached,200.0,c:\Prathik\MY DOCUMENTS\Rental_price_prediction\datasets\multimodal_v3\images\16155218.jpg,1843498,4032,3024,RGB,7af68f2fb18a6b08d6c4cff21bd1aaca,
16203903,https://a0.muscache.com/pictures/9129a8f7-3d99-4025-b3c1-e63208d6d610.jpg,success_cached,200.0,c:\Prathik\MY DOCUMENTS\Rental_price_prediction\datasets\multimodal_v3\images\16203903.jpg,149895,1008,673,RGB,c2f31ff283fa7f2605aee4a53d9c4094,
16267469,https://a0.muscache.com/pictures/650b0211-8834-4890-87a9-9a72af64b485.jpg,success_cached,200.0,c:\Prathik\MY DOCUMENTS\Rental_price_prediction\datasets\multimodal_v3\images\16267469.jpg,298217,1600,1069,RGB,c0e6020f157dfc3fb51e9a48384b8291,
16284364,https://a0.muscache.com/pictures/e3ec8fc3-8c7f-4417-a532-e7988e3d93b3.jpg,success_cached,200.0,c:\Prathik\MY DOCUMENTS\Rental_price_prediction\datasets\multimodal_v3\images\16284364.jpg,1160961,5658,3713,RGB,9aef9a3ca9f8ab23ff97925b143ab2d0,
16211914,https://a0.muscache.com/pictures/monet/Select-16211914/original/b490f610-bea9-404a-8265-33bda3f086aa,success_cached,200.0,c:\Prathik\MY DOCUMENTS\Rental_price_prediction\datasets\multimodal_v3\images\16211914.jpg,1713389,2985,1990,RGB,c9ffc34f81e23285c014b08485d4f4cf,
6005112,https://a0.muscache.com/pictures/pro_photo_tool/Hosting-6005112-unapproved/original/772b8adf-cd02-435c-89de-f384c325cd6a.JPEG,failed_timeout_or_error,,,0,0,0,,,"HTTPSConnectionPool(host='a0.muscache.com', port=443): Read timed out."
14076438,https://a0.muscache.com/pictures/d87bc1f3-8375-4a4c-a766-ea672ab6ab71.jpg,failed_timeout_or_error,,,0,0,0,,,"HTTPSConnectionPool(host='a0.muscache.com', port=443): Read timed out."
14352724,https://a0.muscache.com/pictures/38fa30c0-20b0-4146-95e4-ffc1fb932715.jpg,failed_timeout_or_error,,,0,0,0,,,"HTTPSConnectionPool(host='a0.muscache.com', port=443): Read timed out."
14044072,https://a0.muscache.com/pictures/6fed9c0d-a4d8-4bf5-8f32-8cf1718e5c41.jpg,failed_timeout_or_error,,,0,0,0,,,"HTTPSConnectionPool(host='a0.muscache.com', port=443): Read timed out."
16512718,https://a0.muscache.com/pictures/miso/Hosting-16512718/original/4e4ccefd-e057-4c14-a18d-bc6a68ee1610.jpeg,success_cached,200.0,c:\Prathik\MY DOCUMENTS\Rental_price_prediction\datasets\multimodal_v3\images\16512718.jpg,396016,2048,1365,RGB,232710557c34d12cfe132073bb9b5748,
11283225,https://a0.muscache.com/pictures/miso/Hosting-11283225/original/b124d0e8-1ff6-4cc2-a432-a6f8c775e457.jpeg,failed_timeout_or_error,,,0,0,0,,,"HTTPSConnectionPool(host='a0.muscache.com', port=443): Read timed out."
16451105,https://a0.muscache.com/pictures/monet/Select-16451105/original/7ef98844-40b4-4145-952e-1f0a1dff84f4,success_cached,200.0,c:\Prathik\MY DOCUMENTS\Rental_price_prediction\datasets\multimodal_v3\images\16451105.jpg,1613374,4000,2667,RGB,2792b30020d3f869ab675dde0cd80563,
16476358,https://a0.muscache.com/pictures/52ba1363-ac43-4d93-8a09-63c5a98f2b32.jpg,success_cached,200.0,c:\Prathik\MY DOCUMENTS\Rental_price_prediction\datasets\multimodal_v3\images\16476358.jpg,3073259,4032,3024,RGB,5586ec065121e183e8f0457d071d24dc,
12871394,https://a0.muscache.com/pictures/af9fdfdd-672a-459a-bb31-913dc23ff9b5.jpg,failed_timeout_or_error,,,0,0,0,,,"HTTPSConnectionPool(host='a0.muscache.com', port=443): Read timed out."
16566334,https://a0.muscache.com/pictures/e762fc2a-f3cb-400e-937b-051610f14fba.jpg,success_cached,200.0,c:\Prathik\MY DOCUMENTS\Rental_price_prediction\datasets\multimodal_v3\images\16566334.jpg,1735662,2911,1789,RGB,695f1e81552400036bb0061c9cdf9d8e,
16660917,https://a0.muscache.com/pictures/miso/Hosting-16660917/original/ec42e8bc-66cc-4d04-aa1d-5c2f5dc88219.jpeg,success_cached,200.0,c:\Prathik\MY DOCUMENTS\Rental_price_prediction\datasets\multimodal_v3\images\16660917.jpg,90748,1080,720,RGB,e66b83d9a9f212999606be20f38479f4,
16636978,https://a0.muscache.com/pictures/8f877a4f-4c94-4e27-92cc-54552d3aab7b.jpg,success_cached,200.0,c:\Prathik\MY DOCUMENTS\Rental_price_prediction\datasets\multimodal_v3\images\16636978.jpg,679062,4032,3024,RGB,dcb392a5ca8719b8b2f92e00af1338c4,
16532936,https://a0.muscache.com/pictures/7e8658db-c48b-4030-8b77-b2ebb3ad5a6d.jpg,success_cached,200.0,c:\Prathik\MY DOCUMENTS\Rental_price_prediction\datasets\multimodal_v3\images\16532936.jpg,3822507,4032,3024,RGB,b140fca644863337a3b6d69df0c942ef,
942934,https://a0.muscache.com/pictures/pro_photo_tool/Hosting-942934-unapproved/original/622ab03e-cfff-4a7c-a8fd-ab818857f3c6.JPEG,failed_timeout_or_error,,,0,0,0,,,"HTTPSConnectionPool(host='a0.muscache.com', port=443): Read timed out."
16700354,https://a0.muscache.com/pictures/66ddd29c-7c4c-4aae-b5bc-b56b20377e09.jpg,success_cached,200.0,c:\Prathik\MY DOCUMENTS\Rental_price_prediction\datasets\multimodal_v3\images\16700354.jpg,2313256,4032,3024,RGB,3da07bf6e4b6cba95525cb6c32c30fe9,
16810083,https://a0.muscache.com/pictures/50c56ea5-2265-4921-9c68-5c47fbb80417.jpg,success_cached,200.0,c:\Prathik\MY DOCUMENTS\Rental_price_prediction\datasets\multimodal_v3\images\16810083.jpg,4989486,5676,3784,RGB,b027550c0dd97aad500a9aaa911e8403,
16663252,https://a0.muscache.com/pictures/miso/Hosting-16663252/original/e138da03-9b60-4cb0-8ff0-01df62fe593e.jpeg,success_cached,200.0,c:\Prathik\MY DOCUMENTS\Rental_price_prediction\datasets\multimodal_v3\images\16663252.jpg,2753813,4032,3024,RGB,760739721e00699890e80de0b3c9cc49,
16846899,https://a0.muscache.com/pictures/fb8ba9c0-3cdb-4a09-96b3-8d72e37718d0.jpg,success_cached,200.0,c:\Prathik\MY DOCUMENTS\Rental_price_prediction\datasets\multimodal_v3\images\16846899.jpg,609777,2048,1536,RGB,1bf80b1170e43f5365fc7cac8122604e,
16856815,https://a0.muscache.com/pictures/36e772e0-1352-4bfb-8808-3b1f3b443e8a.jpg,success_cached,200.0,c:\Prathik\MY DOCUMENTS\Rental_price_prediction\datasets\multimodal_v3\images\16856815.jpg,348765,2016,1512,RGB,0c3f7bcb097196119048e47661995763,
7630648,https://a0.muscache.com/pictures/miso/Hosting-7630648/original/03670dff-6a7f-462a-95ae-b91ad3e97f25.jpeg,failed_timeout_or_error,,,0,0,0,,,"HTTPSConnectionPool(host='a0.muscache.com', port=443): Read timed out."
16832848,https://a0.muscache.com/pictures/cefb7399-3d58-4f75-a5e4-2dd05ea698f5.jpg,success_cached,200.0,c:\Prathik\MY DOCUMENTS\Rental_price_prediction\datasets\multimodal_v3\images\16832848.jpg,2044906,3000,2000,RGB,2f4063db0729d01d19544ae613684487,
16937995,https://a0.muscache.com/pictures/prohost-api/Hosting-16937995/original/7b282863-1e74-4d87-b7f1-a738734094e5.jpeg,success_cached,200.0,c:\Prathik\MY DOCUMENTS\Rental_price_prediction\datasets\multimodal_v3\images\16937995.jpg,502061,1607,1080,RGB,638d623e987b5592c6de4164fa06d29f,
16868257,https://a0.muscache.com/pictures/prohost-api/Hosting-16868257/original/55de1980-a3c7-4aa6-b408-fb5b059ed72d.jpeg,success_cached,200.0,c:\Prathik\MY DOCUMENTS\Rental_price_prediction\datasets\multimodal_v3\images\16868257.jpg,726540,1622,1081,RGB,fa357f11dac969c239d0fb80442babd2,
17036413,https://a0.muscache.com/pictures/dbd1369c-6567-48a7-8dd0-c24ff4417a51.jpg,success_cached,200.0,c:\Prathik\MY DOCUMENTS\Rental_price_prediction\datasets\multimodal_v3\images\17036413.jpg,362630,1822,1295,RGB,6d4f0d9b90d9e654ef36271e599e6196,
16937957,https://a0.muscache.com/pictures/prohost-api/Hosting-16937957/original/f01649e6-0856-41b2-9e5a-ba12b189029a.jpeg,success_cached,200.0,c:\Prathik\MY DOCUMENTS\Rental_price_prediction\datasets\multimodal_v3\images\16937957.jpg,113715,1024,684,RGB,e9372a98dcdaadb050306dbfa4c61496,
17095670,https://a0.muscache.com/pictures/f538e9d8-7a4f-436b-aef7-955cda9aa833.jpg,success_cached,200.0,c:\Prathik\MY DOCUMENTS\Rental_price_prediction\datasets\multimodal_v3\images\17095670.jpg,341448,2016,1512,RGB,d037c588898bc4cd648f56ce61f00515,
16937948,https://a0.muscache.com/pictures/prohost-api/Hosting-16937948/original/b33f9628-f673-47a8-a7ba-68b95d4f5c89.jpeg,success_cached,200.0,c:\Prathik\MY DOCUMENTS\Rental_price_prediction\datasets\multimodal_v3\images\16937948.jpg,114285,664,440,RGB,3bf2d6ed614d708d6186aeaeeeb18b1b,
17157429,https://a0.muscache.com/pictures/1948f842-c17f-4c1d-abae-1e22a742657b.jpg,success_cached,200.0,c:\Prathik\MY DOCUMENTS\Rental_price_prediction\datasets\multimodal_v3\images\17157429.jpg,860542,3634,2724,RGB,a2b3a51fae135177982dd56f5ae1d075,
17155164,https://a0.muscache.com/pictures/miso/Hosting-17155164/original/5a812275-4194-478b-9824-d398b7adccbc.jpeg,success_cached,200.0,c:\Prathik\MY DOCUMENTS\Rental_price_prediction\datasets\multimodal_v3\images\17155164.jpg,2099094,4200,2800,RGB,dcd4b972e35d1263508005ad34d19b2c,
17158172,https://a0.muscache.com/pictures/miso/Hosting-17158172/original/361a70f4-172f-4237-87ae-c75634e70747.jpeg,success_cached,200.0,c:\Prathik\MY DOCUMENTS\Rental_price_prediction\datasets\multimodal_v3\images\17158172.jpg,2492828,4032,3024,RGB,729bbabb156b02f8643aed1167a89c9b,
17310280,https://a0.muscache.com/pictures/0aec11d7-b0b5-4170-90f1-26917ca90b21.jpg,success_cached,200.0,c:\Prathik\MY DOCUMENTS\Rental_price_prediction\datasets\multimodal_v3\images\17310280.jpg,1591752,3436,2456,RGB,b15b0ba0f4b43e4b891ba60c788a6816,
17116810,https://a0.muscache.com/pictures/2d3c3299-13c9-4ba4-8e95-6fb414e12aff.jpg,success_cached,200.0,c:\Prathik\MY DOCUMENTS\Rental_price_prediction\datasets\multimodal_v3\images\17116810.jpg,1292015,2592,1944,RGB,55a80660b834a027444cfba46590b72c,
17345566,https://a0.muscache.com/pictures/miso/Hosting-17345566/original/fe0bc03a-e8e3-4302-8ffe-49757229daa1.jpeg,success_cached,200.0,c:\Prathik\MY DOCUMENTS\Rental_price_prediction\datasets\multimodal_v3\images\17345566.jpg,1822262,4032,3024,RGB,3cb49e99cee68a5ab0a267b6ec4c04b3,
17446056,https://a0.muscache.com/pictures/e9a91bdf-13ea-4c32-b38b-576665dd9a89.jpg,success_cached,200.0,c:\Prathik\MY DOCUMENTS\Rental_price_prediction\datasets\multimodal_v3\images\17446056.jpg,3814693,3738,2622,RGB,a544e46b6c880fac5e774fe5ca196fd7,
17552287,https://a0.muscache.com/pictures/airflow/Hosting-17552287/original/4bac36b2-bef3-4396-b949-e4550ad95556.jpg,success_cached,200.0,c:\Prathik\MY DOCUMENTS\Rental_price_prediction\datasets\multimodal_v3\images\17552287.jpg,175049,1300,867,RGB,35593e75d789e851f763dd156f3a8040,
17591050,https://a0.muscache.com/pictures/0e71df71-4647-429e-bab5-4c76afaf9ae1.jpg,success_cached,200.0,c:\Prathik\MY DOCUMENTS\Rental_price_prediction\datasets\multimodal_v3\images\17591050.jpg,1909763,3024,3024,RGB,04f5fcb03b281aff323718d85a85d23e,
17606368,https://a0.muscache.com/pictures/prohost-api/Hosting-17606368/original/1b409f6b-ee86-4c6c-842f-ff8b4c8a128c.png,success_cached,200.0,c:\Prathik\MY DOCUMENTS\Rental_price_prediction\datasets\multimodal_v3\images\17606368.jpg,811508,1825,1080,RGB,b6f045a3927004958847c3902b2efd76,
17618702,https://a0.muscache.com/pictures/dc23ca8e-e78f-417f-8812-04530c0efe5f.jpg,success_cached,200.0,c:\Prathik\MY DOCUMENTS\Rental_price_prediction\datasets\multimodal_v3\images\17618702.jpg,721048,1600,1200,RGB,5314a765b8f8fe32df7d3c489c6f06a9,
17634705,https://a0.muscache.com/pictures/monet/Select-17634705/original/fe0727c1-67e9-4571-880b-bfb8db4f7304,success_cached,200.0,c:\Prathik\MY DOCUMENTS\Rental_price_prediction\datasets\multimodal_v3\images\17634705.jpg,1652712,4200,2800,RGB,389c4f62c40da80c66ec58d482fed4dd,
17638102,https://a0.muscache.com/pictures/6a29e6b3-0fd3-4a94-ac5a-272801a5ed28.jpg,success_cached,200.0,c:\Prathik\MY DOCUMENTS\Rental_price_prediction\datasets\multimodal_v3\images\17638102.jpg,197626,1152,755,RGB,9e04d842555c0b3cb7def03dc7f79fbd,
17648416,https://a0.muscache.com/pictures/edb90855-10ec-4db8-8cb0-6866a8c757a5.jpg,success_cached,200.0,c:\Prathik\MY DOCUMENTS\Rental_price_prediction\datasets\multimodal_v3\images\17648416.jpg,1622100,4200,2804,RGB,175733dc7ba846165d358e9a85c9e8a0,
17649947,https://a0.muscache.com/pictures/ef947ab5-8f45-4a43-b627-8bc1189fb646.jpg,success_cached,200.0,c:\Prathik\MY DOCUMENTS\Rental_price_prediction\datasets\multimodal_v3\images\17649947.jpg,2164364,3255,2117,RGB,11d6c4ee310bf3f793131ea9eb23330e,
17653835,https://a0.muscache.com/pictures/6458dc7b-eac0-464c-b5d9-a60cc6f5e2a4.jpg,success_cached,200.0,c:\Prathik\MY DOCUMENTS\Rental_price_prediction\datasets\multimodal_v3\images\17653835.jpg,1188952,3730,2458,RGB,5caa2e91905bc29f9cb0d06ce88b75cb,
17726977,https://a0.muscache.com/pictures/b938c32e-62ae-4d40-b766-bfbb935e1a7a.jpg,success_cached,200.0,c:\Prathik\MY DOCUMENTS\Rental_price_prediction\datasets\multimodal_v3\images\17726977.jpg,2070035,4032,3024,RGB,c316500b480a1ec5aed639b7c9613048,
17774784,https://a0.muscache.com/pictures/miso/Hosting-17774784/original/bd3fe3f7-d27c-47c3-9b30-0ae310eb0f02.jpeg,success_cached,200.0,c:\Prathik\MY DOCUMENTS\Rental_price_prediction\datasets\multimodal_v3\images\17774784.jpg,807494,2048,1367,RGB,a3716abb53ddb8ab73e32877f028e7a0,
17780854,https://a0.muscache.com/pictures/miso/Hosting-17780854/original/2d689979-7e05-4775-b8a1-d8874fbfe8e5.jpeg,success_cached,200.0,c:\Prathik\MY DOCUMENTS\Rental_price_prediction\datasets\multimodal_v3\images\17780854.jpg,1675640,4032,3024,RGB,ed08d6d884023afd6ece20af9a388fde,
12587092,https://a0.muscache.com/pictures/pro_photo_tool/Hosting-12587092-unapproved/original/0c4b9f5e-f381-4060-bed9-fcbe4cae013e.JPEG,failed_timeout_or_error,,,0,0,0,,,"HTTPSConnectionPool(host='a0.muscache.com', port=443): Read timed out."
17826503,https://a0.muscache.com/pictures/miso/Hosting-17826503/original/bbe065fa-d113-4eb4-b39a-1f1469519686.jpeg,success_cached,200.0,c:\Prathik\MY DOCUMENTS\Rental_price_prediction\datasets\multimodal_v3\images\17826503.jpg,1920136,4032,3024,RGB,b06db9b4ed477a95be6f531c515f1dba,
17794306,https://a0.muscache.com/pictures/539478e3-7a52-428a-8402-b6c943782214.jpg,success_cached,200.0,c:\Prathik\MY DOCUMENTS\Rental_price_prediction\datasets\multimodal_v3\images\17794306.jpg,2517532,4656,3492,RGB,95dd3245d676891447cd19c45b1d8379,
17861930,https://a0.muscache.com/pictures/79b6843a-b5ef-4417-bbbc-bea94e7eb996.jpg,success_cached,200.0,c:\Prathik\MY DOCUMENTS\Rental_price_prediction\datasets\multimodal_v3\images\17861930.jpg,458217,2016,1512,RGB,7de8cc320b74f70158f6354afe7db555,
17892316,https://a0.muscache.com/pictures/miso/Hosting-17892316/original/a171a9ab-78fb-44ff-919e-a3edc2dfe192.jpeg,success_cached,200.0,c:\Prathik\MY DOCUMENTS\Rental_price_prediction\datasets\multimodal_v3\images\17892316.jpg,362990,2048,1365,RGB,c278b59974180feb3fa91e868ab2ed4a,
17917678,https://a0.muscache.com/pictures/miso/Hosting-17917678/original/39a47d5f-1612-4925-83a4-871ca229a7dc.jpeg,success_cached,200.0,c:\Prathik\MY DOCUMENTS\Rental_price_prediction\datasets\multimodal_v3\images\17917678.jpg,1807365,4032,3024,RGB,3987074404a959023aeb5ba66f81c2c4,
17935396,https://a0.muscache.com/pictures/da80b421-4a64-472c-b4d8-b40f96bbc978.jpg,success_cached,200.0,c:\Prathik\MY DOCUMENTS\Rental_price_prediction\datasets\multimodal_v3\images\17935396.jpg,236376,955,637,RGB,92756676156dc43af2882e9459dabaea,
17923086,https://a0.muscache.com/pictures/ffcf6baa-51cd-44d0-8bea-39d642202fc9.jpg,success_cached,200.0,c:\Prathik\MY DOCUMENTS\Rental_price_prediction\datasets\multimodal_v3\images\17923086.jpg,3885188,8255,5501,RGB,e56ed935d0133d905f1c40046443d24e,
18021364,https://a0.muscache.com/pictures/05d32249-0ff8-4cfd-a7b6-0e5c556cb4a1.jpg,success_cached,200.0,c:\Prathik\MY DOCUMENTS\Rental_price_prediction\datasets\multimodal_v3\images\18021364.jpg,1013525,3834,2109,RGB,622d2ffebb922523c22071f5e6da1488,
18055958,https://a0.muscache.com/pictures/503cdcb4-f5e2-4820-8816-cc3e091211f1.jpg,success_cached,200.0,c:\Prathik\MY DOCUMENTS\Rental_price_prediction\datasets\multimodal_v3\images\18055958.jpg,550220,1632,1224,RGB,4c8832b627964d946242143002598fbb,
18059317,https://a0.muscache.com/pictures/miso/Hosting-18059317/original/1e52bfdb-ef61-44f0-a757-6d66356a43bf.jpeg,success_cached,200.0,c:\Prathik\MY DOCUMENTS\Rental_price_prediction\datasets\multimodal_v3\images\18059317.jpg,1740890,4016,3012,RGB,5807fc7c1f99f487c2ca74407abe59fa,
18092896,https://a0.muscache.com/pictures/miso/Hosting-18092896/original/5d5d5574-a44f-429f-a2de-59fac601dc99.jpeg,success_cached,200.0,c:\Prathik\MY DOCUMENTS\Rental_price_prediction\datasets\multimodal_v3\images\18092896.jpg,1163594,2301,1536,RGB,98fd41a2e70b20981ab3625a9dcfad16,
18121899,https://a0.muscache.com/pictures/60d57bd0-3e65-436d-9291-b154803e952a.jpg,success_cached,200.0,c:\Prathik\MY DOCUMENTS\Rental_price_prediction\datasets\multimodal_v3\images\18121899.jpg,1804026,4032,3024,RGB,264c82e45050b0f89a39e47e0693dd7f,
12188215,https://a0.muscache.com/pictures/517f3375-b43a-4b7a-9b67-492116b7326c.jpg,failed_timeout_or_error,,,0,0,0,,,"HTTPSConnectionPool(host='a0.muscache.com', port=443): Read timed out."
14430828,https://a0.muscache.com/pictures/57d8cdfb-23e0-4229-a2f0-b4218727e1a7.jpg,failed_timeout_or_error,,,0,0,0,,,"HTTPSConnectionPool(host='a0.muscache.com', port=443): Read timed out."
18308309,https://a0.muscache.com/pictures/miso/Hosting-18308309/original/1af338b4-cded-41c3-95c1-3edce3012389.jpeg,success_cached,200.0,c:\Prathik\MY DOCUMENTS\Rental_price_prediction\datasets\multimodal_v3\images\18308309.jpg,1703827,4000,3000,RGB,6816752bb784dd58aa8da58435c850ba,
18308869,https://a0.muscache.com/pictures/miso/Hosting-18308869/original/08eb4772-6882-4f18-bad0-055594b4887b.jpeg,success_cached,200.0,c:\Prathik\MY DOCUMENTS\Rental_price_prediction\datasets\multimodal_v3\images\18308869.jpg,1703827,4000,3000,RGB,6816752bb784dd58aa8da58435c850ba,
18308979,https://a0.muscache.com/pictures/miso/Hosting-18308979/original/727ed38f-00e1-4e3c-af4a-a6254f74da71.jpeg,success_cached,200.0,c:\Prathik\MY DOCUMENTS\Rental_price_prediction\datasets\multimodal_v3\images\18308979.jpg,1703827,4000,3000,RGB,6816752bb784dd58aa8da58435c850ba,
18309080,https://a0.muscache.com/pictures/miso/Hosting-18309080/original/62f5d29a-145b-48e5-b268-2a9aef93511c.jpeg,success_cached,200.0,c:\Prathik\MY DOCUMENTS\Rental_price_prediction\datasets\multimodal_v3\images\18309080.jpg,1569148,4000,3000,RGB,bac48cb426290bbc4b85ae783508e3b1,
18322086,https://a0.muscache.com/pictures/miso/Hosting-18322086/original/5f9ae71b-1026-4517-b78a-34d9b97f1d27.jpeg,success_cached,200.0,c:\Prathik\MY DOCUMENTS\Rental_price_prediction\datasets\multimodal_v3\images\18322086.jpg,997120,1800,1800,RGB,8f2ffeae9fb3c334c86767f37c6b3211,
3924937,https://a0.muscache.com/pictures/pro_photo_tool/Hosting-3924937-unapproved/original/7ae7e8e3-2cda-4e9d-b491-f24668d9ba7a.JPEG,failed_timeout_or_error,,,0,0,0,,,"HTTPSConnectionPool(host='a0.muscache.com', port=443): Read timed out."
18389884,https://a0.muscache.com/pictures/miso/Hosting-18389884/original/5a93aa65-b4d8-410e-8941-eaef22b0fa16.jpeg,success_cached,200.0,c:\Prathik\MY DOCUMENTS\Rental_price_prediction\datasets\multimodal_v3\images\18389884.jpg,1703827,4000,3000,RGB,6816752bb784dd58aa8da58435c850ba,
18393059,https://a0.muscache.com/pictures/2d67dc22-8c31-4fc8-9837-1d9260e73a71.jpg,success_cached,200.0,c:\Prathik\MY DOCUMENTS\Rental_price_prediction\datasets\multimodal_v3\images\18393059.jpg,1144095,3514,2027,RGB,d16b56e9f7d58c23f08e0ea4b7cc88c8,
5716399,https://a0.muscache.com/pictures/a2b500ba-c241-41d2-9586-a10ed1dd7382.jpg,failed_timeout_or_error,,,0,0,0,,,"HTTPSConnectionPool(host='a0.muscache.com', port=443): Read timed out."
2072026,https://a0.muscache.com/pictures/miso/Hosting-2072026/original/4c2b11ec-8bde-49d6-a14d-1d3da1a83665.jpeg,failed_timeout_or_error,,,0,0,0,,,"HTTPSConnectionPool(host='a0.muscache.com', port=443): Read timed out."
5481195,https://a0.muscache.com/pictures/fd7b446f-d1d2-43e6-b0c9-7cbac9d102d8.jpg,failed_timeout_or_error,,,0,0,0,,,"HTTPSConnectionPool(host='a0.muscache.com', port=443): Read timed out."
18459334,https://a0.muscache.com/pictures/miso/Hosting-18459334/original/ce0a05e2-e47d-470e-a49a-971292541768.jpeg,success_cached,200.0,c:\Prathik\MY DOCUMENTS\Rental_price_prediction\datasets\multimodal_v3\images\18459334.jpg,2027143,4032,3024,RGB,74c8fc8c73d13c8996bea3c492158257,
14203513,https://a0.muscache.com/pictures/miso/Hosting-14203513/original/65cd84c9-20b3-4a09-8d9c-4a41a347514c.jpeg,failed_timeout_or_error,,,0,0,0,,,"HTTPSConnectionPool(host='a0.muscache.com', port=443): Read timed out."
18487194,https://a0.muscache.com/pictures/2febddc8-c82c-4ae9-9fb2-8bc159c8ba58.jpg,success_cached,200.0,c:\Prathik\MY DOCUMENTS\Rental_price_prediction\datasets\multimodal_v3\images\18487194.jpg,1185425,5998,3910,RGB,bbc372124643fe3e206220dc123b79d0,
1574329,https://a0.muscache.com/pictures/7e1dc2b1-2dba-4533-8887-0420ba22e9f3.jpg,failed_timeout_or_error,,,0,0,0,,,"HTTPSConnectionPool(host='a0.muscache.com', port=443): Read timed out."
14751215,https://a0.muscache.com/pictures/ca9f2216-493c-49b5-8326-6f415dd661a2.jpg,failed_timeout_or_error,,,0,0,0,,,"HTTPSConnectionPool(host='a0.muscache.com', port=443): Read timed out."
14934441,https://a0.muscache.com/pictures/ce702879-5134-43a9-b170-7989992ff177.jpg,failed_timeout_or_error,,,0,0,0,,,"HTTPSConnectionPool(host='a0.muscache.com', port=443): Max retries exceeded with url: /pictures/ce702879-5134-43a9-b170-7989992ff177.jpg (Caused by NameResolutionError(""<urllib3.connection.HTTPSConnection object at 0x000002B4CFB56B40>: Failed to resolve 'a0.muscache.com' ([Errno 11001] getaddrinfo failed)""))"
15174633,https://a0.muscache.com/pictures/miso/Hosting-15174633/original/af26e72b-e235-4041-907f-54f40e49d2fc.jpeg,failed_timeout_or_error,,,0,0,0,,,"HTTPSConnectionPool(host='a0.muscache.com', port=443): Max retries exceeded with url: /pictures/miso/Hosting-15174633/original/af26e72b-e235-4041-907f-54f40e49d2fc.jpeg (Caused by NameResolutionError(""<urllib3.connection.HTTPSConnection object at 0x000002B4CFB57A10>: Failed to resolve 'a0.muscache.com' ([Errno 11001] getaddrinfo failed)""))"
17403585,https://a0.muscache.com/pictures/e8aebe68-2f31-4c50-9a7c-a773774d6935.jpg,failed_timeout_or_error,,,0,0,0,,,"HTTPSConnectionPool(host='a0.muscache.com', port=443): Max retries exceeded with url: /pictures/e8aebe68-2f31-4c50-9a7c-a773774d6935.jpg (Caused by NameResolutionError(""<urllib3.connection.HTTPSConnection object at 0x000002B4D0523140>: Failed to resolve 'a0.muscache.com' ([Errno 11001] getaddrinfo failed)""))"
18375617,https://a0.muscache.com/pictures/72dc4fa6-0607-4530-96ce-b3a38d8b448c.jpg,failed_timeout_or_error,,,0,0,0,,,"HTTPSConnectionPool(host='a0.muscache.com', port=443): Max retries exceeded with url: /pictures/72dc4fa6-0607-4530-96ce-b3a38d8b448c.jpg (Caused by NameResolutionError(""<urllib3.connection.HTTPSConnection object at 0x000002B4CFA13EF0>: Failed to resolve 'a0.muscache.com' ([Errno 11001] getaddrinfo failed)""))"
15343687,https://a0.muscache.com/pictures/2795e62b-58e0-4986-8a5d-7fe0afaab30e.jpg,failed_timeout_or_error,,,0,0,0,,,"HTTPSConnectionPool(host='a0.muscache.com', port=443): Max retries exceeded with url: /pictures/2795e62b-58e0-4986-8a5d-7fe0afaab30e.jpg (Caused by NameResolutionError(""<urllib3.connection.HTTPSConnection object at 0x000002B4CFB56ED0>: Failed to resolve 'a0.muscache.com' ([Errno 11001] getaddrinfo failed)""))"
15354741,https://a0.muscache.com/pictures/ecfebca4-589a-4de4-92fd-6b5ee8f4a097.jpg,failed_timeout_or_error,,,0,0,0,,,"HTTPSConnectionPool(host='a0.muscache.com', port=443): Max retries exceeded with url: /pictures/ecfebca4-589a-4de4-92fd-6b5ee8f4a097.jpg (Caused by NameResolutionError(""<urllib3.connection.HTTPSConnection object at 0x000002B4D0523DA0>: Failed to resolve 'a0.muscache.com' ([Errno 11001] getaddrinfo failed)""))"
15530268,https://a0.muscache.com/pictures/7de7953b-53b4-499c-a388-3c62f18f6a92.jpg,failed_timeout_or_error,,,0,0,0,,,"HTTPSConnectionPool(host='a0.muscache.com', port=443): Max retries exceeded with url: /pictures/7de7953b-53b4-499c-a388-3c62f18f6a92.jpg (Caused by NameResolutionError(""<urllib3.connection.HTTPSConnection object at 0x000002B4CFB57290>: Failed to resolve 'a0.muscache.com' ([Errno 11001] getaddrinfo failed)""))"
18721359,https://a0.muscache.com/pictures/374c7485-16f7-416c-873e-a2860b20855b.jpg,success_cached,200.0,c:\Prathik\MY DOCUMENTS\Rental_price_prediction\datasets\multimodal_v3\images\18721359.jpg,1907660,4160,3120,RGB,7bb99eaf817127bbf40b8f512bcba735,
18784621,https://a0.muscache.com/pictures/fad44acd-bd6f-4194-aae5-8c1b018488cd.jpg,success_cached,200.0,c:\Prathik\MY DOCUMENTS\Rental_price_prediction\datasets\multimodal_v3\images\18784621.jpg,337102,2016,1512,RGB,9a82e265be8cdaf681e7fe46665495e1,
18731242,https://a0.muscache.com/pictures/8dc45c54-25db-415d-9e5e-c3d25e61982b.jpg,success_cached,200.0,c:\Prathik\MY DOCUMENTS\Rental_price_prediction\datasets\multimodal_v3\images\18731242.jpg,290057,1024,768,RGB,36eebb7fe295e7d223efc432d793007e,
18910863,https://a0.muscache.com/pictures/d5c3aa31-9f4e-4e31-8810-b86b138d85b6.jpg,success_cached,200.0,c:\Prathik\MY DOCUMENTS\Rental_price_prediction\datasets\multimodal_v3\images\18910863.jpg,1385014,4032,3024,RGB,24781d81a2cc3039740df42663eb67c4,
18776404,https://a0.muscache.com/pictures/78df2b58-9162-47c5-971e-06dd60ba5eb4.jpg,success_cached,200.0,c:\Prathik\MY DOCUMENTS\Rental_price_prediction\datasets\multimodal_v3\images\18776404.jpg,6978546,7074,4721,RGB,91a5d4e0cb08e5e2ad3b2e30d328bbe2,
18928361,https://a0.muscache.com/pictures/miso/Hosting-18928361/original/0b9b20d5-791a-4643-8d23-a93e1080757f.jpeg,success_cached,200.0,c:\Prathik\MY DOCUMENTS\Rental_price_prediction\datasets\multimodal_v3\images\18928361.jpg,5949590,4618,3464,RGB,568b3b266f7c069b697c2f2d21175a59,
18929549,https://a0.muscache.com/pictures/4c945e64-8df4-40ae-bf8d-42304a3fd88d.jpg,success_cached,200.0,c:\Prathik\MY DOCUMENTS\Rental_price_prediction\datasets\multimodal_v3\images\18929549.jpg,2075789,3103,2126,RGB,6978b8bc53a50c3c8290bbf43b26187d,
19029460,https://a0.muscache.com/pictures/d9fe812b-8b96-4ced-a4d6-fc399921ccd5.jpg,success_cached,200.0,c:\Prathik\MY DOCUMENTS\Rental_price_prediction\datasets\multimodal_v3\images\19029460.jpg,1382792,4032,3024,RGB,6b5c78fd5aff17c88617bcd00c452ebc,
19032051,https://a0.muscache.com/pictures/77604b8c-1598-43f1-8eab-591a23b72d7d.jpg,success_cached,200.0,c:\Prathik\MY DOCUMENTS\Rental_price_prediction\datasets\multimodal_v3\images\19032051.jpg,980487,3603,2386,RGB,f13c9d959c4cde1253a33fe783e5e4c1,
19066373,https://a0.muscache.com/pictures/24c7c235-38bc-4ccb-933c-9f3617b17f41.jpg,success_cached,200.0,c:\Prathik\MY DOCUMENTS\Rental_price_prediction\datasets\multimodal_v3\images\19066373.jpg,739318,1632,1224,RGB,78eb0d0f67932047eb50233c95ce2730,
18974593,https://a0.muscache.com/pictures/749d7ab6-3658-4ac2-9d34-25f7a4e05a9b.jpg,success_cached,200.0,c:\Prathik\MY DOCUMENTS\Rental_price_prediction\datasets\multimodal_v3\images\18974593.jpg,3821763,4032,3024,RGB,675e8d028d4d5d716c469e1b4ab0c289,
19101996,https://a0.muscache.com/pictures/0826fcf0-6eed-4a1b-9a28-c3cbbcb14552.jpg,success_cached,200.0,c:\Prathik\MY DOCUMENTS\Rental_price_prediction\datasets\multimodal_v3\images\19101996.jpg,88770,504,672,RGB,10a55ce482ec37c4ef28037dfebcffc3,
19077911,https://a0.muscache.com/pictures/d5a04ac0-f2ad-48ae-900c-b1008a0bcbb0.jpg,success_cached,200.0,c:\Prathik\MY DOCUMENTS\Rental_price_prediction\datasets\multimodal_v3\images\19077911.jpg,1802732,4320,3240,RGB,ba5a3ea228ca65311c8030354c883b43,
15647883,https://a0.muscache.com/pictures/0fa4fb21-1efb-44fd-b2e4-aec4faebf638.jpg,failed_http_404,404.0,,0,0,0,,,HTTP 404
19135906,https://a0.muscache.com/pictures/d95d2dc7-54f2-45f7-8650-80cdb239f8a0.jpg,success_cached,200.0,c:\Prathik\MY DOCUMENTS\Rental_price_prediction\datasets\multimodal_v3\images\19135906.jpg,588926,1600,1200,RGB,4a109be9431eb796170d0399bddd6c12,
18022683,https://a0.muscache.com/pictures/6ff8faf1-2dc0-4300-a75a-57411655c9fb.jpg,failed_http_404,404.0,,0,0,0,,,HTTP 404
18627613,https://a0.muscache.com/pictures/81e7f36d-57d7-4f53-b66e-89d94d530413.jpg,failed_http_404,404.0,,0,0,0,,,HTTP 404
19326768,https://a0.muscache.com/pictures/ac4c59ca-554a-47bb-ad66-e828c119f302.jpg,success_cached,200.0,c:\Prathik\MY DOCUMENTS\Rental_price_prediction\datasets\multimodal_v3\images\19326768.jpg,1608155,3999,2999,RGB,4817992d4c6a5a7eeeb90476e4e203a9,
19439841,https://a0.muscache.com/pictures/73f4b175-1429-403d-9863-b12c20195320.jpg,success_cached,200.0,c:\Prathik\MY DOCUMENTS\Rental_price_prediction\datasets\multimodal_v3\images\19439841.jpg,18150,300,219,RGB,4154453bd9c040308e0253561ff3f00b,
15718256,https://a0.muscache.com/pictures/8120df3a-bf4c-44bb-9936-ceb644743d42.jpg,failed_http_404,404.0,,0,0,0,,,HTTP 404
19412393,https://a0.muscache.com/pictures/cc95d921-cad9-43dd-882a-8fc4223ddb80.jpg,success_cached,200.0,c:\Prathik\MY DOCUMENTS\Rental_price_prediction\datasets\multimodal_v3\images\19412393.jpg,805060,4032,3024,RGB,9763f14fe1869d80303fc067aa043cb7,
19548415,https://a0.muscache.com/pictures/d045127c-535f-40be-9ce3-6902321bf897.jpg,success_cached,200.0,c:\Prathik\MY DOCUMENTS\Rental_price_prediction\datasets\multimodal_v3\images\19548415.jpg,1963812,4200,2795,RGB,708e246c4bc2d209b2975a3e8696f792,
19620931,https://a0.muscache.com/pictures/8200899b-a017-4226-98d2-242dbe305a03.jpg,success_cached,200.0,c:\Prathik\MY DOCUMENTS\Rental_price_prediction\datasets\multimodal_v3\images\19620931.jpg,199891,1296,968,RGB,c629e70447ee4cbff4f55ba38c802185,
19561946,https://a0.muscache.com/pictures/cae5313f-f1c9-42df-ae17-d93bdc341eae.jpg,success_cached,200.0,c:\Prathik\MY DOCUMENTS\Rental_price_prediction\datasets\multimodal_v3\images\19561946.jpg,465804,2016,1512,RGB,69ad9d42d13dc72deaf8264f9abd4900,
19643402,https://a0.muscache.com/pictures/miso/Hosting-19643402/original/5c935c07-6bc3-4e3b-9ab6-5badb08fb4f2.jpeg,success_cached,200.0,c:\Prathik\MY DOCUMENTS\Rental_price_prediction\datasets\multimodal_v3\images\19643402.jpg,1741650,4200,2800,RGB,50e340529110100a34223241ee7286dc,
19785945,https://a0.muscache.com/pictures/f7e66d2a-1dd4-4cff-a5ea-fbd2729efc43.jpg,success_cached,200.0,c:\Prathik\MY DOCUMENTS\Rental_price_prediction\datasets\multimodal_v3\images\19785945.jpg,2092142,4032,3024,RGB,ff412567ae372764be4e5f5143d2aa4d,
18907430,https://a0.muscache.com/pictures/065fe701-89bf-4016-b1ee-564203e524ab.jpg,failed_http_404,404.0,,0,0,0,,,HTTP 404
18716194,https://a0.muscache.com/pictures/miso/Hosting-18716194/original/29e926c5-af97-4abb-a5f2-8f7fe9cb1cd1.jpeg,failed_http_404,404.0,,0,0,0,,,HTTP 404
16587446,https://a0.muscache.com/pictures/cd134629-5fae-46f3-ab23-512af8b40b4f.jpg,failed_http_404,404.0,,0,0,0,,,HTTP 404
18599205,https://a0.muscache.com/pictures/9cb0d86e-385d-4ac2-a481-87450c21dc75.jpg,failed_http_404,404.0,,0,0,0,,,HTTP 404
15009504,https://a0.muscache.com/pictures/9c521404-2b05-4861-98ce-cb643cad14f8.jpg,failed_http_404,404.0,,0,0,0,,,HTTP 404
19858349,https://a0.muscache.com/pictures/miso/Hosting-19858349/original/692715c2-ddd2-4bfd-a468-f837613346d4.jpeg,success_cached,200.0,c:\Prathik\MY DOCUMENTS\Rental_price_prediction\datasets\multimodal_v3\images\19858349.jpg,321941,2048,1365,RGB,1b949ab062c4c1ddf8132822b02519eb,
19992336,https://a0.muscache.com/pictures/69d50f2a-8c66-400f-997b-eaff9236f056.jpg,success_cached,200.0,c:\Prathik\MY DOCUMENTS\Rental_price_prediction\datasets\multimodal_v3\images\19992336.jpg,503284,1905,1270,RGB,a5bacd717c60cdac7fbd97636dbe4b46,
19809125,https://a0.muscache.com/pictures/e3ab0e43-689a-4bc7-b725-31e269a90128.jpg,success_cached,200.0,c:\Prathik\MY DOCUMENTS\Rental_price_prediction\datasets\multimodal_v3\images\19809125.jpg,15203,240,320,RGB,1d26fc271c21542b80c9990cce2ecf26,
19870831,https://a0.muscache.com/pictures/e9d55317-e6fa-4c64-86d9-5ef8ff826d8f.jpg,success_cached,200.0,c:\Prathik\MY DOCUMENTS\Rental_price_prediction\datasets\multimodal_v3\images\19870831.jpg,55797,640,480,RGB,bc1cb332d82f9afee0227c2613af9b67,
19921886,https://a0.muscache.com/pictures/464c1634-0b2c-418a-af7c-9f3bfbc2de3b.jpg,success_cached,200.0,c:\Prathik\MY DOCUMENTS\Rental_price_prediction\datasets\multimodal_v3\images\19921886.jpg,1332067,4199,2799,RGB,d5d9e045e67c5abbbfba8eb1564f9878,
20008452,https://a0.muscache.com/pictures/495ba48f-d16e-44ad-b595-bfd73e6d9698.jpg,success_cached,200.0,c:\Prathik\MY DOCUMENTS\Rental_price_prediction\datasets\multimodal_v3\images\20008452.jpg,2589106,5407,3605,RGB,70d89aaaea8bb3bc6d9a9f8792594bea,
20120319,https://a0.muscache.com/pictures/miso/Hosting-20120319/original/2a359c59-66f7-43ba-a598-83568c123b62.jpeg,success_cached,200.0,c:\Prathik\MY DOCUMENTS\Rental_price_prediction\datasets\multimodal_v3\images\20120319.jpg,437389,2048,1363,RGB,8d4901456e67f927ad4a00c5cc3cd368,
20121078,https://a0.muscache.com/pictures/3813167f-52ef-42a1-b38e-4f334f13b30a.jpg,success_cached,200.0,c:\Prathik\MY DOCUMENTS\Rental_price_prediction\datasets\multimodal_v3\images\20121078.jpg,222234,2048,1536,RGB,13dc20958b41aa8fe9692fc4a454a9cc,
20131746,https://a0.muscache.com/pictures/6c071299-df78-495d-ac40-66942bbb6b7d.jpg,success_cached,200.0,c:\Prathik\MY DOCUMENTS\Rental_price_prediction\datasets\multimodal_v3\images\20131746.jpg,1485335,3940,2627,RGB,b4684de75eb3bfc87f0efeea2596a5e7,
15788106,https://a0.muscache.com/pictures/9cb3cfc7-23ed-494b-8c46-0560f670f799.jpg,failed_http_404,404.0,,0,0,0,,,HTTP 404
16977918,https://a0.muscache.com/pictures/miso/Hosting-16977918/original/75e0a51c-bb05-4ecd-9b80-f023468f7f7b.png,failed_http_404,404.0,,0,0,0,,,HTTP 404
16566932,https://a0.muscache.com/pictures/3ace12f0-7cd4-45c8-a9d9-7306b7e02289.jpg,failed_http_404,404.0,,0,0,0,,,HTTP 404
18751432,https://a0.muscache.com/pictures/b08a7449-cc02-4463-97b9-075b144a2cec.jpg,failed_http_404,404.0,,0,0,0,,,HTTP 404
19120555,https://a0.muscache.com/pictures/90644e3f-cbc0-41bb-a6cf-9fbb012b7b7a.jpg,failed_http_404,404.0,,0,0,0,,,HTTP 404
20153704,https://a0.muscache.com/pictures/1df605ea-b0de-437d-9e4b-6002986a8240.jpg,success_cached,200.0,c:\Prathik\MY DOCUMENTS\Rental_price_prediction\datasets\multimodal_v3\images\20153704.jpg,1272480,3264,2448,RGB,00525704fc4cdc6e23378792f70cac2a,
20174635,https://a0.muscache.com/pictures/miso/Hosting-20174635/original/ea01d615-e739-440b-8f1e-7e921e4fb506.jpeg,success_cached,200.0,c:\Prathik\MY DOCUMENTS\Rental_price_prediction\datasets\multimodal_v3\images\20174635.jpg,2962821,4032,2688,RGB,4f8aa6e188afcb0a88a0ef05f7c6d977,
20241154,https://a0.muscache.com/pictures/4bc01a57-f1ef-4e01-9015-6735c2e03c86.jpg,success_cached,200.0,c:\Prathik\MY DOCUMENTS\Rental_price_prediction\datasets\multimodal_v3\images\20241154.jpg,270832,1763,1177,RGB,6b97105d96b01140eff918628e46d38e,
20268605,https://a0.muscache.com/pictures/airflow/Hosting-20268605/original/ed2eef4d-a16b-4ab1-bf8b-6cff9a897814.jpg,success_cached,200.0,c:\Prathik\MY DOCUMENTS\Rental_price_prediction\datasets\multimodal_v3\images\20268605.jpg,1875720,4200,2800,RGB,c3b3b939aeab1de70c088bf325bcfc04,
20355406,https://a0.muscache.com/pictures/miso/Hosting-20355406/original/c85d49b0-53fe-45bf-87c3-c76aa0083450.jpeg,success_cached,200.0,c:\Prathik\MY DOCUMENTS\Rental_price_prediction\datasets\multimodal_v3\images\20355406.jpg,2488746,3589,2393,RGB,89d1b7366d44e54ef19b62e416e000d2,
20408452,https://a0.muscache.com/pictures/miso/Hosting-20408452/original/8a26545d-317e-47db-9c6c-ff28f7c26bf7.jpeg,success_cached,200.0,c:\Prathik\MY DOCUMENTS\Rental_price_prediction\datasets\multimodal_v3\images\20408452.jpg,2039323,4032,3024,RGB,5509c81a18518d4b72673d0e688ad21b,
20439998,https://a0.muscache.com/pictures/55c69ea6-5a66-497d-b07a-d0d771e0136b.jpg,success_cached,200.0,c:\Prathik\MY DOCUMENTS\Rental_price_prediction\datasets\multimodal_v3\images\20439998.jpg,128854,1334,890,RGB,d301dbb9d2228eb9b47baa1b0d148ced,
20441967,https://a0.muscache.com/pictures/1b0217ae-3cf3-4d20-aa1c-3e3f17c02d74.jpg,success_cached,200.0,c:\Prathik\MY DOCUMENTS\Rental_price_prediction\datasets\multimodal_v3\images\20441967.jpg,1003580,2500,1667,RGB,ebe37374727c532371373b90d1870350,
20456408,https://a0.muscache.com/pictures/miso/Hosting-20456408/original/1707df6e-a21a-4333-a2d6-2487a905532f.jpeg,success_cached,200.0,c:\Prathik\MY DOCUMENTS\Rental_price_prediction\datasets\multimodal_v3\images\20456408.jpg,264613,960,720,RGB,b55bb08e59b5b0114a9bfbc4859aeafb,
20456656,https://a0.muscache.com/pictures/miso/Hosting-20456656/original/06baea36-2b53-4f5e-a22d-4c66f7444234.jpeg,success_cached,200.0,c:\Prathik\MY DOCUMENTS\Rental_price_prediction\datasets\multimodal_v3\images\20456656.jpg,1166005,2560,1440,RGB,ac71cc110dbf8df12f5bfde57c98f82d,
18422959,https://a0.muscache.com/pictures/bf1535ce-c97c-4051-bb1b-da6883a302f7.jpg,failed_http_404,404.0,,0,0,0,,,HTTP 404
16003488,https://a0.muscache.com/pictures/1b9c8972-9d64-40a5-9445-290952b1fdf1.jpg,failed_http_404,404.0,,0,0,0,,,HTTP 404
19118629,https://a0.muscache.com/pictures/6b5c1107-e61f-40a8-8c1d-cc8e8499a64d.jpg,failed_http_404,404.0,,0,0,0,,,HTTP 404
20482319,https://a0.muscache.com/pictures/9cf74556-96ad-4a4d-b7eb-631d99252768.jpg,success_cached,200.0,c:\Prathik\MY DOCUMENTS\Rental_price_prediction\datasets\multimodal_v3\images\20482319.jpg,1962205,4032,3024,RGB,1482c3f70652d1930849de8b327dabb9,
20504787,https://a0.muscache.com/pictures/miso/Hosting-20504787/original/3332d53e-d13c-4404-987b-0fedcea8f831.jpeg,success_cached,200.0,c:\Prathik\MY DOCUMENTS\Rental_price_prediction\datasets\multimodal_v3\images\20504787.jpg,1690978,4032,3024,RGB,a3796cf6f048a9f3dee9e2cab32c9780,
20583406,https://a0.muscache.com/pictures/0dcdbf3c-b5eb-4ebe-86ed-981b42aef769.jpg,success_cached,200.0,c:\Prathik\MY DOCUMENTS\Rental_price_prediction\datasets\multimodal_v3\images\20583406.jpg,1262870,4032,3024,RGB,ecd48c7ad3362939298f32272223a939,
20542316,https://a0.muscache.com/pictures/1819993b-cd4c-4c97-89c3-f30feed245ee.jpg,success_cached,200.0,c:\Prathik\MY DOCUMENTS\Rental_price_prediction\datasets\multimodal_v3\images\20542316.jpg,1241388,2400,1800,RGB,6316eef7635c0ccff55899a9f72b2cd6,
20624327,https://a0.muscache.com/pictures/135f3ae8-be3a-4d9c-8424-f712cd6f28fd.jpg,success_cached,200.0,c:\Prathik\MY DOCUMENTS\Rental_price_prediction\datasets\multimodal_v3\images\20624327.jpg,78573,640,480,RGB,9e5be0a085f8646190d455ca4e985cf8,
20638444,https://a0.muscache.com/pictures/a7ea65f2-14f7-4884-9c1e-b1d561bfa12d.jpg,success_cached,200.0,c:\Prathik\MY DOCUMENTS\Rental_price_prediction\datasets\multimodal_v3\images\20638444.jpg,1196940,3860,2555,RGB,0ae39290ab3662fc89f8319b717d925e,
19787532,https://a0.muscache.com/pictures/83038596-e2e9-40f3-b4a9-f890bc7eec8b.jpg,failed_http_404,404.0,,0,0,0,,,HTTP 404
19531546,https://a0.muscache.com/pictures/58cdc219-0d57-4f73-9ddd-7e6db5329718.jpg,failed_http_404,404.0,,0,0,0,,,HTTP 404
20663042,https://a0.muscache.com/pictures/21cbfe3a-ea3e-467a-9703-928a1d497189.jpg,success_cached,200.0,c:\Prathik\MY DOCUMENTS\Rental_price_prediction\datasets\multimodal_v3\images\20663042.jpg,1108420,4032,3024,RGB,afa644d4a58cba9194624ea1f52f22fe,
20665144,https://a0.muscache.com/pictures/89cc3d72-297d-49b7-904a-80981b44f4da.jpg,success_cached,200.0,c:\Prathik\MY DOCUMENTS\Rental_price_prediction\datasets\multimodal_v3\images\20665144.jpg,1407804,4032,3024,RGB,b5d89719323473c1af19f0cee32fdbdf,
20070593,https://a0.muscache.com/pictures/prohost-api/Hosting-20070593/original/771d2d56-f867-40c7-9066-ea0a52d0fde4.jpeg,failed_http_404,404.0,,0,0,0,,,HTTP 404
20154151,https://a0.muscache.com/pictures/miso/Hosting-20154151/original/81559e9d-ac2e-4c6b-a45b-01a743099148.jpeg,failed_http_404,404.0,,0,0,0,,,HTTP 404
20146236,https://a0.muscache.com/pictures/miso/Hosting-20146236/original/18d21201-beaf-4b17-9dee-0de3366d9bc1.jpeg,failed_http_404,404.0,,0,0,0,,,HTTP 404
20697183,https://a0.muscache.com/pictures/miso/Hosting-20697183/original/cd5f80a8-5566-4d54-879d-64f50b5d265b.png,success_cached,200.0,c:\Prathik\MY DOCUMENTS\Rental_price_prediction\datasets\multimodal_v3\images\20697183.jpg,21675,464,343,RGB,fa5478fd4d879785407790355c0116a5,
19982717,https://a0.muscache.com/pictures/miso/Hosting-19982717/original/41510e8b-28de-438d-87f6-c2fe60c7e96b.jpeg,failed_http_404,404.0,,0,0,0,,,HTTP 404
20744323,https://a0.muscache.com/pictures/2c0c8c1a-4474-46f1-aa01-4d37251b6010.jpg,success_cached,200.0,c:\Prathik\MY DOCUMENTS\Rental_price_prediction\datasets\multimodal_v3\images\20744323.jpg,215328,1136,640,RGB,9c4b4511b1a9e7866bf5d9a070566648,
20759062,https://a0.muscache.com/pictures/6191fd09-58e6-402a-a1ba-d74f5cb23506.jpg,success_cached,200.0,c:\Prathik\MY DOCUMENTS\Rental_price_prediction\datasets\multimodal_v3\images\20759062.jpg,338599,1766,1179,RGB,a7202ad8750b33809b0ff32c9d70d107,
20747532,https://a0.muscache.com/pictures/69cbc21c-479c-44d3-af3e-8e9ceaae4044.jpg,success_cached,200.0,c:\Prathik\MY DOCUMENTS\Rental_price_prediction\datasets\multimodal_v3\images\20747532.jpg,1356426,4032,3024,RGB,e972dc90313373ff382204ef2fca713c,
20773653,https://a0.muscache.com/pictures/d9a59f4b-661f-4717-8943-2c592bb13f12.jpg,success_cached,200.0,c:\Prathik\MY DOCUMENTS\Rental_price_prediction\datasets\multimodal_v3\images\20773653.jpg,507561,1606,1136,RGB,eb7a5e2728cf69046cf7fe5ff3a79d6d,
20801691,https://a0.muscache.com/pictures/e5d22a3b-63be-43e5-b7d8-4b06033c903a.jpg,success_cached,200.0,c:\Prathik\MY DOCUMENTS\Rental_price_prediction\datasets\multimodal_v3\images\20801691.jpg,1239551,2626,1478,RGB,6fe744d5aa7a7c4d16813709ce68866e,
19264539,https://a0.muscache.com/pictures/cb777c20-2db5-4e7e-bd80-aaeaa2f5ccc6.jpg,failed_http_404,404.0,,0,0,0,,,HTTP 404
19688771,https://a0.muscache.com/pictures/7fe80dbf-de45-40fd-b207-6325e9e55a26.jpg,failed_http_404,404.0,,0,0,0,,,HTTP 404
20815440,https://a0.muscache.com/pictures/b7067c66-4954-4d1b-82ed-b062292d4389.jpg,success_cached,200.0,c:\Prathik\MY DOCUMENTS\Rental_price_prediction\datasets\multimodal_v3\images\20815440.jpg,370624,2048,1365,RGB,2e098b85c170ca9b9f94c8c4b6170721,
20830901,https://a0.muscache.com/pictures/bd3d77fa-99f5-44e9-a0c3-a50a57909f99.jpg,success_cached,200.0,c:\Prathik\MY DOCUMENTS\Rental_price_prediction\datasets\multimodal_v3\images\20830901.jpg,461181,2048,1536,RGB,222802c31473b11e2e8c69499a4a0c4a,
20744040,https://a0.muscache.com/pictures/bf3324bc-ecbc-44d7-af0d-eca3a7723feb.jpg,failed_http_404,404.0,,0,0,0,,,HTTP 404
20855873,https://a0.muscache.com/pictures/88d63005-7434-44a6-8881-c861cb464845.jpg,success_cached,200.0,c:\Prathik\MY DOCUMENTS\Rental_price_prediction\datasets\multimodal_v3\images\20855873.jpg,69888,480,640,RGB,453f5dac6629951b4f23853a066639c0,
20858987,https://a0.muscache.com/pictures/cf7794aa-5efb-4ce5-b357-dae086faf2c9.jpg,success_cached,200.0,c:\Prathik\MY DOCUMENTS\Rental_price_prediction\datasets\multimodal_v3\images\20858987.jpg,525368,2048,1536,RGB,88db4d6f7e792791a29ed2ef356923a7,
20872849,https://a0.muscache.com/pictures/d787d239-bc5e-4d52-9c48-39edceb490de.jpg,success_cached,200.0,c:\Prathik\MY DOCUMENTS\Rental_price_prediction\datasets\multimodal_v3\images\20872849.jpg,1213058,2000,1500,RGB,7b3a0856d0ce9422d158a0e281437306,
20812644,https://a0.muscache.com/pictures/2dcdc2f3-ff91-44f6-9766-70aa355ff2c6.jpg,failed_http_404,404.0,,0,0,0,,,HTTP 404
20970417,https://a0.muscache.com/pictures/c44fc5ca-14f4-4904-83c4-3608a76e3e7d.jpg,success_cached,200.0,c:\Prathik\MY DOCUMENTS\Rental_price_prediction\datasets\multimodal_v3\images\20970417.jpg,262999,1333,1000,RGB,83e91f69375883666f3ef8eb4d3fcd23,
20785720,https://a0.muscache.com/pictures/94e87964-f071-43cc-9a53-de7c38d32813.jpg,failed_http_404,404.0,,0,0,0,,,HTTP 404
20928043,https://a0.muscache.com/pictures/miso/Hosting-20928043/original/687bab53-1b6a-4191-bd78-71caefc98e73.jpeg,failed_http_404,404.0,,0,0,0,,,HTTP 404
16384751,https://a0.muscache.com/pictures/airflow/Hosting-16384751/original/35674e92-cb6b-47c9-98af-6bb39926b4fa.jpg,failed_timeout_or_error,,,0,0,0,,,"HTTPSConnectionPool(host='a0.muscache.com', port=443): Read timed out."
18404153,https://a0.muscache.com/pictures/miso/Hosting-18404153/original/3f9e6e70-0504-4fa3-83bf-e272d8684dd2.jpeg,failed_timeout_or_error,,,0,0,0,,,"HTTPSConnectionPool(host='a0.muscache.com', port=443): Read timed out."
16477857,https://a0.muscache.com/pictures/095663e5-73db-4af3-916d-80172a884a4b.jpg,failed_timeout_or_error,,,0,0,0,,,"HTTPSConnectionPool(host='a0.muscache.com', port=443): Read timed out."
18473371,https://a0.muscache.com/pictures/401f362c-33d2-4eb9-a958-4d6b5bddb3fc.jpg,failed_timeout_or_error,,,0,0,0,,,"HTTPSConnectionPool(host='a0.muscache.com', port=443): Read timed out."
21054722,https://a0.muscache.com/pictures/9330681d-1b2b-419a-a69e-e71cc5caaacc.jpg,success_cached,200.0,c:\Prathik\MY DOCUMENTS\Rental_price_prediction\datasets\multimodal_v3\images\21054722.jpg,277806,2592,1936,RGB,bc085fa3e92d1ab2cde5642eb4f04e77,
21104844,https://a0.muscache.com/pictures/608be030-c0f4-4fba-a29d-e974900617f5.jpg,success_cached,200.0,c:\Prathik\MY DOCUMENTS\Rental_price_prediction\datasets\multimodal_v3\images\21104844.jpg,565260,1800,1200,RGB,53642f02e5e585b0ab5fb8082e06bb35,
17529983,https://a0.muscache.com/pictures/4548a8c5-8212-4725-b3fe-703ce0caf04c.jpg,failed_timeout_or_error,,,0,0,0,,,"HTTPSConnectionPool(host='a0.muscache.com', port=443): Read timed out."
20762155,https://a0.muscache.com/pictures/b05a5bf7-cb33-4067-8ea4-211db2647fbb.jpg,failed_timeout_or_error,,,0,0,0,,,"HTTPSConnectionPool(host='a0.muscache.com', port=443): Read timed out."
21253016,https://a0.muscache.com/pictures/908c3c8c-db12-4ca1-ba85-6626a060c662.jpg,success_cached,200.0,c:\Prathik\MY DOCUMENTS\Rental_price_prediction\datasets\multimodal_v3\images\21253016.jpg,2350557,3849,2502,RGB,9ec9488176772b9d0e9f137114422b7e,
21278647,https://a0.muscache.com/pictures/28aa86be-e9da-4664-831a-9e973a64f914.jpg,success_cached,200.0,c:\Prathik\MY DOCUMENTS\Rental_price_prediction\datasets\multimodal_v3\images\21278647.jpg,1667316,2592,1728,RGB,09d380c1296a721ffd4839a271a725c3,
17395670,https://a0.muscache.com/pictures/c8cc42ba-2731-4833-a1b4-e80ab3f1bb87.jpg,failed_timeout_or_error,,,0,0,0,,,"HTTPSConnectionPool(host='a0.muscache.com', port=443): Read timed out."
20016326,https://a0.muscache.com/pictures/miso/Hosting-20016326/original/d9805ccb-3bcc-4501-9dba-f362bfe37380.jpeg,failed_timeout_or_error,,,0,0,0,,,"HTTPSConnectionPool(host='a0.muscache.com', port=443): Read timed out."
21297231,https://a0.muscache.com/pictures/5afc635f-75ca-401e-ba10-f45aab432bc7.jpg,success_cached,200.0,c:\Prathik\MY DOCUMENTS\Rental_price_prediction\datasets\multimodal_v3\images\21297231.jpg,767384,2560,1440,RGB,bcb3dda4bbdc3df12d7f60b13e220f45,
21354161,https://a0.muscache.com/pictures/miso/Hosting-21354161/original/d9c83d5b-7570-4982-9d24-876310b8c67a.jpeg,success_cached,200.0,c:\Prathik\MY DOCUMENTS\Rental_price_prediction\datasets\multimodal_v3\images\21354161.jpg,158246,1024,768,RGB,6db97e8227643795a36891027bdb7405,
20208429,https://a0.muscache.com/pictures/5f07a5e8-f5c5-4205-9248-96d1dfa98efc.jpg,failed_timeout_or_error,,,0,0,0,,,"HTTPSConnectionPool(host='a0.muscache.com', port=443): Read timed out."
21382558,https://a0.muscache.com/pictures/5d2f5cc4-7d7c-4dd5-a586-734c0ad1c1a2.jpg,success_cached,200.0,c:\Prathik\MY DOCUMENTS\Rental_price_prediction\datasets\multimodal_v3\images\21382558.jpg,1044365,2592,1728,RGB,50c8b3190dfd4f7d57d6c5d4f80536c7,
20328686,https://a0.muscache.com/pictures/e4fe9d45-f7dc-4b0c-82c4-b1abd8d73ebc.jpg,failed_timeout_or_error,,,0,0,0,,,"HTTPSConnectionPool(host='a0.muscache.com', port=443): Read timed out."
18406520,https://a0.muscache.com/pictures/miso/Hosting-18406520/original/56896aee-12e3-4878-a658-d31cf7a4d81b.jpeg,failed_timeout_or_error,,,0,0,0,,,"HTTPSConnectionPool(host='a0.muscache.com', port=443): Read timed out."
16294435,https://a0.muscache.com/pictures/6e6d50ee-3dba-4976-bfa8-e0dfc6a19742.jpg,failed_timeout_or_error,,,0,0,0,,,"HTTPSConnectionPool(host='a0.muscache.com', port=443): Read timed out."
18151750,https://a0.muscache.com/pictures/26024e90-c189-4ff6-af4d-9b230068edf4.jpg,failed_timeout_or_error,,,0,0,0,,,"HTTPSConnectionPool(host='a0.muscache.com', port=443): Read timed out."
21449558,https://a0.muscache.com/pictures/488f2417-470d-47ac-a113-2fc06c8750ec.jpg,success_cached,200.0,c:\Prathik\MY DOCUMENTS\Rental_price_prediction\datasets\multimodal_v3\images\21449558.jpg,77238,640,346,RGB,2b42324c13463fa2e005fb6c31cd6039,
20192369,https://a0.muscache.com/pictures/cf0d2e71-d200-44f8-9b0a-523d7e48c76d.jpg,failed_timeout_or_error,,,0,0,0,,,"HTTPSConnectionPool(host='a0.muscache.com', port=443): Read timed out."
18918238,https://a0.muscache.com/pictures/09834a34-719e-44f9-8c6d-ccbb9654b040.jpg,failed_timeout_or_error,,,0,0,0,,,"HTTPSConnectionPool(host='a0.muscache.com', port=443): Read timed out."
20695367,https://a0.muscache.com/pictures/pro_photo_tool/Hosting-20695367-unapproved/original/1367ec19-ee0e-4980-a160-4d887f269b33.JPEG,failed_timeout_or_error,,,0,0,0,,,"HTTPSConnectionPool(host='a0.muscache.com', port=443): Read timed out."
19066512,https://a0.muscache.com/pictures/ae961052-9c7f-4b5a-8b95-8f82bed6835b.jpg,failed_timeout_or_error,,,0,0,0,,,"HTTPSConnectionPool(host='a0.muscache.com', port=443): Read timed out."
18178954,https://a0.muscache.com/pictures/7a795d2f-389f-43e6-a4a1-2a5f3c8b0ba9.jpg,failed_timeout_or_error,,,0,0,0,,,"HTTPSConnectionPool(host='a0.muscache.com', port=443): Read timed out."
15507809,https://a0.muscache.com/pictures/d3b41991-8e4c-4269-9e44-59843ce9e6ac.jpg,failed_timeout_or_error,,,0,0,0,,,"HTTPSConnectionPool(host='a0.muscache.com', port=443): Read timed out."
18521819,https://a0.muscache.com/pictures/d98d041e-18b2-46ef-9d44-26e187bf17b0.jpg,failed_timeout_or_error,,,0,0,0,,,"HTTPSConnectionPool(host='a0.muscache.com', port=443): Read timed out."
15827350,https://a0.muscache.com/pictures/7967260c-2f70-4baa-9a71-54db44f5ecb2.jpg,failed_timeout_or_error,,,0,0,0,,,"HTTPSConnectionPool(host='a0.muscache.com', port=443): Read timed out."
16024372,https://a0.muscache.com/pictures/55fd3789-5a92-456b-8afe-67759a821c56.jpg,failed_timeout_or_error,,,0,0,0,,,"HTTPSConnectionPool(host='a0.muscache.com', port=443): Read timed out."
15577790,https://a0.muscache.com/pictures/miso/Hosting-15577790/original/f3ba72c7-668a-43a3-9983-d3a7bf467914.jpeg,failed_timeout_or_error,,,0,0,0,,,"HTTPSConnectionPool(host='a0.muscache.com', port=443): Read timed out."
15371871,https://a0.muscache.com/pictures/72078ee6-295b-4a31-99ea-39809c7eff42.jpg,failed_timeout_or_error,,,0,0,0,,,"HTTPSConnectionPool(host='a0.muscache.com', port=443): Read timed out."
20834615,https://a0.muscache.com/pictures/9250fb3e-5e70-44e8-b0b5-85eab20fcf27.jpg,failed_timeout_or_error,,,0,0,0,,,The operation did not complete (read) (_ssl.c:2559)
15568000,https://a0.muscache.com/pictures/6c5d68d1-c1a8-4d51-add9-5ed6a1b555ab.jpg,failed_timeout_or_error,,,0,0,0,,,"HTTPSConnectionPool(host='a0.muscache.com', port=443): Read timed out."
20804217,https://a0.muscache.com/pictures/747b4ac6-6329-48a8-adc1-fc81a7c386fd.jpg,failed_timeout_or_error,,,0,0,0,,,"HTTPSConnectionPool(host='a0.muscache.com', port=443): Read timed out."
20036903,https://a0.muscache.com/pictures/6c6a4b98-0734-48ee-9844-fd9354eb0b30.jpg,failed_timeout_or_error,,,0,0,0,,,"HTTPSConnectionPool(host='a0.muscache.com', port=443): Max retries exceeded with url: /pictures/6c6a4b98-0734-48ee-9844-fd9354eb0b30.jpg (Caused by ReadTimeoutError(""HTTPSConnectionPool(host='a0.muscache.com', port=443): Read timed out. (read timeout=3.5)""))"
20462071,https://a0.muscache.com/pictures/miso/Hosting-20462071/original/5f77c393-7120-4421-ae43-c42428fa4d65.jpeg,failed_timeout_or_error,,,0,0,0,,,"HTTPSConnectionPool(host='a0.muscache.com', port=443): Max retries exceeded with url: /pictures/miso/Hosting-20462071/original/5f77c393-7120-4421-ae43-c42428fa4d65.jpeg (Caused by ReadTimeoutError(""HTTPSConnectionPool(host='a0.muscache.com', port=443): Read timed out. (read timeout=3.5)""))"
20653416,https://a0.muscache.com/pictures/prohost-api/Hosting-20653416/original/7ad07ea8-b71b-4cd1-bf97-aa48019f6d83.jpeg,failed_timeout_or_error,,,0,0,0,,,"HTTPSConnectionPool(host='a0.muscache.com', port=443): Max retries exceeded with url: /pictures/prohost-api/Hosting-20653416/original/7ad07ea8-b71b-4cd1-bf97-aa48019f6d83.jpeg (Caused by ReadTimeoutError(""HTTPSConnectionPool(host='a0.muscache.com', port=443): Read timed out. (read timeout=3.5)""))"
20994069,https://a0.muscache.com/pictures/monet/Select-20994069/original/e7e4f8c4-ed47-4dd8-a950-c9ab738edac0,failed_timeout_or_error,,,0,0,0,,,"HTTPSConnectionPool(host='a0.muscache.com', port=443): Max retries exceeded with url: /pictures/monet/Select-20994069/original/e7e4f8c4-ed47-4dd8-a950-c9ab738edac0 (Caused by ReadTimeoutError(""HTTPSConnectionPool(host='a0.muscache.com', port=443): Read timed out. (read timeout=3.5)""))"
20994289,https://a0.muscache.com/pictures/miso/Hosting-20994289/original/fe684ca0-47ad-4172-aaba-6cfa5f4121a8.png,failed_timeout_or_error,,,0,0,0,,,"HTTPSConnectionPool(host='a0.muscache.com', port=443): Max retries exceeded with url: /pictures/miso/Hosting-20994289/original/fe684ca0-47ad-4172-aaba-6cfa5f4121a8.png (Caused by ReadTimeoutError(""HTTPSConnectionPool(host='a0.muscache.com', port=443): Read timed out. (read timeout=3.5)""))"
20473937,https://a0.muscache.com/pictures/20ffcff6-b32d-4c84-b219-954beddeae02.jpg,success,200.0,c:\Prathik\MY DOCUMENTS\Rental_price_prediction\datasets\multimodal_v3\images\20473937.jpg,1630903,4200,2800,RGB,a51f2b099f5923dd04e1d7f14228fcb2,
20692815,https://a0.muscache.com/pictures/miso/Hosting-20692815/original/034c67f6-3bbf-4f6c-8166-4dead759d7e0.jpeg,success,200.0,c:\Prathik\MY DOCUMENTS\Rental_price_prediction\datasets\multimodal_v3\images\20692815.jpg,4409157,4032,3024,RGB,5243c863c83ad9a0ca933a9c6c011ee6,
20624404,https://a0.muscache.com/pictures/airflow/Hosting-20624404/original/e72b1773-b252-418c-934c-cc485c36bba8.jpg,success,200.0,c:\Prathik\MY DOCUMENTS\Rental_price_prediction\datasets\multimodal_v3\images\20624404.jpg,1890168,4200,2800,RGB,8beff7bec9ec82178dc485be340aef12,
21189890,https://a0.muscache.com/pictures/prohost-api/Hosting-21189890/original/09b84180-b5eb-40ec-bbb3-d5ddde27562e.png,failed_timeout_or_error,,,0,0,0,,,"HTTPSConnectionPool(host='a0.muscache.com', port=443): Max retries exceeded with url: /pictures/prohost-api/Hosting-21189890/original/09b84180-b5eb-40ec-bbb3-d5ddde27562e.png (Caused by ReadTimeoutError(""HTTPSConnectionPool(host='a0.muscache.com', port=443): Read timed out. (read timeout=3.5)""))"
21011400,https://a0.muscache.com/pictures/miso/Hosting-21011400/original/933d01f4-154a-416d-8bb1-de423f5d667e.jpeg,failed_timeout_or_error,,,0,0,0,,,"HTTPSConnectionPool(host='a0.muscache.com', port=443): Max retries exceeded with url: /pictures/miso/Hosting-21011400/original/933d01f4-154a-416d-8bb1-de423f5d667e.jpeg (Caused by ReadTimeoutError(""HTTPSConnectionPool(host='a0.muscache.com', port=443): Read timed out. (read timeout=3.5)""))"
21176027,https://a0.muscache.com/pictures/93f13b7e-c9db-4e8f-b119-84371067b082.jpg,failed_timeout_or_error,,,0,0,0,,,"HTTPSConnectionPool(host='a0.muscache.com', port=443): Max retries exceeded with url: /pictures/93f13b7e-c9db-4e8f-b119-84371067b082.jpg (Caused by ReadTimeoutError(""HTTPSConnectionPool(host='a0.muscache.com', port=443): Read timed out. (read timeout=3.5)""))"
21383423,https://a0.muscache.com/pictures/bacaddd5-65e8-440f-a88f-3bef9a52b489.jpg,failed_timeout_or_error,,,0,0,0,,,"HTTPSConnectionPool(host='a0.muscache.com', port=443): Max retries exceeded with url: /pictures/bacaddd5-65e8-440f-a88f-3bef9a52b489.jpg (Caused by ReadTimeoutError(""HTTPSConnectionPool(host='a0.muscache.com', port=443): Read timed out. (read timeout=3.5)""))"
21214062,https://a0.muscache.com/pictures/miso/Hosting-21214062/original/968773de-7e74-4e7a-9346-1805635acfc5.jpeg,failed_timeout_or_error,,,0,0,0,,,"HTTPSConnectionPool(host='a0.muscache.com', port=443): Max retries exceeded with url: /pictures/miso/Hosting-21214062/original/968773de-7e74-4e7a-9346-1805635acfc5.jpeg (Caused by ReadTimeoutError(""HTTPSConnectionPool(host='a0.muscache.com', port=443): Read timed out. (read timeout=3.5)""))"
21292861,https://a0.muscache.com/pictures/914314b9-9282-4698-a6a9-e8b7a25047cc.jpg,failed_timeout_or_error,,,0,0,0,,,"HTTPSConnectionPool(host='a0.muscache.com', port=443): Max retries exceeded with url: /pictures/914314b9-9282-4698-a6a9-e8b7a25047cc.jpg (Caused by ReadTimeoutError(""HTTPSConnectionPool(host='a0.muscache.com', port=443): Read timed out. (read timeout=3.5)""))"
21312568,https://a0.muscache.com/pictures/f50f4a15-1940-4c92-a9c6-e342f7ec1abd.jpg,failed_timeout_or_error,,,0,0,0,,,"HTTPSConnectionPool(host='a0.muscache.com', port=443): Max retries exceeded with url: /pictures/f50f4a15-1940-4c92-a9c6-e342f7ec1abd.jpg (Caused by ReadTimeoutError(""HTTPSConnectionPool(host='a0.muscache.com', port=443): Read timed out. (read timeout=3.5)""))"
21013638,https://a0.muscache.com/pictures/91c312ae-3a5f-4806-b2d6-150705cf7090.jpg,failed_timeout_or_error,,,0,0,0,,,"HTTPSConnectionPool(host='a0.muscache.com', port=443): Max retries exceeded with url: /pictures/91c312ae-3a5f-4806-b2d6-150705cf7090.jpg (Caused by ReadTimeoutError(""HTTPSConnectionPool(host='a0.muscache.com', port=443): Read timed out. (read timeout=3.5)""))"
21094481,https://a0.muscache.com/pictures/2009eae3-ab81-46e6-8b72-ea44410d0e6f.jpg,failed_timeout_or_error,,,0,0,0,,,"HTTPSConnectionPool(host='a0.muscache.com', port=443): Max retries exceeded with url: /pictures/2009eae3-ab81-46e6-8b72-ea44410d0e6f.jpg (Caused by ReadTimeoutError(""HTTPSConnectionPool(host='a0.muscache.com', port=443): Read timed out. (read timeout=3.5)""))"
21399365,https://a0.muscache.com/pictures/63bb7340-c208-4095-a6b4-138a9cb10532.jpg,failed_timeout_or_error,,,0,0,0,,,"HTTPSConnectionPool(host='a0.muscache.com', port=443): Max retries exceeded with url: /pictures/63bb7340-c208-4095-a6b4-138a9cb10532.jpg (Caused by ReadTimeoutError(""HTTPSConnectionPool(host='a0.muscache.com', port=443): Read timed out. (read timeout=3.5)""))"
21456384,https://a0.muscache.com/pictures/6828a627-f59b-42ce-87c5-0c433b3af40e.jpg,failed_timeout_or_error,,,0,0,0,,,"HTTPSConnectionPool(host='a0.muscache.com', port=443): Max retries exceeded with url: /pictures/6828a627-f59b-42ce-87c5-0c433b3af40e.jpg (Caused by ReadTimeoutError(""HTTPSConnectionPool(host='a0.muscache.com', port=443): Read timed out. (read timeout=3.5)""))"
21580160,https://a0.muscache.com/pictures/prohost-api/Hosting-21580160/original/fe372485-4755-4481-9f1d-b84c15eee634.jpeg,failed_timeout_or_error,,,0,0,0,,,"HTTPSConnectionPool(host='a0.muscache.com', port=443): Max retries exceeded with url: /pictures/prohost-api/Hosting-21580160/original/fe372485-4755-4481-9f1d-b84c15eee634.jpeg (Caused by ReadTimeoutError(""HTTPSConnectionPool(host='a0.muscache.com', port=443): Read timed out. (read timeout=3.5)""))"
21364022,https://a0.muscache.com/pictures/ed8b6d85-186f-46a2-a693-d5c9623356fb.jpg,failed_timeout_or_error,,,0,0,0,,,"HTTPSConnectionPool(host='a0.muscache.com', port=443): Max retries exceeded with url: /pictures/ed8b6d85-186f-46a2-a693-d5c9623356fb.jpg (Caused by ReadTimeoutError(""HTTPSConnectionPool(host='a0.muscache.com', port=443): Read timed out. (read timeout=3.5)""))"
21432436,https://a0.muscache.com/pictures/c1629b10-d6c1-49dc-a78e-94f5d58c5006.jpg,failed_timeout_or_error,,,0,0,0,,,"HTTPSConnectionPool(host='a0.muscache.com', port=443): Max retries exceeded with url: /pictures/c1629b10-d6c1-49dc-a78e-94f5d58c5006.jpg (Caused by ReadTimeoutError(""HTTPSConnectionPool(host='a0.muscache.com', port=443): Read timed out. (read timeout=3.5)""))"
21566026,https://a0.muscache.com/pictures/106fa779-97e0-42d9-8dfc-2abedf621032.jpg,failed_timeout_or_error,,,0,0,0,,,"HTTPSConnectionPool(host='a0.muscache.com', port=443): Max retries exceeded with url: /pictures/106fa779-97e0-42d9-8dfc-2abedf621032.jpg (Caused by ReadTimeoutError(""HTTPSConnectionPool(host='a0.muscache.com', port=443): Read timed out. (read timeout=3.5)""))"
21437451,https://a0.muscache.com/pictures/ef24a0bc-d27a-4022-8153-0c121e2663b6.jpg,failed_timeout_or_error,,,0,0,0,,,"HTTPSConnectionPool(host='a0.muscache.com', port=443): Max retries exceeded with url: /pictures/ef24a0bc-d27a-4022-8153-0c121e2663b6.jpg (Caused by ReadTimeoutError(""HTTPSConnectionPool(host='a0.muscache.com', port=443): Read timed out. (read timeout=3.5)""))"
21693285,https://a0.muscache.com/pictures/monet/Select-21693285/original/6edaac7e-a99f-4d22-bd81-a902067176f2,failed_timeout_or_error,,,0,0,0,,,"HTTPSConnectionPool(host='a0.muscache.com', port=443): Max retries exceeded with url: /pictures/monet/Select-21693285/original/6edaac7e-a99f-4d22-bd81-a902067176f2 (Caused by ReadTimeoutError(""HTTPSConnectionPool(host='a0.muscache.com', port=443): Read timed out. (read timeout=3.5)""))"
21748228,https://a0.muscache.com/pictures/2ddae5bb-0df8-4da9-a754-6cd586429505.jpg,failed_timeout_or_error,,,0,0,0,,,"HTTPSConnectionPool(host='a0.muscache.com', port=443): Max retries exceeded with url: /pictures/2ddae5bb-0df8-4da9-a754-6cd586429505.jpg (Caused by ReadTimeoutError(""HTTPSConnectionPool(host='a0.muscache.com', port=443): Read timed out. (read timeout=3.5)""))"
21709922,https://a0.muscache.com/pictures/3b75817c-2c2c-40c5-a455-e3e9bd59d69f.jpg,failed_timeout_or_error,,,0,0,0,,,"HTTPSConnectionPool(host='a0.muscache.com', port=443): Max retries exceeded with url: /pictures/3b75817c-2c2c-40c5-a455-e3e9bd59d69f.jpg (Caused by ReadTimeoutError(""HTTPSConnectionPool(host='a0.muscache.com', port=443): Read timed out. (read timeout=3.5)""))"
21591133,https://a0.muscache.com/pictures/miso/Hosting-21591133/original/d3a6f7b6-4961-4ab1-8677-64577a17718c.jpeg,failed_timeout_or_error,,,0,0,0,,,"HTTPSConnectionPool(host='a0.muscache.com', port=443): Max retries exceeded with url: /pictures/miso/Hosting-21591133/original/d3a6f7b6-4961-4ab1-8677-64577a17718c.jpeg (Caused by ReadTimeoutError(""HTTPSConnectionPool(host='a0.muscache.com', port=443): Read timed out. (read timeout=3.5)""))"
21631995,https://a0.muscache.com/pictures/2a0d282e-a99f-4c73-ae00-1281f17746af.jpg,failed_timeout_or_error,,,0,0,0,,,"HTTPSConnectionPool(host='a0.muscache.com', port=443): Max retries exceeded with url: /pictures/2a0d282e-a99f-4c73-ae00-1281f17746af.jpg (Caused by ReadTimeoutError(""HTTPSConnectionPool(host='a0.muscache.com', port=443): Read timed out. (read timeout=3.5)""))"
21713835,https://a0.muscache.com/pictures/13d50c76-bcd6-4e14-b82c-709a2adb3b12.jpg,failed_timeout_or_error,,,0,0,0,,,"HTTPSConnectionPool(host='a0.muscache.com', port=443): Max retries exceeded with url: /pictures/13d50c76-bcd6-4e14-b82c-709a2adb3b12.jpg (Caused by ReadTimeoutError(""HTTPSConnectionPool(host='a0.muscache.com', port=443): Read timed out. (read timeout=3.5)""))"
21784784,https://a0.muscache.com/pictures/miso/Hosting-21784784/original/cbb02ce8-9981-4b17-8125-1bfa377e12ce.jpeg,failed_timeout_or_error,,,0,0,0,,,"HTTPSConnectionPool(host='a0.muscache.com', port=443): Max retries exceeded with url: /pictures/miso/Hosting-21784784/original/cbb02ce8-9981-4b17-8125-1bfa377e12ce.jpeg (Caused by ReadTimeoutError(""HTTPSConnectionPool(host='a0.muscache.com', port=443): Read timed out. (read timeout=3.5)""))"
21798869,https://a0.muscache.com/pictures/ab4f5253-6433-431d-a537-ab4468ab8543.jpg,failed_timeout_or_error,,,0,0,0,,,"HTTPSConnectionPool(host='a0.muscache.com', port=443): Max retries exceeded with url: /pictures/ab4f5253-6433-431d-a537-ab4468ab8543.jpg (Caused by ReadTimeoutError(""HTTPSConnectionPool(host='a0.muscache.com', port=443): Read timed out. (read timeout=3.5)""))"
21911184,https://a0.muscache.com/pictures/miso/Hosting-21911184/original/d7622ed9-244b-4d30-ad47-d75fb0f64c65.jpeg,failed_timeout_or_error,,,0,0,0,,,"HTTPSConnectionPool(host='a0.muscache.com', port=443): Max retries exceeded with url: /pictures/miso/Hosting-21911184/original/d7622ed9-244b-4d30-ad47-d75fb0f64c65.jpeg (Caused by ReadTimeoutError(""HTTPSConnectionPool(host='a0.muscache.com', port=443): Read timed out. (read timeout=3.5)""))"
21836696,https://a0.muscache.com/pictures/miso/Hosting-21836696/original/c5e04467-e776-4112-84ab-2723ded630a2.jpeg,failed_timeout_or_error,,,0,0,0,,,"HTTPSConnectionPool(host='a0.muscache.com', port=443): Max retries exceeded with url: /pictures/miso/Hosting-21836696/original/c5e04467-e776-4112-84ab-2723ded630a2.jpeg (Caused by ReadTimeoutError(""HTTPSConnectionPool(host='a0.muscache.com', port=443): Read timed out. (read timeout=3.5)""))"
21829016,https://a0.muscache.com/pictures/hosting/Hosting-U3RheVN1cHBseUxpc3Rpbmc6MjE4MjkwMTY%3D/original/3d083758-6472-4dda-84ff-5361493e087d.jpeg,failed_timeout_or_error,,,0,0,0,,,"HTTPSConnectionPool(host='a0.muscache.com', port=443): Max retries exceeded with url: /pictures/hosting/Hosting-U3RheVN1cHBseUxpc3Rpbmc6MjE4MjkwMTY%3D/original/3d083758-6472-4dda-84ff-5361493e087d.jpeg (Caused by ReadTimeoutError(""HTTPSConnectionPool(host='a0.muscache.com', port=443): Read timed out. (read timeout=3.5)""))"
21894298,https://a0.muscache.com/pictures/miso/Hosting-21894298/original/b9f61774-25b3-43d2-ba23-519dc9121c49.jpeg,failed_timeout_or_error,,,0,0,0,,,"HTTPSConnectionPool(host='a0.muscache.com', port=443): Max retries exceeded with url: /pictures/miso/Hosting-21894298/original/b9f61774-25b3-43d2-ba23-519dc9121c49.jpeg (Caused by ReadTimeoutError(""HTTPSConnectionPool(host='a0.muscache.com', port=443): Read timed out. (read timeout=3.5)""))"
22063379,https://a0.muscache.com/pictures/5b9b3aef-32bf-430b-9252-6ee815ffffcb.jpg,failed_http_404,404.0,,0,0,0,,,HTTP 404
22308959,https://a0.muscache.com/pictures/48de09e3-4a78-4243-9483-173c6ca93642.jpg,failed_http_404,404.0,,0,0,0,,,HTTP 404
22326909,https://a0.muscache.com/pictures/miso/Hosting-22326909/original/f9b8e521-f4f5-4b35-a152-90806ce03e87.jpeg,failed_http_404,404.0,,0,0,0,,,HTTP 404
22050248,https://a0.muscache.com/pictures/prohost-api/Hosting-22050248/original/db08340a-ca91-4fd6-9e43-8a5d257870dd.jpeg,failed_http_404,404.0,,0,0,0,,,HTTP 404
22095619,https://a0.muscache.com/pictures/640195c2-fc1f-4f19-addf-43c38453f552.jpg,success,200.0,c:\Prathik\MY DOCUMENTS\Rental_price_prediction\datasets\multimodal_v3\images\22095619.jpg,22357,480,360,RGB,451fd68d2ab6cd8c65994bfb28969b1a,
22740737,https://a0.muscache.com/pictures/9af07df7-c010-4600-a61f-e2c9f9d36b97.jpg,success,200.0,c:\Prathik\MY DOCUMENTS\Rental_price_prediction\datasets\multimodal_v3\images\22740737.jpg,110084,1024,685,RGB,f33318beade59a4064c0b92a5416043e,
22151438,https://a0.muscache.com/pictures/a960dce8-81db-4491-84c6-d225ffe6e8c3.jpg,success,200.0,c:\Prathik\MY DOCUMENTS\Rental_price_prediction\datasets\multimodal_v3\images\22151438.jpg,64303,640,480,RGB,460455e99c246faf73230de2468279d6,
22984192,https://a0.muscache.com/pictures/3062ab66-66aa-430c-8ff9-50d229eafb72.jpg,failed_http_404,404.0,,0,0,0,,,HTTP 404
22511514,https://a0.muscache.com/pictures/ba0b9ebc-ae21-466c-9d9c-5b676603acf2.jpg,success,200.0,c:\Prathik\MY DOCUMENTS\Rental_price_prediction\datasets\multimodal_v3\images\22511514.jpg,826502,3024,4032,RGB,b1d32470ba6775728141569c0612c46c,
22944749,https://a0.muscache.com/pictures/8015518b-2236-41bd-9579-643a01774639.jpg,success,200.0,c:\Prathik\MY DOCUMENTS\Rental_price_prediction\datasets\multimodal_v3\images\22944749.jpg,284974,1620,1080,RGB,d8d8cfecb2acebbdecf8bbe20584447c,
22848760,https://a0.muscache.com/pictures/597d416b-9d21-4f07-8851-f349ba970b68.jpg,success,200.0,c:\Prathik\MY DOCUMENTS\Rental_price_prediction\datasets\multimodal_v3\images\22848760.jpg,573506,3264,2448,RGB,75094024eb5d219ccb9df63ea5a96ca7,
23017092,https://a0.muscache.com/pictures/miso/Hosting-23017092/original/2fd95cee-d24c-4f33-9321-cd2c2f203196.jpeg,failed_http_404,404.0,,0,0,0,,,HTTP 404
22792399,https://a0.muscache.com/pictures/5e42c510-60e3-436b-8932-2a31e6f5a438.jpg,success,200.0,c:\Prathik\MY DOCUMENTS\Rental_price_prediction\datasets\multimodal_v3\images\22792399.jpg,184320,1620,1080,RGB,0b391f32247d73718e1fbc6ba9087eba,
23025024,https://a0.muscache.com/pictures/b3b68855-1106-4fa3-8bf2-fe6e10c70f76.jpg,failed_http_404,404.0,,0,0,0,,,HTTP 404
23198745,https://a0.muscache.com/pictures/496a3ed3-9987-480f-88fe-ad9411f7e2fd.jpg,failed_http_404,404.0,,0,0,0,,,HTTP 404
22517744,https://a0.muscache.com/pictures/miso/Hosting-22517744/original/8b77a615-7ae9-4847-a492-aed54f9e12bc.jpeg,success,200.0,c:\Prathik\MY DOCUMENTS\Rental_price_prediction\datasets\multimodal_v3\images\22517744.jpg,263006,1170,780,RGB,fbade663faf84dee7f3153d2dbc86598,
22030235,https://a0.muscache.com/pictures/a0f93a50-adf2-46fe-b183-8edd7d014311.jpg,success,200.0,c:\Prathik\MY DOCUMENTS\Rental_price_prediction\datasets\multimodal_v3\images\22030235.jpg,739603,4032,2268,RGB,322d28ca44583faf1d955d49fb3b658c,
22408602,https://a0.muscache.com/pictures/miso/Hosting-22408602/original/982eec82-f1da-4dd5-962d-9114c6841e36.jpeg,success,200.0,c:\Prathik\MY DOCUMENTS\Rental_price_prediction\datasets\multimodal_v3\images\22408602.jpg,1872460,4032,3024,RGB,7500f6cfb4806ae05ba64cca6758b5d0,
22224397,https://a0.muscache.com/pictures/23e8483a-975e-47b1-ba0a-666a3fddcf46.jpg,success,200.0,c:\Prathik\MY DOCUMENTS\Rental_price_prediction\datasets\multimodal_v3\images\22224397.jpg,99697,998,666,RGB,f99c161e1428a23924495f2f15aab74e,
22684105,https://a0.muscache.com/pictures/dd337a59-79ec-4a04-b8d7-3c2ef5e3b8a5.jpg,success,200.0,c:\Prathik\MY DOCUMENTS\Rental_price_prediction\datasets\multimodal_v3\images\22684105.jpg,260748,1600,1067,RGB,89251dec93004c2efba152354850f82e,
22773505,https://a0.muscache.com/pictures/315b4a4c-cfe2-492e-b993-e01f6592f7d0.jpg,success,200.0,c:\Prathik\MY DOCUMENTS\Rental_price_prediction\datasets\multimodal_v3\images\22773505.jpg,323724,2000,1335,RGB,24ba428b38eac7a4dd33e33563993f1c,
23343151,https://a0.muscache.com/pictures/2b75b0e8-598e-4114-a427-4df490f82712.jpg,failed_http_404,404.0,,0,0,0,,,HTTP 404
21947972,https://a0.muscache.com/pictures/c34c86cc-fd8d-4bcc-9e8e-200ce7efc4d2.jpg,success,200.0,c:\Prathik\MY DOCUMENTS\Rental_price_prediction\datasets\multimodal_v3\images\21947972.jpg,193429,940,626,RGB,37b6f46e1c9138e38109527053ab3b6c,
22683936,https://a0.muscache.com/pictures/87920a92-9b0f-4bf8-817f-4b156d8a19e4.jpg,success,200.0,c:\Prathik\MY DOCUMENTS\Rental_price_prediction\datasets\multimodal_v3\images\22683936.jpg,308982,1600,1067,RGB,52da1f5bb6d23e6623a63b89c5766a5a,
22510926,https://a0.muscache.com/pictures/197230ea-a035-47d7-b486-59e65e7bbfa4.jpg,success,200.0,c:\Prathik\MY DOCUMENTS\Rental_price_prediction\datasets\multimodal_v3\images\22510926.jpg,669916,2048,1365,RGB,8c7cbdde43a12ec587ed57504a83e8fb,
22119778,https://a0.muscache.com/pictures/bac6ce5d-d2ff-4506-8dae-a1ba8ff31e8a.jpg,success,200.0,c:\Prathik\MY DOCUMENTS\Rental_price_prediction\datasets\multimodal_v3\images\22119778.jpg,214812,1600,1067,RGB,3ac48ea9d1e84e44fd6459e174446c79,
22684155,https://a0.muscache.com/pictures/a4eae5e3-9eaa-4470-9c6a-930fa65eb7dc.jpg,success,200.0,c:\Prathik\MY DOCUMENTS\Rental_price_prediction\datasets\multimodal_v3\images\22684155.jpg,285434,1600,1067,RGB,e85a622f44f15122bcf3115364b732a6,
23451262,https://a0.muscache.com/pictures/419f879b-74d1-43d2-b0e7-b9b6eea8f4d3.jpg,failed_http_404,404.0,,0,0,0,,,HTTP 404
23480306,https://a0.muscache.com/pictures/miso/Hosting-23480306/original/0ec54340-746c-4c36-95d4-9a76f249573f.jpeg,failed_http_404,404.0,,0,0,0,,,HTTP 404
23254729,https://a0.muscache.com/pictures/724f81a9-96e2-423f-acf9-0101e83cf1ce.jpg,success,200.0,c:\Prathik\MY DOCUMENTS\Rental_price_prediction\datasets\multimodal_v3\images\23254729.jpg,405970,1536,2048,RGB,eeca8642602ccb29e51cc85ff07dbb8b,
23234938,https://a0.muscache.com/pictures/miso/Hosting-23234938/original/f7e3ccd6-7e58-452b-8415-7fdf5521989b.jpeg,success,200.0,c:\Prathik\MY DOCUMENTS\Rental_price_prediction\datasets\multimodal_v3\images\23234938.jpg,3680245,6016,4016,RGB,712e578c73cec8b961f91b6665fc4608,
22114590,https://a0.muscache.com/pictures/a4149dc1-faa0-441e-bb0a-d2a7d0ccdae8.jpg,success,200.0,c:\Prathik\MY DOCUMENTS\Rental_price_prediction\datasets\multimodal_v3\images\22114590.jpg,267940,1600,1067,RGB,1ccb390de4be8481ca5ca79b33edfc2e,
22437447,https://a0.muscache.com/pictures/miso/Hosting-22437447/original/1be83f95-2341-469d-bca1-e547975778ff.jpeg,success,200.0,c:\Prathik\MY DOCUMENTS\Rental_price_prediction\datasets\multimodal_v3\images\22437447.jpg,1033918,4200,2800,RGB,acc0a4669201fe2f91fcb160062d9297,
23393644,https://a0.muscache.com/pictures/1cba3dca-5b9e-40d6-8ed2-8eda28056c11.jpg,success,200.0,c:\Prathik\MY DOCUMENTS\Rental_price_prediction\datasets\multimodal_v3\images\23393644.jpg,186486,1296,968,RGB,53059ddbc6a75c1f1d0eb03fb2e1cf6e,
22589049,https://a0.muscache.com/pictures/407234da-151c-4dc7-9ad6-08d8e16f59bf.jpg,success,200.0,c:\Prathik\MY DOCUMENTS\Rental_price_prediction\datasets\multimodal_v3\images\22589049.jpg,1511418,4032,3024,RGB,b0e01c9237581cc0250fab56923b295c,
23068704,https://a0.muscache.com/pictures/miso/Hosting-23068704/original/6fc60cf3-1934-4204-bfab-ebe8bb319f20.jpeg,success,200.0,c:\Prathik\MY DOCUMENTS\Rental_price_prediction\datasets\multimodal_v3\images\23068704.jpg,1017695,3024,2016,RGB,959b1a918b64dfb6d52b7cd3f72e2d98,
23541284,https://a0.muscache.com/pictures/miso/Hosting-23541284/original/60c7186c-3cb5-4af1-9aa6-142f654edd9d.jpeg,success,200.0,c:\Prathik\MY DOCUMENTS\Rental_price_prediction\datasets\multimodal_v3\images\23541284.jpg,537196,2304,1536,RGB,81c8737a539fc16f5c159a4ae4b4fb51,
23525377,https://a0.muscache.com/pictures/669efdde-0498-449e-bec3-49779c460481.jpg,success,200.0,c:\Prathik\MY DOCUMENTS\Rental_price_prediction\datasets\multimodal_v3\images\23525377.jpg,637270,2016,1512,RGB,c7dd850920c871ee87b2576014f5e300,
23578212,https://a0.muscache.com/pictures/e83022de-895d-4def-b867-0da85208d83b.jpg,failed_http_404,404.0,,0,0,0,,,HTTP 404
23285263,https://a0.muscache.com/pictures/967d8728-7940-47b0-bd6f-3c3c7eea8b8e.jpg,success,200.0,c:\Prathik\MY DOCUMENTS\Rental_price_prediction\datasets\multimodal_v3\images\23285263.jpg,111302,768,508,RGB,83fae7aacdba4663988030672a88cb37,
23563574,https://a0.muscache.com/pictures/861d300e-37f4-46e8-811c-c608206d84e4.jpg,success,200.0,c:\Prathik\MY DOCUMENTS\Rental_price_prediction\datasets\multimodal_v3\images\23563574.jpg,353078,1440,1080,RGB,72663ef097bc65b87ecc26018ba87cac,
23623536,https://a0.muscache.com/pictures/7a26cc56-ec12-40aa-8999-fe9e7560db63.jpg,failed_http_404,404.0,,0,0,0,,,HTTP 404
23579032,https://a0.muscache.com/pictures/ea24bfdc-7305-477b-85d3-04332822c35e.jpg,success,200.0,c:\Prathik\MY DOCUMENTS\Rental_price_prediction\datasets\multimodal_v3\images\23579032.jpg,172411,996,1500,RGB,2e281f21ed79cdba2c6f8536fb8cb3f3,
22306380,https://a0.muscache.com/pictures/7aaf10f0-5e1d-4d2b-91ac-6bb7c17630c7.jpg,success,200.0,c:\Prathik\MY DOCUMENTS\Rental_price_prediction\datasets\multimodal_v3\images\22306380.jpg,1363661,4032,3024,RGB,3aed0ca847b3126f3971eccf5b240e06,
23675467,https://a0.muscache.com/pictures/109cdcae-a51a-4a5e-be45-92f023aa902f.jpg,failed_http_404,404.0,,0,0,0,,,HTTP 404
23516374,https://a0.muscache.com/pictures/miso/Hosting-23516374/original/0a5930e4-4c9f-4214-bfb1-e0e928ff6cd9.jpeg,success,200.0,c:\Prathik\MY DOCUMENTS\Rental_price_prediction\datasets\multimodal_v3\images\23516374.jpg,662559,2048,1363,RGB,0de174cc090b556f1a27e06b86b114ed,
23518897,https://a0.muscache.com/pictures/adc0a159-1536-44c5-83c0-718e16a4f3a2.jpg,success,200.0,c:\Prathik\MY DOCUMENTS\Rental_price_prediction\datasets\multimodal_v3\images\23518897.jpg,1812312,4032,3024,RGB,a9a8cf38a41d6b534efabba85728557a,
23481039,https://a0.muscache.com/pictures/e41ff780-101e-479d-b536-2f0d9893018c.jpg,success,200.0,c:\Prathik\MY DOCUMENTS\Rental_price_prediction\datasets\multimodal_v3\images\23481039.jpg,430580,2016,1512,RGB,697921009f4996547bfba5d7e7ef2413,
23076921,https://a0.muscache.com/pictures/miso/Hosting-23076921/original/0b4be094-c35e-4619-acb3-f9353003e307.jpeg,success,200.0,c:\Prathik\MY DOCUMENTS\Rental_price_prediction\datasets\multimodal_v3\images\23076921.jpg,1623465,3024,4032,RGB,2756b9ff319fda74867a38b727ccb919,
23745497,https://a0.muscache.com/pictures/49e9a700-16f8-40ac-aad2-e6123cc249a8.jpg,success,200.0,c:\Prathik\MY DOCUMENTS\Rental_price_prediction\datasets\multimodal_v3\images\23745497.jpg,50283,640,480,RGB,a34b0ddeee1d219db0b9c40599830a2f,
23370743,https://a0.muscache.com/pictures/0d7889d8-d268-4077-a7eb-7cba9042945d.jpg,success,200.0,c:\Prathik\MY DOCUMENTS\Rental_price_prediction\datasets\multimodal_v3\images\23370743.jpg,1744731,4000,2250,RGB,168586f6ee38f0967ba75722ba83f8aa,
23596421,https://a0.muscache.com/pictures/8fa184cc-3047-4f77-9eae-fc2b90de94bd.jpg,success,200.0,c:\Prathik\MY DOCUMENTS\Rental_price_prediction\datasets\multimodal_v3\images\23596421.jpg,2269540,4032,3024,RGB,0c529fdafbb0de0b6aa59a2545a45b31,
23715234,https://a0.muscache.com/pictures/bc319acc-605d-4d49-b54e-7dca9f8a59a1.jpg,success,200.0,c:\Prathik\MY DOCUMENTS\Rental_price_prediction\datasets\multimodal_v3\images\23715234.jpg,1667883,5184,3456,RGB,cbfd3d39c14ef352d092407179c6300c,
23824223,https://a0.muscache.com/pictures/miso/Hosting-23824223/original/b2c471e0-6b73-4a34-9b37-5f32259d7f20.jpeg,success,200.0,c:\Prathik\MY DOCUMENTS\Rental_price_prediction\datasets\multimodal_v3\images\23824223.jpg,257220,1024,683,RGB,ba1b7bf7fad4b954fc654ffa650e7469,
22530746,https://a0.muscache.com/pictures/miso/Hosting-22530746/original/5163e7f3-fa24-4585-8e81-e1d846991707.png,success,200.0,c:\Prathik\MY DOCUMENTS\Rental_price_prediction\datasets\multimodal_v3\images\22530746.jpg,150852,1319,880,RGB,7d3af5169da1ed4d5d9aba97eafd5e55,
23859316,https://a0.muscache.com/pictures/miso/Hosting-23859316/original/8d287ea9-4e7c-458c-9f24-8e58a8dbdae2.jpeg,success,200.0,c:\Prathik\MY DOCUMENTS\Rental_price_prediction\datasets\multimodal_v3\images\23859316.jpg,78723,640,480,RGB,4d27b62e0bd9a20e9328f44fdfdc4ee5,
23859984,https://a0.muscache.com/pictures/c1c642da-57fd-4c5a-9351-83d9d05b7b41.jpg,failed_http_404,404.0,,0,0,0,,,HTTP 404
23877206,https://a0.muscache.com/pictures/fd60701c-4893-4a66-b88f-1fe7ad10e8ba.jpg,failed_http_404,404.0,,0,0,0,,,HTTP 404
22351697,https://a0.muscache.com/pictures/2d48a3ec-4297-4601-b8dc-561d3eaad1e1.jpg,success,200.0,c:\Prathik\MY DOCUMENTS\Rental_price_prediction\datasets\multimodal_v3\images\22351697.jpg,749026,2048,1536,RGB,f9f71c362980d8c509a33bc41fa366b2,
23579231,https://a0.muscache.com/pictures/3aa5227a-58ac-4304-b6b0-8e5b2f7d1be1.jpg,success,200.0,c:\Prathik\MY DOCUMENTS\Rental_price_prediction\datasets\multimodal_v3\images\23579231.jpg,626387,3000,2001,RGB,2ccff0eafd3c0af71a90fd238142c664,
23748278,https://a0.muscache.com/pictures/miso/Hosting-23748278/original/2cd24019-28f5-4677-8c14-4bc586cde630.jpeg,success,200.0,c:\Prathik\MY DOCUMENTS\Rental_price_prediction\datasets\multimodal_v3\images\23748278.jpg,686684,2305,1537,RGB,bfae968142745ea374025ece1d6e87a5,
23919596,https://a0.muscache.com/pictures/6f4dea40-f0bd-4740-98e4-52a1be78694d.jpg,failed_http_404,404.0,,0,0,0,,,HTTP 404
22035029,https://a0.muscache.com/pictures/b1369efa-c8cc-49f3-9185-e289c49acc20.jpg,success,200.0,c:\Prathik\MY DOCUMENTS\Rental_price_prediction\datasets\multimodal_v3\images\22035029.jpg,1695270,4032,3024,RGB,94d140f879c0898733e904d81241cd3c,
23740885,https://a0.muscache.com/pictures/06ff747d-6d5e-4973-bac4-7300c5e5b7dc.jpg,success,200.0,c:\Prathik\MY DOCUMENTS\Rental_price_prediction\datasets\multimodal_v3\images\23740885.jpg,453051,2208,1242,RGB,20b9278fdddc54159e7b46b0efd58f75,
22813165,https://a0.muscache.com/pictures/992886e5-d9ef-40e2-a0df-b0838cee0069.jpg,success,200.0,c:\Prathik\MY DOCUMENTS\Rental_price_prediction\datasets\multimodal_v3\images\22813165.jpg,1221660,4032,3024,RGB,f9a1f7ad36c30b4b6ccc2dc371a92b8f,
24056179,https://a0.muscache.com/pictures/37addbd5-87c4-415d-8bed-08957903070b.jpg,failed_http_404,404.0,,0,0,0,,,HTTP 404
23788596,https://a0.muscache.com/pictures/miso/Hosting-23788596/original/80fc7e72-f4a4-41f4-a106-43d5f6cacf28.jpeg,success,200.0,c:\Prathik\MY DOCUMENTS\Rental_price_prediction\datasets\multimodal_v3\images\23788596.jpg,1560354,2305,1537,RGB,14d8481dcd9f0f09234cc15ef5df9846,
24098735,https://a0.muscache.com/pictures/prohost-api/Hosting-24098735/original/981401ab-e971-42b4-a766-1d74c3d9f422.jpeg,failed_http_404,404.0,,0,0,0,,,HTTP 404
23874576,https://a0.muscache.com/pictures/27d8a7f1-822f-4356-89cd-c716ab090994.jpg,success,200.0,c:\Prathik\MY DOCUMENTS\Rental_price_prediction\datasets\multimodal_v3\images\23874576.jpg,955777,3960,2640,RGB,053b4600f22c1d62b4fe1b6b3d16f185,
22360186,https://a0.muscache.com/pictures/e7da0cca-dc70-4a3a-8cbb-2c98746846fe.jpg,success,200.0,c:\Prathik\MY DOCUMENTS\Rental_price_prediction\datasets\multimodal_v3\images\22360186.jpg,1024288,3872,2592,RGB,f29e424e186d1447be8e2996a34cf6a0,
23564110,https://a0.muscache.com/pictures/a7ebfa19-da53-4eee-a4ae-682ea3535c02.jpg,success,200.0,c:\Prathik\MY DOCUMENTS\Rental_price_prediction\datasets\multimodal_v3\images\23564110.jpg,747202,3264,1836,RGB,f5bce67bcc8256ec5ba21a40c5eb0cfe,
24196245,https://a0.muscache.com/pictures/fe22388d-04b7-4b3d-a7bc-0017e7be3669.jpg,success,200.0,c:\Prathik\MY DOCUMENTS\Rental_price_prediction\datasets\multimodal_v3\images\24196245.jpg,832709,3930,2932,RGB,b562bd063ef91a794007d8728b2b0738,
23748992,https://a0.muscache.com/pictures/miso/Hosting-23748992/original/b170cd53-7bfb-4053-9b80-71c21724c5e5.jpeg,success,200.0,c:\Prathik\MY DOCUMENTS\Rental_price_prediction\datasets\multimodal_v3\images\23748992.jpg,571187,2305,1537,RGB,e55ac710129a62cbe3cf7f1bcef51695,
23335956,https://a0.muscache.com/pictures/6a4b9c63-3c45-4796-a4e2-da2f1e0c1a49.jpg,success,200.0,c:\Prathik\MY DOCUMENTS\Rental_price_prediction\datasets\multimodal_v3\images\23335956.jpg,891262,3361,2209,RGB,38e52e19e1d22764698274a17f4793e6,
24347730,https://a0.muscache.com/pictures/8db7eb5e-2cd7-4fc2-9066-108676d22b8f.jpg,success,200.0,c:\Prathik\MY DOCUMENTS\Rental_price_prediction\datasets\multimodal_v3\images\24347730.jpg,157667,1500,1000,RGB,a03d078be2b8bf1766e1d0de85a3708c,
22437203,https://a0.muscache.com/pictures/airflow/Hosting-22437203/original/86f1b389-186e-466d-b532-f62f65ccd286.jpg,success,200.0,c:\Prathik\MY DOCUMENTS\Rental_price_prediction\datasets\multimodal_v3\images\22437203.jpg,1557287,4200,2800,RGB,51f1fc491394a1ad11e6d705f5216080,
24396068,https://a0.muscache.com/pictures/2a35b92f-bb25-4823-ac71-2708a242fb17.jpg,failed_http_404,404.0,,0,0,0,,,HTTP 404
23748903,https://a0.muscache.com/pictures/miso/Hosting-23748903/original/ac9a596b-286b-4a97-9fa9-ae72a8368a9f.jpeg,success,200.0,c:\Prathik\MY DOCUMENTS\Rental_price_prediction\datasets\multimodal_v3\images\23748903.jpg,870617,2304,1536,RGB,33cd5fd824c7c8e6097fc58799c625d8,
22921667,https://a0.muscache.com/pictures/33cc7aa4-67ce-4e2c-80b1-2e62b7203d94.jpg,success,200.0,c:\Prathik\MY DOCUMENTS\Rental_price_prediction\datasets\multimodal_v3\images\22921667.jpg,2351518,4096,3072,RGB,2b2a3887b5b4a1951af0453c464cbb26,
24312963,https://a0.muscache.com/pictures/5c6539af-9f48-4714-8304-984c6ee68adf.jpg,success,200.0,c:\Prathik\MY DOCUMENTS\Rental_price_prediction\datasets\multimodal_v3\images\24312963.jpg,1055522,3264,2448,RGB,7bc79f0a1956b6c2b12461a27ec95ced,
24280176,https://a0.muscache.com/pictures/ffbacbd9-cb14-42bd-aa64-50fd83086f04.jpg,success,200.0,c:\Prathik\MY DOCUMENTS\Rental_price_prediction\datasets\multimodal_v3\images\24280176.jpg,2152883,4032,3024,RGB,f0eda51f571bb4d88d78a5baa8acbf40,
24117606,https://a0.muscache.com/pictures/b5ffa341-b976-48b6-8e4c-6eb0f7a8b716.jpg,success,200.0,c:\Prathik\MY DOCUMENTS\Rental_price_prediction\datasets\multimodal_v3\images\24117606.jpg,513786,2016,1512,RGB,3f4f5f43ca90a1475a76a4dd09519576,
24080389,https://a0.muscache.com/pictures/miso/Hosting-24080389/original/dcd1cafa-e622-45fc-895d-3b82f0151f84.jpeg,success,200.0,c:\Prathik\MY DOCUMENTS\Rental_price_prediction\datasets\multimodal_v3\images\24080389.jpg,1872460,4032,3024,RGB,7500f6cfb4806ae05ba64cca6758b5d0,
24520534,https://a0.muscache.com/pictures/5692faa7-98df-422b-bc1d-e09d6dadcced.jpg,success,200.0,c:\Prathik\MY DOCUMENTS\Rental_price_prediction\datasets\multimodal_v3\images\24520534.jpg,476393,1440,1080,RGB,85ada6b8da63c39850afdf8b3b2b0dcc,
24594949,https://a0.muscache.com/pictures/8374d814-c122-4448-bde3-a93dc110f195.jpg,failed_http_404,404.0,,0,0,0,,,HTTP 404
23881173,https://a0.muscache.com/pictures/ee67210b-8e93-41f0-9a4b-50ed89d1a8d2.jpg,success,200.0,c:\Prathik\MY DOCUMENTS\Rental_price_prediction\datasets\multimodal_v3\images\23881173.jpg,243875,1582,1055,RGB,a259b8257bbe58ab4440c6c15ff95c7b,
24697002,https://a0.muscache.com/pictures/miso/Hosting-24697002/original/e89f66fc-0b17-4ba0-9368-ea36ea7e564f.jpeg,failed_http_404,404.0,,0,0,0,,,HTTP 404
23749047,https://a0.muscache.com/pictures/miso/Hosting-23749047/original/73b617f0-87f5-41bb-9aa3-f623af45b262.jpeg,success,200.0,c:\Prathik\MY DOCUMENTS\Rental_price_prediction\datasets\multimodal_v3\images\23749047.jpg,763344,1536,2122,RGB,ffbdd113e944fb02fb7b6cac7ca62483,
24766296,https://a0.muscache.com/pictures/3b78ef21-712a-45f0-9e5e-b62a1994bd12.jpg,success,200.0,c:\Prathik\MY DOCUMENTS\Rental_price_prediction\datasets\multimodal_v3\images\24766296.jpg,35245,450,300,RGB,91e5e88f88e4c4f8675d682f205dda44,
24493492,https://a0.muscache.com/pictures/07b601c9-4e73-4c98-86d6-6e5abc7f4b4b.jpg,success,200.0,c:\Prathik\MY DOCUMENTS\Rental_price_prediction\datasets\multimodal_v3\images\24493492.jpg,747030,1936,2592,RGB,925c9e9b8f9d757c4267f3a89b98a1a3,
24752561,https://a0.muscache.com/pictures/miso/Hosting-24752561/original/26a3d36e-bcf5-4edd-a448-759771abe4b5.jpeg,success,200.0,c:\Prathik\MY DOCUMENTS\Rental_price_prediction\datasets\multimodal_v3\images\24752561.jpg,72221,640,480,RGB,ca497afd9de48feae1918a2b1c4edf3f,
24540122,https://a0.muscache.com/pictures/a5a78db4-a588-40ac-b948-3e27a27b3984.jpg,success,200.0,c:\Prathik\MY DOCUMENTS\Rental_price_prediction\datasets\multimodal_v3\images\24540122.jpg,59263,640,427,RGB,746a0d0162668aa79aeabc6013ddef6c,
23084647,https://a0.muscache.com/pictures/05973a7c-6dde-4716-8220-a2a51972bfb7.jpg,success,200.0,c:\Prathik\MY DOCUMENTS\Rental_price_prediction\datasets\multimodal_v3\images\23084647.jpg,2046531,4032,3024,RGB,396d42c886e8fbf18c07fb1893e8036c,
22924150,https://a0.muscache.com/pictures/78af14b3-7b65-48b8-8115-9ffc273da81b.jpg,success,200.0,c:\Prathik\MY DOCUMENTS\Rental_price_prediction\datasets\multimodal_v3\images\22924150.jpg,1603235,3264,2448,RGB,8421d67968402425c046c873c0701a20,
23523473,https://a0.muscache.com/pictures/eadf418e-aafc-44c9-9d21-a733d2d0ce73.jpg,success,200.0,c:\Prathik\MY DOCUMENTS\Rental_price_prediction\datasets\multimodal_v3\images\23523473.jpg,1911332,4048,3036,RGB,b076043eb1852f294c9300b3264d9baf,
24834700,https://a0.muscache.com/pictures/miso/Hosting-24834700/original/a331c170-7599-4005-b9e9-a49f922e0882.jpeg,success,200.0,c:\Prathik\MY DOCUMENTS\Rental_price_prediction\datasets\multimodal_v3\images\24834700.jpg,309819,1170,878,RGB,8225e6d9a301d50f980ce3415f093a62,
24445744,https://a0.muscache.com/pictures/81dc917c-a2cf-4fc7-a3da-049772f38498.jpg,success,200.0,c:\Prathik\MY DOCUMENTS\Rental_price_prediction\datasets\multimodal_v3\images\24445744.jpg,2123366,4048,2698,RGB,f3e3190b11c9816736b1fb138e680a5c,
24387676,https://a0.muscache.com/pictures/miso/Hosting-24387676/original/3bf73383-5b43-435d-afed-a61c7fdec17b.jpeg,success,200.0,c:\Prathik\MY DOCUMENTS\Rental_price_prediction\datasets\multimodal_v3\images\24387676.jpg,2993959,6127,2507,RGB,246390a614b80d29b0ef5b61b6bdbf07,
24894370,https://a0.muscache.com/pictures/miso/Hosting-24894370/original/16702174-a580-4dcc-bbe9-02514b3d77ac.jpeg,failed_http_404,404.0,,0,0,0,,,HTTP 404
22107175,https://a0.muscache.com/pictures/bd3c425a-ab07-49f8-8784-637ceac5af32.jpg,success,200.0,c:\Prathik\MY DOCUMENTS\Rental_price_prediction\datasets\multimodal_v3\images\22107175.jpg,1627293,3264,2448,RGB,3c6fa5422a8a6d618407e2335673aac7,
22486185,https://a0.muscache.com/pictures/3cd1c79e-18f6-4c55-af89-a179a4965be7.jpg,success,200.0,c:\Prathik\MY DOCUMENTS\Rental_price_prediction\datasets\multimodal_v3\images\22486185.jpg,1386965,4200,2804,RGB,a9632703b15c90932f6d68dcc782f257,
24605088,https://a0.muscache.com/pictures/e12801ea-1ec1-43cb-ac4b-e0c4d4ded03f.jpg,success,200.0,c:\Prathik\MY DOCUMENTS\Rental_price_prediction\datasets\multimodal_v3\images\24605088.jpg,1962242,4000,3000,RGB,85553e73afe0afd8cff12cebce5e63a0,
23150406,https://a0.muscache.com/pictures/3674cefe-f71d-4f3f-a613-b2a180746ca3.jpg,success,200.0,c:\Prathik\MY DOCUMENTS\Rental_price_prediction\datasets\multimodal_v3\images\23150406.jpg,4567000,5552,3702,RGB,418a631e2b055e0ee7b497825c653b99,
23419322,https://a0.muscache.com/pictures/7133bce1-f8d4-4be9-ae67-cd0f29b80f49.jpg,success,200.0,c:\Prathik\MY DOCUMENTS\Rental_price_prediction\datasets\multimodal_v3\images\23419322.jpg,3208380,5344,3006,RGB,4620ca821f8fa2c852063b62e48ee652,
23921294,https://a0.muscache.com/pictures/bdf5d93b-a668-41f7-8535-402c9543f106.jpg,success,200.0,c:\Prathik\MY DOCUMENTS\Rental_price_prediction\datasets\multimodal_v3\images\23921294.jpg,2702453,5123,3415,RGB,847bf3d523b8e6eed697790b51550509,
25135803,https://a0.muscache.com/pictures/prohost-api/Hosting-25135803/original/2ae88320-636d-406e-9374-8bab017573a7.jpeg,failed_http_404,404.0,,0,0,0,,,HTTP 404
22049704,https://a0.muscache.com/pictures/67c19a24-4966-4982-9b08-04e4b39549db.jpg,success,200.0,c:\Prathik\MY DOCUMENTS\Rental_price_prediction\datasets\multimodal_v3\images\22049704.jpg,2789331,3456,3456,RGB,9ab8a2d121746244d0722150000f4076,
23644478,https://a0.muscache.com/pictures/98248628-ebfc-4a67-a5ed-ba21b05018a4.jpg,success,200.0,c:\Prathik\MY DOCUMENTS\Rental_price_prediction\datasets\multimodal_v3\images\23644478.jpg,1846786,4200,2804,RGB,0ddc0846792fdb64ed825973253611c3,
25212461,https://a0.muscache.com/pictures/63dd53e1-b74b-47e8-a178-d57408b8e981.jpg,success,200.0,c:\Prathik\MY DOCUMENTS\Rental_price_prediction\datasets\multimodal_v3\images\25212461.jpg,70699,600,400,RGB,f92dccdff4924613d098a7e56244b4e0,
22461969,https://a0.muscache.com/pictures/123195ad-3099-49d2-81a6-0dadc740fa84.jpg,success,200.0,c:\Prathik\MY DOCUMENTS\Rental_price_prediction\datasets\multimodal_v3\images\22461969.jpg,2010868,4032,3024,RGB,6553e1fb97cd7a2b0ec85f9c95ff7194,
23935850,https://a0.muscache.com/pictures/aac1273d-4052-4c92-a67a-ee0fb6d34f85.jpg,success,200.0,c:\Prathik\MY DOCUMENTS\Rental_price_prediction\datasets\multimodal_v3\images\23935850.jpg,2921212,4209,3499,RGB,96487728fee89fa89475fd31c5690b60,
23430202,https://a0.muscache.com/pictures/782903d9-e23d-40f4-bb1c-50ee220c62a7.jpg,success,200.0,c:\Prathik\MY DOCUMENTS\Rental_price_prediction\datasets\multimodal_v3\images\23430202.jpg,3208380,5344,3006,RGB,4620ca821f8fa2c852063b62e48ee652,
25422541,https://a0.muscache.com/pictures/43dcf6a3-2e57-412e-b0da-6eafd103b347.jpg,success,200.0,c:\Prathik\MY DOCUMENTS\Rental_price_prediction\datasets\multimodal_v3\images\25422541.jpg,54610,640,428,RGB,5c1ad0232ea0ac5da1ea6b004ff2886a,
25138871,https://a0.muscache.com/pictures/743b8b8e-eb41-4ec2-b2b3-5bed9d3b14d1.jpg,success,200.0,c:\Prathik\MY DOCUMENTS\Rental_price_prediction\datasets\multimodal_v3\images\25138871.jpg,1864748,3269,2179,RGB,d7113f4fd9069b6856475a2ed97df5a9,
25013010,https://a0.muscache.com/pictures/miso/Hosting-25013010/original/66707b6a-c79c-4b37-92dd-cd889f14ed80.jpeg,success,200.0,c:\Prathik\MY DOCUMENTS\Rental_price_prediction\datasets\multimodal_v3\images\25013010.jpg,1621294,4200,2800,RGB,344795dda831a2ffbf35c240c59fcc95,
25479162,https://a0.muscache.com/pictures/ed93835d-c04d-4e7f-8cba-be8b4f9abbca.jpg,success,200.0,c:\Prathik\MY DOCUMENTS\Rental_price_prediction\datasets\multimodal_v3\images\25479162.jpg,902957,3914,2609,RGB,948a0b31de52681d09e21cac99ef92a7,
25519478,https://a0.muscache.com/pictures/prohost-api/Hosting-25519478/original/1085c000-0e57-4001-b0de-1c1a5ea724cc.jpeg,failed_http_404,404.0,,0,0,0,,,HTTP 404
25519626,https://a0.muscache.com/pictures/prohost-api/Hosting-25519626/original/1158a138-29b9-4b3f-a959-5e16067ba01a.jpeg,failed_http_404,404.0,,0,0,0,,,HTTP 404
24492331,https://a0.muscache.com/pictures/8d391bd6-b0f3-4d6c-8cda-2f804e24f723.jpg,success,200.0,c:\Prathik\MY DOCUMENTS\Rental_price_prediction\datasets\multimodal_v3\images\24492331.jpg,2448649,2448,3264,RGB,73ed1ade5c1cbfa3a8c768786d41dd15,
25281090,https://a0.muscache.com/pictures/miso/Hosting-25281090/original/0af2ceb2-077d-4776-a4de-b9ff2c641f30.jpeg,success,200.0,c:\Prathik\MY DOCUMENTS\Rental_price_prediction\datasets\multimodal_v3\images\25281090.jpg,551186,3000,2001,RGB,664453aebc254ae2321556383db99988,
25518066,https://a0.muscache.com/pictures/041c5a6a-f20e-4583-b82c-bf1730d5b95d.jpg,success,200.0,c:\Prathik\MY DOCUMENTS\Rental_price_prediction\datasets\multimodal_v3\images\25518066.jpg,1028098,2091,1637,RGB,aa1ff7efb3cd8d8ed21ba2a0929d8334,
22594761,https://a0.muscache.com/pictures/d52dccbb-a7fa-402d-a703-4540e4d77377.jpg,success,200.0,c:\Prathik\MY DOCUMENTS\Rental_price_prediction\datasets\multimodal_v3\images\22594761.jpg,3253944,5184,3888,RGB,e2e5a759bdee59e018d97931308edf81,
25418819,https://a0.muscache.com/pictures/c43ebd11-1dc5-4e84-867d-ca8d4337b2a7.jpg,success,200.0,c:\Prathik\MY DOCUMENTS\Rental_price_prediction\datasets\multimodal_v3\images\25418819.jpg,731764,2250,1500,RGB,0d0cb6d9716059f38dde9b42e0f9e0b9,
26038824,https://a0.muscache.com/pictures/9a7a98b2-3c85-4464-b84b-2ee43eec4cc6.jpg,failed_http_404,404.0,,0,0,0,,,HTTP 404
24428641,https://a0.muscache.com/pictures/airflow/Hosting-24428641/original/6b44d21e-3b04-4ed7-9734-25b4ddab1c72.jpg,success,200.0,c:\Prathik\MY DOCUMENTS\Rental_price_prediction\datasets\multimodal_v3\images\24428641.jpg,2335574,4200,2800,RGB,c4230fae2cd0805e271fb37cff518c16,
25322676,https://a0.muscache.com/pictures/miso/Hosting-25322676/original/1d2741ec-f937-46b2-a09c-8984d5712f09.jpeg,success,200.0,c:\Prathik\MY DOCUMENTS\Rental_price_prediction\datasets\multimodal_v3\images\25322676.jpg,1714917,2880,1920,RGB,da91760961bcf1eed6b6c88a981f1c39,
24895256,https://a0.muscache.com/pictures/7e7886a2-d404-4eaf-8938-f009faa8473f.jpg,success,200.0,c:\Prathik\MY DOCUMENTS\Rental_price_prediction\datasets\multimodal_v3\images\24895256.jpg,5410522,7514,5214,RGB,17133b4933271871d623ba39ddf34a54,
24287936,https://a0.muscache.com/pictures/8aadf944-ef16-4331-880d-e57ac2086ed9.jpg,success,200.0,c:\Prathik\MY DOCUMENTS\Rental_price_prediction\datasets\multimodal_v3\images\24287936.jpg,2402297,3648,2736,RGB,551ef88dd83c13b1208874f76ba80df7,
25977047,https://a0.muscache.com/pictures/d33eae64-29ef-4fee-8cc5-bf907f77e359.jpg,success,200.0,c:\Prathik\MY DOCUMENTS\Rental_price_prediction\datasets\multimodal_v3\images\25977047.jpg,260956,1457,971,RGB,776c56d20db82f224322b92ecca118eb,
24942698,https://a0.muscache.com/pictures/a400e0a8-f173-4c12-86e9-37c7c73d8e6f.jpg,success,200.0,c:\Prathik\MY DOCUMENTS\Rental_price_prediction\datasets\multimodal_v3\images\24942698.jpg,1134434,4032,2688,RGB,861e0dbe45d5038934bd0e26b70260b5,
23546508,https://a0.muscache.com/pictures/3e924a59-7851-49f3-a6eb-02a2c13b3062.jpg,success,200.0,c:\Prathik\MY DOCUMENTS\Rental_price_prediction\datasets\multimodal_v3\images\23546508.jpg,3696644,4032,3024,RGB,8542a18d695c2071d60c93e394670e36,
25882810,https://a0.muscache.com/pictures/b8641557-a7e0-4377-932f-6e56582287e6.jpg,success,200.0,c:\Prathik\MY DOCUMENTS\Rental_price_prediction\datasets\multimodal_v3\images\25882810.jpg,1506369,4032,3024,RGB,197d6e152217e691948f99330395adbd,
24885757,https://a0.muscache.com/pictures/42be28f7-1450-4017-a07e-372f36bfbe47.jpg,success,200.0,c:\Prathik\MY DOCUMENTS\Rental_price_prediction\datasets\multimodal_v3\images\24885757.jpg,2188898,4032,3024,RGB,4fc2e4757cd8f00cab6e2525074c1405,
24984793,https://a0.muscache.com/pictures/miso/Hosting-24984793/original/524644f4-d9d9-4be9-b394-d0a7f12120e5.jpeg,success,200.0,c:\Prathik\MY DOCUMENTS\Rental_price_prediction\datasets\multimodal_v3\images\24984793.jpg,1557804,4032,3024,RGB,6ae30032c0a639ac789cbeb653b65149,
26163788,https://a0.muscache.com/pictures/d75d55c2-76c1-4495-b26d-ea2c98e694c0.jpg,success,200.0,c:\Prathik\MY DOCUMENTS\Rental_price_prediction\datasets\multimodal_v3\images\26163788.jpg,363816,1440,1080,RGB,07c9e4e1e5fce7e84c8c69f2037a4f27,
26129371,https://a0.muscache.com/pictures/miso/Hosting-26129371/original/41d07150-856f-4e80-92db-5f25183cf463.jpeg,success,200.0,c:\Prathik\MY DOCUMENTS\Rental_price_prediction\datasets\multimodal_v3\images\26129371.jpg,1389839,4032,3024,RGB,6dfcc66d5fdec431f7244e8bc0f3d81d,
24797144,https://a0.muscache.com/pictures/bf8e3931-9812-42a4-be8a-5daaa098d34b.jpg,success,200.0,c:\Prathik\MY DOCUMENTS\Rental_price_prediction\datasets\multimodal_v3\images\24797144.jpg,898339,4032,2688,RGB,e27cab2dd24b6899d2cdfbf7108d5a8a,
24476866,https://a0.muscache.com/pictures/30f38538-af76-4834-9b42-b89c9935017c.jpg,failed_timeout_or_error,,,0,0,0,,,"HTTPSConnectionPool(host='a0.muscache.com', port=443): Read timed out."
26098132,https://a0.muscache.com/pictures/dffc973c-8689-4d31-bf66-9911b6cbdfee.jpg,success,200.0,c:\Prathik\MY DOCUMENTS\Rental_price_prediction\datasets\multimodal_v3\images\26098132.jpg,1281586,3264,2448,RGB,49bbf6fd4d49a0f00f583acb090ec4ba,
23748724,https://a0.muscache.com/pictures/monet/Select-23748724/original/e567371c-989e-4530-837c-14b941928b87,success,200.0,c:\Prathik\MY DOCUMENTS\Rental_price_prediction\datasets\multimodal_v3\images\23748724.jpg,3408319,4200,2800,RGB,e838d0200f2bde289cacaaa34a263e80,
26454939,https://a0.muscache.com/pictures/2ffe1fbd-9a09-4482-a964-9e41ed4e03c8.jpg,failed_http_404,404.0,,0,0,0,,,HTTP 404
26528680,https://a0.muscache.com/pictures/b9d279dc-50bf-42a6-8193-6f554d3d22e8.jpg,success,200.0,c:\Prathik\MY DOCUMENTS\Rental_price_prediction\datasets\multimodal_v3\images\26528680.jpg,66312,704,525,RGB,8efb205d720e87ac298c65ddcf05cc22,
24306486,https://a0.muscache.com/pictures/9978e451-d2d1-40e2-b366-ac280a318fe8.jpg,success,200.0,c:\Prathik\MY DOCUMENTS\Rental_price_prediction\datasets\multimodal_v3\images\24306486.jpg,1555495,4200,2800,RGB,c93e0469ba19b2541ec4b83cc68f2032,
26339145,https://a0.muscache.com/pictures/miso/Hosting-26339145/original/1080a4b4-6494-4dae-a24e-d58ec7d887a6.jpeg,success,200.0,c:\Prathik\MY DOCUMENTS\Rental_price_prediction\datasets\multimodal_v3\images\26339145.jpg,435231,1440,960,RGB,e2316f937ed4b77fdefe4feb38c5ff45,
23739741,https://a0.muscache.com/pictures/monet/Select-23739741/original/75543bb6-34ff-44d1-ba6a-7a941096986e,success,200.0,c:\Prathik\MY DOCUMENTS\Rental_price_prediction\datasets\multimodal_v3\images\23739741.jpg,2101174,4200,2800,RGB,bbc738e9c40c5acdd605a8ed62991ab5,
26637023,https://a0.muscache.com/pictures/b73ca125-5796-4fcb-a088-29cff03bacbd.jpg,failed_http_404,404.0,,0,0,0,,,HTTP 404
26634224,https://a0.muscache.com/pictures/miso/Hosting-26634224/original/df082b2b-0be6-4a39-ac24-e34b2934e816.jpeg,success,200.0,c:\Prathik\MY DOCUMENTS\Rental_price_prediction\datasets\multimodal_v3\images\26634224.jpg,234495,800,600,RGB,ccb9c40d967fc3d872b93858752fffde,
26721327,https://a0.muscache.com/pictures/miso/Hosting-26721327/original/5575a294-b942-4d67-bdc0-31833f09f905.jpeg,failed_http_404,404.0,,0,0,0,,,HTTP 404
26690388,https://a0.muscache.com/pictures/miso/Hosting-26690388/original/4be7c51d-65c2-4871-804c-fbc18c4745d5.jpeg,success,200.0,c:\Prathik\MY DOCUMENTS\Rental_price_prediction\datasets\multimodal_v3\images\26690388.jpg,96680,1024,683,RGB,9be34476d41a61a79a1a830b73f909ee,
26391300,https://a0.muscache.com/pictures/0bd06b95-084e-4cf6-963f-1feb0891afde.jpg,success,200.0,c:\Prathik\MY DOCUMENTS\Rental_price_prediction\datasets\multimodal_v3\images\26391300.jpg,2435872,3392,2550,RGB,e9627e27789cf941e06d4836e3eeb357,
26753930,https://a0.muscache.com/pictures/a8a13356-556c-4ac1-afb9-edc87ad8ae3b.jpg,failed_http_404,404.0,,0,0,0,,,HTTP 404
24222452,https://a0.muscache.com/pictures/miso/Hosting-24222452/original/cd5e3709-2fa4-403c-9ef0-b5834a9e7fdc.jpeg,success,200.0,c:\Prathik\MY DOCUMENTS\Rental_price_prediction\datasets\multimodal_v3\images\24222452.jpg,8706055,8114,5409,RGB,a8c36b65ab625bf39ea8f7ac494d3145,
24817711,https://a0.muscache.com/pictures/8d8f6cd5-cef5-4465-9392-a2f6afce1e2f.jpg,success,200.0,c:\Prathik\MY DOCUMENTS\Rental_price_prediction\datasets\multimodal_v3\images\24817711.jpg,1069648,4200,2912,RGB,c5d52d48ed11372d68294b24039d4a06,
26829259,https://a0.muscache.com/pictures/cb2977d5-61c8-465b-a426-2398b9a6d34e.jpg,success,200.0,c:\Prathik\MY DOCUMENTS\Rental_price_prediction\datasets\multimodal_v3\images\26829259.jpg,540112,2576,1932,RGB,1e3adce4a04b41d98a014c4cdd288fdf,
25068792,https://a0.muscache.com/pictures/miso/Hosting-25068792/original/c9e71dee-c97b-4a74-8874-6d32d70ca9b5.jpeg,success,200.0,c:\Prathik\MY DOCUMENTS\Rental_price_prediction\datasets\multimodal_v3\images\25068792.jpg,2875694,4032,3024,RGB,52c1bb33c24eb3dae3420cac353aa5c3,
27019129,https://a0.muscache.com/pictures/miso/Hosting-27019129/original/3979e749-d980-4e61-9ae2-52836c05ab97.jpeg,failed_http_404,404.0,,0,0,0,,,HTTP 404
26925544,https://a0.muscache.com/pictures/airflow/Hosting-26925544/original/37e85217-966e-4ab1-9e18-64b7bc095799.jpg,failed_timeout_or_error,,,0,0,0,,,"HTTPSConnectionPool(host='a0.muscache.com', port=443): Max retries exceeded with url: /pictures/airflow/Hosting-26925544/original/37e85217-966e-4ab1-9e18-64b7bc095799.jpg (Caused by ReadTimeoutError(""HTTPSConnectionPool(host='a0.muscache.com', port=443): Read timed out. (read timeout=3.5)""))"
25251626,https://a0.muscache.com/pictures/a021c6b9-18b1-47e3-9f11-f9353038406e.jpg,success,200.0,c:\Prathik\MY DOCUMENTS\Rental_price_prediction\datasets\multimodal_v3\images\25251626.jpg,1324058,3860,2563,RGB,258ad8b1c38d79bae8e10c6c375cc8e8,
26910515,https://a0.muscache.com/pictures/miso/Hosting-26910515/original/e06f8551-53d7-4543-b6b6-f324aa903b81.jpeg,success,200.0,c:\Prathik\MY DOCUMENTS\Rental_price_prediction\datasets\multimodal_v3\images\26910515.jpg,1636427,3657,2407,RGB,e28a3e07412fe74f9645e0f1caf2024a,
27132022,https://a0.muscache.com/pictures/fddd9888-638c-4aba-bdbc-fbf361e6e692.jpg,success,200.0,c:\Prathik\MY DOCUMENTS\Rental_price_prediction\datasets\multimodal_v3\images\27132022.jpg,57737,576,432,RGB,26eb4ea7b3cfe3793ba0c4e56f32fe80,
22163415,https://a0.muscache.com/pictures/b94c2b3d-894f-41d9-b2ed-8dc46b48d270.jpg,failed_timeout_or_error,,,0,0,0,,,"('Connection broken: IncompleteRead(8288032 bytes read, 1019832 more expected)', IncompleteRead(8288032 bytes read, 1019832 more expected))"
25132222,https://a0.muscache.com/pictures/4b53cb22-c9cd-4953-9e63-cf171f7d04b7.jpg,success,200.0,c:\Prathik\MY DOCUMENTS\Rental_price_prediction\datasets\multimodal_v3\images\25132222.jpg,1988758,3925,2617,RGB,589b91ec923922152aeba4ff307b23a6,
26189814,https://a0.muscache.com/pictures/miso/Hosting-26189814/original/ccb8caf7-4d90-4b25-8522-3f3c2152276a.jpeg,success,200.0,c:\Prathik\MY DOCUMENTS\Rental_price_prediction\datasets\multimodal_v3\images\26189814.jpg,4208714,6016,4016,RGB,99243b03bb2556add4f38706c65ed21b,
27123967,https://a0.muscache.com/pictures/d98cd39b-441e-4480-b12b-0cdcb9a6df4c.jpg,success,200.0,c:\Prathik\MY DOCUMENTS\Rental_price_prediction\datasets\multimodal_v3\images\27123967.jpg,996565,2048,1536,RGB,1cab4673421774c15773d8aff087c7f2,
27338328,https://a0.muscache.com/pictures/miso/Hosting-27338328/original/5916df18-1f9d-4a08-867e-be599e72959d.jpeg,failed_http_404,404.0,,0,0,0,,,HTTP 404
27306911,https://a0.muscache.com/pictures/37c87fa0-ad51-45f3-acca-859a75aa0b99.jpg,success,200.0,c:\Prathik\MY DOCUMENTS\Rental_price_prediction\datasets\multimodal_v3\images\27306911.jpg,1304135,2048,1536,RGB,abcfd2e1a1792476fe4a73aac8ce93ca,
27340168,https://a0.muscache.com/pictures/6c2b1172-87e3-433b-a49c-c9503daef453.jpg,failed_http_404,404.0,,0,0,0,,,HTTP 404
27337463,https://a0.muscache.com/pictures/29be9fd7-4503-4c86-91ff-616920c3a34f.jpg,success,200.0,c:\Prathik\MY DOCUMENTS\Rental_price_prediction\datasets\multimodal_v3\images\27337463.jpg,130458,1334,797,RGB,081fa3b48b6dfe0df7f159cfc6637f6a,
27466554,https://a0.muscache.com/pictures/a7ef3ff1-f1cd-406d-ace2-0d5109096fd4.jpg,success,200.0,c:\Prathik\MY DOCUMENTS\Rental_price_prediction\datasets\multimodal_v3\images\27466554.jpg,145129,960,639,RGB,1256a2613f92d7e940ea79cfcb1b1ded,
27461996,https://a0.muscache.com/pictures/miso/Hosting-27461996/original/fe24062f-1adb-4023-a8d6-fef3d4808a26.jpeg,success,200.0,c:\Prathik\MY DOCUMENTS\Rental_price_prediction\datasets\multimodal_v3\images\27461996.jpg,592681,2048,1536,RGB,358c1319268b3d5b55b8f3b949b7c0ea,
25471043,https://a0.muscache.com/pictures/monet/Select-25471043/original/d96110c1-a1d5-40e3-9f08-c953e1f45d43,success,200.0,c:\Prathik\MY DOCUMENTS\Rental_price_prediction\datasets\multimodal_v3\images\25471043.jpg,1843466,4200,2800,RGB,ee614dd34d924383cb299e4b5039c046,
27156940,https://a0.muscache.com/pictures/miso/Hosting-27156940/original/a87f55e2-81da-4ca9-ac46-8d9cdc61e1bd.jpeg,success,200.0,c:\Prathik\MY DOCUMENTS\Rental_price_prediction\datasets\multimodal_v3\images\27156940.jpg,716069,2048,1362,RGB,adb82ec5222dcb9c337bca5e978038f7,
27285680,https://a0.muscache.com/pictures/miso/Hosting-27285680/original/66d13a01-afaa-4cc3-b777-ef9f1d0c0236.png,success,200.0,c:\Prathik\MY DOCUMENTS\Rental_price_prediction\datasets\multimodal_v3\images\27285680.jpg,396142,1334,750,RGB,379a34c19ff8e6f54155ca95286eebb5,
24882481,https://a0.muscache.com/pictures/b432cded-d143-4814-a18d-a278c74b604d.jpg,success,200.0,c:\Prathik\MY DOCUMENTS\Rental_price_prediction\datasets\multimodal_v3\images\24882481.jpg,4147987,4032,3024,RGB,096910daebf48a77e2b98ffab079978e,
27689813,https://a0.muscache.com/pictures/62b03449-d8e0-47c0-9301-0ce445b17d84.jpg,failed_http_404,404.0,,0,0,0,,,HTTP 404
27486807,https://a0.muscache.com/pictures/33cbbbc2-4056-4d71-ac2e-e35f085d6b27.jpg,success,200.0,c:\Prathik\MY DOCUMENTS\Rental_price_prediction\datasets\multimodal_v3\images\27486807.jpg,66425,639,426,RGB,1bf1f2d93795d6e8913017997edd1bb8,
27583238,https://a0.muscache.com/pictures/miso/Hosting-27583238/original/7598a114-45e7-49d0-97c3-547d61547c80.jpeg,success,200.0,c:\Prathik\MY DOCUMENTS\Rental_price_prediction\datasets\multimodal_v3\images\27583238.jpg,2173050,4032,3024,RGB,9056b8d83ddcd2fec2e29321b2e3e1ce,
26160335,https://a0.muscache.com/pictures/miso/Hosting-26160335/original/06905335-052b-4c88-a772-0ff450f77b06.jpeg,success,200.0,c:\Prathik\MY DOCUMENTS\Rental_price_prediction\datasets\multimodal_v3\images\26160335.jpg,1046242,2880,1919,RGB,d8617e6b7313d69c56b9b4a253b4df8e,
27289254,https://a0.muscache.com/pictures/5d716425-0cd0-4258-aae8-c139440d2edb.jpg,success,200.0,c:\Prathik\MY DOCUMENTS\Rental_price_prediction\datasets\multimodal_v3\images\27289254.jpg,1526682,4200,2800,RGB,ff23abd8ddb114dfee345f2abed66863,
27759123,https://a0.muscache.com/pictures/miso/Hosting-27759123/original/65fb84e5-f24d-4a1c-814f-5559529f67f8.jpeg,success,200.0,c:\Prathik\MY DOCUMENTS\Rental_price_prediction\datasets\multimodal_v3\images\27759123.jpg,119112,957,638,RGB,67c5735b12aa8213657437f0f9fa096e,
27931927,https://a0.muscache.com/pictures/e8ee575d-c578-4e93-a4c2-ae6252799748.jpg,failed_http_404,404.0,,0,0,0,,,HTTP 404
26298501,https://a0.muscache.com/pictures/0ff32c90-b5e3-46af-bc2b-37c4cc88f7cd.jpg,success,200.0,c:\Prathik\MY DOCUMENTS\Rental_price_prediction\datasets\multimodal_v3\images\26298501.jpg,3356933,3456,2304,RGB,1e9a60d9af8025e7b5accbfe8aef9d3b,
24872184,https://a0.muscache.com/pictures/4c532b48-6970-4ae5-9ad6-daf60d530c58.jpg,failed_timeout_or_error,,,0,0,0,,,"HTTPSConnectionPool(host='a0.muscache.com', port=443): Read timed out."
27853519,https://a0.muscache.com/pictures/pro_photo_tool/Hosting-27853519-unapproved/original/bc9c137e-10be-4e29-a98c-9d9be3607eb6.JPEG,failed_timeout_or_error,,,0,0,0,,,"HTTPSConnectionPool(host='a0.muscache.com', port=443): Read timed out."
27566298,https://a0.muscache.com/pictures/airflow/Hosting-27566298/original/e7f60309-f124-4363-b573-8022a2ba12ac.jpg,success,200.0,c:\Prathik\MY DOCUMENTS\Rental_price_prediction\datasets\multimodal_v3\images\27566298.jpg,1642475,4200,2794,RGB,5cda7ae88228ccc611c0233ffed2f63b,
26190390,https://a0.muscache.com/pictures/287924ca-6d37-43d2-8889-2174db115ba4.jpg,success,200.0,c:\Prathik\MY DOCUMENTS\Rental_price_prediction\datasets\multimodal_v3\images\26190390.jpg,1166895,1936,2592,RGB,897544851c77fbe87dcbd284351b5ee4,
27335298,https://a0.muscache.com/pictures/4c810f36-e8eb-4a62-931f-d93869e8cce9.jpg,failed_timeout_or_error,,,0,0,0,,,"HTTPSConnectionPool(host='a0.muscache.com', port=443): Read timed out."
28133323,https://a0.muscache.com/pictures/miso/Hosting-28133323/original/8861b8b0-15ac-4706-bc7a-ab95bf25ed64.jpeg,success,200.0,c:\Prathik\MY DOCUMENTS\Rental_price_prediction\datasets\multimodal_v3\images\28133323.jpg,1471172,3941,2627,RGB,8cdc8e4a18ec6e83a48114eb92d1d90b,
28216632,https://a0.muscache.com/pictures/1df6115d-317b-40ec-bf0b-2a51c55f87d7.jpg,success,200.0,c:\Prathik\MY DOCUMENTS\Rental_price_prediction\datasets\multimodal_v3\images\28216632.jpg,14154,320,240,RGB,864c555d5f19352acee881eb26b70a6e,
28286510,https://a0.muscache.com/pictures/6fcda975-7978-4e47-a563-06461355d173.jpg,failed_http_404,404.0,,0,0,0,,,HTTP 404
26924271,https://a0.muscache.com/pictures/miso/Hosting-26924271/original/cc551c30-4dcf-4ebe-b6f1-9ff6c98251ce.jpeg,success,200.0,c:\Prathik\MY DOCUMENTS\Rental_price_prediction\datasets\multimodal_v3\images\26924271.jpg,3997080,5472,3648,RGB,fd046d070a01dde006d43ae0f4befc78,
26740506,https://a0.muscache.com/pictures/0cb1ff42-f35e-467b-8ac8-7dd5a1623c93.jpg,success,200.0,c:\Prathik\MY DOCUMENTS\Rental_price_prediction\datasets\multimodal_v3\images\26740506.jpg,1941473,4032,3024,RGB,899d341a6277c9c42fad47badfbb6f44,
22317485,https://a0.muscache.com/pictures/pro_photo_tool/Hosting-22317485-unapproved/original/024362d8-103d-4847-98e2-65730547612b.JPEG,success,200.0,c:\Prathik\MY DOCUMENTS\Rental_price_prediction\datasets\multimodal_v3\images\22317485.jpg,3181562,5694,3796,RGB,c8a71ad7dfb31e004785e3e36ed40153,
27645716,https://a0.muscache.com/pictures/d384b4a9-a040-49be-9bca-75fc68d25845.jpg,success,200.0,c:\Prathik\MY DOCUMENTS\Rental_price_prediction\datasets\multimodal_v3\images\27645716.jpg,1812299,4032,3024,RGB,44e13e413fd33dfa29cc19e42576ffab,
26276337,https://a0.muscache.com/pictures/92c65292-8459-4984-a2c0-d7f74c69ae98.jpg,success,200.0,c:\Prathik\MY DOCUMENTS\Rental_price_prediction\datasets\multimodal_v3\images\26276337.jpg,3233027,5248,2952,RGB,b6d706b776b2e69b3680da8fda181c8b,
25577370,https://a0.muscache.com/pictures/651263c3-34fc-4e63-8668-0adc1de74d81.jpg,failed_timeout_or_error,,,0,0,0,,,"HTTPSConnectionPool(host='a0.muscache.com', port=443): Read timed out."
28142713,https://a0.muscache.com/pictures/9dd6805f-3ffd-4df8-ac98-d5d88a0bf433.jpg,failed_timeout_or_error,,,0,0,0,,,"HTTPSConnectionPool(host='a0.muscache.com', port=443): Read timed out."
27906707,https://a0.muscache.com/pictures/c3db810b-113f-4966-90db-d55fb482b865.jpg,failed_timeout_or_error,,,0,0,0,,,"HTTPSConnectionPool(host='a0.muscache.com', port=443): Read timed out."
26103338,https://a0.muscache.com/pictures/airflow/Hosting-26103338/original/cf9aab61-2b3f-4955-bb31-41b37b6ea646.jpg,failed_timeout_or_error,,,0,0,0,,,"HTTPSConnectionPool(host='a0.muscache.com', port=443): Read timed out."
28566916,https://a0.muscache.com/pictures/8c0c3b1d-d68e-43bc-92cd-0be7fbe36aa5.jpg,success,200.0,c:\Prathik\MY DOCUMENTS\Rental_price_prediction\datasets\multimodal_v3\images\28566916.jpg,50811,600,400,RGB,5e420f5e62ef9afcc61598c86eb6ea50,
26280621,https://a0.muscache.com/pictures/8bd2de52-e733-44f1-9434-36d3faf26a3c.jpg,failed_timeout_or_error,,,0,0,0,,,"HTTPSConnectionPool(host='a0.muscache.com', port=443): Read timed out."
28042422,https://a0.muscache.com/pictures/815e66b3-d43a-46fd-a511-b1cee20db978.jpg,success,200.0,c:\Prathik\MY DOCUMENTS\Rental_price_prediction\datasets\multimodal_v3\images\28042422.jpg,1358406,4200,2800,RGB,14861482f1bb5f1767aee123018c6337,
28156491,https://a0.muscache.com/pictures/4526770e-36c3-462f-a072-31a5f0bc5232.jpg,success,200.0,c:\Prathik\MY DOCUMENTS\Rental_price_prediction\datasets\multimodal_v3\images\28156491.jpg,544494,2016,1512,RGB,2cf90e52adbc93bc0a5e7093e6145814,
23562622,https://a0.muscache.com/pictures/miso/Hosting-23562622/original/91d1e3dd-f69c-479e-95b7-a900a1a9c389.jpeg,success,200.0,c:\Prathik\MY DOCUMENTS\Rental_price_prediction\datasets\multimodal_v3\images\23562622.jpg,2897485,3580,2838,RGB,e40391b8b70f4a8488efa180313edc13,
28426037,https://a0.muscache.com/pictures/20a3279d-f7d1-443a-b763-0d1368f3f0fb.jpg,failed_timeout_or_error,,,0,0,0,,,"HTTPSConnectionPool(host='a0.muscache.com', port=443): Read timed out."
28335156,https://a0.muscache.com/pictures/miso/Hosting-28335156/original/888aec90-68a9-4463-87b7-fadd62aecfd9.jpeg,success,200.0,c:\Prathik\MY DOCUMENTS\Rental_price_prediction\datasets\multimodal_v3\images\28335156.jpg,1870999,3456,2304,RGB,1ecd1fb600d0f13880dbf9e77a14d48b,
26639631,https://a0.muscache.com/pictures/26431e81-0b72-465b-83dc-7ad00b8b0832.jpg,success,200.0,c:\Prathik\MY DOCUMENTS\Rental_price_prediction\datasets\multimodal_v3\images\26639631.jpg,1843102,3264,2448,RGB,3bc39c5c0335530de348d898561929cf,
28583038,https://a0.muscache.com/pictures/b541990f-3e5e-41d5-b4c6-80daf02489cb.jpg,failed_timeout_or_error,,,0,0,0,,,"HTTPSConnectionPool(host='a0.muscache.com', port=443): Max retries exceeded with url: /pictures/b541990f-3e5e-41d5-b4c6-80daf02489cb.jpg (Caused by ReadTimeoutError(""HTTPSConnectionPool(host='a0.muscache.com', port=443): Read timed out. (read timeout=3.5)""))"
28466957,https://a0.muscache.com/pictures/50c37711-cfee-4669-9907-0e348d3e78f0.jpg,failed_timeout_or_error,,,0,0,0,,,"HTTPSConnectionPool(host='a0.muscache.com', port=443): Max retries exceeded with url: /pictures/50c37711-cfee-4669-9907-0e348d3e78f0.jpg (Caused by ReadTimeoutError(""HTTPSConnectionPool(host='a0.muscache.com', port=443): Read timed out. (read timeout=3.5)""))"
28438011,https://a0.muscache.com/pictures/bdf7a803-daa2-4854-a6f9-04b7a0bcdb82.jpg,failed_timeout_or_error,,,0,0,0,,,"HTTPSConnectionPool(host='a0.muscache.com', port=443): Max retries exceeded with url: /pictures/bdf7a803-daa2-4854-a6f9-04b7a0bcdb82.jpg (Caused by ReadTimeoutError(""HTTPSConnectionPool(host='a0.muscache.com', port=443): Read timed out. (read timeout=3.5)""))"
28712523,https://a0.muscache.com/pictures/a23a3547-9660-4dd1-850c-694f36bab2a4.jpg,failed_http_404,404.0,,0,0,0,,,HTTP 404
28544931,https://a0.muscache.com/pictures/647ff56b-46b5-476b-86ef-571ea65fe474.jpg,success,200.0,c:\Prathik\MY DOCUMENTS\Rental_price_prediction\datasets\multimodal_v3\images\28544931.jpg,924903,4032,3024,RGB,be8333ec7a20427c8ed8fef490317c80,
28960407,https://a0.muscache.com/pictures/miso/Hosting-28960407/original/a76201d3-db51-4b90-be00-8357f11c5d7b.jpeg,success,200.0,c:\Prathik\MY DOCUMENTS\Rental_price_prediction\datasets\multimodal_v3\images\28960407.jpg,51285,640,480,RGB,59db2b0a17409df7796449dce41b6182,
29052301,https://a0.muscache.com/pictures/9209ea90-a6a6-4603-b97c-5869be2680f0.jpg,success,200.0,c:\Prathik\MY DOCUMENTS\Rental_price_prediction\datasets\multimodal_v3\images\29052301.jpg,687953,4032,1960,RGB,f18750814e9e4943a942c82888e5a5d0,
29026930,https://a0.muscache.com/pictures/57a20d1c-3180-4988-bf94-eb7f741219c5.jpg,success,200.0,c:\Prathik\MY DOCUMENTS\Rental_price_prediction\datasets\multimodal_v3\images\29026930.jpg,372782,2048,1365,RGB,7d23c188d0e0c7b30e257a6e15007b70,
28610923,https://a0.muscache.com/pictures/2381a15d-2e1a-49dc-97ee-6252be7ac55e.jpg,success,200.0,c:\Prathik\MY DOCUMENTS\Rental_price_prediction\datasets\multimodal_v3\images\28610923.jpg,426459,1588,1191,RGB,9602dd82236dc726ec1dd692efdf2911,
29204619,https://a0.muscache.com/pictures/35c992f6-e70e-4bf1-b3bc-22909a66cb29.jpg,failed_http_404,404.0,,0,0,0,,,HTTP 404
28758757,https://a0.muscache.com/pictures/miso/Hosting-28758757/original/6364020e-e55d-4107-8de9-d23d3aa899a5.jpeg,success,200.0,c:\Prathik\MY DOCUMENTS\Rental_price_prediction\datasets\multimodal_v3\images\28758757.jpg,882899,1984,1358,RGB,fb09d1626438aef782195b9663cfc8b1,
28149961,https://a0.muscache.com/pictures/prohost-api/Hosting-28149961/original/d78ca06a-4606-47f6-b605-fab8af625d66.jpeg,success,200.0,c:\Prathik\MY DOCUMENTS\Rental_price_prediction\datasets\multimodal_v3\images\28149961.jpg,2856905,3840,2560,RGB,89b74c5299334ecfd35b3756abec055a,
29180843,https://a0.muscache.com/pictures/f6aa1252-8bdc-4e32-9ff5-b986c4827b47.jpg,success,200.0,c:\Prathik\MY DOCUMENTS\Rental_price_prediction\datasets\multimodal_v3\images\29180843.jpg,281159,1260,840,RGB,afa9f253a689192546d976e7084fa3d1,
28777663,https://a0.muscache.com/pictures/6fc6d85b-52cd-4729-bcd3-b4653cbe1c89.jpg,success,200.0,c:\Prathik\MY DOCUMENTS\Rental_price_prediction\datasets\multimodal_v3\images\28777663.jpg,774629,1536,2048,RGB,f30c4b2841ff2a21261bd706bc673caa,
24945996,https://a0.muscache.com/pictures/2e2be1be-7c22-47f7-8291-37865089b194.jpg,success,200.0,c:\Prathik\MY DOCUMENTS\Rental_price_prediction\datasets\multimodal_v3\images\24945996.jpg,1961444,4200,2800,RGB,d32544676a3ba971ac954fc26b994800,
29358894,https://a0.muscache.com/pictures/prohost-api/Hosting-29358894/original/70859b30-05c9-41c2-8bb7-18b5915f2ccd.jpeg,failed_http_404,404.0,,0,0,0,,,HTTP 404
28216747,https://a0.muscache.com/pictures/b17bcb40-ffb0-488b-b897-bdeb9531f22e.jpg,success,200.0,c:\Prathik\MY DOCUMENTS\Rental_price_prediction\datasets\multimodal_v3\images\28216747.jpg,1842621,4200,2700,RGB,8de314ade3f0022eefd4911821f11081,
29491343,https://a0.muscache.com/pictures/miso/Hosting-29491343/original/14e48590-bfad-4b46-8e46-cd580024d8aa.jpeg,failed_http_404,404.0,,0,0,0,,,HTTP 404
28608801,https://a0.muscache.com/pictures/miso/Hosting-28608801/original/0a40796f-97b3-4947-9001-26992926e05e.jpeg,success,200.0,c:\Prathik\MY DOCUMENTS\Rental_price_prediction\datasets\multimodal_v3\images\28608801.jpg,1611734,4032,3024,RGB,d7a340f60cf8fd08d044ebc3711f95ae,
26410860,https://a0.muscache.com/pictures/a5b005b5-27f5-4716-8f8a-2c509cee9adf.jpg,success,200.0,c:\Prathik\MY DOCUMENTS\Rental_price_prediction\datasets\multimodal_v3\images\26410860.jpg,1381558,4032,3024,RGB,713471fe5a61bf239f3a3b27e48abba8,
29125407,https://a0.muscache.com/pictures/c971c48b-10f1-48b5-9d93-bb2ffe6380ad.jpg,success,200.0,c:\Prathik\MY DOCUMENTS\Rental_price_prediction\datasets\multimodal_v3\images\29125407.jpg,2102475,6016,4016,RGB,a39bea0a8ac73521914ab1311551dd54,
29187033,https://a0.muscache.com/pictures/81daa493-8341-4d27-9457-faabf12de1d5.jpg,success,200.0,c:\Prathik\MY DOCUMENTS\Rental_price_prediction\datasets\multimodal_v3\images\29187033.jpg,1341545,1512,2016,RGB,c56669aa474fe4db43d5901bb6dd32c7,
29208295,https://a0.muscache.com/pictures/miso/Hosting-29208295/original/daff7d1f-e3b1-4a6d-bb84-1f09932d3d59.jpeg,success,200.0,c:\Prathik\MY DOCUMENTS\Rental_price_prediction\datasets\multimodal_v3\images\29208295.jpg,2539375,4200,2800,RGB,56de89b96da9697e38dbba0ffff0e9c6,
29634104,https://a0.muscache.com/pictures/a786e076-bc4b-4be5-877e-201a1cb364d9.jpg,success,200.0,c:\Prathik\MY DOCUMENTS\Rental_price_prediction\datasets\multimodal_v3\images\29634104.jpg,1586837,4032,3024,RGB,f9af1901039c1a667d2f4bcf6a7b67af,
29482441,https://a0.muscache.com/pictures/prohost-api/Hosting-29482441/original/a2b1ccb6-958e-41dd-9f87-72ac81418bf6.jpeg,success,200.0,c:\Prathik\MY DOCUMENTS\Rental_price_prediction\datasets\multimodal_v3\images\29482441.jpg,2174002,3111,2074,RGB,8e3878be9205a78dcdcaa164d7547f96,
29678853,https://a0.muscache.com/pictures/3338b2d9-fd61-4b37-9e40-94ded49b0f21.jpg,success,200.0,c:\Prathik\MY DOCUMENTS\Rental_price_prediction\datasets\multimodal_v3\images\29678853.jpg,1571179,4032,3024,RGB,1cb247395bdde6dce3c17ac496146590,
29777058,https://a0.muscache.com/pictures/f47dc54d-4509-4084-9471-daf3fe5ce452.jpg,failed_http_404,404.0,,0,0,0,,,HTTP 404
28843687,https://a0.muscache.com/pictures/miso/Hosting-28843687/original/e04763c3-46bf-419f-adf5-d492cebb98e4.jpeg,success,200.0,c:\Prathik\MY DOCUMENTS\Rental_price_prediction\datasets\multimodal_v3\images\28843687.jpg,2167526,2686,3101,RGB,fe7e2866bfc7ed8a5e27d44b0ff5bee7,
29798879,https://a0.muscache.com/pictures/miso/Hosting-29798879/original/1d651a7b-f82b-4785-abdd-0ea57d868b36.jpeg,failed_http_404,404.0,,0,0,0,,,HTTP 404
29852630,https://a0.muscache.com/pictures/prohost-api/Hosting-29852630/original/3dabef10-72ae-4908-bc0a-bd341bd3045d.jpeg,failed_http_404,404.0,,0,0,0,,,HTTP 404
28865830,https://a0.muscache.com/pictures/miso/Hosting-28865830/original/5b3e8cc3-d5d9-4857-8f88-8fece944f867.jpeg,success,200.0,c:\Prathik\MY DOCUMENTS\Rental_price_prediction\datasets\multimodal_v3\images\28865830.jpg,349398,2000,1333,RGB,24aa82268a137540636444d4423175ec,
29871451,https://a0.muscache.com/pictures/prohost-api/Hosting-29871451/original/bf322d76-6be1-4a1b-ba3e-6b84ef43ca5f.jpeg,failed_http_404,404.0,,0,0,0,,,HTTP 404
29073142,https://a0.muscache.com/pictures/0770fb1f-5081-42a4-ac70-35686d3ec1be.jpg,success,200.0,c:\Prathik\MY DOCUMENTS\Rental_price_prediction\datasets\multimodal_v3\images\29073142.jpg,3000678,5594,3729,RGB,f3d2969a4a3a0b16bc7e22209e4e28c7,
29886393,https://a0.muscache.com/pictures/prohost-api/Hosting-29886393/original/951f47ae-459d-4fd5-8f3a-66a8ea9c3fc9.jpeg,failed_http_404,404.0,,0,0,0,,,HTTP 404
29885976,https://a0.muscache.com/pictures/prohost-api/Hosting-29885976/original/db5e9c82-b8b3-4f34-a914-4e80f3cc21bb.jpeg,failed_http_404,404.0,,0,0,0,,,HTTP 404
25135375,https://a0.muscache.com/pictures/miso/Hosting-25135375/original/857e1e4c-ef6d-43ea-8c04-f9edd8262ef4.jpeg,failed_timeout_or_error,,,0,0,0,,,"('Connection broken: IncompleteRead(6843870 bytes read, 4749880 more expected)', IncompleteRead(6843870 bytes read, 4749880 more expected))"
29895223,https://a0.muscache.com/pictures/21f648b1-13dc-44a8-ad22-d4022f3fea43.jpg,failed_http_404,404.0,,0,0,0,,,HTTP 404
29793507,https://a0.muscache.com/pictures/miso/Hosting-29793507/original/446011bd-d47a-4a77-b7a1-c29e7f0fcdaa.png,success,200.0,c:\Prathik\MY DOCUMENTS\Rental_price_prediction\datasets\multimodal_v3\images\29793507.jpg,1355714,2560,1707,RGB,e3b5bbec71018848dc2bf5205a55d28a,
28001503,https://a0.muscache.com/pictures/af0faa98-2995-44f5-92c4-51ef571e68f8.jpg,success,200.0,c:\Prathik\MY DOCUMENTS\Rental_price_prediction\datasets\multimodal_v3\images\28001503.jpg,11511076,7915,5285,RGB,b1c8474b6d6170be5af52234ff76128d,
29732553,https://a0.muscache.com/pictures/13e63ba7-36b7-4874-b096-7e9bbcb16916.jpg,success,200.0,c:\Prathik\MY DOCUMENTS\Rental_price_prediction\datasets\multimodal_v3\images\29732553.jpg,1133086,4032,3024,RGB,1bdffab9c6844ebb302a861b977c1712,
26305653,https://a0.muscache.com/pictures/6a9f1666-9d99-426d-9a4f-88bd11555d72.jpg,success,200.0,c:\Prathik\MY DOCUMENTS\Rental_price_prediction\datasets\multimodal_v3\images\26305653.jpg,1946693,4200,2803,RGB,4b090b481e60d9d2603b092d520e1450,
30067056,https://a0.muscache.com/pictures/prohost-api/Hosting-30067056/original/b2b0ce3c-b7d7-4614-ab07-02ba5112c057.jpeg,failed_http_404,404.0,,0,0,0,,,HTTP 404
30085585,https://a0.muscache.com/pictures/c50f5f13-7e4c-4ee7-95fc-514e90a58a3c.jpg,failed_http_404,404.0,,0,0,0,,,HTTP 404
28986868,https://a0.muscache.com/pictures/4d3fe9ff-2981-4d7a-8855-d3fe8855a591.jpg,success,200.0,c:\Prathik\MY DOCUMENTS\Rental_price_prediction\datasets\multimodal_v3\images\28986868.jpg,1381183,4032,3024,RGB,2cb9ea7bcd624fb985ba4c391506e911,
30043315,https://a0.muscache.com/pictures/f9cfb3cb-6399-48a7-8d6e-7231aa4da72c.jpg,success,200.0,c:\Prathik\MY DOCUMENTS\Rental_price_prediction\datasets\multimodal_v3\images\30043315.jpg,167759,1440,960,RGB,07b9fd1e390d1a824d5dbe5dec9e41c2,
28838800,https://a0.muscache.com/pictures/miso/Hosting-28838800/original/ec572431-63c6-4b0b-8d1b-d3e27fb3a8a0.jpeg,success,200.0,c:\Prathik\MY DOCUMENTS\Rental_price_prediction\datasets\multimodal_v3\images\28838800.jpg,2924207,4032,3024,RGB,bf5a1b1cf82986c82552a9b8f64d1a7c,
30232435,https://a0.muscache.com/pictures/miso/Hosting-30232435/original/e806de0f-c403-4f0b-b877-4835fc48d421.jpeg,failed_http_404,404.0,,0,0,0,,,HTTP 404
30183789,https://a0.muscache.com/pictures/b4b9ab15-78f0-468e-90f9-ecc943a9fb9a.jpg,success,200.0,c:\Prathik\MY DOCUMENTS\Rental_price_prediction\datasets\multimodal_v3\images\30183789.jpg,92732,830,501,RGB,dc2af0478346789bb8f142f0022d1c4d,
30103018,https://a0.muscache.com/pictures/prohost-api/Hosting-30103018/original/53238011-c82b-4752-9e7e-ab6c86e6ea83.jpeg,success,200.0,c:\Prathik\MY DOCUMENTS\Rental_price_prediction\datasets\multimodal_v3\images\30103018.jpg,549790,2000,1333,RGB,4e0ed623209db8628b5aff9dec5cf9e9,
29674621,https://a0.muscache.com/pictures/195bd82c-0fff-4f93-81dc-ad4000fc8a98.jpg,success,200.0,c:\Prathik\MY DOCUMENTS\Rental_price_prediction\datasets\multimodal_v3\images\29674621.jpg,759426,2005,1121,RGB,a9f79d7223a45bda43bd138697d5ee6b,
30069015,https://a0.muscache.com/pictures/6fac4624-9dc4-4871-845d-2cb3a6d60f95.jpg,success,200.0,c:\Prathik\MY DOCUMENTS\Rental_price_prediction\datasets\multimodal_v3\images\30069015.jpg,1337112,5450,4360,RGB,7b740ecc65cd138d6318c9ca7a17ef1d,
29902436,https://a0.muscache.com/pictures/0b3c952e-c333-46ff-8282-b4bafc2b640d.jpg,success,200.0,c:\Prathik\MY DOCUMENTS\Rental_price_prediction\datasets\multimodal_v3\images\29902436.jpg,1926139,4000,2667,RGB,2d6c2098180d44acd924d78a9d798fc8,
30467126,https://a0.muscache.com/pictures/9a861cbb-4851-4bde-bd77-c413922de707.jpg,success,200.0,c:\Prathik\MY DOCUMENTS\Rental_price_prediction\datasets\multimodal_v3\images\30467126.jpg,408157,2048,1365,RGB,cf1976f80c82441f59837dbc8fc534fe,
30126158,https://a0.muscache.com/pictures/1ea2c88f-bb40-41cf-aef2-2a7bd0590772.jpg,success,200.0,c:\Prathik\MY DOCUMENTS\Rental_price_prediction\datasets\multimodal_v3\images\30126158.jpg,1496914,4752,3168,RGB,d3134fdefa0f7df1a50e334df5b25a41,
30174581,https://a0.muscache.com/pictures/29636d9d-971c-4b09-b421-61552296e87a.jpg,success,200.0,c:\Prathik\MY DOCUMENTS\Rental_price_prediction\datasets\multimodal_v3\images\30174581.jpg,639339,2048,1536,RGB,19fb00ca24286e744fc3c042b4d9a64d,
28607789,https://a0.muscache.com/pictures/e474dba7-3d36-4227-b884-fa27c53e064f.jpg,success,200.0,c:\Prathik\MY DOCUMENTS\Rental_price_prediction\datasets\multimodal_v3\images\28607789.jpg,762294,2160,1440,RGB,eb217fa5a7a738b2018b0746045821bc,
28927010,https://a0.muscache.com/pictures/ab142d02-c1ed-46f6-b00e-ec616cbdc361.jpg,success,200.0,c:\Prathik\MY DOCUMENTS\Rental_price_prediction\datasets\multimodal_v3\images\28927010.jpg,3279954,4032,3024,RGB,33984c6eb46d1f5e5c44f1e4281b0e5d,
30686620,https://a0.muscache.com/pictures/da7391a1-287d-4eee-a61e-09779eb5e762.jpg,success,200.0,c:\Prathik\MY DOCUMENTS\Rental_price_prediction\datasets\multimodal_v3\images\30686620.jpg,229971,1242,994,RGB,e06594d7005f485ba5eb5f8ae564bd04,
30533902,https://a0.muscache.com/pictures/miso/Hosting-30533902/original/975ae2f5-6a2c-41c3-b4dc-b66d1614be62.jpeg,success,200.0,c:\Prathik\MY DOCUMENTS\Rental_price_prediction\datasets\multimodal_v3\images\30533902.jpg,1023154,4000,2667,RGB,f610e2207606692f6128920e5149e049,
29228806,https://a0.muscache.com/pictures/cb29d288-03b7-4278-a5aa-3870966b9320.jpg,success,200.0,c:\Prathik\MY DOCUMENTS\Rental_price_prediction\datasets\multimodal_v3\images\29228806.jpg,1790137,4032,3024,RGB,ee600eb9588a2facaf7f2f4a1c08f9f0,
27699328,https://a0.muscache.com/pictures/45c1a156-5c55-4e84-9cbc-92cb6755a073.jpg,success,200.0,c:\Prathik\MY DOCUMENTS\Rental_price_prediction\datasets\multimodal_v3\images\27699328.jpg,2244415,4032,3024,RGB,3a5c12f95b332ed199e39c4868d4d174,
26093158,https://a0.muscache.com/pictures/1cbad847-82f6-43ab-93ea-e985a7f70e8f.jpg,failed_timeout_or_error,,,0,0,0,,,"('Connection broken: IncompleteRead(6818203 bytes read, 2060432 more expected)', IncompleteRead(6818203 bytes read, 2060432 more expected))"
29657686,https://a0.muscache.com/pictures/miso/Hosting-29657686/original/a18cbc5d-e514-40eb-b8cc-ef71814c1f22.jpeg,success,200.0,c:\Prathik\MY DOCUMENTS\Rental_price_prediction\datasets\multimodal_v3\images\29657686.jpg,1595170,4032,3024,RGB,fad7b34ba6a62681511044b0dca34ace,
30913262,https://a0.muscache.com/pictures/miso/Hosting-30913262/original/037d65e2-72c7-4908-91ee-57db1304b500.jpeg,success,200.0,c:\Prathik\MY DOCUMENTS\Rental_price_prediction\datasets\multimodal_v3\images\30913262.jpg,1622194,4200,2800,RGB,d639ca7799f17a09e5be6eb23ff3da6e,
30558665,https://a0.muscache.com/pictures/6142e6f3-4228-4a7d-9786-26782b2979a9.jpg,success,200.0,c:\Prathik\MY DOCUMENTS\Rental_price_prediction\datasets\multimodal_v3\images\30558665.jpg,4833413,7229,4825,RGB,a21f839dc46b8ed718c5bf801011800d,
30050870,https://a0.muscache.com/pictures/miso/Hosting-30050870/original/8414cd78-2519-45b8-8542-81ed4a3bcfca.jpeg,success,200.0,c:\Prathik\MY DOCUMENTS\Rental_price_prediction\datasets\multimodal_v3\images\30050870.jpg,1389817,4032,3024,RGB,9ff6b4a0eb17ed9580155e05647c59f7,
29098489,https://a0.muscache.com/pictures/c3e7b80c-0967-4d60-903c-970e337d8064.jpg,success,200.0,c:\Prathik\MY DOCUMENTS\Rental_price_prediction\datasets\multimodal_v3\images\29098489.jpg,2444715,5565,3720,RGB,78691d5c7c5caa478db5e8667d4c1c0a,
30530457,https://a0.muscache.com/pictures/f8bb946b-bc9c-4cda-9686-6d75ca45c062.jpg,success,200.0,c:\Prathik\MY DOCUMENTS\Rental_price_prediction\datasets\multimodal_v3\images\30530457.jpg,978478,4032,3024,RGB,ebca0c4bed3b3ee5dfb780cf8515ce44,
31186872,https://a0.muscache.com/pictures/2b20ff64-2df2-4834-8587-581158414936.jpg,failed_http_404,404.0,,0,0,0,,,HTTP 404
24916446,https://a0.muscache.com/pictures/985ae14e-45d0-48c4-84a6-01ee4cbef781.jpg,success,200.0,c:\Prathik\MY DOCUMENTS\Rental_price_prediction\datasets\multimodal_v3\images\24916446.jpg,3538821,3024,4032,RGB,21470033c5decedcdd9652839e429157,
26735499,https://a0.muscache.com/pictures/473e67e2-1a71-4f61-8f08-46d84ce42df5.jpg,success,200.0,c:\Prathik\MY DOCUMENTS\Rental_price_prediction\datasets\multimodal_v3\images\26735499.jpg,1266934,4032,3024,RGB,9ca376a64dbc7b2ceb331b09cc9794ab,
31219623,https://a0.muscache.com/pictures/6b394b34-53b2-4e42-9ea7-5be0bf32f92a.jpg,success,200.0,c:\Prathik\MY DOCUMENTS\Rental_price_prediction\datasets\multimodal_v3\images\31219623.jpg,28294,448,335,RGB,491645f350c9e646a14265888fb7bd73,
31072759,https://a0.muscache.com/pictures/0e21b84d-3320-45e7-abbf-65bee88eb179.jpg,success,200.0,c:\Prathik\MY DOCUMENTS\Rental_price_prediction\datasets\multimodal_v3\images\31072759.jpg,1236056,2876,2243,RGB,ccfe870e782466f47a121e33361938df,
31260007,https://a0.muscache.com/pictures/prohost-api/Hosting-31260007/original/37431d48-7099-4415-ad8a-017b5e649e12.jpeg,success,200.0,c:\Prathik\MY DOCUMENTS\Rental_price_prediction\datasets\multimodal_v3\images\31260007.jpg,52184,666,444,RGB,4af0a2ebf42e6a41141fae0c70935d9d,
31087353,https://a0.muscache.com/pictures/miso/Hosting-31087353/original/b7b05dbf-4896-4f0b-b466-bf50c2f77764.jpeg,success,200.0,c:\Prathik\MY DOCUMENTS\Rental_price_prediction\datasets\multimodal_v3\images\31087353.jpg,326465,1468,979,RGB,699d55aec4a059c3739169945e77e351,
30509573,https://a0.muscache.com/pictures/miso/Hosting-30509573/original/22e55a1d-9a27-4e98-afe3-2aebeafff967.jpeg,success,200.0,c:\Prathik\MY DOCUMENTS\Rental_price_prediction\datasets\multimodal_v3\images\30509573.jpg,1632837,3600,2400,RGB,ecf5de0b7387fed87275e2bbfa08323b,
31315518,https://a0.muscache.com/pictures/prohost-api/Hosting-31315518/original/8085ce38-d854-4cbb-8fdc-042f2b8e3fd2.jpeg,failed_http_404,404.0,,0,0,0,,,HTTP 404
30565966,https://a0.muscache.com/pictures/a629ed48-434c-49ae-b147-38a1c52c52aa.jpg,success,200.0,c:\Prathik\MY DOCUMENTS\Rental_price_prediction\datasets\multimodal_v3\images\30565966.jpg,1387681,3960,2640,RGB,26b87f0f05f749afa46c6d092e13e221,
24873765,https://a0.muscache.com/pictures/f8012e18-8995-43a5-8cd1-4942b03019f9.jpg,success,200.0,c:\Prathik\MY DOCUMENTS\Rental_price_prediction\datasets\multimodal_v3\images\24873765.jpg,1656042,4032,3024,RGB,20536edf155b494ed53d47650b9cee80,
31267687,https://a0.muscache.com/pictures/prohost-api/Hosting-31267687/original/0426beab-cbe4-4e5a-8646-0fa3ec22cb46.jpeg,success,200.0,c:\Prathik\MY DOCUMENTS\Rental_price_prediction\datasets\multimodal_v3\images\31267687.jpg,62597,666,444,RGB,06bbd8c022f00ff3eda3999158392611,
31089456,https://a0.muscache.com/pictures/173638f8-cc54-44ab-833e-a4e2555d3db7.jpg,success,200.0,c:\Prathik\MY DOCUMENTS\Rental_price_prediction\datasets\multimodal_v3\images\31089456.jpg,1865384,4032,3024,RGB,a6c306df5925aa4df2219749e2d62818,
28245965,https://a0.muscache.com/pictures/43ec297e-06ba-4dfe-a9b8-911be5cdaf4e.jpg,success,200.0,c:\Prathik\MY DOCUMENTS\Rental_price_prediction\datasets\multimodal_v3\images\28245965.jpg,1757210,4200,2804,RGB,f579098969ed6916492c470f75d27a14,
31318559,https://a0.muscache.com/pictures/prohost-api/Hosting-31318559/original/83c03d6f-5c0c-472c-ac82-4ec9854cd65c.jpeg,success,200.0,c:\Prathik\MY DOCUMENTS\Rental_price_prediction\datasets\multimodal_v3\images\31318559.jpg,52277,666,444,RGB,5e13c7a6ce0af2c89a21fb8a8f26ae7b,
31318560,https://a0.muscache.com/pictures/prohost-api/Hosting-31318560/original/2d0e614b-8585-457a-afff-886cc642ab82.jpeg,success,200.0,c:\Prathik\MY DOCUMENTS\Rental_price_prediction\datasets\multimodal_v3\images\31318560.jpg,48850,666,444,RGB,c649c19707f27b66f86474a013cb95c8,
31318564,https://a0.muscache.com/pictures/prohost-api/Hosting-31318564/original/e66f25a9-2ce0-4069-be23-b42a6d004bed.jpeg,success,200.0,c:\Prathik\MY DOCUMENTS\Rental_price_prediction\datasets\multimodal_v3\images\31318564.jpg,47441,666,444,RGB,16625bd05652ddef47bcb9312f95641d,
31318566,https://a0.muscache.com/pictures/prohost-api/Hosting-31318566/original/c815e3de-35ff-4d5d-bac0-87e0ba3c5a9b.jpeg,success,200.0,c:\Prathik\MY DOCUMENTS\Rental_price_prediction\datasets\multimodal_v3\images\31318566.jpg,47144,666,444,RGB,4808225b78a5fdbe25d50c277b4d5381,
31318561,https://a0.muscache.com/pictures/prohost-api/Hosting-31318561/original/c705561d-3b40-4be7-bc41-0c36dafd7043.jpeg,success,200.0,c:\Prathik\MY DOCUMENTS\Rental_price_prediction\datasets\multimodal_v3\images\31318561.jpg,268286,1500,1000,RGB,8555faf61e4eb1fa94553db825a99e56,
31321220,https://a0.muscache.com/pictures/prohost-api/Hosting-31321220/original/f2fc2aa3-89da-4e77-9662-393bda044973.jpeg,failed_http_404,404.0,,0,0,0,,,HTTP 404
22950161,https://a0.muscache.com/pictures/de700d6a-0640-4904-83be-8a45937422fd.jpg,failed_timeout_or_error,,,0,0,0,,,"('Connection broken: IncompleteRead(14771014 bytes read, 4200160 more expected)', IncompleteRead(14771014 bytes read, 4200160 more expected))"
31337044,https://a0.muscache.com/pictures/6a3e399c-ab4e-432d-b27f-97b1e62b2a67.jpg,failed_http_404,404.0,,0,0,0,,,HTTP 404
31411568,https://a0.muscache.com/pictures/2fc1fc89-10c3-4533-8624-1532b1b315b8.jpg,failed_http_404,404.0,,0,0,0,,,HTTP 404
31411427,https://a0.muscache.com/pictures/49f125e9-0adb-4ec4-91c9-26dd9bbc59ff.jpg,success,200.0,c:\Prathik\MY DOCUMENTS\Rental_price_prediction\datasets\multimodal_v3\images\31411427.jpg,149851,1600,1067,RGB,41864648eeed6d64c730a23fd9e4d1b1,
31318558,https://a0.muscache.com/pictures/prohost-api/Hosting-31318558/original/5469f3c0-14e0-4533-b9f9-300b2de40496.jpeg,success,200.0,c:\Prathik\MY DOCUMENTS\Rental_price_prediction\datasets\multimodal_v3\images\31318558.jpg,254829,1600,1068,RGB,1d703819605a16ffd0639679ea1492fd,
26281901,https://a0.muscache.com/pictures/3050c27c-eb00-437f-897b-cc269a34f1d5.jpg,failed_timeout_or_error,,,0,0,0,,,"('Connection broken: IncompleteRead(6717440 bytes read, 1678501 more expected)', IncompleteRead(6717440 bytes read, 1678501 more expected))"
31018757,https://a0.muscache.com/pictures/b3f7640f-b2e4-4474-b890-708e4803bbb1.jpg,success,200.0,c:\Prathik\MY DOCUMENTS\Rental_price_prediction\datasets\multimodal_v3\images\31018757.jpg,775990,2200,1400,RGB,8753df8c74229198e65f0aa909d72c81,
29659193,https://a0.muscache.com/pictures/6f5d769e-bf2f-496c-ad13-81a8ec121276.jpg,success,200.0,c:\Prathik\MY DOCUMENTS\Rental_price_prediction\datasets\multimodal_v3\images\29659193.jpg,2133300,3940,2627,RGB,eb7efb1bdf800d6d58a773d6630e671a,
31327477,https://a0.muscache.com/pictures/7ebddb3a-1e94-4e11-ab33-1998dd68fc12.jpg,success,200.0,c:\Prathik\MY DOCUMENTS\Rental_price_prediction\datasets\multimodal_v3\images\31327477.jpg,997040,4032,3024,RGB,ce5156d15cf9c7e34cce441bcbe3c118,
31565062,https://a0.muscache.com/pictures/miso/Hosting-31565062/original/d0993cf8-c054-4ed5-b9d9-20f5b69e9afe.jpeg,failed_http_404,404.0,,0,0,0,,,HTTP 404
31412553,https://a0.muscache.com/pictures/dee39d85-1864-4437-bd70-9513912c0351.jpg,success,200.0,c:\Prathik\MY DOCUMENTS\Rental_price_prediction\datasets\multimodal_v3\images\31412553.jpg,2193168,4032,3024,RGB,c141be48985bd5bc4da70e573714a9f5,
31380319,https://a0.muscache.com/pictures/b92f8cc3-4c13-4ffc-8840-d7d3f2311088.jpg,success,200.0,c:\Prathik\MY DOCUMENTS\Rental_price_prediction\datasets\multimodal_v3\images\31380319.jpg,2695445,4032,3024,RGB,a5d895891ebc14b87c82021b4c33c14c,
30766159,https://a0.muscache.com/pictures/miso/Hosting-30766159/original/17a0b3bd-6a98-4486-a06a-ad461760eddc.jpeg,success,200.0,c:\Prathik\MY DOCUMENTS\Rental_price_prediction\datasets\multimodal_v3\images\30766159.jpg,2745751,3600,2400,RGB,f4347e26c93923262acaa6482cd3dacc,
31407515,https://a0.muscache.com/pictures/5d970e05-30b8-439d-b3ff-40332b3953aa.jpg,success,200.0,c:\Prathik\MY DOCUMENTS\Rental_price_prediction\datasets\multimodal_v3\images\31407515.jpg,1075495,4200,2800,RGB,218a33f09de9fc3c608a5cf9c4453057,
31612713,https://a0.muscache.com/pictures/miso/Hosting-31612713/original/b1d42140-6eea-436e-84a4-9323d8ace8bf.jpeg,success,200.0,c:\Prathik\MY DOCUMENTS\Rental_price_prediction\datasets\multimodal_v3\images\31612713.jpg,339067,1500,998,RGB,66e8dadf0465d2b9f99d298ab6468720,
31598200,https://a0.muscache.com/pictures/79a520b6-dae4-48e1-bf8e-a6a26cfd7156.jpg,success,200.0,c:\Prathik\MY DOCUMENTS\Rental_price_prediction\datasets\multimodal_v3\images\31598200.jpg,1118821,4032,3024,RGB,f761159cba9f3b0f01ef739489ef977f,
31493518,https://a0.muscache.com/pictures/7dff4ea0-5c22-4842-ac86-d285d9ce224c.jpg,success,200.0,c:\Prathik\MY DOCUMENTS\Rental_price_prediction\datasets\multimodal_v3\images\31493518.jpg,1210788,4032,3024,RGB,c711b8fc79fcb00db6ea28d5b768892b,
31516196,https://a0.muscache.com/pictures/95c71fe1-5ab1-4d01-ac82-88d6fa1a8bb5.jpg,success,200.0,c:\Prathik\MY DOCUMENTS\Rental_price_prediction\datasets\multimodal_v3\images\31516196.jpg,4141720,6068,3413,RGB,180793dfa743d745a0c66b772f1f8f1d,
31681780,https://a0.muscache.com/pictures/prohost-api/Hosting-31681780/original/471a04be-20c1-4bdc-9bf5-f3e04ef00f06.jpeg,success,200.0,c:\Prathik\MY DOCUMENTS\Rental_price_prediction\datasets\multimodal_v3\images\31681780.jpg,257187,1500,1000,RGB,bde243083ec8f2ce6a009f447467306a,
31681782,https://a0.muscache.com/pictures/prohost-api/Hosting-31681782/original/7ebcd465-3c65-4991-8410-f2beb0beba53.jpeg,success,200.0,c:\Prathik\MY DOCUMENTS\Rental_price_prediction\datasets\multimodal_v3\images\31681782.jpg,232668,1500,1000,RGB,37952666e450a5cb36a89f3a2cd01b28,
31318562,https://a0.muscache.com/pictures/prohost-api/Hosting-31318562/original/9702a2b1-e50d-4b2e-81eb-377c91b13bc1.jpeg,success,200.0,c:\Prathik\MY DOCUMENTS\Rental_price_prediction\datasets\multimodal_v3\images\31318562.jpg,559444,2048,1363,RGB,c1b5937f547c554fa35829cec8ef13ef,
31902908,https://a0.muscache.com/pictures/bdb41509-8b33-429c-8adf-a1898b772252.jpg,failed_http_404,404.0,,0,0,0,,,HTTP 404
26595874,https://a0.muscache.com/pictures/246f4d55-11ee-4d3f-a522-6bb2b53c43be.jpg,success,200.0,c:\Prathik\MY DOCUMENTS\Rental_price_prediction\datasets\multimodal_v3\images\26595874.jpg,3151002,4032,3024,RGB,30bccb352bc291d4bfb7b1eade3e9578,
23913900,https://a0.muscache.com/pictures/f5bc1734-d37f-436d-9ce7-44c7084e1778.jpg,failed_timeout_or_error,,,0,0,0,,,"('Connection broken: IncompleteRead(13235990 bytes read, 6897968 more expected)', IncompleteRead(13235990 bytes read, 6897968 more expected))"
31682606,https://a0.muscache.com/pictures/616d1ee8-cfae-4ac6-9b66-30849fedffb1.jpg,success,200.0,c:\Prathik\MY DOCUMENTS\Rental_price_prediction\datasets\multimodal_v3\images\31682606.jpg,618632,3264,2448,RGB,16ce58326567a40ad6a00c30659a9e40,
31834926,https://a0.muscache.com/pictures/f7534be7-dbc0-4653-a8a1-41209165d117.jpg,success,200.0,c:\Prathik\MY DOCUMENTS\Rental_price_prediction\datasets\multimodal_v3\images\31834926.jpg,124149,1000,705,RGB,85d6049863cb548e2aae80a9894dc2a4,
31986153,https://a0.muscache.com/pictures/miso/Hosting-31986153/original/de431aea-5637-4507-bb38-0573be8677a2.jpeg,failed_http_404,404.0,,0,0,0,,,HTTP 404
31693217,https://a0.muscache.com/pictures/0f1104cd-49d8-45a3-b8ea-4f4fa89cd19a.jpg,success,200.0,c:\Prathik\MY DOCUMENTS\Rental_price_prediction\datasets\multimodal_v3\images\31693217.jpg,971677,4200,2800,RGB,9730aaf0c17b441c67e1d9fc45af96a9,
31194218,https://a0.muscache.com/pictures/070503e6-e5a7-4d9d-8a54-4146c8c4bda9.jpg,success,200.0,c:\Prathik\MY DOCUMENTS\Rental_price_prediction\datasets\multimodal_v3\images\31194218.jpg,3235487,6192,4128,RGB,3e8c95c863cd85d4fdddfc5026d8bda9,
32046748,https://a0.muscache.com/pictures/prohost-api/Hosting-32046748/original/a1162713-94ae-4fdc-ac94-de19db6cb2cc.jpeg,success,200.0,c:\Prathik\MY DOCUMENTS\Rental_price_prediction\datasets\multimodal_v3\images\32046748.jpg,2877498,3840,2560,RGB,0d5de9710a641bf981ee110b4e549617,
31648019,https://a0.muscache.com/pictures/2e9151bf-d5d7-4d18-9995-ef4f52154198.jpg,success,200.0,c:\Prathik\MY DOCUMENTS\Rental_price_prediction\datasets\multimodal_v3\images\31648019.jpg,586102,2560,1440,RGB,b0d2ed1af61f7c5b494b3fec36e7567c,
31906884,https://a0.muscache.com/pictures/30bbd332-4acc-472b-a1ca-69d12f11b647.jpg,success,200.0,c:\Prathik\MY DOCUMENTS\Rental_price_prediction\datasets\multimodal_v3\images\31906884.jpg,126235,826,542,RGB,e4bb06eb81feea64d1c8b7accbb4491d,
32204669,https://a0.muscache.com/pictures/b55565d3-a452-46ba-aa55-ec19b6cb0dda.jpg,failed_http_404,404.0,,0,0,0,,,HTTP 404
31835900,https://a0.muscache.com/pictures/aba3c642-c83a-4835-9313-ce286c9598fb.jpg,success,200.0,c:\Prathik\MY DOCUMENTS\Rental_price_prediction\datasets\multimodal_v3\images\31835900.jpg,2294354,5184,3456,RGB,00e893eab5e674788ddb7a6f86cc4067,
32134137,https://a0.muscache.com/pictures/prohost-api/Hosting-32134137/original/1e2f020d-32b9-4e89-8fea-9d0f5994325d.jpeg,success,200.0,c:\Prathik\MY DOCUMENTS\Rental_price_prediction\datasets\multimodal_v3\images\32134137.jpg,934308,3000,2000,RGB,5480514c9cf2feea9fc196e74285cbb9,
32328388,https://a0.muscache.com/pictures/4bff36cf-d211-4627-9d8b-07ed3364a09a.jpg,success,200.0,c:\Prathik\MY DOCUMENTS\Rental_price_prediction\datasets\multimodal_v3\images\32328388.jpg,318964,2400,1600,RGB,876dfb4af291f26c9ae36999047562f0,
32259212,https://a0.muscache.com/pictures/11fa778c-9a09-42d7-b087-4909a442977a.jpg,success,200.0,c:\Prathik\MY DOCUMENTS\Rental_price_prediction\datasets\multimodal_v3\images\32259212.jpg,296064,1500,1000,RGB,e54049c97cfda9bbda1870f4ddada14e,
32424479,https://a0.muscache.com/pictures/miso/Hosting-32424479/original/982220ab-edb8-4029-bc72-e62ccbbc4bf6.png,failed_http_404,404.0,,0,0,0,,,HTTP 404
32164395,https://a0.muscache.com/pictures/4c636731-3fc1-49be-a787-d193219ace81.jpg,success,200.0,c:\Prathik\MY DOCUMENTS\Rental_price_prediction\datasets\multimodal_v3\images\32164395.jpg,1655764,4032,3024,RGB,38a5d77065b0ef972b327880b9eb3588,
32338208,https://a0.muscache.com/pictures/prohost-api/Hosting-32338208/original/39706919-28aa-4b51-bb68-cf5c9f9e41b4.jpeg,success,200.0,c:\Prathik\MY DOCUMENTS\Rental_price_prediction\datasets\multimodal_v3\images\32338208.jpg,1774336,3840,2558,RGB,052771ab79a68dedb8171a7d5559a9a4,
32107182,https://a0.muscache.com/pictures/miso/Hosting-32107182/original/ca34ccc6-91af-4a78-a8ac-b27e2c92b05c.jpeg,success,200.0,c:\Prathik\MY DOCUMENTS\Rental_price_prediction\datasets\multimodal_v3\images\32107182.jpg,325176,2000,1335,RGB,371c0a5c3721143f38023095d01498c7,
31519951,https://a0.muscache.com/pictures/miso/Hosting-31519951/original/fb49d68f-9295-44a7-963a-7b8c836ad3cf.jpeg,failed_timeout_or_error,,,0,0,0,,,"HTTPSConnectionPool(host='a0.muscache.com', port=443): Read timed out."
32301460,https://a0.muscache.com/pictures/prohost-api/Hosting-32301460/original/136e3603-ff7e-46fd-97b7-139de759f12e.jpeg,success,200.0,c:\Prathik\MY DOCUMENTS\Rental_price_prediction\datasets\multimodal_v3\images\32301460.jpg,849421,3000,2003,RGB,94ac747bcac2f10891a36262a6d891cb,
32446540,https://a0.muscache.com/pictures/7f83c19f-0e35-41c2-9061-427ba98628fd.jpg,failed_http_404,404.0,,0,0,0,,,HTTP 404
32577436,https://a0.muscache.com/pictures/miso/Hosting-32577436/original/67ffc8bf-e9e2-4932-8d9d-a9adfa927145.jpeg,failed_http_404,404.0,,0,0,0,,,HTTP 404
32415241,https://a0.muscache.com/pictures/miso/Hosting-32415241/original/c419ea80-6c37-43c4-b5fc-13945e764075.jpeg,success,200.0,c:\Prathik\MY DOCUMENTS\Rental_price_prediction\datasets\multimodal_v3\images\32415241.jpg,2942922,3258,2172,RGB,fd1cb72ac794d33735bc58b841f06c65,
31608731,https://a0.muscache.com/pictures/b3f7d566-b236-4aeb-95ac-a04e8bdc9c2e.jpg,success,200.0,c:\Prathik\MY DOCUMENTS\Rental_price_prediction\datasets\multimodal_v3\images\31608731.jpg,1627293,3264,2448,RGB,3c6fa5422a8a6d618407e2335673aac7,
32332610,https://a0.muscache.com/pictures/363f30de-f770-4cdc-b2a7-72dbc115be4d.jpg,success,200.0,c:\Prathik\MY DOCUMENTS\Rental_price_prediction\datasets\multimodal_v3\images\32332610.jpg,343818,2400,1600,RGB,35c16e6eba441d80905fb46447628d3f,
29301481,https://a0.muscache.com/pictures/prohost-api/Hosting-29301481/original/840d1cf0-9503-4c49-a380-a1fd8fb7046c.jpeg,success,200.0,c:\Prathik\MY DOCUMENTS\Rental_price_prediction\datasets\multimodal_v3\images\29301481.jpg,1689132,2400,1600,RGB,16cfb78c5125873be9759d5688b4bab4,
29791163,https://a0.muscache.com/pictures/miso/Hosting-29791163/original/fcf27ec3-11ca-4902-945d-2f3c0b4ad92e.jpeg,success,200.0,c:\Prathik\MY DOCUMENTS\Rental_price_prediction\datasets\multimodal_v3\images\29791163.jpg,2607648,4200,2800,RGB,c94fff23f4802142e38b42e3d53c8a68,
32764991,https://a0.muscache.com/pictures/70959217-eb2e-4250-9227-0dc7e4624f86.jpg,failed_http_404,404.0,,0,0,0,,,HTTP 404
32671236,https://a0.muscache.com/pictures/miso/Hosting-32671236/original/2d8cc680-b849-4667-b8c8-3e8ffbe1304a.jpeg,success,200.0,c:\Prathik\MY DOCUMENTS\Rental_price_prediction\datasets\multimodal_v3\images\32671236.jpg,661601,2048,1365,RGB,c283926223426087fbfc1b5b08c2dc6c,
31922944,https://a0.muscache.com/pictures/hosting/Hosting-31922944/original/b9562609-2b7e-4502-874c-0f0becb97530.jpeg,success,200.0,c:\Prathik\MY DOCUMENTS\Rental_price_prediction\datasets\multimodal_v3\images\31922944.jpg,1505147,4032,3024,RGB,99768368ed9469b6ab3319118850f8d6,
29680084,https://a0.muscache.com/pictures/miso/Hosting-29680084/original/23f4aa5e-1425-422d-8701-d7f9b141ddac.jpeg,success,200.0,c:\Prathik\MY DOCUMENTS\Rental_price_prediction\datasets\multimodal_v3\images\29680084.jpg,3639528,6000,4000,RGB,bf45aa68b13055dbf7fbad0b3f3a7c73,
31621623,https://a0.muscache.com/pictures/84a644ba-8c1f-48df-86e4-3ab83df97b01.jpg,success,200.0,c:\Prathik\MY DOCUMENTS\Rental_price_prediction\datasets\multimodal_v3\images\31621623.jpg,3335160,4608,3456,RGB,c3016569d3f07dbc09f2136efe5bb92d,
32607516,https://a0.muscache.com/pictures/37f87e8f-4193-478f-a2c8-e5ae2a9190a9.jpg,success,200.0,c:\Prathik\MY DOCUMENTS\Rental_price_prediction\datasets\multimodal_v3\images\32607516.jpg,1555946,3413,2810,RGB,8377ca314ddfd34407524d9870ba64d2,
32739890,https://a0.muscache.com/pictures/a65cbe52-5df2-4f83-a354-862a58413016.jpg,success,200.0,c:\Prathik\MY DOCUMENTS\Rental_price_prediction\datasets\multimodal_v3\images\32739890.jpg,503402,2048,1536,RGB,77116eab8a44ee6adfb943358eaa8f6b,
32792238,https://a0.muscache.com/pictures/miso/Hosting-32792238/original/4c70307d-4649-40e2-bd40-32ec63e77bc7.jpeg,success,200.0,c:\Prathik\MY DOCUMENTS\Rental_price_prediction\datasets\multimodal_v3\images\32792238.jpg,1021426,2048,1534,RGB,a79799cf45bce7b0933a8d46684f1928,
32980348,https://a0.muscache.com/pictures/f9ba51f5-b01f-43c1-928f-db6ba7064e40.jpg,failed_http_404,404.0,,0,0,0,,,HTTP 404
25679471,https://a0.muscache.com/pictures/f8012e18-8995-43a5-8cd1-4942b03019f9.jpg,success,200.0,c:\Prathik\MY DOCUMENTS\Rental_price_prediction\datasets\multimodal_v3\images\25679471.jpg,1656042,4032,3024,RGB,20536edf155b494ed53d47650b9cee80,
31208516,https://a0.muscache.com/pictures/airflow/Hosting-31208516/original/11155c29-e2b7-40db-8f55-a0ff5be83ea0.jpg,success,200.0,c:\Prathik\MY DOCUMENTS\Rental_price_prediction\datasets\multimodal_v3\images\31208516.jpg,1188960,4200,2800,RGB,83a6c1c8ca430158ba77fb28a24a506d,
33017346,https://a0.muscache.com/pictures/miso/Hosting-33017346/original/c13e0738-9e98-40e1-ac62-33f8f1fac7fa.jpeg,success,200.0,c:\Prathik\MY DOCUMENTS\Rental_price_prediction\datasets\multimodal_v3\images\33017346.jpg,259670,1024,682,RGB,089f6d8641653d61294b26bd4cddee91,
32933835,https://a0.muscache.com/pictures/miso/Hosting-32933835/original/28c20a8f-74f7-4520-a72f-72ab1ff7d72f.jpeg,success,200.0,c:\Prathik\MY DOCUMENTS\Rental_price_prediction\datasets\multimodal_v3\images\32933835.jpg,3783921,4032,3024,RGB,1b8b22cfccc59ce78b7bc8ae5fc14f5a,
32832815,https://a0.muscache.com/pictures/miso/Hosting-32832815/original/b61f2769-a0dd-4b4d-b632-0dd82852f775.jpeg,failed_http_404,404.0,,0,0,0,,,HTTP 404
32851430,https://a0.muscache.com/pictures/04d6820f-afd7-4fc2-8ebc-98b456cb20e5.jpg,success,200.0,c:\Prathik\MY DOCUMENTS\Rental_price_prediction\datasets\multimodal_v3\images\32851430.jpg,228306,1500,1000,RGB,2a116bbb296ce4406173a6456e7a3d50,
33098499,https://a0.muscache.com/pictures/miso/Hosting-33098499/original/2e278a83-325d-4267-ad45-b1fa8fd36962.jpeg,success,200.0,c:\Prathik\MY DOCUMENTS\Rental_price_prediction\datasets\multimodal_v3\images\33098499.jpg,745832,2301,1536,RGB,06007ae1dc727401c291009fe37d6338,
33099066,https://a0.muscache.com/pictures/63bd5782-ab99-42c0-8aa6-45bb88119927.jpg,failed_http_404,404.0,,0,0,0,,,HTTP 404
32819433,https://a0.muscache.com/pictures/a211f35e-a9be-432d-aafa-9b71f67f0ca5.jpg,success,200.0,c:\Prathik\MY DOCUMENTS\Rental_price_prediction\datasets\multimodal_v3\images\32819433.jpg,1603209,3264,2176,RGB,ddf623ff28240924e521575288ab6ec7,
33160537,https://a0.muscache.com/pictures/prohost-api/Hosting-33160537/original/8c36a092-57c8-44e3-b113-99c1f0ba1a57.jpeg,failed_http_404,404.0,,0,0,0,,,HTTP 404
33119826,https://a0.muscache.com/pictures/b5637d17-58e2-4d03-bd86-5b8602b6c32e.jpg,success,200.0,c:\Prathik\MY DOCUMENTS\Rental_price_prediction\datasets\multimodal_v3\images\33119826.jpg,250885,1020,765,RGB,23920481997ea416fa4075643b2e1eb7,
33160539,https://a0.muscache.com/pictures/prohost-api/Hosting-33160539/original/f329d50b-0122-4317-b98b-8e8e7240d7ed.jpeg,success,200.0,c:\Prathik\MY DOCUMENTS\Rental_price_prediction\datasets\multimodal_v3\images\33160539.jpg,247174,1500,1000,RGB,b33b779dda9b2b1cd00efe8722e74420,
33160534,https://a0.muscache.com/pictures/prohost-api/Hosting-33160534/original/ee65f0c6-f32d-49ec-a229-595622e23073.jpeg,success,200.0,c:\Prathik\MY DOCUMENTS\Rental_price_prediction\datasets\multimodal_v3\images\33160534.jpg,203452,1500,1000,RGB,46d6a4ababb269df10c1553b2fc70d5c,
33166216,https://a0.muscache.com/pictures/prohost-api/Hosting-33166216/original/ac485da7-49ec-4dd5-933f-3392707aa21f.jpeg,failed_http_404,404.0,,0,0,0,,,HTTP 404
33199379,https://a0.muscache.com/pictures/miso/Hosting-33199379/original/edcc3d85-ec09-4b07-9561-1b1890d1d9c6.jpeg,failed_http_404,404.0,,0,0,0,,,HTTP 404
33217597,https://a0.muscache.com/pictures/4dbe51c8-4601-41da-bcc1-7b50f98e7c8c.jpg,failed_http_404,404.0,,0,0,0,,,HTTP 404
33274843,https://a0.muscache.com/pictures/miso/Hosting-33274843/original/8379f494-9e48-4293-9e4c-e0fcb75582f1.jpeg,failed_http_404,404.0,,0,0,0,,,HTTP 404
33362049,https://a0.muscache.com/pictures/6925ef6a-3024-426b-82c5-02c41456690c.jpg,failed_http_404,404.0,,0,0,0,,,HTTP 404
31071936,https://a0.muscache.com/pictures/9d8adb39-4882-4ff4-99e3-d0e1d817a26e.jpg,success,200.0,c:\Prathik\MY DOCUMENTS\Rental_price_prediction\datasets\multimodal_v3\images\31071936.jpg,1514207,4032,3024,RGB,889d53ccd7f65e1dfd93da3ff65fedcb,
33522770,https://a0.muscache.com/pictures/miso/Hosting-33522770/original/c38ad49a-6dae-468a-903f-90e538cb2a1a.jpeg,failed_http_404,404.0,,0,0,0,,,HTTP 404
33365046,https://a0.muscache.com/pictures/218ef334-c605-447a-ac5f-ece930ae5bb3.jpg,success,200.0,c:\Prathik\MY DOCUMENTS\Rental_price_prediction\datasets\multimodal_v3\images\33365046.jpg,352680,3264,2448,RGB,c6b26c44723db21e5a88177c9c688714,
33658927,https://a0.muscache.com/pictures/7f86d633-fcd9-4fd6-8847-2a4ba27e8ad1.jpg,success,200.0,c:\Prathik\MY DOCUMENTS\Rental_price_prediction\datasets\multimodal_v3\images\33658927.jpg,27833,320,320,RGB,7e1f4f23e53b5759f216082b5be233b9,
26260868,https://a0.muscache.com/pictures/airflow/Hosting-26260868/original/455e17d4-0cd4-4fa3-bf83-d23bce91bb81.jpg,failed_timeout_or_error,,,0,0,0,,,"HTTPSConnectionPool(host='a0.muscache.com', port=443): Read timed out."
29495159,https://a0.muscache.com/pictures/87044071-89e4-4509-8d30-9343628c937a.jpg,failed_timeout_or_error,,,0,0,0,,,The operation did not complete (read) (_ssl.c:2559)
33296597,https://a0.muscache.com/pictures/901289fd-479e-4af7-90f8-e193191200ee.jpg,success,200.0,c:\Prathik\MY DOCUMENTS\Rental_price_prediction\datasets\multimodal_v3\images\33296597.jpg,3542579,5472,3648,RGB,fc4a7f45e7cdfe7a28240a28fa61bea1,
33665924,https://a0.muscache.com/pictures/prohost-api/Hosting-33665924/original/f12448d1-1277-49dd-abc3-badc31927664.jpeg,failed_http_404,404.0,,0,0,0,,,HTTP 404
33190964,https://a0.muscache.com/pictures/52d7f958-c803-4248-802b-3b2aadce3adc.jpg,success,200.0,c:\Prathik\MY DOCUMENTS\Rental_price_prediction\datasets\multimodal_v3\images\33190964.jpg,4874797,4608,3456,RGB,b5935990793e1f956816aa81a8940a09,
33773838,https://a0.muscache.com/pictures/bf4ffa7f-49a2-4f32-bac9-0e71e9ddc80f.jpg,success,200.0,c:\Prathik\MY DOCUMENTS\Rental_price_prediction\datasets\multimodal_v3\images\33773838.jpg,604975,1500,1096,RGB,ec1214f93ecc9c965c276f0bbc6467c9,
33663157,https://a0.muscache.com/pictures/miso/Hosting-33663157/original/784e1aae-4421-40a9-938c-1d65f56fa2ad.jpeg,success,200.0,c:\Prathik\MY DOCUMENTS\Rental_price_prediction\datasets\multimodal_v3\images\33663157.jpg,4997359,6016,4016,RGB,8154fa4ebcbba62f57ecc9b8a9d88b72,
33798638,https://a0.muscache.com/pictures/miso/Hosting-33798638/original/328a8360-3dd6-4652-afff-29c5677ba4d1.jpeg,success,200.0,c:\Prathik\MY DOCUMENTS\Rental_price_prediction\datasets\multimodal_v3\images\33798638.jpg,101037,640,426,RGB,8f97bf2a1fcc34b7e17749a5a63106c4,
33774034,https://a0.muscache.com/pictures/ef399e94-8390-41f1-ac2a-58cb363a947b.jpg,success,200.0,c:\Prathik\MY DOCUMENTS\Rental_price_prediction\datasets\multimodal_v3\images\33774034.jpg,724339,4032,3024,RGB,3e496f38e5949e186d43f38aeb646049,
33807002,https://a0.muscache.com/pictures/2e8b99ed-7ef7-42bc-a6b9-883522b154d6.jpg,success,200.0,c:\Prathik\MY DOCUMENTS\Rental_price_prediction\datasets\multimodal_v3\images\33807002.jpg,64619,645,432,RGB,8e6d32b646087f4c191e2443a9bdebe1,
30654481,https://a0.muscache.com/pictures/7e320e4e-7fc3-47d8-849b-0592e5e62a7c.jpg,failed_timeout_or_error,,,0,0,0,,,"HTTPSConnectionPool(host='a0.muscache.com', port=443): Read timed out."
33807207,https://a0.muscache.com/pictures/7ff38112-bcec-4104-b847-e5a76ba26f1d.jpg,success,200.0,c:\Prathik\MY DOCUMENTS\Rental_price_prediction\datasets\multimodal_v3\images\33807207.jpg,1410915,3504,2336,RGB,0ec1188da18921f34054225d02b17a12,
33807444,https://a0.muscache.com/pictures/ca9e3b67-d0cb-4069-aba0-ae7b9054fee8.jpg,success,200.0,c:\Prathik\MY DOCUMENTS\Rental_price_prediction\datasets\multimodal_v3\images\33807444.jpg,237528,1200,797,RGB,82ebb3546075f157aba09fc83e09a60d,
33807319,https://a0.muscache.com/pictures/d152f7da-ffa6-47b5-a9c8-875b46915932.jpg,success,200.0,c:\Prathik\MY DOCUMENTS\Rental_price_prediction\datasets\multimodal_v3\images\33807319.jpg,69427,645,432,RGB,c2f8dae650aa9e1a3718258795bdf80e,
33807985,https://a0.muscache.com/pictures/912a81b5-14cf-48e5-a166-f7ec612e9673.jpg,success,200.0,c:\Prathik\MY DOCUMENTS\Rental_price_prediction\datasets\multimodal_v3\images\33807985.jpg,31187,400,267,RGB,e2685bfe63b259c494d4c8e345fec714,
33807802,https://a0.muscache.com/pictures/2cefb977-f2f1-4e4a-8c8d-57e0549142e6.jpg,success,200.0,c:\Prathik\MY DOCUMENTS\Rental_price_prediction\datasets\multimodal_v3\images\33807802.jpg,73187,645,429,RGB,f27fdd4c117476b556153bb010b83168,
33898003,https://a0.muscache.com/pictures/82708529-fb36-4153-9ffa-954f2e285c59.jpg,failed_http_404,404.0,,0,0,0,,,HTTP 404
33807903,https://a0.muscache.com/pictures/e9573795-ad75-47ff-8f52-3a65e5617466.jpg,success,200.0,c:\Prathik\MY DOCUMENTS\Rental_price_prediction\datasets\multimodal_v3\images\33807903.jpg,1294060,3329,2219,RGB,9d99ea655114b7dc38cdda6c0f38531b,
33990853,https://a0.muscache.com/pictures/cb296769-6d1f-4c40-b013-fcf74c0fb9a2.jpg,success,200.0,c:\Prathik\MY DOCUMENTS\Rental_price_prediction\datasets\multimodal_v3\images\33990853.jpg,161903,720,540,RGB,1193d66c2de9e1892e073055013e1f93,
33666340,https://a0.muscache.com/pictures/ceff67f9-9062-44e3-8c80-defafd9b8065.jpg,success,200.0,c:\Prathik\MY DOCUMENTS\Rental_price_prediction\datasets\multimodal_v3\images\33666340.jpg,2838891,3872,2175,RGB,5f3843c78f54e3b8335297da6ea454fb,
31922275,https://a0.muscache.com/pictures/54949faf-4eb4-463a-95b9-7461e40c651a.jpg,success,200.0,c:\Prathik\MY DOCUMENTS\Rental_price_prediction\datasets\multimodal_v3\images\31922275.jpg,1665509,4032,3024,RGB,97d62d5b55ea513630830ac4532b9818,
34038444,https://a0.muscache.com/pictures/44fb38f4-77df-47ea-b0ec-49d8546695e5.jpg,success,200.0,c:\Prathik\MY DOCUMENTS\Rental_price_prediction\datasets\multimodal_v3\images\34038444.jpg,799142,4032,3024,RGB,dd09e3ba6ceae8022433e85071195e7d,
34087565,https://a0.muscache.com/pictures/032a0aab-76e3-4cb6-8a64-96f50b6d4f4a.jpg,failed_http_404,404.0,,0,0,0,,,HTTP 404
29003338,https://a0.muscache.com/pictures/23d69496-398d-4f35-820b-26f6f0fff22d.jpg,success,200.0,c:\Prathik\MY DOCUMENTS\Rental_price_prediction\datasets\multimodal_v3\images\29003338.jpg,1726405,3601,2400,RGB,00a75217e6cd0ce4a4f094469ab33860,
34203295,https://a0.muscache.com/pictures/378a7d40-e1a8-4ea2-8ec2-e19b48dc4f4d.jpg,failed_http_404,404.0,,0,0,0,,,HTTP 404
34086588,https://a0.muscache.com/pictures/27a009c0-7240-4f6e-a689-f68bf3710438.jpg,success,200.0,c:\Prathik\MY DOCUMENTS\Rental_price_prediction\datasets\multimodal_v3\images\34086588.jpg,583135,2048,1536,RGB,7a28dff87b2d591483b8ee3162663e79,
30200015,https://a0.muscache.com/pictures/51be90c4-738f-4048-8cf7-2db5ea5bc3dd.jpg,success,200.0,c:\Prathik\MY DOCUMENTS\Rental_price_prediction\datasets\multimodal_v3\images\30200015.jpg,4193695,5184,3456,RGB,d3c571fa004dca0b5ae79b2429b868de,
34152268,https://a0.muscache.com/pictures/miso/Hosting-34152268/original/e3fbaf2e-bd1e-465a-a378-d2c28d6535d7.jpeg,success,200.0,c:\Prathik\MY DOCUMENTS\Rental_price_prediction\datasets\multimodal_v3\images\34152268.jpg,322452,1164,776,RGB,d1114db37e0467cd84e93bfb442ae1df,
33808038,https://a0.muscache.com/pictures/250b5cff-e2fc-4ad9-96d4-3c0124aac80a.jpg,success,200.0,c:\Prathik\MY DOCUMENTS\Rental_price_prediction\datasets\multimodal_v3\images\33808038.jpg,1787778,3360,2240,RGB,1e4ce016e08b9c86c5b5c211563a5ef2,
34207606,https://a0.muscache.com/pictures/57a44974-b0e2-443d-804f-563f98ba0de5.jpg,success,200.0,c:\Prathik\MY DOCUMENTS\Rental_price_prediction\datasets\multimodal_v3\images\34207606.jpg,4750421,8256,5504,RGB,29c7e9fa53c53f409a7b0e07d04ccd7b,
34479644,https://a0.muscache.com/pictures/6d305379-a43b-4e9f-857c-65025adab5aa.jpg,failed_http_404,404.0,,0,0,0,,,HTTP 404
34441430,https://a0.muscache.com/pictures/prohost-api/Hosting-34441430/original/72d055f8-db34-4c65-8b20-8b510cc0f0c5.jpeg,success,200.0,c:\Prathik\MY DOCUMENTS\Rental_price_prediction\datasets\multimodal_v3\images\34441430.jpg,759943,1616,1080,RGB,232c1012e0f4d37311e7c05b85709a18,
34506850,https://a0.muscache.com/pictures/72bc39ad-09f6-4240-8d05-17b61ac34c4c.jpg,failed_http_404,404.0,,0,0,0,,,HTTP 404
34507841,https://a0.muscache.com/pictures/95462808-2b57-496d-81e1-0ffd14c0a456.jpg,failed_http_404,404.0,,0,0,0,,,HTTP 404
34541887,https://a0.muscache.com/pictures/739c0dc2-f0b5-44d4-a908-a96a5ac0d2ed.jpg,failed_http_404,404.0,,0,0,0,,,HTTP 404
34742756,https://a0.muscache.com/pictures/fca90ec4-6fc5-4a29-a8d7-e716289b36a3.jpg,failed_http_404,404.0,,0,0,0,,,HTTP 404
34670804,https://a0.muscache.com/pictures/acc2aded-815b-4e0d-a15c-31e01f801213.jpg,failed_http_404,404.0,,0,0,0,,,HTTP 404
34751313,https://a0.muscache.com/pictures/miso/Hosting-34751313/original/7171f11d-0f7d-4612-9d7e-1b493f22bdf1.jpeg,failed_http_404,404.0,,0,0,0,,,HTTP 404
34753899,https://a0.muscache.com/pictures/miso/Hosting-34753899/original/0b969186-52ce-461e-bbed-64eaea2d62b7.jpeg,failed_http_404,404.0,,0,0,0,,,HTTP 404
34441424,https://a0.muscache.com/pictures/prohost-api/Hosting-34441424/original/3f19f16d-4303-4d12-8bfa-00f8b51b66e2.jpeg,success,200.0,c:\Prathik\MY DOCUMENTS\Rental_price_prediction\datasets\multimodal_v3\images\34441424.jpg,150243,1024,683,RGB,2d04d9c9b49733e4c7ceb1de269a786a,
34396785,https://a0.muscache.com/pictures/ce24d370-f121-49bc-afae-2a3772df658d.jpg,success,200.0,c:\Prathik\MY DOCUMENTS\Rental_price_prediction\datasets\multimodal_v3\images\34396785.jpg,2083829,4032,3024,RGB,ccd1e9a11209b5390af35321681f82fd,
31511845,https://a0.muscache.com/pictures/pro_photo_tool/Hosting-31511845-unapproved/original/daca5229-9ce4-4b1b-a884-1e97423b93e6.JPEG,success,200.0,c:\Prathik\MY DOCUMENTS\Rental_price_prediction\datasets\multimodal_v3\images\31511845.jpg,3663859,4740,3160,RGB,0ef37f858557c112b567952dfcefafee,
34782201,https://a0.muscache.com/pictures/miso/Hosting-34782201/original/b130600d-c901-4fd4-92b8-c661d14287d1.jpeg,success,200.0,c:\Prathik\MY DOCUMENTS\Rental_price_prediction\datasets\multimodal_v3\images\34782201.jpg,6258798,7289,4865,RGB,1e8b274e9bde4db788d7bb875ef3db57,
34939398,https://a0.muscache.com/pictures/ae416e4a-3163-4426-8e8e-4d25a82bfba4.jpg,success,200.0,c:\Prathik\MY DOCUMENTS\Rental_price_prediction\datasets\multimodal_v3\images\34939398.jpg,126049,896,530,RGB,0809aaceca29ac060973cdf7b7d902fa,
34791824,https://a0.muscache.com/pictures/32e4b08c-bffe-4515-81ec-1f36f5a5bf8d.jpg,success,200.0,c:\Prathik\MY DOCUMENTS\Rental_price_prediction\datasets\multimodal_v3\images\34791824.jpg,430186,2595,1730,RGB,9ae4fe91e4d2170dd018652beea22127,
34095689,https://a0.muscache.com/pictures/2e4ba14b-de46-4084-b505-053e6a368923.jpg,success,200.0,c:\Prathik\MY DOCUMENTS\Rental_price_prediction\datasets\multimodal_v3\images\34095689.jpg,820963,4032,3024,RGB,2e6267dd879ec779b7c8f280fb6fd8c8,
31241544,https://a0.muscache.com/pictures/ca0bc85d-8215-4f1c-8714-25ab770db7b1.jpg,success,200.0,c:\Prathik\MY DOCUMENTS\Rental_price_prediction\datasets\multimodal_v3\images\31241544.jpg,1121281,3705,2484,RGB,c6558d04ed823c1aab4afe02a8daeb1d,
35031057,https://a0.muscache.com/pictures/34a794ac-3c75-4753-b7d1-b0e1042aa5be.jpg,success,200.0,c:\Prathik\MY DOCUMENTS\Rental_price_prediction\datasets\multimodal_v3\images\35031057.jpg,178491,1023,682,RGB,7ec209cb029b8e591f81a67cebc8bd0b,
34900080,https://a0.muscache.com/pictures/prohost-api/Hosting-34900080/original/dbab1410-6fb4-4a37-8cbb-bf0e833c11fd.jpeg,success,200.0,c:\Prathik\MY DOCUMENTS\Rental_price_prediction\datasets\multimodal_v3\images\34900080.jpg,242569,1500,1000,RGB,aa4eb79bedeb426ef37e0eb4321b07c6,
35115885,https://a0.muscache.com/pictures/f60711bf-f93d-4726-9d89-d62904124789.jpg,success,200.0,c:\Prathik\MY DOCUMENTS\Rental_price_prediction\datasets\multimodal_v3\images\35115885.jpg,109376,848,530,RGB,9a8bb8fd1b5de93bbb6874956e4ebb9b,
31260089,https://a0.muscache.com/pictures/miso/Hosting-31260089/original/112ca18b-9896-47b1-825c-b7beeafb52da.jpeg,success,200.0,c:\Prathik\MY DOCUMENTS\Rental_price_prediction\datasets\multimodal_v3\images\31260089.jpg,6738409,8253,5501,RGB,cdeab50ec9dcce6e83a7bde5fa601d8c,
33550216,https://a0.muscache.com/pictures/miso/Hosting-33550216/original/88930db1-c1e0-4518-b31c-d2fc98e367a3.jpeg,success,200.0,c:\Prathik\MY DOCUMENTS\Rental_price_prediction\datasets\multimodal_v3\images\33550216.jpg,659005,1600,1067,RGB,95be7bd50ca3ff151eb6c293dcefd3c5,
35117621,https://a0.muscache.com/pictures/554cf360-494e-413a-a8bf-2cf792650b20.jpg,success,200.0,c:\Prathik\MY DOCUMENTS\Rental_price_prediction\datasets\multimodal_v3\images\35117621.jpg,143374,950,634,RGB,ad81adc768e076f5f1ae26810a42011e,
35115113,https://a0.muscache.com/pictures/f2695b7d-acb4-4a5d-89ba-3cb6c1346b53.jpg,success,200.0,c:\Prathik\MY DOCUMENTS\Rental_price_prediction\datasets\multimodal_v3\images\35115113.jpg,104424,851,530,RGB,f6e41e6353a6d1b0784f0ea20ab859b6,
35038518,https://a0.muscache.com/pictures/b234f10a-845d-4099-bdbf-a84f2e1f58cc.jpg,success,200.0,c:\Prathik\MY DOCUMENTS\Rental_price_prediction\datasets\multimodal_v3\images\35038518.jpg,1016311,2220,1691,RGB,a8aa031e4f49ccaa5dc7ff3ede01216c,
32984082,https://a0.muscache.com/pictures/d62f9d5f-59f6-4b4f-9d0c-2501d2ed9489.jpg,success,200.0,c:\Prathik\MY DOCUMENTS\Rental_price_prediction\datasets\multimodal_v3\images\32984082.jpg,875402,2089,1393,RGB,0458739121a5ea73be3591e42dca468e,
35064768,https://a0.muscache.com/pictures/a7512754-b947-44bb-9105-5ad1513430bc.jpg,success,200.0,c:\Prathik\MY DOCUMENTS\Rental_price_prediction\datasets\multimodal_v3\images\35064768.jpg,814963,4032,3024,RGB,44f63f602cf174586fa082334f101ebd,
35116434,https://a0.muscache.com/pictures/fa99ac5c-aae6-4c69-ae63-4f2d966a7ec2.jpg,success,200.0,c:\Prathik\MY DOCUMENTS\Rental_price_prediction\datasets\multimodal_v3\images\35116434.jpg,171776,1024,634,RGB,fac79565fa86be635080a27cfbdd19c5,
35131449,https://a0.muscache.com/pictures/7fd01a62-8bc6-455f-814a-34fb26c70d85.jpg,failed_http_404,404.0,,0,0,0,,,HTTP 404
33069007,https://a0.muscache.com/pictures/miso/Hosting-33069007/original/27e354e2-a63b-4dc4-a2d6-4f602b45503c.jpeg,success,200.0,c:\Prathik\MY DOCUMENTS\Rental_price_prediction\datasets\multimodal_v3\images\33069007.jpg,1127033,3370,2128,RGB,e26d225d3aa13a4e6152b407690677b2,
33776051,https://a0.muscache.com/pictures/cde26d9c-04c1-430c-897b-c77f7284d774.jpg,success,200.0,c:\Prathik\MY DOCUMENTS\Rental_price_prediction\datasets\multimodal_v3\images\33776051.jpg,2823843,5655,3760,RGB,8bdbbcffa1cbc548f2643c23dc4fb64b,
35122267,https://a0.muscache.com/pictures/a25a306b-f874-4f72-a599-7f7d86711486.jpg,success,200.0,c:\Prathik\MY DOCUMENTS\Rental_price_prediction\datasets\multimodal_v3\images\35122267.jpg,1096645,2396,1653,RGB,2b93f0bde608c7bd77f8ebab300effcd,
35317253,https://a0.muscache.com/pictures/prohost-api/Hosting-35317253/original/b3443018-9aeb-4c01-91c3-4a89a8d6e913.jpeg,failed_http_404,404.0,,0,0,0,,,HTTP 404
34787446,https://a0.muscache.com/pictures/miso/Hosting-34787446/original/fcb3a6b2-4497-4b21-8630-b483bd0a9e2f.jpeg,success,200.0,c:\Prathik\MY DOCUMENTS\Rental_price_prediction\datasets\multimodal_v3\images\34787446.jpg,3967692,4000,3000,RGB,eb24ef6cb7b3c21acc421188ba38afc3,
31460257,https://a0.muscache.com/pictures/76e63a6d-5422-4322-b314-f671b388089d.jpg,success,200.0,c:\Prathik\MY DOCUMENTS\Rental_price_prediction\datasets\multimodal_v3\images\31460257.jpg,1557968,4200,2800,RGB,be077103a5a95c149dfb811a942441c7,
35317354,https://a0.muscache.com/pictures/prohost-api/Hosting-35317354/original/dc2a2af4-00ef-4dba-9e85-8459918fe2b7.jpeg,failed_http_404,404.0,,0,0,0,,,HTTP 404
35218486,https://a0.muscache.com/pictures/prohost-api/Hosting-35218486/original/b4d80a70-bbaf-4239-8b6d-2608894c8e13.jpeg,success,200.0,c:\Prathik\MY DOCUMENTS\Rental_price_prediction\datasets\multimodal_v3\images\35218486.jpg,268430,1500,1000,RGB,a50a81d870e01c00871e91784048ffca,
35317276,https://a0.muscache.com/pictures/prohost-api/Hosting-35317276/original/f5abbf9c-95ac-4bc3-bec3-449709976c72.jpeg,failed_http_404,404.0,,0,0,0,,,HTTP 404
35317377,https://a0.muscache.com/pictures/prohost-api/Hosting-35317377/original/c4223ad4-d471-45cc-a7bf-068ff6cad193.jpeg,failed_http_404,404.0,,0,0,0,,,HTTP 404
35317403,https://a0.muscache.com/pictures/prohost-api/Hosting-35317403/original/f7d8e010-d7ed-4442-a0e5-9e44f75b65e5.jpeg,failed_http_404,404.0,,0,0,0,,,HTTP 404
35079780,https://a0.muscache.com/pictures/miso/Hosting-35079780/original/558e67a9-5a5c-4cc5-8fdd-5f308e6e2569.jpeg,success,200.0,c:\Prathik\MY DOCUMENTS\Rental_price_prediction\datasets\multimodal_v3\images\35079780.jpg,437053,2048,1363,RGB,324bcac408d8b7641eca20332b55819f,
35317431,https://a0.muscache.com/pictures/8c4cff1a-a7ae-43ea-8e2d-af54a5e14338.jpg,failed_http_404,404.0,,0,0,0,,,HTTP 404
35373849,https://a0.muscache.com/pictures/prohost-api/Hosting-35373849/original/28bcfb46-8b9d-4d18-bb28-0dcabe2c4238.jpeg,success,200.0,c:\Prathik\MY DOCUMENTS\Rental_price_prediction\datasets\multimodal_v3\images\35373849.jpg,234201,1500,1000,RGB,0b22dcf8fd82be8d7a0ebbff3ff60265,
35397847,https://a0.muscache.com/pictures/prohost-api/Hosting-35397847/original/3e3bb6f2-b0d2-4ce1-b20a-0bd6f52969e9.jpeg,success,200.0,c:\Prathik\MY DOCUMENTS\Rental_price_prediction\datasets\multimodal_v3\images\35397847.jpg,234594,1500,1000,RGB,a38801b456a3a1dacb6edd18b5a3d8c0,
35485678,https://a0.muscache.com/pictures/320e1f07-963c-457f-b4df-43309cf38eb4.jpg,success,200.0,c:\Prathik\MY DOCUMENTS\Rental_price_prediction\datasets\multimodal_v3\images\35485678.jpg,329732,1727,1152,RGB,22e8adb16ade27e99a6a85e376dc75b8,
35397853,https://a0.muscache.com/pictures/prohost-api/Hosting-35397853/original/c2c13c1f-833d-4026-b7e0-f3bf9ee3ec1e.jpeg,success,200.0,c:\Prathik\MY DOCUMENTS\Rental_price_prediction\datasets\multimodal_v3\images\35397853.jpg,249950,1500,1000,RGB,cffc5977fef55f076556876e934818af,
35287564,https://a0.muscache.com/pictures/93e28165-fa77-4f7e-abd4-710d53f1ab48.jpg,success,200.0,c:\Prathik\MY DOCUMENTS\Rental_price_prediction\datasets\multimodal_v3\images\35287564.jpg,1233789,3000,2000,RGB,f38df0d89c980b85c1195aea5bd2dfcd,
35575552,https://a0.muscache.com/pictures/prohost-api/Hosting-35575552/original/835449a2-5e80-4015-b77a-9847ba7f5cd4.jpeg,failed_http_404,404.0,,0,0,0,,,HTTP 404
35578653,https://a0.muscache.com/pictures/prohost-api/Hosting-35578653/original/70c904de-ff4b-46fc-9ec4-7d523c8c5660.jpeg,failed_http_404,404.0,,0,0,0,,,HTTP 404
35578680,https://a0.muscache.com/pictures/prohost-api/Hosting-35578680/original/2755372d-e4bc-41ef-999e-8d1f370b5dae.jpeg,failed_http_404,404.0,,0,0,0,,,HTTP 404
35515854,https://a0.muscache.com/pictures/519d4516-e5b4-4042-9750-8a2fa541f424.jpg,success,200.0,c:\Prathik\MY DOCUMENTS\Rental_price_prediction\datasets\multimodal_v3\images\35515854.jpg,3203411,4032,2268,RGB,7b3c0b6335cd6b309eb0d38b295f0c9d,
33021011,https://a0.muscache.com/pictures/miso/Hosting-33021011/original/6c664ad3-ddab-49bb-8e07-8c5382c92583.jpeg,success,200.0,c:\Prathik\MY DOCUMENTS\Rental_price_prediction\datasets\multimodal_v3\images\33021011.jpg,5921482,6016,4016,RGB,ce339c70e83e08c0f137c78dd5a6c867,
35613436,https://a0.muscache.com/pictures/prohost-api/Hosting-35613436/original/44dcd5c5-4733-4968-9350-bb894d927b99.jpeg,failed_http_404,404.0,,0,0,0,,,HTTP 404
35613465,https://a0.muscache.com/pictures/prohost-api/Hosting-35613465/original/30e8bb80-d04c-422e-a1cb-1ab6506dd204.jpeg,failed_http_404,404.0,,0,0,0,,,HTTP 404
35613495,https://a0.muscache.com/pictures/prohost-api/Hosting-35613495/original/4146bed1-f462-44de-92f6-f994bf76598a.jpeg,failed_http_404,404.0,,0,0,0,,,HTTP 404
33934081,https://a0.muscache.com/pictures/miso/Hosting-33934081/original/21210116-7afd-4438-a164-807c3d168c8b.jpeg,success,200.0,c:\Prathik\MY DOCUMENTS\Rental_price_prediction\datasets\multimodal_v3\images\33934081.jpg,2557276,6000,4000,RGB,ca67434014b125e505468773fcd98b7b,
35613575,https://a0.muscache.com/pictures/prohost-api/Hosting-35613575/original/c4a9fd5f-b00c-4989-b469-6c23131b08a6.jpeg,failed_http_404,404.0,,0,0,0,,,HTTP 404
35651647,https://a0.muscache.com/pictures/prohost-api/Hosting-35651647/original/4197f863-aabd-43fd-8b8a-b21365280592.jpeg,failed_http_404,404.0,,0,0,0,,,HTTP 404
35623115,https://a0.muscache.com/pictures/prohost-api/Hosting-35623115/original/9455cf30-1e2c-4dd7-890f-4c1b5cb2a9b1.jpeg,success,200.0,c:\Prathik\MY DOCUMENTS\Rental_price_prediction\datasets\multimodal_v3\images\35623115.jpg,227449,1500,1000,RGB,7836c236f120a350e12ccac1fb6437fd,
35125703,https://a0.muscache.com/pictures/4d3a0f16-4834-4f57-95b4-5edb6e407b14.jpg,success,200.0,c:\Prathik\MY DOCUMENTS\Rental_price_prediction\datasets\multimodal_v3\images\35125703.jpg,555587,2048,1536,RGB,fed1e7a4d8d9a2fa7b90fe3c212e1f0d,
29852695,https://a0.muscache.com/pictures/prohost-api/Hosting-29852695/original/74e698ec-d82e-4d47-88e4-edaeb9af9ce7.jpeg,success,200.0,c:\Prathik\MY DOCUMENTS\Rental_price_prediction\datasets\multimodal_v3\images\29852695.jpg,2922246,3840,2582,RGB,0c2c419b1622742314f59a0bcd881ba8,
35121972,https://a0.muscache.com/pictures/f77728d6-c355-41f4-a8e3-f984b52f2eaa.jpg,success,200.0,c:\Prathik\MY DOCUMENTS\Rental_price_prediction\datasets\multimodal_v3\images\35121972.jpg,895603,2560,1594,RGB,0ff6500d9957ff2b8bc80b014887d4e6,
35521639,https://a0.muscache.com/pictures/914dc0f0-b118-4c1d-bdc8-37fa6b2e2e93.jpg,success,200.0,c:\Prathik\MY DOCUMENTS\Rental_price_prediction\datasets\multimodal_v3\images\35521639.jpg,1673797,3152,2423,RGB,f5a141461b4a077e9c4da90311b01c38,
32734094,https://a0.muscache.com/pictures/f314917a-d878-4c92-9565-af8590c4eb8c.jpg,success,200.0,c:\Prathik\MY DOCUMENTS\Rental_price_prediction\datasets\multimodal_v3\images\32734094.jpg,1398850,2520,1680,RGB,bc3fe6e2cf760ce673add979a96fbfba,
35121441,https://a0.muscache.com/pictures/313dd589-bfba-4699-a234-d30610a6ea5c.jpg,success,200.0,c:\Prathik\MY DOCUMENTS\Rental_price_prediction\datasets\multimodal_v3\images\35121441.jpg,688082,1371,2016,RGB,b907986cc6396200243b9ceb81a5b331,
35768220,https://a0.muscache.com/pictures/55f7954f-7887-40a1-85dd-70abed99eda4.jpg,failed_http_404,404.0,,0,0,0,,,HTTP 404
35651969,https://a0.muscache.com/pictures/prohost-api/Hosting-35651969/original/35ef321a-43d1-44d8-91c4-6c89465edc21.jpeg,success,200.0,c:\Prathik\MY DOCUMENTS\Rental_price_prediction\datasets\multimodal_v3\images\35651969.jpg,465290,1500,2000,RGB,6b4164c37ea44075b52a1b7e4634dbb4,
35802993,https://a0.muscache.com/pictures/prohost-api/Hosting-35802993/original/c7634a1d-c53b-408f-9e5a-80baf0310b63.jpeg,failed_http_404,404.0,,0,0,0,,,HTTP 404
35737803,https://a0.muscache.com/pictures/ae2c7d48-c575-4258-8891-3a03b9b841a2.jpg,success,200.0,c:\Prathik\MY DOCUMENTS\Rental_price_prediction\datasets\multimodal_v3\images\35737803.jpg,98017,800,533,RGB,1a8dac2a8ef504fcee572a9de051e093,
35774025,https://a0.muscache.com/pictures/prohost-api/Hosting-35774025/original/d935235f-f5f3-4a29-8b50-a8b2134de80c.jpeg,success,200.0,c:\Prathik\MY DOCUMENTS\Rental_price_prediction\datasets\multimodal_v3\images\35774025.jpg,321447,1479,1000,RGB,a075e4e13e375ea9675f97fad8794278,
36002529,https://a0.muscache.com/pictures/pro_photo_tool/Hosting-36002529-unapproved/original/1cfed93b-9b3b-47a2-910b-66e29fdc9893.JPEG,failed_http_404,404.0,,0,0,0,,,HTTP 404
30914894,https://a0.muscache.com/pictures/miso/Hosting-30914894/original/2338c828-fa4c-4c9d-ae86-415d2b5a9b42.jpeg,success,200.0,c:\Prathik\MY DOCUMENTS\Rental_price_prediction\datasets\multimodal_v3\images\30914894.jpg,2236212,3981,2986,RGB,e6eda5edaac5504ebc2c47c3fc5122d8,
35918507,https://a0.muscache.com/pictures/prohost-api/Hosting-35918507/original/87b2d9e4-27b3-4d20-8132-100f4587e98d.jpeg,success,200.0,c:\Prathik\MY DOCUMENTS\Rental_price_prediction\datasets\multimodal_v3\images\35918507.jpg,155612,780,526,RGB,9d8a5b51c5dcafe5ae9672f95246d34f,
31681784,https://a0.muscache.com/pictures/prohost-api/Hosting-31681784/original/88ae9328-9dd2-4706-9900-965baedb368f.jpeg,success,200.0,c:\Prathik\MY DOCUMENTS\Rental_price_prediction\datasets\multimodal_v3\images\31681784.jpg,1470799,3072,2304,RGB,f964fa07722c5e73d2bf3482e292643a,
36068314,https://a0.muscache.com/pictures/prohost-api/Hosting-36068314/original/0c4a2e1a-791a-4183-973f-2061b906f731.jpeg,failed_http_404,404.0,,0,0,0,,,HTTP 404
36072103,https://a0.muscache.com/pictures/miso/Hosting-36072103/original/140f18c1-7ae5-4337-b16b-241960e77060.jpeg,failed_http_404,404.0,,0,0,0,,,HTTP 404
35971430,https://a0.muscache.com/pictures/prohost-api/Hosting-35971430/original/fa08bdf1-f957-4992-b1e6-fb76b94c2e17.jpeg,success,200.0,c:\Prathik\MY DOCUMENTS\Rental_price_prediction\datasets\multimodal_v3\images\35971430.jpg,247851,1500,1000,RGB,4c1dfdbf8c1ddac2488b7f0746685270,
36079259,https://a0.muscache.com/pictures/8408edd6-4d76-4ccc-9766-02f6ef2a4394.jpg,failed_http_404,404.0,,0,0,0,,,HTTP 404
36066072,https://a0.muscache.com/pictures/ba6ffb8e-efc9-47b9-ac93-598cd3f5eebd.jpg,success,200.0,c:\Prathik\MY DOCUMENTS\Rental_price_prediction\datasets\multimodal_v3\images\36066072.jpg,187616,1500,1001,RGB,a9e3c0007484627dbef2375ceeba9d72,
36197973,https://a0.muscache.com/pictures/hosting/Hosting-36197973/original/df97e03f-8ec6-486c-877d-087f5bb7dec7.jpeg,failed_http_404,404.0,,0,0,0,,,HTTP 404
36241169,https://a0.muscache.com/pictures/5c5020b4-d8fb-42bc-b04f-be46dad22221.jpg,failed_http_404,404.0,,0,0,0,,,HTTP 404
35963534,https://a0.muscache.com/pictures/b46d0843-e74b-4881-9b77-cc16055f1a7b.jpg,success,200.0,c:\Prathik\MY DOCUMENTS\Rental_price_prediction\datasets\multimodal_v3\images\35963534.jpg,64823,480,320,RGB,991e5db34bed0a750b785d6819d02a38,
35012806,https://a0.muscache.com/pictures/82df5851-8be7-4f06-8c67-b6f6464521f9.jpg,success,200.0,c:\Prathik\MY DOCUMENTS\Rental_price_prediction\datasets\multimodal_v3\images\35012806.jpg,2006608,4032,3024,RGB,3f917a73043aab236cf7b10f59f79a2c,
36180237,https://a0.muscache.com/pictures/a5999082-ba20-446b-91ee-0d5a65546203.jpg,success,200.0,c:\Prathik\MY DOCUMENTS\Rental_price_prediction\datasets\multimodal_v3\images\36180237.jpg,142516,901,720,RGB,873ae36e1b480ccf40f4b069b7758e13,
36213020,https://a0.muscache.com/pictures/prohost-api/Hosting-36213020/original/4dc9441f-4eca-41df-949b-ec3dfabc4f63.jpeg,success,200.0,c:\Prathik\MY DOCUMENTS\Rental_price_prediction\datasets\multimodal_v3\images\36213020.jpg,215483,1500,1000,RGB,34b79b5568edc8ac3567dc3b9cf355e5,
36514427,https://a0.muscache.com/pictures/17f73242-1f2a-4078-8804-85dfdb39c510.jpg,failed_http_404,404.0,,0,0,0,,,HTTP 404
36100528,https://a0.muscache.com/pictures/hosting/Hosting-U3RheVN1cHBseUxpc3Rpbmc6MzYxMDA1Mjg%3D/original/a00bb16f-8661-456c-8068-aa467f202a53.jpeg,success,200.0,c:\Prathik\MY DOCUMENTS\Rental_price_prediction\datasets\multimodal_v3\images\36100528.jpg,123386,1000,562,RGB,98d515732e0cfcd0532d08e3d949c49a,
32760750,https://a0.muscache.com/pictures/8b1e9911-5c69-434d-90b9-f0863046f2cb.jpg,success,200.0,c:\Prathik\MY DOCUMENTS\Rental_price_prediction\datasets\multimodal_v3\images\32760750.jpg,2366372,3264,2448,RGB,dc09e0c6daf1588c29a6f71fe68834c5,
36506806,https://a0.muscache.com/pictures/3479724c-cf3d-472c-8541-52a8fd798e23.jpg,success,200.0,c:\Prathik\MY DOCUMENTS\Rental_price_prediction\datasets\multimodal_v3\images\36506806.jpg,76534,800,600,RGB,63a02d52bc9cd43554c5d2b0c52e30b8,
36375649,https://a0.muscache.com/pictures/3b655e52-9f9b-48ec-b62b-d84c6f32c4e3.jpg,success,200.0,c:\Prathik\MY DOCUMENTS\Rental_price_prediction\datasets\multimodal_v3\images\36375649.jpg,242682,1023,764,RGB,bc05be35e31253d52c64959b3e6acf36,
32942664,https://a0.muscache.com/pictures/e872df6f-21fe-4b93-a7f3-53042dfaf5c5.jpg,success,200.0,c:\Prathik\MY DOCUMENTS\Rental_price_prediction\datasets\multimodal_v3\images\32942664.jpg,3681902,4032,3024,RGB,c9e767a624bead1bbb3e0a13c93a38a0,
36263273,https://a0.muscache.com/pictures/c0169cf4-1b97-409d-924a-8fee19181fc9.jpg,success,200.0,c:\Prathik\MY DOCUMENTS\Rental_price_prediction\datasets\multimodal_v3\images\36263273.jpg,676514,2666,2177,RGB,5ef528c4df2874ca5a97b49bce5a2c48,
36625159,https://a0.muscache.com/pictures/miso/Hosting-36625159/original/7cc18428-75dd-4017-9170-85a00f1b96df.jpeg,failed_http_404,404.0,,0,0,0,,,HTTP 404
36630943,https://a0.muscache.com/pictures/5c7b9ee3-b394-45fe-900b-55715b03c7cb.jpg,failed_http_404,404.0,,0,0,0,,,HTTP 404
35162584,https://a0.muscache.com/pictures/miso/Hosting-35162584/original/6b6edbf0-ce32-4f2f-995a-14d9af4ae2da.jpeg,success,200.0,c:\Prathik\MY DOCUMENTS\Rental_price_prediction\datasets\multimodal_v3\images\35162584.jpg,2776313,4000,3000,RGB,26b8b0b20025c738270df6ff48a6ab65,
36550199,https://a0.muscache.com/pictures/1b43c2d9-0928-46d9-92fd-d35e1fbeecbb.jpg,success,200.0,c:\Prathik\MY DOCUMENTS\Rental_price_prediction\datasets\multimodal_v3\images\36550199.jpg,1477839,3840,2557,RGB,91e7a182e29c594633ab31267c45fc24,
36688139,https://a0.muscache.com/pictures/f798dce6-30c9-4c6b-830a-15692361fc59.jpg,success,200.0,c:\Prathik\MY DOCUMENTS\Rental_price_prediction\datasets\multimodal_v3\images\36688139.jpg,52613,400,266,RGB,00eac5c3a93b67ff0674d9903691991c,
33521140,https://a0.muscache.com/pictures/miso/Hosting-33521140/original/0ad4fd69-19c7-4e30-ad55-40c562af6368.jpeg,success,200.0,c:\Prathik\MY DOCUMENTS\Rental_price_prediction\datasets\multimodal_v3\images\33521140.jpg,3950797,4200,2800,RGB,f637b4ff0bbdc5c5c7631bd4fc6be28a,
36732182,https://a0.muscache.com/pictures/183cb4a4-b457-4ab0-aa0f-381acc3bbe0f.jpg,failed_http_404,404.0,,0,0,0,,,HTTP 404
36905980,https://a0.muscache.com/pictures/3876457c-5d60-4fe2-b7ab-41f2d500ff4b.jpg,failed_http_404,404.0,,0,0,0,,,HTTP 404
30376123,https://a0.muscache.com/pictures/d29c1ad1-d53e-4854-a607-c89a83d9feb9.jpg,failed_timeout_or_error,,,0,0,0,,,"HTTPSConnectionPool(host='a0.muscache.com', port=443): Read timed out."
33679901,https://a0.muscache.com/pictures/miso/Hosting-33679901/original/3b11115d-08d1-4404-b821-d90842634a44.jpeg,failed_timeout_or_error,,,0,0,0,,,"HTTPSConnectionPool(host='a0.muscache.com', port=443): Read timed out."
32844335,https://a0.muscache.com/pictures/miso/Hosting-32844335/original/e9d40438-2f43-4249-ae68-446e51febacc.jpeg,failed_timeout_or_error,,,0,0,0,,,"HTTPSConnectionPool(host='a0.muscache.com', port=443): Read timed out."
35843306,https://a0.muscache.com/pictures/68813ca9-b131-44ba-8fd7-e05628ddb30d.jpg,failed_timeout_or_error,,,0,0,0,,,"HTTPSConnectionPool(host='a0.muscache.com', port=443): Read timed out."
36727850,https://a0.muscache.com/pictures/e08fecf3-cacb-4ce2-9814-4a8ae6d84308.jpg,success,200.0,c:\Prathik\MY DOCUMENTS\Rental_price_prediction\datasets\multimodal_v3\images\36727850.jpg,118249,640,480,RGB,fdbff7913f709b4969e912c3f38a816a,
35314038,https://a0.muscache.com/pictures/ca76a922-ec73-49ee-b099-f2178a399038.jpg,failed_timeout_or_error,,,0,0,0,,,"HTTPSConnectionPool(host='a0.muscache.com', port=443): Read timed out."
35828879,https://a0.muscache.com/pictures/232f72a5-3870-4c1c-a93b-894a20fc5b00.jpg,failed_timeout_or_error,,,0,0,0,,,"HTTPSConnectionPool(host='a0.muscache.com', port=443): Read timed out."
36958278,https://a0.muscache.com/pictures/miso/Hosting-36958278/original/31c31f95-7a04-4aaa-a35b-b6e12315e21e.jpeg,success,200.0,c:\Prathik\MY DOCUMENTS\Rental_price_prediction\datasets\multimodal_v3\images\36958278.jpg,987716,1920,1080,RGB,56570fb644c67900ccc4261289072d51,
33041360,https://a0.muscache.com/pictures/be608832-1e47-4a7a-8ad1-ca157ec48fe6.jpg,success,200.0,c:\Prathik\MY DOCUMENTS\Rental_price_prediction\datasets\multimodal_v3\images\33041360.jpg,600724,1536,2048,RGB,df5b4078c149e69b5123daf3ef4530ed,
36624410,https://a0.muscache.com/pictures/prohost-api/Hosting-36624410/original/59198d2b-e869-47b5-a3c7-acb3a8750477.jpeg,success,200.0,c:\Prathik\MY DOCUMENTS\Rental_price_prediction\datasets\multimodal_v3\images\36624410.jpg,409362,1595,1080,RGB,e2febda2bafe01d634481154da86c683,
34148130,https://a0.muscache.com/pictures/7159a935-b47d-49c8-bae1-7f015dd7e923.jpg,failed_timeout_or_error,,,0,0,0,,,"HTTPSConnectionPool(host='a0.muscache.com', port=443): Read timed out."
37288485,https://a0.muscache.com/pictures/ff863f1d-eafe-409f-8c4a-42ae86b6299e.jpg,failed_http_404,404.0,,0,0,0,,,HTTP 404
37212222,https://a0.muscache.com/pictures/096c3bdc-d241-4b72-978f-15704fe8dff0.jpg,failed_timeout_or_error,,,0,0,0,,,"HTTPSConnectionPool(host='a0.muscache.com', port=443): Read timed out."
32740257,https://a0.muscache.com/pictures/b064ee92-2484-4ddd-96bd-8fb95b6227b0.jpg,failed_timeout_or_error,,,0,0,0,,,"HTTPSConnectionPool(host='a0.muscache.com', port=443): Read timed out."
36317959,https://a0.muscache.com/pictures/miso/Hosting-36317959/original/bba83c27-5314-4ec5-8b49-6305e47d5b98.jpeg,failed_timeout_or_error,,,0,0,0,,,"HTTPSConnectionPool(host='a0.muscache.com', port=443): Read timed out."
31414815,https://a0.muscache.com/pictures/0e798e57-b0e8-4d56-95f3-96b4a26e0150.jpg,failed_timeout_or_error,,,0,0,0,,,"HTTPSConnectionPool(host='a0.muscache.com', port=443): Read timed out."
29488398,https://a0.muscache.com/pictures/pro_photo_tool/Hosting-29488398-unapproved/original/0d835f50-2993-4c11-bab2-f8da6878dffd.JPEG,failed_timeout_or_error,,,0,0,0,,,"HTTPSConnectionPool(host='a0.muscache.com', port=443): Read timed out."
36420977,https://a0.muscache.com/pictures/cb5aab78-23b2-4a17-ad2e-4f93639460c2.jpg,failed_timeout_or_error,,,0,0,0,,,"HTTPSConnectionPool(host='a0.muscache.com', port=443): Read timed out."
36912433,https://a0.muscache.com/pictures/ebf24726-a9ee-4be8-a43e-73f9e245d1bd.jpg,failed_timeout_or_error,,,0,0,0,,,"HTTPSConnectionPool(host='a0.muscache.com', port=443): Read timed out."
32939502,https://a0.muscache.com/pictures/53396c8e-bbb1-4e90-bed1-ae653eca4590.jpg,failed_timeout_or_error,,,0,0,0,,,"HTTPSConnectionPool(host='a0.muscache.com', port=443): Read timed out."
36972360,https://a0.muscache.com/pictures/261f6a58-7531-4334-8703-c5f73bd5f6bc.jpg,failed_timeout_or_error,,,0,0,0,,,"HTTPSConnectionPool(host='a0.muscache.com', port=443): Read timed out."
36621489,https://a0.muscache.com/pictures/miso/Hosting-36621489/original/77721386-b756-40f2-a52e-9a1c943016b2.jpeg,failed_timeout_or_error,,,0,0,0,,,The operation did not complete (read) (_ssl.c:2559)
30020759,https://a0.muscache.com/pictures/2ea1756d-b480-4e03-8d1e-90c6d57dca36.jpg,failed_timeout_or_error,,,0,0,0,,,"HTTPSConnectionPool(host='a0.muscache.com', port=443): Read timed out."
35465122,https://a0.muscache.com/pictures/143d7cb9-c3b3-4183-b7c9-51fc13d506f5.jpg,failed_timeout_or_error,,,0,0,0,,,"HTTPSConnectionPool(host='a0.muscache.com', port=443): Read timed out."
35609891,https://a0.muscache.com/pictures/c2ae3d3b-81d4-47ae-b4b7-51c190e5fd44.jpg,failed_timeout_or_error,,,0,0,0,,,"HTTPSConnectionPool(host='a0.muscache.com', port=443): Read timed out."
35367152,https://a0.muscache.com/pictures/45a379c3-d755-4be8-a848-0681b4f20bfc.jpg,failed_timeout_or_error,,,0,0,0,,,"HTTPSConnectionPool(host='a0.muscache.com', port=443): Read timed out."
30853857,https://a0.muscache.com/pictures/10c4d37a-0ea1-4e31-b41b-1146c818c53c.jpg,failed_timeout_or_error,,,0,0,0,,,"HTTPSConnectionPool(host='a0.muscache.com', port=443): Read timed out."
35703686,https://a0.muscache.com/pictures/3ca76fbe-eb76-42b7-a9c2-70a3af335337.jpg,failed_timeout_or_error,,,0,0,0,,,"HTTPSConnectionPool(host='a0.muscache.com', port=443): Read timed out."
37283361,https://a0.muscache.com/pictures/2a471208-5c1c-450b-acf1-4f60957ea05e.jpg,failed_timeout_or_error,,,0,0,0,,,"HTTPSConnectionPool(host='a0.muscache.com', port=443): Read timed out."
36573403,https://a0.muscache.com/pictures/d96c0769-373e-41a4-9897-0f7b7e8be4bd.jpg,failed_timeout_or_error,,,0,0,0,,,"HTTPSConnectionPool(host='a0.muscache.com', port=443): Read timed out."
37218560,https://a0.muscache.com/pictures/005b3f7d-6115-40da-9d34-6bb16186c104.jpg,success,200.0,c:\Prathik\MY DOCUMENTS\Rental_price_prediction\datasets\multimodal_v3\images\37218560.jpg,55358,621,466,RGB,3e6e3e1bf5c4c3cecde71e7c2cac784c,
37325558,https://a0.muscache.com/pictures/839f98b2-bbf7-4eff-a87c-8ca006a8d740.jpg,success,200.0,c:\Prathik\MY DOCUMENTS\Rental_price_prediction\datasets\multimodal_v3\images\37325558.jpg,182720,1100,814,RGB,4e879942b04dbf943e2f86f2ccefedee,
37212994,https://a0.muscache.com/pictures/miso/Hosting-37212994/original/8226f3fd-b8dc-4ee9-9b9e-a759f1bd918f.jpeg,failed_http_404,404.0,,0,0,0,,,HTTP 404
37324795,https://a0.muscache.com/pictures/05ec0a49-0c2c-4dfe-be52-ab799fe8203e.jpg,failed_http_404,404.0,,0,0,0,,,HTTP 404
37314271,https://a0.muscache.com/pictures/ba5c00fa-8632-43d1-bcc0-4c03c199d785.jpg,success,200.0,c:\Prathik\MY DOCUMENTS\Rental_price_prediction\datasets\multimodal_v3\images\37314271.jpg,61968,640,436,RGB,781c5025f7d49d58d79a3a5c008a392e,
36701416,https://a0.muscache.com/pictures/miso/Hosting-36701416/original/3225ef4e-f8e2-494b-984e-d12de11afc04.jpeg,failed_timeout_or_error,,,0,0,0,,,"HTTPSConnectionPool(host='a0.muscache.com', port=443): Read timed out."
37491288,https://a0.muscache.com/pictures/miso/Hosting-37491288/original/cf54d55d-9222-4d14-8c7c-f0b175990604.jpeg,failed_timeout_or_error,,,0,0,0,,,"HTTPSConnectionPool(host='a0.muscache.com', port=443): Read timed out."
37423612,https://a0.muscache.com/pictures/25b12846-4653-4fcd-af50-1b1750662230.jpg,failed_timeout_or_error,,,0,0,0,,,"HTTPSConnectionPool(host='a0.muscache.com', port=443): Read timed out."
37563000,https://a0.muscache.com/pictures/prohost-api/Hosting-37563000/original/1f43ff44-2020-4ba4-9cae-3ad53178e848.jpeg,failed_timeout_or_error,,,0,0,0,,,"HTTPSConnectionPool(host='a0.muscache.com', port=443): Read timed out."
37797864,https://a0.muscache.com/pictures/miso/Hosting-37797864/original/9b2baee2-b650-4894-bbbf-527cf257adbc.jpeg,failed_timeout_or_error,,,0,0,0,,,"HTTPSConnectionPool(host='a0.muscache.com', port=443): Read timed out."
37900889,https://a0.muscache.com/pictures/pro_photo_tool/Hosting-37900889-unapproved/original/ad32ba6c-46f6-482d-a099-ce106a851eec.JPEG,failed_timeout_or_error,,,0,0,0,,,"HTTPSConnectionPool(host='a0.muscache.com', port=443): Read timed out."
37009624,https://a0.muscache.com/pictures/prohost-api/Hosting-37009624/original/255d1502-3ef6-4416-a95e-b1b15ffd7130.jpeg,failed_timeout_or_error,,,0,0,0,,,"HTTPSConnectionPool(host='a0.muscache.com', port=443): Read timed out."
37045917,https://a0.muscache.com/pictures/e165c1b9-3c69-41a4-a079-02b39eaa321c.jpg,failed_timeout_or_error,,,0,0,0,,,"HTTPSConnectionPool(host='a0.muscache.com', port=443): Read timed out."
37017956,https://a0.muscache.com/pictures/668c6114-146e-4f16-8f97-8d14a3133ec3.jpg,failed_timeout_or_error,,,0,0,0,,,"HTTPSConnectionPool(host='a0.muscache.com', port=443): Read timed out."
35227153,https://a0.muscache.com/pictures/2b6128ee-a86a-455c-8a16-a5f9d8cae835.jpg,failed_timeout_or_error,,,0,0,0,,,"HTTPSConnectionPool(host='a0.muscache.com', port=443): Read timed out."
37554979,https://a0.muscache.com/pictures/418d77c3-2db5-46f2-af77-374683c9fdca.jpg,failed_timeout_or_error,,,0,0,0,,,"HTTPSConnectionPool(host='a0.muscache.com', port=443): Read timed out."
37793218,https://a0.muscache.com/pictures/d5f8af21-7a00-4afb-bde1-1eb0892340c7.jpg,failed_timeout_or_error,,,0,0,0,,,"HTTPSConnectionPool(host='a0.muscache.com', port=443): Read timed out."
32870113,https://a0.muscache.com/pictures/69723d68-2862-49c5-bff1-0def4d107d40.jpg,failed_timeout_or_error,,,0,0,0,,,"HTTPSConnectionPool(host='a0.muscache.com', port=443): Read timed out."
35578299,https://a0.muscache.com/pictures/miso/Hosting-35578299/original/cd3b37e8-ef71-42fb-8e90-d5574a565847.jpeg,failed_timeout_or_error,,,0,0,0,,,"HTTPSConnectionPool(host='a0.muscache.com', port=443): Read timed out."
36700922,https://a0.muscache.com/pictures/5615c3ae-c5ec-4470-9dfb-3a2ad43e5364.jpg,failed_timeout_or_error,,,0,0,0,,,"HTTPSConnectionPool(host='a0.muscache.com', port=443): Read timed out."
37424602,https://a0.muscache.com/pictures/34b744d0-e46a-42d7-815b-822bbc6df19c.jpg,failed_timeout_or_error,,,0,0,0,,,"HTTPSConnectionPool(host='a0.muscache.com', port=443): Read timed out."
37119782,https://a0.muscache.com/pictures/ceb503a2-b886-4f5c-842e-152766d33e49.jpg,failed_timeout_or_error,,,0,0,0,,,"HTTPSConnectionPool(host='a0.muscache.com', port=443): Read timed out."
37327799,https://a0.muscache.com/pictures/miso/Hosting-37327799/original/758c270e-b4db-47de-b877-407cd21f9988.jpeg,failed_timeout_or_error,,,0,0,0,,,"HTTPSConnectionPool(host='a0.muscache.com', port=443): Read timed out."
37417990,https://a0.muscache.com/pictures/miso/Hosting-37417990/original/1917e277-36f8-44f3-9e7d-460a560f7120.jpeg,failed_timeout_or_error,,,0,0,0,,,"HTTPSConnectionPool(host='a0.muscache.com', port=443): Read timed out."
37856650,https://a0.muscache.com/pictures/prohost-api/Hosting-37856650/original/d3e4c316-770b-471c-bc19-66ff1f0880f3.jpeg,failed_timeout_or_error,,,0,0,0,,,"HTTPSConnectionPool(host='a0.muscache.com', port=443): Read timed out."
37964414,https://a0.muscache.com/pictures/d094688a-975d-4505-8446-176b11f66337.jpg,failed_timeout_or_error,,,0,0,0,,,"HTTPSConnectionPool(host='a0.muscache.com', port=443): Read timed out."
37630701,https://a0.muscache.com/pictures/a0679bf8-5745-467d-bb63-741c737aafb1.jpg,failed_timeout_or_error,,,0,0,0,,,"HTTPSConnectionPool(host='a0.muscache.com', port=443): Max retries exceeded with url: /pictures/a0679bf8-5745-467d-bb63-741c737aafb1.jpg (Caused by ReadTimeoutError(""HTTPSConnectionPool(host='a0.muscache.com', port=443): Read timed out. (read timeout=3.5)""))"
37969437,https://a0.muscache.com/pictures/04df95d1-0b90-4b2e-b7d9-27d16c801c71.jpg,failed_timeout_or_error,,,0,0,0,,,"HTTPSConnectionPool(host='a0.muscache.com', port=443): Max retries exceeded with url: /pictures/04df95d1-0b90-4b2e-b7d9-27d16c801c71.jpg (Caused by ReadTimeoutError(""HTTPSConnectionPool(host='a0.muscache.com', port=443): Read timed out. (read timeout=3.5)""))"
38022086,https://a0.muscache.com/pictures/prohost-api/Hosting-38022086/original/d6fffc18-ec8b-4447-8779-cec9b126db52.jpeg,failed_http_404,404.0,,0,0,0,,,HTTP 404
37892971,https://a0.muscache.com/pictures/prohost-api/Hosting-37892971/original/a6e15436-8340-48b4-912d-cc5234d11a8c.jpeg,failed_timeout_or_error,,,0,0,0,,,"HTTPSConnectionPool(host='a0.muscache.com', port=443): Max retries exceeded with url: /pictures/prohost-api/Hosting-37892971/original/a6e15436-8340-48b4-912d-cc5234d11a8c.jpeg (Caused by ReadTimeoutError(""HTTPSConnectionPool(host='a0.muscache.com', port=443): Read timed out. (read timeout=3.5)""))"
37611029,https://a0.muscache.com/pictures/prohost-api/Hosting-37611029/original/345d8c9a-135d-4108-875d-285f123cfa33.jpeg,success,200.0,c:\Prathik\MY DOCUMENTS\Rental_price_prediction\datasets\multimodal_v3\images\37611029.jpg,234379,1500,1000,RGB,0ea5219c1ff8a7f1f9ef8699f7d30007,
37974419,https://a0.muscache.com/pictures/cf9b7510-154e-4908-ac2c-05f0225356e6.jpg,success,200.0,c:\Prathik\MY DOCUMENTS\Rental_price_prediction\datasets\multimodal_v3\images\37974419.jpg,152364,1024,768,RGB,80fbf081f5bcef7bd01b5feb88ff77bf,
38048770,https://a0.muscache.com/pictures/2a3903f0-1be5-4db4-a419-2c7c1fff8320.jpg,failed_http_404,404.0,,0,0,0,,,HTTP 404
37997584,https://a0.muscache.com/pictures/prohost-api/Hosting-37997584/original/7d2dfa22-7b1c-433b-82ae-0e0c2acd6e43.jpeg,success,200.0,c:\Prathik\MY DOCUMENTS\Rental_price_prediction\datasets\multimodal_v3\images\37997584.jpg,246322,1500,1000,RGB,ac65ca8d15a98768501df7c7a4569349,
38448857,https://a0.muscache.com/pictures/miso/Hosting-38448857/original/3851c200-2c20-43a4-8900-09a19fbc83db.jpeg,failed_http_404,404.0,,0,0,0,,,HTTP 404
38426481,https://a0.muscache.com/pictures/bd659da0-0e64-4a8b-ac83-c68116a87868.jpg,failed_http_404,404.0,,0,0,0,,,HTTP 404
38379294,https://a0.muscache.com/pictures/988ed98d-b478-43e5-ab88-fbfc274ba1b7.jpg,failed_timeout_or_error,,,0,0,0,,,"HTTPSConnectionPool(host='a0.muscache.com', port=443): Read timed out."
38530930,https://a0.muscache.com/pictures/f95226f5-9942-4f60-97cf-ede11b8e7e72.jpg,failed_timeout_or_error,,,0,0,0,,,"HTTPSConnectionPool(host='a0.muscache.com', port=443): Read timed out."
36078302,https://a0.muscache.com/pictures/8559d85f-b6aa-4ba9-aaad-7c31ac5a6ccd.jpg,failed_timeout_or_error,,,0,0,0,,,"HTTPSConnectionPool(host='a0.muscache.com', port=443): Read timed out."
38052261,https://a0.muscache.com/pictures/prohost-api/Hosting-38052261/original/7b619ff1-2bd7-422a-a495-477989d0a9c1.jpeg,failed_timeout_or_error,,,0,0,0,,,"HTTPSConnectionPool(host='a0.muscache.com', port=443): Read timed out."
38204389,https://a0.muscache.com/pictures/69c80097-c225-4b51-aa06-00087e9ac5fd.jpg,failed_timeout_or_error,,,0,0,0,,,"HTTPSConnectionPool(host='a0.muscache.com', port=443): Read timed out."
38099305,https://a0.muscache.com/pictures/83a0a588-65e6-40f5-bc3c-e06e84801933.jpg,failed_timeout_or_error,,,0,0,0,,,"HTTPSConnectionPool(host='a0.muscache.com', port=443): Read timed out."
38226950,https://a0.muscache.com/pictures/5bc47d0c-c410-43f4-b0b5-72c96a154f24.jpg,failed_timeout_or_error,,,0,0,0,,,"HTTPSConnectionPool(host='a0.muscache.com', port=443): Read timed out."
38266279,https://a0.muscache.com/pictures/e802e0c4-1e9d-48ac-80e6-7e438ead6425.jpg,failed_timeout_or_error,,,0,0,0,,,"HTTPSConnectionPool(host='a0.muscache.com', port=443): Read timed out."
38298493,https://a0.muscache.com/pictures/cbad9590-c818-4596-93d2-df455d2f1e23.jpg,failed_timeout_or_error,,,0,0,0,,,"HTTPSConnectionPool(host='a0.muscache.com', port=443): Read timed out."
38288393,https://a0.muscache.com/pictures/prohost-api/Hosting-38288393/original/de40f707-238a-491c-9421-b84eded3e4c6.jpeg,failed_timeout_or_error,,,0,0,0,,,"HTTPSConnectionPool(host='a0.muscache.com', port=443): Read timed out."
30247995,https://a0.muscache.com/pictures/364164c1-7e26-4dd8-ad8e-286c065da58e.jpg,failed_timeout_or_error,,,0,0,0,,,"HTTPSConnectionPool(host='a0.muscache.com', port=443): Read timed out."
38052258,https://a0.muscache.com/pictures/prohost-api/Hosting-38052258/original/e99bbf7a-857e-46d3-81f1-6150bcaebc4c.jpeg,success,200.0,c:\Prathik\MY DOCUMENTS\Rental_price_prediction\datasets\multimodal_v3\images\38052258.jpg,212576,1500,1000,RGB,eaadd02b9201af4b8c9c65dc0b04fd7d,
38074026,https://a0.muscache.com/pictures/4f9a18b7-f8fb-47a7-8ee0-b48fe6ce43a0.jpg,success,200.0,c:\Prathik\MY DOCUMENTS\Rental_price_prediction\datasets\multimodal_v3\images\38074026.jpg,166089,1024,768,RGB,ef23bea562784a35b6d41498d3af4e73,
38540766,https://a0.muscache.com/pictures/b49b792b-ef8c-4387-b1de-22bee086928a.jpg,success,200.0,c:\Prathik\MY DOCUMENTS\Rental_price_prediction\datasets\multimodal_v3\images\38540766.jpg,176354,1024,768,RGB,cc1da062722cda8ca18f29dee01a6ee1,
38097291,https://a0.muscache.com/pictures/prohost-api/Hosting-38097291/original/5b98111e-7d69-423c-9619-128219d75114.jpeg,success,200.0,c:\Prathik\MY DOCUMENTS\Rental_price_prediction\datasets\multimodal_v3\images\38097291.jpg,215489,1500,1000,RGB,5266db4fa87c94560b2939be220c427e,
38642094,https://a0.muscache.com/pictures/miso/Hosting-38642094/original/bfd51064-0073-4e2e-81cd-ceffabbcefff.jpeg,failed_http_404,404.0,,0,0,0,,,HTTP 404
38260663,https://a0.muscache.com/pictures/51615c24-5839-48ba-ac56-7fa2952e1d57.jpg,failed_timeout_or_error,,,0,0,0,,,"HTTPSConnectionPool(host='a0.muscache.com', port=443): Read timed out."
38826892,https://a0.muscache.com/pictures/af59201e-b0ab-4ffb-9ad3-98d7ffc5c477.jpg,failed_http_404,404.0,,0,0,0,,,HTTP 404
38796139,https://a0.muscache.com/pictures/ea9b9ae5-8ba9-4e35-902e-84f841f755e9.jpg,failed_timeout_or_error,,,0,0,0,,,"HTTPSConnectionPool(host='a0.muscache.com', port=443): Read timed out."
38322547,https://a0.muscache.com/pictures/fa11fb1a-7c94-4655-9518-9e97a15e5c25.jpg,failed_timeout_or_error,,,0,0,0,,,"HTTPSConnectionPool(host='a0.muscache.com', port=443): Read timed out."
38101783,https://a0.muscache.com/pictures/68ab45fa-c867-4380-898a-59ad1a95936e.jpg,failed_timeout_or_error,,,0,0,0,,,"HTTPSConnectionPool(host='a0.muscache.com', port=443): Read timed out."
38817764,https://a0.muscache.com/pictures/6118038c-7386-4460-b938-68b870f3b583.jpg,failed_timeout_or_error,,,0,0,0,,,"HTTPSConnectionPool(host='a0.muscache.com', port=443): Read timed out."
38070440,https://a0.muscache.com/pictures/miso/Hosting-38070440/original/cc9462ba-809b-4861-ac54-a83eef3b286a.jpeg,failed_timeout_or_error,,,0,0,0,,,"HTTPSConnectionPool(host='a0.muscache.com', port=443): Read timed out."
35927461,https://a0.muscache.com/pictures/8a0f504e-17c0-4723-b4de-502fe29f89a3.jpg,failed_timeout_or_error,,,0,0,0,,,"HTTPSConnectionPool(host='a0.muscache.com', port=443): Read timed out."
38600691,https://a0.muscache.com/pictures/miso/Hosting-38600691/original/6d7a0782-12e4-4392-bff4-9010102b7526.jpeg,failed_timeout_or_error,,,0,0,0,,,"HTTPSConnectionPool(host='a0.muscache.com', port=443): Read timed out."
38602787,https://a0.muscache.com/pictures/miso/Hosting-38602787/original/028300ea-126b-4919-95b6-cf63a8d579f0.jpeg,failed_timeout_or_error,,,0,0,0,,,"HTTPSConnectionPool(host='a0.muscache.com', port=443): Read timed out."
38343217,https://a0.muscache.com/pictures/airflow/Hosting-38343217/original/e216104b-db4a-48ac-8448-c3eafe2bb70b.jpg,failed_timeout_or_error,,,0,0,0,,,"HTTPSConnectionPool(host='a0.muscache.com', port=443): Read timed out."
38349658,https://a0.muscache.com/pictures/miso/Hosting-38349658/original/b15587dc-3c6c-4316-bf96-d716e4a7ca90.jpeg,failed_timeout_or_error,,,0,0,0,,,"HTTPSConnectionPool(host='a0.muscache.com', port=443): Read timed out."
38217215,https://a0.muscache.com/pictures/78f3a4a4-70cb-450e-92a7-b8968458d9ae.jpg,failed_timeout_or_error,,,0,0,0,,,"HTTPSConnectionPool(host='a0.muscache.com', port=443): Read timed out."
38298383,https://a0.muscache.com/pictures/miso/Hosting-38298383/original/c4a49900-a1a1-4af6-843b-fff0a4453b87.jpeg,failed_timeout_or_error,,,0,0,0,,,"HTTPSConnectionPool(host='a0.muscache.com', port=443): Read timed out."
38710999,https://a0.muscache.com/pictures/prohost-api/Hosting-38710999/original/beeef462-039d-4397-a0fe-362d462a74db.jpeg,failed_timeout_or_error,,,0,0,0,,,"HTTPSConnectionPool(host='a0.muscache.com', port=443): Read timed out."
37524797,https://a0.muscache.com/pictures/pro_photo_tool/Hosting-37524797-unapproved/original/7ca31e69-cc09-4236-b440-0cc24126850b.JPEG,failed_timeout_or_error,,,0,0,0,,,"HTTPSConnectionPool(host='a0.muscache.com', port=443): Read timed out."
37721737,https://a0.muscache.com/pictures/b6c61423-f49b-4bfc-982c-5f47fcd8c123.jpg,success,200.0,c:\Prathik\MY DOCUMENTS\Rental_price_prediction\datasets\multimodal_v3\images\37721737.jpg,1107968,3024,4032,RGB,1697f8189da498287f9a98f673513bcd,
38135882,https://a0.muscache.com/pictures/prohost-api/Hosting-38135882/original/5cb79b3f-5c50-4fe0-8748-b44b0bf5b3f5.jpeg,success,200.0,c:\Prathik\MY DOCUMENTS\Rental_price_prediction\datasets\multimodal_v3\images\38135882.jpg,204556,1498,1000,RGB,7eb3ace582724cf982efc9b2c09384a0,
38597290,https://a0.muscache.com/pictures/cb2aab86-692d-4c17-8df4-708a4619e988.jpg,success,200.0,c:\Prathik\MY DOCUMENTS\Rental_price_prediction\datasets\multimodal_v3\images\38597290.jpg,318475,1280,853,RGB,0ccb190006039331741da7a268609e22,
38260042,https://a0.muscache.com/pictures/7835898e-072b-4559-b321-f8357cb05537.jpg,failed_timeout_or_error,,,0,0,0,,,"HTTPSConnectionPool(host='a0.muscache.com', port=443): Read timed out."
37784099,https://a0.muscache.com/pictures/921ad217-7f3b-4687-afd9-8a41380e9f1f.jpg,failed_timeout_or_error,,,0,0,0,,,"HTTPSConnectionPool(host='a0.muscache.com', port=443): Read timed out."
38711002,https://a0.muscache.com/pictures/prohost-api/Hosting-38711002/original/a5a8e840-57a5-4560-8dcc-1f6666d2b46f.jpeg,failed_timeout_or_error,,,0,0,0,,,"HTTPSConnectionPool(host='a0.muscache.com', port=443): Read timed out."
37990138,https://a0.muscache.com/pictures/df499dfd-895e-445a-b398-778e909d20d2.jpg,success,200.0,c:\Prathik\MY DOCUMENTS\Rental_price_prediction\datasets\multimodal_v3\images\37990138.jpg,733241,3662,2744,RGB,728ed428adacb4f4023bd77c19e37ed9,
38799800,https://a0.muscache.com/pictures/miso/Hosting-38799800/original/129e0455-f245-4808-9826-5d083ae561a5.jpeg,success,200.0,c:\Prathik\MY DOCUMENTS\Rental_price_prediction\datasets\multimodal_v3\images\38799800.jpg,173595,1440,960,RGB,786f9f5b7dc32b1efb21acd905436c6f,
38670161,https://a0.muscache.com/pictures/prohost-api/Hosting-38670161/original/b525c7ca-188a-4b12-99f3-6c220da7278a.jpeg,success,200.0,c:\Prathik\MY DOCUMENTS\Rental_price_prediction\datasets\multimodal_v3\images\38670161.jpg,238538,1500,1000,RGB,af856445e859ab83b45691bda8c16629,
38935174,https://a0.muscache.com/pictures/miso/Hosting-38935174/original/1b1cfb2b-108d-43c0-af7f-cff4533544ca.jpeg,failed_http_404,404.0,,0,0,0,,,HTTP 404
38931169,https://a0.muscache.com/pictures/prohost-api/Hosting-38931169/original/758f606c-0aff-4d50-ad14-26639a6a7ebf.jpeg,failed_timeout_or_error,,,0,0,0,,,"HTTPSConnectionPool(host='a0.muscache.com', port=443): Max retries exceeded with url: /pictures/prohost-api/Hosting-38931169/original/758f606c-0aff-4d50-ad14-26639a6a7ebf.jpeg (Caused by ReadTimeoutError(""HTTPSConnectionPool(host='a0.muscache.com', port=443): Read timed out. (read timeout=3.5)""))"
39048434,https://a0.muscache.com/pictures/c5969efb-b77f-4bda-b72a-8f389ec6a495.jpg,failed_timeout_or_error,,,0,0,0,,,"HTTPSConnectionPool(host='a0.muscache.com', port=443): Max retries exceeded with url: /pictures/c5969efb-b77f-4bda-b72a-8f389ec6a495.jpg (Caused by ReadTimeoutError(""HTTPSConnectionPool(host='a0.muscache.com', port=443): Read timed out. (read timeout=3.5)""))"
39085588,https://a0.muscache.com/pictures/fd6ef3cd-913f-46c7-b82a-aaa01a703f35.jpg,failed_timeout_or_error,,,0,0,0,,,"HTTPSConnectionPool(host='a0.muscache.com', port=443): Max retries exceeded with url: /pictures/fd6ef3cd-913f-46c7-b82a-aaa01a703f35.jpg (Caused by ReadTimeoutError(""HTTPSConnectionPool(host='a0.muscache.com', port=443): Read timed out. (read timeout=3.5)""))"
39112578,https://a0.muscache.com/pictures/dc358999-bd58-445e-8366-45877879635b.jpg,failed_timeout_or_error,,,0,0,0,,,"HTTPSConnectionPool(host='a0.muscache.com', port=443): Max retries exceeded with url: /pictures/dc358999-bd58-445e-8366-45877879635b.jpg (Caused by ReadTimeoutError(""HTTPSConnectionPool(host='a0.muscache.com', port=443): Read timed out. (read timeout=3.5)""))"
39007688,https://a0.muscache.com/pictures/7ce41d12-bff4-4d12-a285-63cbb25d0cac.jpg,failed_timeout_or_error,,,0,0,0,,,"HTTPSConnectionPool(host='a0.muscache.com', port=443): Max retries exceeded with url: /pictures/7ce41d12-bff4-4d12-a285-63cbb25d0cac.jpg (Caused by ReadTimeoutError(""HTTPSConnectionPool(host='a0.muscache.com', port=443): Read timed out. (read timeout=3.5)""))"
39025575,https://a0.muscache.com/pictures/5ff8e8c9-e0fd-40a7-b06c-520005f49e8b.jpg,failed_timeout_or_error,,,0,0,0,,,"HTTPSConnectionPool(host='a0.muscache.com', port=443): Max retries exceeded with url: /pictures/5ff8e8c9-e0fd-40a7-b06c-520005f49e8b.jpg (Caused by ReadTimeoutError(""HTTPSConnectionPool(host='a0.muscache.com', port=443): Read timed out. (read timeout=3.5)""))"
38214746,https://a0.muscache.com/pictures/miso/Hosting-38214746/original/9fbdca91-1de2-4168-84dc-f3a2dca94181.jpeg,failed_timeout_or_error,,,0,0,0,,,"HTTPSConnectionPool(host='a0.muscache.com', port=443): Read timed out."
38413800,https://a0.muscache.com/pictures/f456e9c4-1968-45e5-891e-aa3f5d592c1c.jpg,failed_timeout_or_error,,,0,0,0,,,"HTTPSConnectionPool(host='a0.muscache.com', port=443): Read timed out."
38953302,https://a0.muscache.com/pictures/53c44b49-f3c7-4b32-9621-918491b62000.jpg,failed_timeout_or_error,,,0,0,0,,,"HTTPSConnectionPool(host='a0.muscache.com', port=443): Read timed out."
38568166,https://a0.muscache.com/pictures/6384cea6-d799-4e64-ad71-1a3721149235.jpg,failed_timeout_or_error,,,0,0,0,,,"HTTPSConnectionPool(host='a0.muscache.com', port=443): Read timed out."
38842684,https://a0.muscache.com/pictures/2e8000fa-5a72-4004-bd3e-9818163ff9bb.jpg,failed_timeout_or_error,,,0,0,0,,,"HTTPSConnectionPool(host='a0.muscache.com', port=443): Read timed out."
38616361,https://a0.muscache.com/pictures/6491f3d7-edcb-402d-b811-2ea31976708d.jpg,failed_timeout_or_error,,,0,0,0,,,"HTTPSConnectionPool(host='a0.muscache.com', port=443): Read timed out."
38947346,https://a0.muscache.com/pictures/7e304c23-4aec-4ebd-bb37-2a7950ee02ae.jpg,failed_timeout_or_error,,,0,0,0,,,"HTTPSConnectionPool(host='a0.muscache.com', port=443): Read timed out."
38849359,https://a0.muscache.com/pictures/f321f6fc-232a-4a5e-81a4-9cdfb2313f9d.jpg,failed_timeout_or_error,,,0,0,0,,,"HTTPSConnectionPool(host='a0.muscache.com', port=443): Read timed out."
38978399,https://a0.muscache.com/pictures/a2fcdb0a-dd74-44a7-a1f0-197ca23c1832.jpg,failed_timeout_or_error,,,0,0,0,,,"HTTPSConnectionPool(host='a0.muscache.com', port=443): Read timed out."
39036474,https://a0.muscache.com/pictures/prohost-api/Hosting-39036474/original/1e864a27-bc74-47e6-b2d3-1590caf49de7.jpeg,failed_timeout_or_error,,,0,0,0,,,"HTTPSConnectionPool(host='a0.muscache.com', port=443): Read timed out."
38923649,https://a0.muscache.com/pictures/a5207932-15a4-4889-89aa-34cc46c98ff3.jpg,failed_timeout_or_error,,,0,0,0,,,"HTTPSConnectionPool(host='a0.muscache.com', port=443): Read timed out."
39113069,https://a0.muscache.com/pictures/9b3a274e-99d8-4433-8a3c-c2b4d4d7ef1a.jpg,failed_timeout_or_error,,,0,0,0,,,"HTTPSConnectionPool(host='a0.muscache.com', port=443): Read timed out."
37395263,https://a0.muscache.com/pictures/81842366-d944-4eca-85fb-faebe5eb1748.jpg,failed_timeout_or_error,,,0,0,0,,,"HTTPSConnectionPool(host='a0.muscache.com', port=443): Read timed out."
38825791,https://a0.muscache.com/pictures/2bcd68d4-572a-4273-8d30-19c4b4b15a35.jpg,failed_timeout_or_error,,,0,0,0,,,"HTTPSConnectionPool(host='a0.muscache.com', port=443): Read timed out."
38573541,https://a0.muscache.com/pictures/4a423935-53fa-42d8-a9f8-ec74d58d2f0c.jpg,failed_timeout_or_error,,,0,0,0,,,"HTTPSConnectionPool(host='a0.muscache.com', port=443): Read timed out."
39003531,https://a0.muscache.com/pictures/miso/Hosting-39003531/original/e77931b6-c94b-467b-9b30-e2563e6b2daa.jpeg,failed_timeout_or_error,,,0,0,0,,,"HTTPSConnectionPool(host='a0.muscache.com', port=443): Read timed out."
38622883,https://a0.muscache.com/pictures/72366f01-3d2d-4f07-849e-b90ea1c960af.jpg,success,200.0,c:\Prathik\MY DOCUMENTS\Rental_price_prediction\datasets\multimodal_v3\images\38622883.jpg,181769,1280,958,RGB,b992156e2f00a5c09252eaa0a9fc5592,
39177450,https://a0.muscache.com/pictures/139739b1-b1b0-435a-bbf0-f0929c3e0f60.jpg,success,200.0,c:\Prathik\MY DOCUMENTS\Rental_price_prediction\datasets\multimodal_v3\images\39177450.jpg,129946,1024,768,RGB,2aa78751dca51aa8b2c4400009af3c50,
39967545,https://a0.muscache.com/pictures/4ff8174c-ed68-4b83-a499-3ea5cd1dc5e8.jpg,failed_http_404,404.0,,0,0,0,,,HTTP 404
39178390,https://a0.muscache.com/pictures/02810544-794e-47d2-8aa5-2f5d77b66853.jpg,failed_http_404,404.0,,0,0,0,,,HTTP 404
39342148,https://a0.muscache.com/pictures/miso/Hosting-39342148/original/f511f483-cab4-4a83-9aff-9bcdd6810f0f.jpeg,failed_http_404,404.0,,0,0,0,,,HTTP 404
40051281,https://a0.muscache.com/pictures/miso/Hosting-40051281/original/8d5342e3-7e17-41c2-82a9-34ee59ac9451.jpeg,failed_http_404,404.0,,0,0,0,,,HTTP 404
39225051,https://a0.muscache.com/pictures/7761f023-90ab-48c7-acb5-6fe3642f3bd8.jpg,success,200.0,c:\Prathik\MY DOCUMENTS\Rental_price_prediction\datasets\multimodal_v3\images\39225051.jpg,84492,640,428,RGB,3d22117cb5eb8255218d724a139bbb9e,
36521499,https://a0.muscache.com/pictures/2d0426ce-a919-4218-a797-c91a4625ec52.jpg,failed_timeout_or_error,,,0,0,0,,,"HTTPSConnectionPool(host='a0.muscache.com', port=443): Read timed out."
38624441,https://a0.muscache.com/pictures/bc690da8-ddcc-4a3e-8b61-3f94622ec5a2.jpg,failed_timeout_or_error,,,0,0,0,,,"HTTPSConnectionPool(host='a0.muscache.com', port=443): Read timed out."
39601430,https://a0.muscache.com/pictures/9a97fe04-1909-4aef-be6b-42b8171c52c2.jpg,failed_timeout_or_error,,,0,0,0,,,"HTTPSConnectionPool(host='a0.muscache.com', port=443): Max retries exceeded with url: /pictures/9a97fe04-1909-4aef-be6b-42b8171c52c2.jpg (Caused by ReadTimeoutError(""HTTPSConnectionPool(host='a0.muscache.com', port=443): Read timed out. (read timeout=3.5)""))"
39252932,https://a0.muscache.com/pictures/prohost-api/Hosting-39252932/original/a5f1c0e3-dddc-44a3-a9c7-166285d825e9.jpeg,failed_timeout_or_error,,,0,0,0,,,"HTTPSConnectionPool(host='a0.muscache.com', port=443): Max retries exceeded with url: /pictures/prohost-api/Hosting-39252932/original/a5f1c0e3-dddc-44a3-a9c7-166285d825e9.jpeg (Caused by ReadTimeoutError(""HTTPSConnectionPool(host='a0.muscache.com', port=443): Read timed out. (read timeout=3.5)""))"
39794917,https://a0.muscache.com/pictures/bace6a90-d954-46bd-9d3a-9f3c780264e4.jpg,failed_timeout_or_error,,,0,0,0,,,"HTTPSConnectionPool(host='a0.muscache.com', port=443): Max retries exceeded with url: /pictures/bace6a90-d954-46bd-9d3a-9f3c780264e4.jpg (Caused by ReadTimeoutError(""HTTPSConnectionPool(host='a0.muscache.com', port=443): Read timed out. (read timeout=3.5)""))"
39769249,https://a0.muscache.com/pictures/c5132b07-d725-4714-94a3-e6ea415e50b9.jpg,failed_timeout_or_error,,,0,0,0,,,"HTTPSConnectionPool(host='a0.muscache.com', port=443): Max retries exceeded with url: /pictures/c5132b07-d725-4714-94a3-e6ea415e50b9.jpg (Caused by ReadTimeoutError(""HTTPSConnectionPool(host='a0.muscache.com', port=443): Read timed out. (read timeout=3.5)""))"
39461061,https://a0.muscache.com/pictures/99855543-150f-4e27-81fb-d60a4f188e7f.jpg,failed_timeout_or_error,,,0,0,0,,,"HTTPSConnectionPool(host='a0.muscache.com', port=443): Max retries exceeded with url: /pictures/99855543-150f-4e27-81fb-d60a4f188e7f.jpg (Caused by ReadTimeoutError(""HTTPSConnectionPool(host='a0.muscache.com', port=443): Read timed out. (read timeout=3.5)""))"
39964998,https://a0.muscache.com/pictures/cd4acf1d-6581-441a-8ffa-cb9c31f6c83e.jpg,failed_timeout_or_error,,,0,0,0,,,"HTTPSConnectionPool(host='a0.muscache.com', port=443): Max retries exceeded with url: /pictures/cd4acf1d-6581-441a-8ffa-cb9c31f6c83e.jpg (Caused by ReadTimeoutError(""HTTPSConnectionPool(host='a0.muscache.com', port=443): Read timed out. (read timeout=3.5)""))"
39456490,https://a0.muscache.com/pictures/57fc54fb-d833-4680-8ad1-9bab6ebcacc4.jpg,failed_timeout_or_error,,,0,0,0,,,"HTTPSConnectionPool(host='a0.muscache.com', port=443): Max retries exceeded with url: /pictures/57fc54fb-d833-4680-8ad1-9bab6ebcacc4.jpg (Caused by ReadTimeoutError(""HTTPSConnectionPool(host='a0.muscache.com', port=443): Read timed out. (read timeout=3.5)""))"
39341676,https://a0.muscache.com/pictures/92b216e6-7231-430e-ad18-4ff00178d76f.jpg,failed_timeout_or_error,,,0,0,0,,,"HTTPSConnectionPool(host='a0.muscache.com', port=443): Max retries exceeded with url: /pictures/92b216e6-7231-430e-ad18-4ff00178d76f.jpg (Caused by ReadTimeoutError(""HTTPSConnectionPool(host='a0.muscache.com', port=443): Read timed out. (read timeout=3.5)""))"
39230227,https://a0.muscache.com/pictures/92d9e1a8-d456-40dc-aef5-c06645a6363e.jpg,failed_timeout_or_error,,,0,0,0,,,"HTTPSConnectionPool(host='a0.muscache.com', port=443): Max retries exceeded with url: /pictures/92d9e1a8-d456-40dc-aef5-c06645a6363e.jpg (Caused by ReadTimeoutError(""HTTPSConnectionPool(host='a0.muscache.com', port=443): Read timed out. (read timeout=3.5)""))"
39418899,https://a0.muscache.com/pictures/miso/Hosting-39418899/original/e17745aa-edb6-4fa0-a923-be5c1d53aa0a.jpeg,failed_timeout_or_error,,,0,0,0,,,"HTTPSConnectionPool(host='a0.muscache.com', port=443): Max retries exceeded with url: /pictures/miso/Hosting-39418899/original/e17745aa-edb6-4fa0-a923-be5c1d53aa0a.jpeg (Caused by ReadTimeoutError(""HTTPSConnectionPool(host='a0.muscache.com', port=443): Read timed out. (read timeout=3.5)""))"
39440197,https://a0.muscache.com/pictures/miso/Hosting-39440197/original/b3ea6262-d92e-4e8b-ac9b-7728a4ea484b.jpeg,failed_timeout_or_error,,,0,0,0,,,"HTTPSConnectionPool(host='a0.muscache.com', port=443): Max retries exceeded with url: /pictures/miso/Hosting-39440197/original/b3ea6262-d92e-4e8b-ac9b-7728a4ea484b.jpeg (Caused by ReadTimeoutError(""HTTPSConnectionPool(host='a0.muscache.com', port=443): Read timed out. (read timeout=3.5)""))"
40024336,https://a0.muscache.com/pictures/5d0616de-406e-4f16-84a2-c7df011f303e.jpg,failed_timeout_or_error,,,0,0,0,,,"HTTPSConnectionPool(host='a0.muscache.com', port=443): Max retries exceeded with url: /pictures/5d0616de-406e-4f16-84a2-c7df011f303e.jpg (Caused by ReadTimeoutError(""HTTPSConnectionPool(host='a0.muscache.com', port=443): Read timed out. (read timeout=3.5)""))"
39487580,https://a0.muscache.com/pictures/miso/Hosting-39487580/original/4d037d61-c8e4-45f4-83a5-d7f9030f606b.jpeg,failed_timeout_or_error,,,0,0,0,,,"HTTPSConnectionPool(host='a0.muscache.com', port=443): Max retries exceeded with url: /pictures/miso/Hosting-39487580/original/4d037d61-c8e4-45f4-83a5-d7f9030f606b.jpeg (Caused by ReadTimeoutError(""HTTPSConnectionPool(host='a0.muscache.com', port=443): Read timed out. (read timeout=3.5)""))"
39829862,https://a0.muscache.com/pictures/miso/Hosting-39829862/original/ea6893ae-ac7d-4916-8ce9-af2ff456ce23.jpeg,failed_timeout_or_error,,,0,0,0,,,"HTTPSConnectionPool(host='a0.muscache.com', port=443): Max retries exceeded with url: /pictures/miso/Hosting-39829862/original/ea6893ae-ac7d-4916-8ce9-af2ff456ce23.jpeg (Caused by ReadTimeoutError(""HTTPSConnectionPool(host='a0.muscache.com', port=443): Read timed out. (read timeout=3.5)""))"
39469831,https://a0.muscache.com/pictures/2817e01a-08cc-4702-8bcf-baf16953aad9.jpg,failed_timeout_or_error,,,0,0,0,,,"HTTPSConnectionPool(host='a0.muscache.com', port=443): Read timed out."
39549754,https://a0.muscache.com/pictures/miso/Hosting-39549754/original/833e993f-f825-4fc6-97e7-14b6920b95ae.jpeg,failed_timeout_or_error,,,0,0,0,,,"HTTPSConnectionPool(host='a0.muscache.com', port=443): Max retries exceeded with url: /pictures/miso/Hosting-39549754/original/833e993f-f825-4fc6-97e7-14b6920b95ae.jpeg (Caused by ReadTimeoutError(""HTTPSConnectionPool(host='a0.muscache.com', port=443): Read timed out. (read timeout=3.5)""))"
40091044,https://a0.muscache.com/pictures/prohost-api/Hosting-40091044/original/2f7b5f1c-351b-4b8b-ad94-1b6d41a08b94.jpeg,success,200.0,c:\Prathik\MY DOCUMENTS\Rental_price_prediction\datasets\multimodal_v3\images\40091044.jpg,173054,1438,960,RGB,91033b3eba153c83ea1636f2127102c0,
39444836,https://a0.muscache.com/pictures/prohost-api/Hosting-39444836/original/9f247e62-96eb-41fc-8265-f466792b7967.jpeg,success,200.0,c:\Prathik\MY DOCUMENTS\Rental_price_prediction\datasets\multimodal_v3\images\39444836.jpg,275441,1500,1000,RGB,3accd58295cd0ae0877b22d64ac0e23f,
40132695,https://a0.muscache.com/pictures/a4cfdd8e-9896-4de4-9ba2-fc0165bcaeca.jpg,failed_http_404,404.0,,0,0,0,,,HTTP 404
40273960,https://a0.muscache.com/pictures/miso/Hosting-40273960/original/5735f68f-6bb9-4285-9078-e337dc593307.jpeg,failed_http_404,404.0,,0,0,0,,,HTTP 404
40274759,https://a0.muscache.com/pictures/miso/Hosting-40274759/original/c640295b-d563-4f6c-b8e0-ff2a556e93d8.jpeg,failed_http_404,404.0,,0,0,0,,,HTTP 404
39217268,https://a0.muscache.com/pictures/b9c6dc38-3e23-4045-8071-00175a717baf.jpg,failed_timeout_or_error,,,0,0,0,,,"HTTPSConnectionPool(host='a0.muscache.com', port=443): Read timed out."
39577589,https://a0.muscache.com/pictures/b78969a8-9cb6-4977-8fdf-2571859896d5.jpg,success,200.0,c:\Prathik\MY DOCUMENTS\Rental_price_prediction\datasets\multimodal_v3\images\39577589.jpg,446057,3264,2448,RGB,4823e294e85a0ddfc910a9f51d274116,
39196663,https://a0.muscache.com/pictures/miso/Hosting-39196663/original/4b667e50-62ac-42f3-a651-a449f157a82e.jpeg,failed_timeout_or_error,,,0,0,0,,,"HTTPSConnectionPool(host='a0.muscache.com', port=443): Read timed out."
39170705,https://a0.muscache.com/pictures/miso/Hosting-39170705/original/07800a91-3426-4a69-8687-e955ca30bb2f.jpeg,failed_timeout_or_error,,,0,0,0,,,"HTTPSConnectionPool(host='a0.muscache.com', port=443): Read timed out."
40175865,https://a0.muscache.com/pictures/abbc47a7-1918-4983-bd00-282e249c336f.jpg,failed_timeout_or_error,,,0,0,0,,,"HTTPSConnectionPool(host='a0.muscache.com', port=443): Read timed out."
39199023,https://a0.muscache.com/pictures/aa9a7323-b2eb-4547-b785-9d570dfd54a7.jpg,failed_timeout_or_error,,,0,0,0,,,"HTTPSConnectionPool(host='a0.muscache.com', port=443): Read timed out."
39860302,https://a0.muscache.com/pictures/c096bcd4-6a51-405e-8d46-1708dc67052a.jpg,failed_timeout_or_error,,,0,0,0,,,"HTTPSConnectionPool(host='a0.muscache.com', port=443): Read timed out."
40154627,https://a0.muscache.com/pictures/3fe5849d-d37a-44a5-9a5d-71e0ee8a5ce1.jpg,failed_timeout_or_error,,,0,0,0,,,"HTTPSConnectionPool(host='a0.muscache.com', port=443): Max retries exceeded with url: /pictures/3fe5849d-d37a-44a5-9a5d-71e0ee8a5ce1.jpg (Caused by ReadTimeoutError(""HTTPSConnectionPool(host='a0.muscache.com', port=443): Read timed out. (read timeout=3.5)""))"
40399536,https://a0.muscache.com/pictures/244083b6-2c6c-4cc2-a298-6f2825b3519a.jpg,failed_timeout_or_error,,,0,0,0,,,"HTTPSConnectionPool(host='a0.muscache.com', port=443): Read timed out."
40311170,https://a0.muscache.com/pictures/a23ff4b4-1872-4501-be62-6ae880256daf.jpg,failed_timeout_or_error,,,0,0,0,,,"HTTPSConnectionPool(host='a0.muscache.com', port=443): Read timed out."
40758073,https://a0.muscache.com/pictures/51196b0a-30d6-4348-afab-eac3311ced24.jpg,failed_timeout_or_error,,,0,0,0,,,"HTTPSConnectionPool(host='a0.muscache.com', port=443): Read timed out."
40784083,https://a0.muscache.com/pictures/miso/Hosting-40784083/original/1069e08c-12dd-4b82-bfeb-5752b58dc4f3.jpeg,failed_http_404,404.0,,0,0,0,,,HTTP 404
40840139,https://a0.muscache.com/pictures/miso/Hosting-40840139/original/0a533629-6b79-4237-a488-a535d1d71237.png,failed_timeout_or_error,,,0,0,0,,,"HTTPSConnectionPool(host='a0.muscache.com', port=443): Max retries exceeded with url: /pictures/miso/Hosting-40840139/original/0a533629-6b79-4237-a488-a535d1d71237.png (Caused by ReadTimeoutError(""HTTPSConnectionPool(host='a0.muscache.com', port=443): Read timed out. (read timeout=3.5)""))"
41049793,https://a0.muscache.com/pictures/miso/Hosting-41049793/original/c119c6f6-d188-4aac-9766-7adca6bc458b.jpeg,failed_timeout_or_error,,,0,0,0,,,"HTTPSConnectionPool(host='a0.muscache.com', port=443): Max retries exceeded with url: /pictures/miso/Hosting-41049793/original/c119c6f6-d188-4aac-9766-7adca6bc458b.jpeg (Caused by ReadTimeoutError(""HTTPSConnectionPool(host='a0.muscache.com', port=443): Read timed out. (read timeout=3.5)""))"
40610548,https://a0.muscache.com/pictures/2fb75832-7eaa-459c-8900-9a52c2a32e95.jpg,success,200.0,c:\Prathik\MY DOCUMENTS\Rental_price_prediction\datasets\multimodal_v3\images\40610548.jpg,269419,1020,765,RGB,8279e82d64c981af3110c832605cc7db,
40284917,https://a0.muscache.com/pictures/d0d52f63-a0fc-4ee5-8a2a-22d803bb724b.jpg,success,200.0,c:\Prathik\MY DOCUMENTS\Rental_price_prediction\datasets\multimodal_v3\images\40284917.jpg,117282,960,720,RGB,a7e6b586870a3b52a6ff7fe5443317e6,
40309710,https://a0.muscache.com/pictures/miso/Hosting-40309710/original/cd190bb1-3dd7-4a2e-8f18-42fb69a5312e.jpeg,failed_timeout_or_error,,,0,0,0,,,"HTTPSConnectionPool(host='a0.muscache.com', port=443): Read timed out."
40946975,https://a0.muscache.com/pictures/da27051b-4389-417e-bee2-f5f27a60653b.jpg,failed_timeout_or_error,,,0,0,0,,,"HTTPSConnectionPool(host='a0.muscache.com', port=443): Read timed out."
41269091,https://a0.muscache.com/pictures/194b4a0c-a178-4352-9b50-44a7b93135d6.jpg,failed_timeout_or_error,,,0,0,0,,,"HTTPSConnectionPool(host='a0.muscache.com', port=443): Read timed out."
41292632,https://a0.muscache.com/pictures/prohost-api/Hosting-41292632/original/151b3468-4627-4f64-bd8e-ae9b24227d58.jpeg,success,200.0,c:\Prathik\MY DOCUMENTS\Rental_price_prediction\datasets\multimodal_v3\images\41292632.jpg,174216,1024,680,RGB,0760bd07143052b70553b961b995820b,
40030511,https://a0.muscache.com/pictures/fe5497fa-43bc-449a-b322-cdcf86e577cf.jpg,success,200.0,c:\Prathik\MY DOCUMENTS\Rental_price_prediction\datasets\multimodal_v3\images\40030511.jpg,1620263,3500,2625,RGB,132824c84813fc8e79519782c40f03d5,
40229587,https://a0.muscache.com/pictures/298ccee9-5851-42d2-924b-390b9bb728d6.jpg,success,200.0,c:\Prathik\MY DOCUMENTS\Rental_price_prediction\datasets\multimodal_v3\images\40229587.jpg,416615,2016,1512,RGB,ae1496e7a26db6386c7f6b5fc377a619,
41399818,https://a0.muscache.com/pictures/prohost-api/Hosting-41399818/original/4785cc5c-84a9-4299-9598-1dde0964f711.jpeg,success,200.0,c:\Prathik\MY DOCUMENTS\Rental_price_prediction\datasets\multimodal_v3\images\41399818.jpg,306829,1500,1000,RGB,daff02bd9e368cd3b9d3fe0f0356c3dc,
41509293,https://a0.muscache.com/pictures/miso/Hosting-41509293/original/ef40ad19-df50-43fa-957c-fb74ae685051.jpeg,failed_http_404,404.0,,0,0,0,,,HTTP 404
41084882,https://a0.muscache.com/pictures/prohost-api/Hosting-41084882/original/232157db-2ae3-4ae7-975f-9c5b42c53b8f.jpeg,failed_http_404,404.0,,0,0,0,,,HTTP 404
41530123,https://a0.muscache.com/pictures/prohost-api/Hosting-41530123/original/f0424ea4-20c9-47d7-8718-246f979fb576.png,failed_http_404,404.0,,0,0,0,,,HTTP 404
41530126,https://a0.muscache.com/pictures/prohost-api/Hosting-41530126/original/5a0f2b66-e25e-41e4-8077-d5ce5ab75f59.png,failed_http_404,404.0,,0,0,0,,,HTTP 404
41343517,https://a0.muscache.com/pictures/84063128-a4cc-48cb-9e94-a46186236331.jpg,success,200.0,c:\Prathik\MY DOCUMENTS\Rental_price_prediction\datasets\multimodal_v3\images\41343517.jpg,714792,2048,1536,RGB,47822ad8318e0983107f235098e87729,
41521300,https://a0.muscache.com/pictures/a3064330-112a-4883-bdec-cce71f657504.jpg,success,200.0,c:\Prathik\MY DOCUMENTS\Rental_price_prediction\datasets\multimodal_v3\images\41521300.jpg,175387,1536,1161,RGB,1f9762c8a24098dd875d1c9a3185db82,
40731388,https://a0.muscache.com/pictures/538aec8b-507c-4bb7-8d8a-6b4907bf96f1.jpg,failed_timeout_or_error,,,0,0,0,,,"HTTPSConnectionPool(host='a0.muscache.com', port=443): Read timed out."
41369383,https://a0.muscache.com/pictures/miso/Hosting-41369383/original/ad497998-22f5-49b2-94bc-43ffedde47c0.jpeg,success,200.0,c:\Prathik\MY DOCUMENTS\Rental_price_prediction\datasets\multimodal_v3\images\41369383.jpg,725740,2500,1667,RGB,e4720506ff470c9814df380a53c2ad10,
41462738,https://a0.muscache.com/pictures/30b9aeca-44b3-4cd6-8e8b-c98972a24ab7.jpg,success,200.0,c:\Prathik\MY DOCUMENTS\Rental_price_prediction\datasets\multimodal_v3\images\41462738.jpg,135950,1024,683,RGB,93e936a16cbe214d9e63124a8d5a46f2,
41430658,https://a0.muscache.com/pictures/616f2b7e-c1af-428e-870e-139ebdb43591.jpg,success,200.0,c:\Prathik\MY DOCUMENTS\Rental_price_prediction\datasets\multimodal_v3\images\41430658.jpg,2908445,4032,3024,RGB,88c455a7362834b27ba625788c410629,
41552639,https://a0.muscache.com/pictures/miso/Hosting-41552639/original/a5f139bc-96ef-4fb6-be6a-c249a6f28598.jpeg,success,200.0,c:\Prathik\MY DOCUMENTS\Rental_price_prediction\datasets\multimodal_v3\images\41552639.jpg,363607,1368,912,RGB,2ef3fecbf25250e5e4e87ab9e59485f6,
41292656,https://a0.muscache.com/pictures/prohost-api/Hosting-41292656/original/9e415432-12a0-432d-8eff-3df2a65dbef3.jpeg,success,200.0,c:\Prathik\MY DOCUMENTS\Rental_price_prediction\datasets\multimodal_v3\images\41292656.jpg,410549,1627,1080,RGB,2a1d2e5664ccd966a82e7b66dcf97837,
38877912,https://a0.muscache.com/pictures/miso/Hosting-38877912/original/f56f5510-96d5-4bad-8650-975bb2eeb986.jpeg,success,200.0,c:\Prathik\MY DOCUMENTS\Rental_price_prediction\datasets\multimodal_v3\images\38877912.jpg,468166,1435,955,RGB,b68d1d2deba9a40677090e706c60485a,
41552896,https://a0.muscache.com/pictures/prohost-api/Hosting-41552896/original/4720bddd-5159-43e0-bd03-380dd78bcb4a.jpeg,success,200.0,c:\Prathik\MY DOCUMENTS\Rental_price_prediction\datasets\multimodal_v3\images\41552896.jpg,311037,1620,1080,RGB,d02bb92a39b99ecb77a5957c4ba80fc0,
41801212,https://a0.muscache.com/pictures/prohost-api/Hosting-41801212/original/2c050cd9-98a2-4ce5-ad40-76fdf245e107.jpeg,failed_http_404,404.0,,0,0,0,,,HTTP 404
41873804,https://a0.muscache.com/pictures/1aabe671-660f-474e-89f7-d6251f6037c1.jpg,failed_http_404,404.0,,0,0,0,,,HTTP 404
41595531,https://a0.muscache.com/pictures/b1dc753b-f7fd-4743-ada7-7ca37df39f6e.jpg,success,200.0,c:\Prathik\MY DOCUMENTS\Rental_price_prediction\datasets\multimodal_v3\images\41595531.jpg,545701,4032,3024,RGB,e50a4246cbdee4793ebd3323e94af57b,
41800927,https://a0.muscache.com/pictures/miso/Hosting-41800927/original/057e271e-a609-4922-a582-cad2eee82dca.jpeg,success,200.0,c:\Prathik\MY DOCUMENTS\Rental_price_prediction\datasets\multimodal_v3\images\41800927.jpg,271346,1493,1000,RGB,245b0c114915f44b6cb0f8ae7cf6f136,
42092425,https://a0.muscache.com/pictures/70e580cf-8bbf-4402-8fd5-77d59bd07cb7.jpg,failed_http_404,404.0,,0,0,0,,,HTTP 404
42092691,https://a0.muscache.com/pictures/fb527511-55d5-4ada-9c54-b0961484700d.jpg,failed_http_404,404.0,,0,0,0,,,HTTP 404
42115218,https://a0.muscache.com/pictures/3862c0de-4517-4c01-9017-5e05bcf28994.jpg,failed_http_404,404.0,,0,0,0,,,HTTP 404
42011229,https://a0.muscache.com/pictures/1bb06fda-1d5b-4782-99fa-c1541e875384.jpg,success,200.0,c:\Prathik\MY DOCUMENTS\Rental_price_prediction\datasets\multimodal_v3\images\42011229.jpg,1119466,4032,3024,RGB,19e70fa17fdc759bad07a81c0a56a3cb,
41839397,https://a0.muscache.com/pictures/9df3a34c-00f9-4f50-8bee-90786e1b9339.jpg,success,200.0,c:\Prathik\MY DOCUMENTS\Rental_price_prediction\datasets\multimodal_v3\images\41839397.jpg,716220,3024,4032,RGB,182a5fc4e371188d9bb630f768171869,
42225770,https://a0.muscache.com/pictures/miso/Hosting-42225770/original/2fe12947-d7b5-41f6-be98-c09c4f49144f.jpeg,success,200.0,c:\Prathik\MY DOCUMENTS\Rental_price_prediction\datasets\multimodal_v3\images\42225770.jpg,57582,418,558,RGB,ddedc43460079f410af179116b482f9a,
42116019,https://a0.muscache.com/pictures/miso/Hosting-42116019/original/1bf47816-42fb-41eb-bdd2-f7d597330524.jpeg,success,200.0,c:\Prathik\MY DOCUMENTS\Rental_price_prediction\datasets\multimodal_v3\images\42116019.jpg,116801,640,480,RGB,6b401d7c6bfa7cd538f69b049e7e7b5f,
41947796,https://a0.muscache.com/pictures/926c90b7-cb29-4e0c-b172-0c22364fb1c7.jpg,success,200.0,c:\Prathik\MY DOCUMENTS\Rental_price_prediction\datasets\multimodal_v3\images\41947796.jpg,1234865,4032,3024,RGB,8bcec242f3c1b6c7bdeb6d7c2ad0c375,
41316941,https://a0.muscache.com/pictures/6131b7f8-d06f-4cf4-a4dc-8ca4481149fe.jpg,success,200.0,c:\Prathik\MY DOCUMENTS\Rental_price_prediction\datasets\multimodal_v3\images\41316941.jpg,2009634,3872,2592,RGB,ad8f9b9b6635f2c20db1c3eb67046354,
41685614,https://a0.muscache.com/pictures/miso/Hosting-41685614/original/ad5deb45-0dc5-48b3-a98d-08c6c233c043.jpeg,success,200.0,c:\Prathik\MY DOCUMENTS\Rental_price_prediction\datasets\multimodal_v3\images\41685614.jpg,737134,2048,1365,RGB,5a60816e616237f4ad17e6fe6f90f842,
42299384,https://a0.muscache.com/pictures/miso/Hosting-42299384/original/1e982f49-d54e-4295-a1b6-819fe1f9c60a.jpeg,failed_http_404,404.0,,0,0,0,,,HTTP 404
42278468,https://a0.muscache.com/pictures/miso/Hosting-42278468/original/768e886b-5dc6-4f76-a40e-6145cfdc22ce.jpeg,success,200.0,c:\Prathik\MY DOCUMENTS\Rental_price_prediction\datasets\multimodal_v3\images\42278468.jpg,713465,3072,2050,RGB,92b61b6756a4509c612c790473e15a91,
42286550,https://a0.muscache.com/pictures/477d0e0e-f09d-40b4-b510-035108efa194.jpg,success,200.0,c:\Prathik\MY DOCUMENTS\Rental_price_prediction\datasets\multimodal_v3\images\42286550.jpg,1728291,3173,2727,RGB,63a2d8d81c775799b8cc514ddd229919,
42177843,https://a0.muscache.com/pictures/47057bee-9be3-4a9c-86fc-b3412c0eca59.jpg,success,200.0,c:\Prathik\MY DOCUMENTS\Rental_price_prediction\datasets\multimodal_v3\images\42177843.jpg,705330,2880,2160,RGB,9f1749111bfb0c3a67c5ffb02373bb15,
42333820,https://a0.muscache.com/pictures/prohost-api/Hosting-42333820/original/2dbafffa-5e3a-4218-8663-0b50aca32360.jpeg,failed_http_404,404.0,,0,0,0,,,HTTP 404
42464593,https://a0.muscache.com/pictures/f45d8064-5359-405e-af14-9bb7e6dce747.jpg,success,200.0,c:\Prathik\MY DOCUMENTS\Rental_price_prediction\datasets\multimodal_v3\images\42464593.jpg,284196,2016,980,RGB,5559c9aaa87c7b610b91b6974fc76d7c,
39199324,https://a0.muscache.com/pictures/0ba88ad0-c66a-457f-aa97-67679fb73fbd.jpg,success,200.0,c:\Prathik\MY DOCUMENTS\Rental_price_prediction\datasets\multimodal_v3\images\39199324.jpg,1710926,4200,2795,RGB,b4a6a9ed2f9a7f9458baaa17ce0bb096,
42492639,https://a0.muscache.com/pictures/3c64331c-beeb-4735-9046-432647462734.jpg,failed_http_404,404.0,,0,0,0,,,HTTP 404
40489327,https://a0.muscache.com/pictures/88da300e-87db-4440-9450-43a0b382ef8c.jpg,success,200.0,c:\Prathik\MY DOCUMENTS\Rental_price_prediction\datasets\multimodal_v3\images\40489327.jpg,426938,2048,1536,RGB,ed0ae4cad83bddb0107fa8b2a23925ee,
42493314,https://a0.muscache.com/pictures/miso/Hosting-42493314/original/f6bd8feb-a567-434e-961d-09cc4d4da34a.jpeg,failed_http_404,404.0,,0,0,0,,,HTTP 404
41530112,https://a0.muscache.com/pictures/a5c28299-3e6b-46df-b708-098cc942c8cf.jpg,success,200.0,c:\Prathik\MY DOCUMENTS\Rental_price_prediction\datasets\multimodal_v3\images\41530112.jpg,709334,1536,1024,RGB,e3fc2e90ea6aee3a4089587b1b249349,
42473138,https://a0.muscache.com/pictures/miso/Hosting-42473138/original/5b515745-f677-45fb-abed-43424a90316a.jpeg,success,200.0,c:\Prathik\MY DOCUMENTS\Rental_price_prediction\datasets\multimodal_v3\images\42473138.jpg,1555203,3818,2545,RGB,bab9273592c5f2a937b56de9706f22f6,
41313257,https://a0.muscache.com/pictures/6c3da42a-c331-4c96-880f-777f2e353dc1.jpg,success,200.0,c:\Prathik\MY DOCUMENTS\Rental_price_prediction\datasets\multimodal_v3\images\41313257.jpg,850669,2000,1333,RGB,b95b069239797396973b8a7655f7dcb5,
42464524,https://a0.muscache.com/pictures/f32c68fa-76c1-4197-a64a-fcdeba97ba91.jpg,success,200.0,c:\Prathik\MY DOCUMENTS\Rental_price_prediction\datasets\multimodal_v3\images\42464524.jpg,1431983,4032,3024,RGB,d8ad100ad8c147860c7fd3b51da043a3,
42586570,https://a0.muscache.com/pictures/e3f9aa80-ebeb-437c-9a29-7f063e95769a.jpg,success,200.0,c:\Prathik\MY DOCUMENTS\Rental_price_prediction\datasets\multimodal_v3\images\42586570.jpg,137665,864,576,RGB,5f8556c595357d8f45bec85933d81846,
41530116,https://a0.muscache.com/pictures/prohost-api/Hosting-41530116/original/60529238-567c-4ea5-b644-732fb03f753b.png,success,200.0,c:\Prathik\MY DOCUMENTS\Rental_price_prediction\datasets\multimodal_v3\images\41530116.jpg,403149,1080,1026,RGB,7996f1ddc345f279108b780cc83e6d64,
41535169,https://a0.muscache.com/pictures/miso/Hosting-41535169/original/43604ab2-e79e-4f05-9270-319658f0d4ac.jpeg,success,200.0,c:\Prathik\MY DOCUMENTS\Rental_price_prediction\datasets\multimodal_v3\images\41535169.jpg,856877,1920,1280,RGB,dc2e8b9270d69cf4050107f3cf8e930b,
42800210,https://a0.muscache.com/pictures/miso/Hosting-42800210/original/0e4d857f-478a-4ab1-a7f1-87244e3c46a8.jpeg,failed_http_404,404.0,,0,0,0,,,HTTP 404
39849897,https://a0.muscache.com/pictures/10861e1b-b9ed-4b89-91ab-031e74db3874.jpg,failed_timeout_or_error,,,0,0,0,,,"HTTPSConnectionPool(host='a0.muscache.com', port=443): Read timed out."
41452911,https://a0.muscache.com/pictures/22140087-fcf5-4e46-96c3-f7a836ed873b.jpg,failed_timeout_or_error,,,0,0,0,,,"HTTPSConnectionPool(host='a0.muscache.com', port=443): Read timed out."
42542129,https://a0.muscache.com/pictures/prohost-api/Hosting-42542129/original/5e1143ef-cae8-428a-ba14-a14a264936ca.jpeg,success,200.0,c:\Prathik\MY DOCUMENTS\Rental_price_prediction\datasets\multimodal_v3\images\42542129.jpg,218903,1500,1000,RGB,09ba427724bbc3a80862ec0cc8c3c262,
42810727,https://a0.muscache.com/pictures/d58057aa-2653-4f51-aaf8-13a95dce6b36.jpg,failed_http_404,404.0,,0,0,0,,,HTTP 404
40323675,https://a0.muscache.com/pictures/miso/Hosting-40323675/original/fac4ddb5-62ff-42d0-83c6-5202e77feda6.jpeg,failed_timeout_or_error,,,0,0,0,,,"HTTPSConnectionPool(host='a0.muscache.com', port=443): Read timed out."
42916661,https://a0.muscache.com/pictures/6267e653-f6ee-4cb1-b77b-9bd37235b059.jpg,failed_http_404,404.0,,0,0,0,,,HTTP 404
42927111,https://a0.muscache.com/pictures/8868feb8-16f6-4073-9b00-11e200dc1761.jpg,failed_http_404,404.0,,0,0,0,,,HTTP 404
42615531,https://a0.muscache.com/pictures/2d0b7bba-bff6-4c45-8af7-07f27d6403e4.jpg,success,200.0,c:\Prathik\MY DOCUMENTS\Rental_price_prediction\datasets\multimodal_v3\images\42615531.jpg,4017771,4032,3024,RGB,1d41a447e807f2196c414e152568fc2c,
42758714,https://a0.muscache.com/pictures/prohost-api/Hosting-42758714/original/2faa3d3a-06cf-4b84-8193-8d43dcbe07a3.jpeg,success,200.0,c:\Prathik\MY DOCUMENTS\Rental_price_prediction\datasets\multimodal_v3\images\42758714.jpg,217480,1442,1081,RGB,cfbc0f9918efc3e57f4760034ce2ea67,
42975839,https://a0.muscache.com/pictures/eacfb786-a63f-4e1b-82d3-f0b0b7d77f55.jpg,success,200.0,c:\Prathik\MY DOCUMENTS\Rental_price_prediction\datasets\multimodal_v3\images\42975839.jpg,178108,1024,1366,RGB,9ee72be87eb3514d8cb6751ba4738aca,
41257687,https://a0.muscache.com/pictures/8b3654f2-5139-4594-a010-37cbf0bca346.jpg,failed_timeout_or_error,,,0,0,0,,,"HTTPSConnectionPool(host='a0.muscache.com', port=443): Read timed out."
42692399,https://a0.muscache.com/pictures/394dc129-4c49-4add-bd7b-753af3a11c76.jpg,failed_timeout_or_error,,,0,0,0,,,"HTTPSConnectionPool(host='a0.muscache.com', port=443): Read timed out."
41530119,https://a0.muscache.com/pictures/prohost-api/Hosting-41530119/original/de5924b7-4627-4f0f-bb4b-33c3467721bb.png,failed_timeout_or_error,,,0,0,0,,,"HTTPSConnectionPool(host='a0.muscache.com', port=443): Read timed out."
41717325,https://a0.muscache.com/pictures/prohost-api/Hosting-41717325/original/71986db5-ac6f-4b86-b7ee-4b116b0fb79c.jpeg,success,200.0,c:\Prathik\MY DOCUMENTS\Rental_price_prediction\datasets\multimodal_v3\images\41717325.jpg,1554252,2400,1600,RGB,8043356884663cf67d7072f8effb3bd7,
42942046,https://a0.muscache.com/pictures/prohost-api/Hosting-42942046/original/25f277f5-d0b3-4d44-9254-ad0eab06c9c4.jpeg,failed_timeout_or_error,,,0,0,0,,,"HTTPSConnectionPool(host='a0.muscache.com', port=443): Read timed out."
39716079,https://a0.muscache.com/pictures/2f4ed107-389f-4f53-a49d-8fa4a0f54e96.jpg,failed_timeout_or_error,,,0,0,0,,,"HTTPSConnectionPool(host='a0.muscache.com', port=443): Read timed out."
40087092,https://a0.muscache.com/pictures/477d0e0e-f09d-40b4-b510-035108efa194.jpg,success,200.0,c:\Prathik\MY DOCUMENTS\Rental_price_prediction\datasets\multimodal_v3\images\40087092.jpg,1728291,3173,2727,RGB,63a2d8d81c775799b8cc514ddd229919,
42966700,https://a0.muscache.com/pictures/5197debd-368c-499f-9bd1-e99e3d021bb0.jpg,success,200.0,c:\Prathik\MY DOCUMENTS\Rental_price_prediction\datasets\multimodal_v3\images\42966700.jpg,137953,765,604,RGB,d0a9ec694fbdba74d68d31688f775a1d,
42411052,https://a0.muscache.com/pictures/miso/Hosting-42411052/original/242512f1-39ad-49c5-8f1c-e4ca1873b997.jpeg,failed_timeout_or_error,,,0,0,0,,,"HTTPSConnectionPool(host='a0.muscache.com', port=443): Read timed out."
43043089,https://a0.muscache.com/pictures/a6aee8fb-aca0-42fb-b032-2a334cece0b1.jpg,success,200.0,c:\Prathik\MY DOCUMENTS\Rental_price_prediction\datasets\multimodal_v3\images\43043089.jpg,200981,1440,960,RGB,fd1ab82eb5cd3d3dc2dcf8846ebeae33,
43140131,https://a0.muscache.com/pictures/prohost-api/Hosting-43140131/original/bf6bccbf-6cc0-47c1-8c1d-551a5c886071.jpeg,failed_http_404,404.0,,0,0,0,,,HTTP 404
42816017,https://a0.muscache.com/pictures/1b3aaa2e-15d6-4252-a676-d2e1b9c85015.jpg,success,200.0,c:\Prathik\MY DOCUMENTS\Rental_price_prediction\datasets\multimodal_v3\images\42816017.jpg,650310,3815,2891,RGB,538da4f87a8271d112d57934aa1dfd71,
43052245,https://a0.muscache.com/pictures/13f415cd-2a4e-4a03-935e-e051bf30f75f.jpg,success,200.0,c:\Prathik\MY DOCUMENTS\Rental_price_prediction\datasets\multimodal_v3\images\43052245.jpg,499994,2048,1536,RGB,7b5a62e7d822bc48ea2a081c24ff7707,
42981397,https://a0.muscache.com/pictures/miso/Hosting-42981397/original/70b32a05-1929-4e1d-a39e-b8f0d5ec37e1.jpeg,success,200.0,c:\Prathik\MY DOCUMENTS\Rental_price_prediction\datasets\multimodal_v3\images\42981397.jpg,1053618,2048,1365,RGB,45da305ff6dfe1dd4ccf8a295a01786e,
42980053,https://a0.muscache.com/pictures/633d10af-e2ea-4519-a2b9-1232a16d897c.jpg,success,200.0,c:\Prathik\MY DOCUMENTS\Rental_price_prediction\datasets\multimodal_v3\images\42980053.jpg,2133619,3456,2304,RGB,efa545fb3545d8ca26ae11967c66ade2,
43140136,https://a0.muscache.com/pictures/prohost-api/Hosting-43140136/original/2f75aa62-5690-41cc-a4a4-cd472a7b1f43.jpeg,failed_http_404,404.0,,0,0,0,,,HTTP 404
43140142,https://a0.muscache.com/pictures/prohost-api/Hosting-43140142/original/474bc326-ec12-4228-b91e-05cf1b3a60e1.jpeg,failed_http_404,404.0,,0,0,0,,,HTTP 404
43124217,https://a0.muscache.com/pictures/miso/Hosting-43124217/original/c6991388-f411-4c49-8ce6-3e3e2b79d2d2.jpeg,failed_timeout_or_error,,,0,0,0,,,"HTTPSConnectionPool(host='a0.muscache.com', port=443): Max retries exceeded with url: /pictures/miso/Hosting-43124217/original/c6991388-f411-4c49-8ce6-3e3e2b79d2d2.jpeg (Caused by ReadTimeoutError(""HTTPSConnectionPool(host='a0.muscache.com', port=443): Read timed out. (read timeout=3.5)""))"
43140149,https://a0.muscache.com/pictures/prohost-api/Hosting-43140149/original/677c46f0-d8a8-4fc9-a1f3-f4f2d171e8c2.jpeg,failed_http_404,404.0,,0,0,0,,,HTTP 404
43140167,https://a0.muscache.com/pictures/prohost-api/Hosting-43140167/original/b0cffa70-3bff-44cc-97a5-1b24b1b52260.jpeg,failed_http_404,404.0,,0,0,0,,,HTTP 404
43140161,https://a0.muscache.com/pictures/prohost-api/Hosting-43140161/original/b679cf9a-3146-4b4f-a584-11661f6dc8dc.jpeg,failed_http_404,404.0,,0,0,0,,,HTTP 404
43140162,https://a0.muscache.com/pictures/prohost-api/Hosting-43140162/original/7ffcfe86-d46b-4144-afa7-1362ba0e7fd4.jpeg,failed_http_404,404.0,,0,0,0,,,HTTP 404
43140129,https://a0.muscache.com/pictures/prohost-api/Hosting-43140129/original/1091b213-0b75-4fa4-b679-cfc8c66bf916.jpeg,failed_http_404,404.0,,0,0,0,,,HTTP 404
43047912,https://a0.muscache.com/pictures/e60c1dba-c0a1-4e9e-b1be-4e231b699c57.jpg,success,200.0,c:\Prathik\MY DOCUMENTS\Rental_price_prediction\datasets\multimodal_v3\images\43047912.jpg,316480,1280,960,RGB,0b4e47fbf135421048b3797ee77e3517,
43051231,https://a0.muscache.com/pictures/d1eabbc5-52a3-48d4-8d0c-1bd740682a0d.jpg,success,200.0,c:\Prathik\MY DOCUMENTS\Rental_price_prediction\datasets\multimodal_v3\images\43051231.jpg,525046,1600,1200,RGB,24ead50d9479ffaac57a471e09565b69,
43349933,https://a0.muscache.com/pictures/b1c182a4-9f3c-4cc2-bad8-89c3ce137a54.jpg,failed_http_404,404.0,,0,0,0,,,HTTP 404
43355285,https://a0.muscache.com/pictures/bc693bbd-73e9-4510-9b1e-5ac9789d4f25.jpg,failed_http_404,404.0,,0,0,0,,,HTTP 404
43325315,https://a0.muscache.com/pictures/miso/Hosting-43325315/original/f99671ff-7bab-45a7-9edb-53c0bf79cb0e.jpeg,success,200.0,c:\Prathik\MY DOCUMENTS\Rental_price_prediction\datasets\multimodal_v3\images\43325315.jpg,279885,1024,768,RGB,500d5eab75d18e754561762e01edc75a,
43495845,https://a0.muscache.com/pictures/prohost-api/Hosting-43495845/original/6b5bcffe-fec1-4478-a24c-bbb68808f2af.jpeg,failed_http_404,404.0,,0,0,0,,,HTTP 404
43123763,https://a0.muscache.com/pictures/miso/Hosting-43123763/original/46829507-b636-4fb1-a63b-6917bb2944f4.jpeg,success,200.0,c:\Prathik\MY DOCUMENTS\Rental_price_prediction\datasets\multimodal_v3\images\43123763.jpg,211270,1270,846,RGB,4ec17b51888a10c1a52cb9bb45f08188,
41399256,https://a0.muscache.com/pictures/a4113056-bbe9-4e1f-80f3-3dadcd508802.jpg,failed_timeout_or_error,,,0,0,0,,,"HTTPSConnectionPool(host='a0.muscache.com', port=443): Read timed out."
43279322,https://a0.muscache.com/pictures/785bde27-ff74-4245-9ee1-56838d87f9e3.jpg,failed_timeout_or_error,,,0,0,0,,,"HTTPSConnectionPool(host='a0.muscache.com', port=443): Read timed out."
42540321,https://a0.muscache.com/pictures/7b2a5fec-c157-4915-b094-dcea055b8982.jpg,failed_timeout_or_error,,,0,0,0,,,"HTTPSConnectionPool(host='a0.muscache.com', port=443): Read timed out."
40740987,https://a0.muscache.com/pictures/miso/Hosting-40740987/original/c9f94e0b-fe5e-4982-b685-9abbbf04cf63.jpeg,failed_timeout_or_error,,,0,0,0,,,"HTTPSConnectionPool(host='a0.muscache.com', port=443): Read timed out."
42739512,https://a0.muscache.com/pictures/28778cb2-02ad-4cc8-9b41-290bd92526a1.jpg,failed_timeout_or_error,,,0,0,0,,,"HTTPSConnectionPool(host='a0.muscache.com', port=443): Read timed out."
40988430,https://a0.muscache.com/pictures/pro_photo_tool/Hosting-40988430-unapproved/original/37902e13-f3c7-412f-b71b-f7061b1129ad.JPEG,failed_timeout_or_error,,,0,0,0,,,"HTTPSConnectionPool(host='a0.muscache.com', port=443): Read timed out."
41153545,https://a0.muscache.com/pictures/b76d6e07-8c82-4d5d-8c6e-484efbaaff46.jpg,failed_timeout_or_error,,,0,0,0,,,"HTTPSConnectionPool(host='a0.muscache.com', port=443): Read timed out."
42296858,https://a0.muscache.com/pictures/miso/Hosting-42296858/original/2cd224a7-b796-4466-83bb-106dd0d62761.jpeg,failed_timeout_or_error,,,0,0,0,,,"HTTPSConnectionPool(host='a0.muscache.com', port=443): Read timed out."
42327054,https://a0.muscache.com/pictures/7d2a3234-c1e5-4bd5-b7b2-9d250ad8e8ea.jpg,failed_timeout_or_error,,,0,0,0,,,"HTTPSConnectionPool(host='a0.muscache.com', port=443): Read timed out."
38538781,https://a0.muscache.com/pictures/b188b70c-dd08-4c84-ba1c-74cc3d454298.jpg,failed_timeout_or_error,,,0,0,0,,,"HTTPSConnectionPool(host='a0.muscache.com', port=443): Read timed out."
42831124,https://a0.muscache.com/pictures/miso/Hosting-42831124/original/7e8d7910-2f81-4975-a5f3-003136e45783.jpeg,failed_timeout_or_error,,,0,0,0,,,"HTTPSConnectionPool(host='a0.muscache.com', port=443): Read timed out."
40840756,https://a0.muscache.com/pictures/2d0426ce-a919-4218-a797-c91a4625ec52.jpg,failed_timeout_or_error,,,0,0,0,,,"HTTPSConnectionPool(host='a0.muscache.com', port=443): Read timed out."
43056604,https://a0.muscache.com/pictures/a69f08f4-bb1d-44f6-a23d-bee2433473b5.jpg,success,200.0,c:\Prathik\MY DOCUMENTS\Rental_price_prediction\datasets\multimodal_v3\images\43056604.jpg,908647,3000,2002,RGB,c46a5d1caa3791d78d9f54fb3ef83090,
43256573,https://a0.muscache.com/pictures/miso/Hosting-43256573/original/d76eecce-7b2d-461e-a86c-6fa74b4591ec.jpeg,success,200.0,c:\Prathik\MY DOCUMENTS\Rental_price_prediction\datasets\multimodal_v3\images\43256573.jpg,880263,2000,1333,RGB,42dcc1521a1b7de29717f6a2cd69775c,
42980378,https://a0.muscache.com/pictures/miso/Hosting-42980378/original/ccd1a5a2-3ab7-4f67-a47e-65243c7af9bd.jpeg,failed_timeout_or_error,,,0,0,0,,,"HTTPSConnectionPool(host='a0.muscache.com', port=443): Read timed out."
41869751,https://a0.muscache.com/pictures/1024f7b9-db49-4a5f-b6a1-c41aed65bbea.jpg,success,200.0,c:\Prathik\MY DOCUMENTS\Rental_price_prediction\datasets\multimodal_v3\images\41869751.jpg,1630039,4032,3024,RGB,4d795ba2042492ceb66d557b9f94e1a5,
43325971,https://a0.muscache.com/pictures/miso/Hosting-43325971/original/4926eac0-07e3-4575-8f89-5fdc736d232a.jpeg,failed_timeout_or_error,,,0,0,0,,,"HTTPSConnectionPool(host='a0.muscache.com', port=443): Read timed out."
43403464,https://a0.muscache.com/pictures/miso/Hosting-43403464/original/c4866b23-28fe-4253-a32c-4ec78e56bc84.jpeg,success,200.0,c:\Prathik\MY DOCUMENTS\Rental_price_prediction\datasets\multimodal_v3\images\43403464.jpg,400964,2000,1335,RGB,c1e4025925b8f829ffc606eb8711b35d,
42305242,https://a0.muscache.com/pictures/490a2a3d-26ed-4e2c-b63f-a4854cf54760.jpg,success,200.0,c:\Prathik\MY DOCUMENTS\Rental_price_prediction\datasets\multimodal_v3\images\42305242.jpg,3446161,6022,4019,RGB,d4a1722ebb73ee064e972ce954786298,
43924301,https://a0.muscache.com/pictures/prohost-api/Hosting-43924301/original/295f6747-a675-4d76-b9d5-759ce1a8bb37.jpeg,failed_http_404,404.0,,0,0,0,,,HTTP 404
43615196,https://a0.muscache.com/pictures/c18be575-d793-41db-8478-4a985f81acbb.jpg,failed_http_404,404.0,,0,0,0,,,HTTP 404
43906817,https://a0.muscache.com/pictures/4cce2243-c255-470c-b37e-f95bf9256aeb.jpg,success,200.0,c:\Prathik\MY DOCUMENTS\Rental_price_prediction\datasets\multimodal_v3\images\43906817.jpg,166345,1280,960,RGB,6afcad4d4c2b2b6c80b06c4974021dcb,
43496785,https://a0.muscache.com/pictures/miso/Hosting-43496785/original/96597bab-4349-47d5-8af7-a7de31e476a7.jpeg,success,200.0,c:\Prathik\MY DOCUMENTS\Rental_price_prediction\datasets\multimodal_v3\images\43496785.jpg,3142514,3840,2559,RGB,4fd85decd1dd29d05dd9dfe05407e74e,
43379372,https://a0.muscache.com/pictures/2700a758-105c-4385-8800-615c6e911e6f.jpg,success,200.0,c:\Prathik\MY DOCUMENTS\Rental_price_prediction\datasets\multimodal_v3\images\43379372.jpg,525634,2400,1600,RGB,8d13ee565655854822d75ac6eeda65e8,
43959810,https://a0.muscache.com/pictures/miso/Hosting-43959810/original/d479e0d0-ef28-44a8-bb6a-9231e8117bc5.jpeg,failed_http_404,404.0,,0,0,0,,,HTTP 404
41257317,https://a0.muscache.com/pictures/f4202232-15c7-476b-8561-bed4ad0f5901.jpg,success,200.0,c:\Prathik\MY DOCUMENTS\Rental_price_prediction\datasets\multimodal_v3\images\41257317.jpg,1568149,4032,3024,RGB,6da64ff40e2f3535407d5a3f037b1a54,
40986908,https://a0.muscache.com/pictures/7316d056-3433-4c57-b141-751f23840147.jpg,failed_timeout_or_error,,,0,0,0,,,"HTTPSConnectionPool(host='a0.muscache.com', port=443): Read timed out."
39229606,https://a0.muscache.com/pictures/143428cf-3bf4-4af6-8c0b-cbbe863ecff8.jpg,failed_timeout_or_error,,,0,0,0,,,"HTTPSConnectionPool(host='a0.muscache.com', port=443): Read timed out."
40311573,https://a0.muscache.com/pictures/miso/Hosting-40311573/original/33823748-9bd8-4983-972a-09d6c0ae152b.jpeg,failed_timeout_or_error,,,0,0,0,,,"HTTPSConnectionPool(host='a0.muscache.com', port=443): Read timed out."
43525648,https://a0.muscache.com/pictures/miso/Hosting-43525648/original/ca14c16d-58d7-40c9-be65-544301ad1a49.jpeg,failed_timeout_or_error,,,0,0,0,,,"HTTPSConnectionPool(host='a0.muscache.com', port=443): Read timed out."
43300939,https://a0.muscache.com/pictures/f9969a2e-8c3b-40db-8cff-5d130449b16c.jpg,failed_timeout_or_error,,,0,0,0,,,"HTTPSConnectionPool(host='a0.muscache.com', port=443): Read timed out."
42330339,https://a0.muscache.com/pictures/839d42aa-b59d-4a87-8bec-b701b97aa828.jpg,failed_timeout_or_error,,,0,0,0,,,"HTTPSConnectionPool(host='a0.muscache.com', port=443): Read timed out."
43835750,https://a0.muscache.com/pictures/0bbc8c93-1414-41cb-875c-2fd678be6aa6.jpg,failed_timeout_or_error,,,0,0,0,,,"HTTPSConnectionPool(host='a0.muscache.com', port=443): Read timed out."
43945269,https://a0.muscache.com/pictures/prohost-api/Hosting-43945269/original/89e0c685-ce57-44a6-ad67-c6856fc75db6.jpeg,failed_timeout_or_error,,,0,0,0,,,"HTTPSConnectionPool(host='a0.muscache.com', port=443): Read timed out."
42174393,https://a0.muscache.com/pictures/1c8eda21-3339-4da0-88b1-656aaeb40a00.jpg,failed_timeout_or_error,,,0,0,0,,,"HTTPSConnectionPool(host='a0.muscache.com', port=443): Read timed out."
41195186,https://a0.muscache.com/pictures/miso/Hosting-41195186/original/21248e23-44b8-4fee-a886-0b6125dc1742.jpeg,failed_timeout_or_error,,,0,0,0,,,"HTTPSConnectionPool(host='a0.muscache.com', port=443): Read timed out."
43430751,https://a0.muscache.com/pictures/7c24a417-6805-4489-93d7-de83b529eabc.jpg,failed_timeout_or_error,,,0,0,0,,,"HTTPSConnectionPool(host='a0.muscache.com', port=443): Read timed out."
42669657,https://a0.muscache.com/pictures/7198bcbe-40c2-4fbf-84ba-3110b97b548b.jpg,failed_timeout_or_error,,,0,0,0,,,"HTTPSConnectionPool(host='a0.muscache.com', port=443): Read timed out."
43865961,https://a0.muscache.com/pictures/a9133873-019a-4794-af4b-9796811d6768.jpg,failed_timeout_or_error,,,0,0,0,,,"HTTPSConnectionPool(host='a0.muscache.com', port=443): Read timed out."
43689886,https://a0.muscache.com/pictures/miso/Hosting-43689886/original/08a3d606-10f7-4e01-827b-195f6f84e6ba.jpeg,failed_timeout_or_error,,,0,0,0,,,"HTTPSConnectionPool(host='a0.muscache.com', port=443): Read timed out."
43412676,https://a0.muscache.com/pictures/f44e6748-862c-48d7-813b-e933f0eec029.jpg,failed_timeout_or_error,,,0,0,0,,,"HTTPSConnectionPool(host='a0.muscache.com', port=443): Read timed out."
43747993,https://a0.muscache.com/pictures/prohost-api/Hosting-43747993/original/63950fcd-4940-4c45-bf3c-11e7dbf8654c.jpeg,failed_timeout_or_error,,,0,0,0,,,"HTTPSConnectionPool(host='a0.muscache.com', port=443): Read timed out."
39811858,https://a0.muscache.com/pictures/4b4e5b84-c49e-4f11-9277-005b0a63cb49.jpg,failed_timeout_or_error,,,0,0,0,,,"HTTPSConnectionPool(host='a0.muscache.com', port=443): Read timed out."
41191198,https://a0.muscache.com/pictures/miso/Hosting-41191198/original/a9af188b-1b59-49e4-b6e2-dec1141e2001.jpeg,failed_timeout_or_error,,,0,0,0,,,"HTTPSConnectionPool(host='a0.muscache.com', port=443): Read timed out."
43557709,https://a0.muscache.com/pictures/0ceb655b-3cbd-43ac-acd5-54638eee5e83.jpg,failed_timeout_or_error,,,0,0,0,,,"HTTPSConnectionPool(host='a0.muscache.com', port=443): Read timed out."
43813089,https://a0.muscache.com/pictures/15eb7c86-ee47-4f51-a160-167a7819bf1d.jpg,failed_timeout_or_error,,,0,0,0,,,"HTTPSConnectionPool(host='a0.muscache.com', port=443): Read timed out."
43221206,https://a0.muscache.com/pictures/miso/Hosting-43221206/original/607ce246-baed-4fad-9eeb-092c93b1ba84.jpeg,failed_timeout_or_error,,,0,0,0,,,"HTTPSConnectionPool(host='a0.muscache.com', port=443): Read timed out."
43649028,https://a0.muscache.com/pictures/c958f0b1-534d-41d0-a97a-42d0b6500898.jpg,failed_timeout_or_error,,,0,0,0,,,"HTTPSConnectionPool(host='a0.muscache.com', port=443): Read timed out."
44062951,https://a0.muscache.com/pictures/miso/Hosting-44062951/original/92bba4fc-a863-4090-8b64-31c1bb3c8c82.jpeg,failed_timeout_or_error,,,0,0,0,,,"HTTPSConnectionPool(host='a0.muscache.com', port=443): Read timed out."
43866492,https://a0.muscache.com/pictures/miso/Hosting-43866492/original/b7a67fa4-3a6c-42be-833d-447544ff63e3.jpeg,failed_timeout_or_error,,,0,0,0,,,"HTTPSConnectionPool(host='a0.muscache.com', port=443): Read timed out."
43731925,https://a0.muscache.com/pictures/prohost-api/Hosting-43731925/original/65d506f3-a2be-4567-89fa-1154c9179a5a.jpeg,failed_timeout_or_error,,,0,0,0,,,"HTTPSConnectionPool(host='a0.muscache.com', port=443): Read timed out."
44063130,https://a0.muscache.com/pictures/a51f6590-4b3a-4950-97db-cfaa5e20478e.jpg,failed_timeout_or_error,,,0,0,0,,,"HTTPSConnectionPool(host='a0.muscache.com', port=443): Read timed out."
44063035,https://a0.muscache.com/pictures/miso/Hosting-44063035/original/b3b5e38e-ce8a-449b-bb83-786bc1e5833c.jpeg,failed_timeout_or_error,,,0,0,0,,,"HTTPSConnectionPool(host='a0.muscache.com', port=443): Read timed out."
43804580,https://a0.muscache.com/pictures/df3f6e06-978e-462e-b2ff-6c947f80b23b.jpg,failed_timeout_or_error,,,0,0,0,,,"HTTPSConnectionPool(host='a0.muscache.com', port=443): Read timed out."
44489142,https://a0.muscache.com/pictures/prohost-api/Hosting-44489142/original/edc8a0d9-2fde-4bac-829a-f1ebea865930.jpeg,failed_http_404,404.0,,0,0,0,,,HTTP 404
43731923,https://a0.muscache.com/pictures/prohost-api/Hosting-43731923/original/7f9d419c-cf10-4743-8c24-0a95fcfffe25.jpeg,success,200.0,c:\Prathik\MY DOCUMENTS\Rental_price_prediction\datasets\multimodal_v3\images\43731923.jpg,240248,1500,1000,RGB,65515886bd6a67bdc849f534256b003c,
44573884,https://a0.muscache.com/pictures/5a094594-f6c4-4d79-abd5-2ec7d1bb3b15.jpg,failed_http_404,404.0,,0,0,0,,,HTTP 404
43967257,https://a0.muscache.com/pictures/prohost-api/Hosting-43967257/original/63b806d1-c220-4106-8cf7-098f9d004f98.jpeg,failed_timeout_or_error,,,0,0,0,,,"HTTPSConnectionPool(host='a0.muscache.com', port=443): Read timed out."
44597824,https://a0.muscache.com/pictures/3b7d3149-e1b3-4dd9-9fa1-cb3f31fa99dc.jpg,failed_timeout_or_error,,,0,0,0,,,"HTTPSConnectionPool(host='a0.muscache.com', port=443): Read timed out."
44505327,https://a0.muscache.com/pictures/prohost-api/Hosting-44505327/original/60b03f14-7861-4fe8-9874-628c02de997c.jpeg,success,200.0,c:\Prathik\MY DOCUMENTS\Rental_price_prediction\datasets\multimodal_v3\images\44505327.jpg,181889,1500,997,RGB,5fe1e7b0b5d5db198b1bdfd462c0f9a6,
44678188,https://a0.muscache.com/pictures/b09f3e28-b8a9-4724-a2d0-18cd8004988b.jpg,failed_http_404,404.0,,0,0,0,,,HTTP 404
44131708,https://a0.muscache.com/pictures/miso/Hosting-44131708/original/2254e861-d7e9-42ff-9c3f-19fb7bf3c1d4.jpeg,failed_timeout_or_error,,,0,0,0,,,"HTTPSConnectionPool(host='a0.muscache.com', port=443): Max retries exceeded with url: /pictures/miso/Hosting-44131708/original/2254e861-d7e9-42ff-9c3f-19fb7bf3c1d4.jpeg (Caused by ReadTimeoutError(""HTTPSConnectionPool(host='a0.muscache.com', port=443): Read timed out. (read timeout=3.5)""))"
44561631,https://a0.muscache.com/pictures/51455362-fea0-420a-8654-be9667b29386.jpg,success,200.0,c:\Prathik\MY DOCUMENTS\Rental_price_prediction\datasets\multimodal_v3\images\44561631.jpg,607792,4032,3024,RGB,1c4df38fb984a126e1472384f2277997,
44087805,https://a0.muscache.com/pictures/miso/Hosting-44087805/original/aec69881-8bdb-4ed5-91d9-03d000491033.jpeg,failed_timeout_or_error,,,0,0,0,,,"HTTPSConnectionPool(host='a0.muscache.com', port=443): Read timed out."
44597185,https://a0.muscache.com/pictures/189af2de-ae29-415f-a3e6-867738d479b3.jpg,failed_timeout_or_error,,,0,0,0,,,"HTTPSConnectionPool(host='a0.muscache.com', port=443): Read timed out."
44244512,https://a0.muscache.com/pictures/miso/Hosting-44244512/original/96822135-9eec-42e9-94e3-8f7a59a465b8.jpeg,success,200.0,c:\Prathik\MY DOCUMENTS\Rental_price_prediction\datasets\multimodal_v3\images\44244512.jpg,209865,1270,846,RGB,dc9062757a313e25fed9a4facda75021,
44018348,https://a0.muscache.com/pictures/miso/Hosting-44018348/original/a4386288-d557-42e0-8ff7-e89139810b88.jpeg,failed_timeout_or_error,,,0,0,0,,,"HTTPSConnectionPool(host='a0.muscache.com', port=443): Read timed out."
44105184,https://a0.muscache.com/pictures/miso/Hosting-44105184/original/63349f3a-90eb-4fd7-bf24-90d3752ffdd8.jpeg,success,200.0,c:\Prathik\MY DOCUMENTS\Rental_price_prediction\datasets\multimodal_v3\images\44105184.jpg,217521,1270,846,RGB,297725cbd37e4e56b5dac63f8e41dca4,
45098864,https://a0.muscache.com/pictures/prohost-api/Hosting-45098864/original/b757297f-ddf8-4d3f-8d7c-a02d2409a524.jpeg,failed_http_404,404.0,,0,0,0,,,HTTP 404
44165215,https://a0.muscache.com/pictures/miso/Hosting-44165215/original/5857d50a-ee80-4d47-9fc5-fe26e1ab543c.jpeg,failed_timeout_or_error,,,0,0,0,,,"HTTPSConnectionPool(host='a0.muscache.com', port=443): Read timed out."
44059758,https://a0.muscache.com/pictures/miso/Hosting-44059758/original/634ce9f1-9ce8-4254-9c77-2e045a77398f.jpeg,success,200.0,c:\Prathik\MY DOCUMENTS\Rental_price_prediction\datasets\multimodal_v3\images\44059758.jpg,2835335,8166,5447,RGB,fd26842a8b085972e5bf96dc59c253e9,
44762647,https://a0.muscache.com/pictures/d46f380e-038c-45c6-af01-903792e0ce24.jpg,failed_timeout_or_error,,,0,0,0,,,"HTTPSConnectionPool(host='a0.muscache.com', port=443): Read timed out."
44392508,https://a0.muscache.com/pictures/6b3e45de-c560-4823-8565-51caace41b12.jpg,failed_timeout_or_error,,,0,0,0,,,"HTTPSConnectionPool(host='a0.muscache.com', port=443): Read timed out."
44556542,https://a0.muscache.com/pictures/c6f42433-1619-4257-b1dc-273182dcffca.jpg,failed_timeout_or_error,,,0,0,0,,,"HTTPSConnectionPool(host='a0.muscache.com', port=443): Read timed out."
44968717,https://a0.muscache.com/pictures/09760156-e48c-49e3-8f17-1a94ba1d8814.jpg,failed_timeout_or_error,,,0,0,0,,,"HTTPSConnectionPool(host='a0.muscache.com', port=443): Read timed out."
45008963,https://a0.muscache.com/pictures/miso/Hosting-45008963/original/b366833c-9101-4081-97e6-eb69140171c5.jpeg,failed_timeout_or_error,,,0,0,0,,,"HTTPSConnectionPool(host='a0.muscache.com', port=443): Read timed out."
43580801,https://a0.muscache.com/pictures/miso/Hosting-43580801/original/be0b57b8-b73a-4dca-bcfe-32fb77af6f9b.jpeg,failed_timeout_or_error,,,0,0,0,,,"HTTPSConnectionPool(host='a0.muscache.com', port=443): Read timed out."
44319940,https://a0.muscache.com/pictures/09bc590d-c3e0-4b1d-9666-1aab2a5fda25.jpg,failed_timeout_or_error,,,0,0,0,,,"HTTPSConnectionPool(host='a0.muscache.com', port=443): Read timed out."
45394500,https://a0.muscache.com/pictures/1a9ea8f7-1cd3-4c0e-9f58-8f407a0ed93b.jpg,failed_http_404,404.0,,0,0,0,,,HTTP 404
44299517,https://a0.muscache.com/pictures/6255a0b6-46f6-49ef-af02-c201798a94dd.jpg,success,200.0,c:\Prathik\MY DOCUMENTS\Rental_price_prediction\datasets\multimodal_v3\images\44299517.jpg,1362157,4032,3024,RGB,e8a3f153634927896df16f38b41aeeba,
44995087,https://a0.muscache.com/pictures/miso/Hosting-44995087/original/ffa2c788-cc80-4489-9011-51a4bac141c3.jpeg,success,200.0,c:\Prathik\MY DOCUMENTS\Rental_price_prediction\datasets\multimodal_v3\images\44995087.jpg,1562314,2611,2072,RGB,2b652c8467db48d5804074b8cf217a6c,
45349080,https://a0.muscache.com/pictures/miso/Hosting-45349080/original/6bd59d09-11cb-405b-9e83-faade755c1ef.jpeg,success,200.0,c:\Prathik\MY DOCUMENTS\Rental_price_prediction\datasets\multimodal_v3\images\45349080.jpg,215030,960,960,RGB,91986ec55733330042a151a8a0e9e4a3,
45090475,https://a0.muscache.com/pictures/miso/Hosting-45090475/original/24355b8e-edd6-477b-a789-d4be61718cc3.png,success,200.0,c:\Prathik\MY DOCUMENTS\Rental_price_prediction\datasets\multimodal_v3\images\45090475.jpg,58063,797,398,RGB,8122ac80066bd8304f8d40d03afe2e9c,
45454004,https://a0.muscache.com/pictures/miso/Hosting-45454004/original/b111fc9b-8df6-481c-bcd5-5398ee2ce2d6.jpeg,failed_http_404,404.0,,0,0,0,,,HTTP 404
45351656,https://a0.muscache.com/pictures/f33aca27-a6db-4592-b598-9947201cd44d.jpg,success,200.0,c:\Prathik\MY DOCUMENTS\Rental_price_prediction\datasets\multimodal_v3\images\45351656.jpg,940697,4032,3024,RGB,9dfaf4edad95fbec4a63d266566540a1,
45213684,https://a0.muscache.com/pictures/prohost-api/Hosting-45213684/original/9a0073db-ff47-42f2-95bc-75f75c74202d.jpeg,success,200.0,c:\Prathik\MY DOCUMENTS\Rental_price_prediction\datasets\multimodal_v3\images\45213684.jpg,439238,1500,1000,RGB,22642478c153466e6857e4b22a183d9a,
45482353,https://a0.muscache.com/pictures/bb48b762-2097-4cee-8f6f-04ae241bce20.jpg,success,200.0,c:\Prathik\MY DOCUMENTS\Rental_price_prediction\datasets\multimodal_v3\images\45482353.jpg,515780,1536,2048,RGB,352068b1503f0b8af7f7b9a1e9c32b2d,
45532786,https://a0.muscache.com/pictures/b06205ba-60d5-42f5-b25c-7eabf578dbfe.jpg,success,200.0,c:\Prathik\MY DOCUMENTS\Rental_price_prediction\datasets\multimodal_v3\images\45532786.jpg,443909,2048,1365,RGB,8d43aea1dba53bd93a3c04901171da65,
45438852,https://a0.muscache.com/pictures/miso/Hosting-45438852/original/13eb4110-b3e7-4159-a1eb-3ad4703d2aab.jpeg,success,200.0,c:\Prathik\MY DOCUMENTS\Rental_price_prediction\datasets\multimodal_v3\images\45438852.jpg,97788,639,463,RGB,998bde616a3183de531b05af32cad7ff,
45023214,https://a0.muscache.com/pictures/4bc90348-0ca5-4026-af6a-186800f336d9.jpg,success,200.0,c:\Prathik\MY DOCUMENTS\Rental_price_prediction\datasets\multimodal_v3\images\45023214.jpg,1927852,6016,4016,RGB,d171e0ef86a0112b98c5dd2f489f1d22,
44373225,https://a0.muscache.com/pictures/142edfa1-df44-44fa-ab12-1c24e575ab8b.jpg,success,200.0,c:\Prathik\MY DOCUMENTS\Rental_price_prediction\datasets\multimodal_v3\images\44373225.jpg,1408851,4032,3024,RGB,3a80e1f99804079c535ec991e6bcc55a,
45591120,https://a0.muscache.com/pictures/fd594c51-ab33-411f-a52b-70815fb103a1.jpg,success,200.0,c:\Prathik\MY DOCUMENTS\Rental_price_prediction\datasets\multimodal_v3\images\45591120.jpg,1479957,4032,3024,RGB,0b228cce437370f683e6b6b246cc2919,
45621623,https://a0.muscache.com/pictures/5448317e-da26-4f82-910e-0953bd6a34a9.jpg,success,200.0,c:\Prathik\MY DOCUMENTS\Rental_price_prediction\datasets\multimodal_v3\images\45621623.jpg,1548689,4032,3024,RGB,15e3e15a8a4ab518794d6f5b65c6dab5,
45608234,https://a0.muscache.com/pictures/prohost-api/Hosting-45608234/original/287f471e-2ee4-4f2c-bbcd-c7ae7be1fb3d.jpeg,success,200.0,c:\Prathik\MY DOCUMENTS\Rental_price_prediction\datasets\multimodal_v3\images\45608234.jpg,221068,1500,1000,RGB,32317f693ac2a827a1460af05d4d5e62,
44404683,https://a0.muscache.com/pictures/miso/Hosting-44404683/original/fc76139e-d9e3-411e-a0f2-4cbad332b42d.jpeg,success,200.0,c:\Prathik\MY DOCUMENTS\Rental_price_prediction\datasets\multimodal_v3\images\44404683.jpg,1453883,4032,3024,RGB,4757b2cdb19a0d7e36627b1b791cb39a,
44076331,https://a0.muscache.com/pictures/701b1f55-ec3b-4d57-87bc-efa132326c7b.jpg,success,200.0,c:\Prathik\MY DOCUMENTS\Rental_price_prediction\datasets\multimodal_v3\images\44076331.jpg,967172,4000,3000,RGB,afbab5da3fb8e5a8b88cdcc0de402ace,
45652885,https://a0.muscache.com/pictures/dec550c0-3391-433a-9e22-2d98e9411903.jpg,failed_http_404,404.0,,0,0,0,,,HTTP 404
44665751,https://a0.muscache.com/pictures/55ddcf74-cb08-4517-867a-0ecc1da7b837.jpg,success,200.0,c:\Prathik\MY DOCUMENTS\Rental_price_prediction\datasets\multimodal_v3\images\44665751.jpg,290709,1800,1201,RGB,cc8190b17ee9239a29a1865a24d2541a,
45421363,https://a0.muscache.com/pictures/9edcb0a4-324c-4a38-891d-14ef3c34ff2d.jpg,success,200.0,c:\Prathik\MY DOCUMENTS\Rental_price_prediction\datasets\multimodal_v3\images\45421363.jpg,408751,2100,1401,RGB,2c086b3d08a98fcb0b18afb2a6843bd2,
45619526,https://a0.muscache.com/pictures/f07ab04d-ed9a-4872-a1b8-1f5f6d2a92dc.jpg,success,200.0,c:\Prathik\MY DOCUMENTS\Rental_price_prediction\datasets\multimodal_v3\images\45619526.jpg,364790,2048,1536,RGB,caf933db0dc8c9459bc1203e84a94a92,
45603008,https://a0.muscache.com/pictures/miso/Hosting-45603008/original/fb3066f1-ef47-41d3-b848-7d974f7d6433.jpeg,success,200.0,c:\Prathik\MY DOCUMENTS\Rental_price_prediction\datasets\multimodal_v3\images\45603008.jpg,2581228,4200,2800,RGB,b55d4a0400d50056d1e5a785ab256246,
45363719,https://a0.muscache.com/pictures/miso/Hosting-45363719/original/d96288cb-5f04-4ecd-a17d-84fe35d3568a.jpeg,success,200.0,c:\Prathik\MY DOCUMENTS\Rental_price_prediction\datasets\multimodal_v3\images\45363719.jpg,2230233,4032,3024,RGB,7e236d2c2a34919a76c76eaf861bdfc4,
45655928,https://a0.muscache.com/pictures/ff131a8e-1bd4-4094-a04b-a7afb3e823bf.jpg,success,200.0,c:\Prathik\MY DOCUMENTS\Rental_price_prediction\datasets\multimodal_v3\images\45655928.jpg,70155,720,1280,RGB,d73c0316fd0882f85e758309d890ec17,
45683318,https://a0.muscache.com/pictures/4a75dfb2-5594-477b-99a3-485f41dab64f.jpg,failed_http_404,404.0,,0,0,0,,,HTTP 404
45063891,https://a0.muscache.com/pictures/a3a22c98-a655-4033-8e71-bf8048b4b2cb.jpg,success,200.0,c:\Prathik\MY DOCUMENTS\Rental_price_prediction\datasets\multimodal_v3\images\45063891.jpg,1884681,3906,2959,RGB,450180b045ad90d3e479d2980ee3f7ba,
44449439,https://a0.muscache.com/pictures/miso/Hosting-44449439/original/000af313-0deb-4e45-95ea-32a5c25d30aa.jpeg,success,200.0,c:\Prathik\MY DOCUMENTS\Rental_price_prediction\datasets\multimodal_v3\images\44449439.jpg,1518889,4096,2731,RGB,5318f4d90a90dbcff19520d0835c685d,
45773379,https://a0.muscache.com/pictures/miso/Hosting-45773379/original/f58dcb2f-249d-4558-a642-b8d40c315c7b.jpeg,failed_http_404,404.0,,0,0,0,,,HTTP 404
44385896,https://a0.muscache.com/pictures/miso/Hosting-44385896/original/d92fa130-e549-4997-aa22-2bff0f1f0010.jpeg,success,200.0,c:\Prathik\MY DOCUMENTS\Rental_price_prediction\datasets\multimodal_v3\images\44385896.jpg,3124010,8166,5447,RGB,5cd68cb6cf598f9991e8f53c058d406a,
45784291,https://a0.muscache.com/pictures/02d12b9c-15c5-4e49-89ec-90f1c511beb3.jpg,success,200.0,c:\Prathik\MY DOCUMENTS\Rental_price_prediction\datasets\multimodal_v3\images\45784291.jpg,107912,768,1024,RGB,e9f4a77eb45fa9b5f2c133a7dc06521a,
44175607,https://a0.muscache.com/pictures/miso/Hosting-44175607/original/b0b305c5-8222-4da1-b8e9-92b500f7d825.jpeg,failed_timeout_or_error,,,0,0,0,,,"HTTPSConnectionPool(host='a0.muscache.com', port=443): Read timed out."
45765322,https://a0.muscache.com/pictures/eef5fd49-3ff9-497c-95a1-08a4ecffc2c9.jpg,failed_timeout_or_error,,,0,0,0,,,"HTTPSConnectionPool(host='a0.muscache.com', port=443): Read timed out."
45640979,https://a0.muscache.com/pictures/c976709f-1acd-4916-8fe1-fd4d5e0613e7.jpg,failed_timeout_or_error,,,0,0,0,,,"HTTPSConnectionPool(host='a0.muscache.com', port=443): Read timed out."
44160341,https://a0.muscache.com/pictures/miso/Hosting-44160341/original/b5780331-a129-4f29-aef2-2347ad03e8c9.jpeg,failed_timeout_or_error,,,0,0,0,,,"HTTPSConnectionPool(host='a0.muscache.com', port=443): Read timed out."
45144763,https://a0.muscache.com/pictures/bd374846-cd70-47f1-8ead-89c9d8eec866.jpg,failed_timeout_or_error,,,0,0,0,,,"HTTPSConnectionPool(host='a0.muscache.com', port=443): Read timed out."
45286326,https://a0.muscache.com/pictures/miso/Hosting-45286326/original/eb5e2da3-b410-461a-894c-192ccc4adefb.jpeg,failed_timeout_or_error,,,0,0,0,,,"HTTPSConnectionPool(host='a0.muscache.com', port=443): Read timed out."
45657700,https://a0.muscache.com/pictures/miso/Hosting-45657700/original/55680f2c-f7a9-4a09-a60b-f0352fefa3ad.jpeg,failed_timeout_or_error,,,0,0,0,,,"HTTPSConnectionPool(host='a0.muscache.com', port=443): Read timed out."
45813359,https://a0.muscache.com/pictures/e6fae94d-fe6c-4b25-82f8-a30ae2d9c540.jpg,success,200.0,c:\Prathik\MY DOCUMENTS\Rental_price_prediction\datasets\multimodal_v3\images\45813359.jpg,154517,1200,800,RGB,8f48dc35bf8d7eee10518794e7d8e97e,
45531550,https://a0.muscache.com/pictures/5eede44e-08da-4ce9-a500-a394886cd14c.jpg,success,200.0,c:\Prathik\MY DOCUMENTS\Rental_price_prediction\datasets\multimodal_v3\images\45531550.jpg,1218404,3000,2118,RGB,a372a04b12fb0bda2aabce704424c98d,
45883972,https://a0.muscache.com/pictures/f52e2804-ca2a-4a72-95f7-1885667089ec.jpg,failed_http_404,404.0,,0,0,0,,,HTTP 404
45970476,https://a0.muscache.com/pictures/d90cd70c-3a71-400c-a882-77112416d7c3.jpg,success,200.0,c:\Prathik\MY DOCUMENTS\Rental_price_prediction\datasets\multimodal_v3\images\45970476.jpg,84465,800,600,RGB,eb530e8d200406b5ea4b37442fd1cc2c,
44154406,https://a0.muscache.com/pictures/miso/Hosting-44154406/original/3d0f766a-60fa-4c3f-a216-d21bca3d5bf4.jpeg,success,200.0,c:\Prathik\MY DOCUMENTS\Rental_price_prediction\datasets\multimodal_v3\images\44154406.jpg,1673953,3024,4032,RGB,444f51b2d40aacde6e075a42e4f666be,
45848676,https://a0.muscache.com/pictures/e363b0fa-1e0f-4678-819b-431713e5ba88.jpg,success,200.0,c:\Prathik\MY DOCUMENTS\Rental_price_prediction\datasets\multimodal_v3\images\45848676.jpg,131654,1024,768,RGB,6129b03f3404d027b3f47e1ac4487331,
45653583,https://a0.muscache.com/pictures/prohost-api/Hosting-45653583/original/2d85baad-778a-40e7-99c2-459fcdc08a40.jpeg,success,200.0,c:\Prathik\MY DOCUMENTS\Rental_price_prediction\datasets\multimodal_v3\images\45653583.jpg,1333634,3840,2560,RGB,b49ca00bc71180b23d13e8205ad9fdc7,
45880069,https://a0.muscache.com/pictures/miso/Hosting-45880069/original/95870c2a-f756-4443-b149-6f42cccaf082.jpeg,success,200.0,c:\Prathik\MY DOCUMENTS\Rental_price_prediction\datasets\multimodal_v3\images\45880069.jpg,48404,640,426,RGB,c287c2b139c8f209122cb33e6b7d273a,
46000284,https://a0.muscache.com/pictures/40305122-a226-46bf-82d8-19c88205cc5f.jpg,failed_http_404,404.0,,0,0,0,,,HTTP 404
45893285,https://a0.muscache.com/pictures/miso/Hosting-45893285/original/407bef6e-5761-4951-88db-6669d4e783fa.jpeg,success,200.0,c:\Prathik\MY DOCUMENTS\Rental_price_prediction\datasets\multimodal_v3\images\45893285.jpg,343867,1193,792,RGB,371f00a6d9f882894aa10fe0eeec0584,
45996344,https://a0.muscache.com/pictures/miso/Hosting-45996344/original/178f6d97-a2af-49e3-a41a-83c695b0ddab.jpeg,success,200.0,c:\Prathik\MY DOCUMENTS\Rental_price_prediction\datasets\multimodal_v3\images\45996344.jpg,244430,1536,1024,RGB,66c6b024f468adf2d826990a835eac1e,
44678181,https://a0.muscache.com/pictures/e46dc053-c938-4153-9302-a5ac5ef8bdbc.jpg,success,200.0,c:\Prathik\MY DOCUMENTS\Rental_price_prediction\datasets\multimodal_v3\images\44678181.jpg,2145621,3456,2304,RGB,7cf44b55d499254286341e249ed99dc7,
45829371,https://a0.muscache.com/pictures/7b8ff928-f740-472b-a128-a12ee95b5e27.jpg,success,200.0,c:\Prathik\MY DOCUMENTS\Rental_price_prediction\datasets\multimodal_v3\images\45829371.jpg,1379093,5843,3895,RGB,f72a638c1622f2bc3331dd4f522a76bd,
46005799,https://a0.muscache.com/pictures/prohost-api/Hosting-46005799/original/f1a7d1b1-191c-4ab9-a510-61fb2f411e16.jpeg,success,200.0,c:\Prathik\MY DOCUMENTS\Rental_price_prediction\datasets\multimodal_v3\images\46005799.jpg,222425,1280,851,RGB,e6b6f36a992c19620dfc36ecd830a4f5,
46053732,https://a0.muscache.com/pictures/miso/Hosting-46053732/original/5bce32ee-b298-4e7c-9004-682bc001136c.jpeg,success,200.0,c:\Prathik\MY DOCUMENTS\Rental_price_prediction\datasets\multimodal_v3\images\46053732.jpg,402891,2000,1335,RGB,463aafd95acc8ba6210d791c3f637175,
46234222,https://a0.muscache.com/pictures/miso/Hosting-46234222/original/8e6d7d80-8154-4250-88d1-ff1ce296d197.jpeg,success,200.0,c:\Prathik\MY DOCUMENTS\Rental_price_prediction\datasets\multimodal_v3\images\46234222.jpg,1562911,4200,2800,RGB,777cedf046eaea663afec21cc62aa1c1,
46297494,https://a0.muscache.com/pictures/284fff9d-a066-461a-95dd-96cc20abe5ac.jpg,success,200.0,c:\Prathik\MY DOCUMENTS\Rental_price_prediction\datasets\multimodal_v3\images\46297494.jpg,167544,800,533,RGB,a6bf92eca7031f3f20dfd5371954c8b8,
46313780,https://a0.muscache.com/pictures/615cce17-2926-4d23-897d-caefe92e91a1.jpg,success,200.0,c:\Prathik\MY DOCUMENTS\Rental_price_prediction\datasets\multimodal_v3\images\46313780.jpg,224514,1500,1000,RGB,06f3e1736ed1d699fa0aa6c6c4785831,
45285765,https://a0.muscache.com/pictures/miso/Hosting-45285765/original/b5e92ed6-c6c2-4150-a6c1-3eb6a5f7a71f.jpeg,success,200.0,c:\Prathik\MY DOCUMENTS\Rental_price_prediction\datasets\multimodal_v3\images\45285765.jpg,830485,2000,1333,RGB,efd14e77d340c52756213cf6d7f5ed15,
46394561,https://a0.muscache.com/pictures/12342dae-6794-446f-9f33-4edcf4c244ad.jpg,failed_http_404,404.0,,0,0,0,,,HTTP 404
45892156,https://a0.muscache.com/pictures/b938a336-cd3a-44d0-9637-304d4d19d947.jpg,success,200.0,c:\Prathik\MY DOCUMENTS\Rental_price_prediction\datasets\multimodal_v3\images\45892156.jpg,1953270,5168,3876,RGB,191fa7c90d35e302eeb7bb0b2d757fbd,
46154927,https://a0.muscache.com/pictures/889c69a8-fb9c-4b03-95d0-52ae9eb03871.jpg,success,200.0,c:\Prathik\MY DOCUMENTS\Rental_price_prediction\datasets\multimodal_v3\images\46154927.jpg,149107,750,752,RGB,b8dd55d88aa4194bf6e025692afd7e3a,
46454465,https://a0.muscache.com/pictures/miso/Hosting-46454465/original/c623f6e7-4a79-4bf4-b0b5-78cfbd2e4ad1.jpeg,failed_http_404,404.0,,0,0,0,,,HTTP 404
46196757,https://a0.muscache.com/pictures/492fc23d-2da0-420c-8e30-4bbd55526dab.jpg,success,200.0,c:\Prathik\MY DOCUMENTS\Rental_price_prediction\datasets\multimodal_v3\images\46196757.jpg,1993623,4032,3024,RGB,66f6c6239b5e2e4ac71f163bbc87c5ca,
45266904,https://a0.muscache.com/pictures/miso/Hosting-45266904/original/a1190cc4-3c0b-4ef9-bf45-b2049fe9da60.jpeg,success,200.0,c:\Prathik\MY DOCUMENTS\Rental_price_prediction\datasets\multimodal_v3\images\45266904.jpg,2328680,4032,3024,RGB,aa25b8251a6a74267bcf929f641235da,
46584746,https://a0.muscache.com/pictures/miso/Hosting-46584746/original/a4478b47-37a2-4e41-8eda-7243a6b17ac1.jpeg,success,200.0,c:\Prathik\MY DOCUMENTS\Rental_price_prediction\datasets\multimodal_v3\images\46584746.jpg,826649,2048,1365,RGB,9f81163ac05d871904026cba7f80052f,
46655501,https://a0.muscache.com/pictures/prohost-api/Hosting-46655501/original/021b83ef-b42a-4def-aa8a-063b6ec7909d.jpeg,success,200.0,c:\Prathik\MY DOCUMENTS\Rental_price_prediction\datasets\multimodal_v3\images\46655501.jpg,398160,1500,1000,RGB,ef96d87b6e093c6b99175af39caffc62,
46655499,https://a0.muscache.com/pictures/prohost-api/Hosting-46655499/original/2ec13a2d-6581-4423-aec6-e44509940827.jpeg,success,200.0,c:\Prathik\MY DOCUMENTS\Rental_price_prediction\datasets\multimodal_v3\images\46655499.jpg,334040,1498,1000,RGB,a6b88735844122ac6608c98763a5d697,
45937183,https://a0.muscache.com/pictures/9c5affd6-b9ef-49b0-b964-fdf66c9960ec.jpg,success,200.0,c:\Prathik\MY DOCUMENTS\Rental_price_prediction\datasets\multimodal_v3\images\45937183.jpg,1549343,2500,1670,RGB,acadac3ad7d7e4782c5cb9f4bf43efdb,
46277556,https://a0.muscache.com/pictures/miso/Hosting-46277556/original/14fd7ded-25e5-4a00-bd65-3651f8f66e83.png,success,200.0,c:\Prathik\MY DOCUMENTS\Rental_price_prediction\datasets\multimodal_v3\images\46277556.jpg,243156,1007,757,RGB,701f475581802777d2b2ae7cf2ba8faa,
43660421,https://a0.muscache.com/pictures/c90be878-ccc5-4075-bb88-48d90b7dbb06.jpg,success,200.0,c:\Prathik\MY DOCUMENTS\Rental_price_prediction\datasets\multimodal_v3\images\43660421.jpg,1774001,4032,3024,RGB,21666bc4e8ce4f839883503b617a4090,
46655502,https://a0.muscache.com/pictures/prohost-api/Hosting-46655502/original/bdb2089c-520b-49c0-9d97-e64dc235451d.jpeg,success,200.0,c:\Prathik\MY DOCUMENTS\Rental_price_prediction\datasets\multimodal_v3\images\46655502.jpg,341253,1500,1000,RGB,958ef1c7d0ce74b61b75fe3bf9017a1d,
46353918,https://a0.muscache.com/pictures/prohost-api/Hosting-46353918/original/2e0e97cb-ccfc-469c-8a7c-8ca32f82c257.jpeg,success,200.0,c:\Prathik\MY DOCUMENTS\Rental_price_prediction\datasets\multimodal_v3\images\46353918.jpg,533962,2048,1363,RGB,a7a034f8937c01c1d5325032b901ff92,
46865926,https://a0.muscache.com/pictures/63524203-4848-4eb3-bbaf-95c9d06ebc6f.jpg,success,200.0,c:\Prathik\MY DOCUMENTS\Rental_price_prediction\datasets\multimodal_v3\images\46865926.jpg,245679,2048,1365,RGB,09e72b1e06d21cfec57fdf1026a26516,
46447086,https://a0.muscache.com/pictures/miso/Hosting-46447086/original/d08e32b4-de86-4d6d-89fc-909e8f52f7fc.jpeg,success,200.0,c:\Prathik\MY DOCUMENTS\Rental_price_prediction\datasets\multimodal_v3\images\46447086.jpg,923690,2048,1542,RGB,8d51f1185c2d65d4928d0f22824b3a6d,
44841713,https://a0.muscache.com/pictures/miso/Hosting-44841713/original/8147cde5-08dd-4536-bc98-3c80a1928477.jpeg,success,200.0,c:\Prathik\MY DOCUMENTS\Rental_price_prediction\datasets\multimodal_v3\images\44841713.jpg,1644595,4200,2800,RGB,1128c38e0957e9382e4b512fb0aad857,
46579429,https://a0.muscache.com/pictures/miso/Hosting-46579429/original/0b472b06-c527-4117-862a-1ad402d0d463.jpeg,success,200.0,c:\Prathik\MY DOCUMENTS\Rental_price_prediction\datasets\multimodal_v3\images\46579429.jpg,1858900,4032,3024,RGB,7d963f451e3b3aa6ba1bd88ad13eb53e,
46055359,https://a0.muscache.com/pictures/miso/Hosting-46055359/original/fadb339b-1df5-49f0-a0bd-ffa1d5e4acdb.jpeg,success,200.0,c:\Prathik\MY DOCUMENTS\Rental_price_prediction\datasets\multimodal_v3\images\46055359.jpg,2640669,3024,4032,RGB,17e20e80690eedca7672e3167b11ad65,
43789016,https://a0.muscache.com/pictures/acee47ca-687a-4d1e-8406-96b2223c2ed1.jpg,success,200.0,c:\Prathik\MY DOCUMENTS\Rental_price_prediction\datasets\multimodal_v3\images\43789016.jpg,1815937,4032,3024,RGB,0d5e95d6d22a63128eac71b86b99eb7f,
45783656,https://a0.muscache.com/pictures/prohost-api/Hosting-45783656/original/00ce56e8-edec-4e8b-b989-b9552d97d4c5.jpeg,success,200.0,c:\Prathik\MY DOCUMENTS\Rental_price_prediction\datasets\multimodal_v3\images\45783656.jpg,3647391,3840,2561,RGB,8b86841c16f9d88eafdaf3c5d79eeb15,
46853692,https://a0.muscache.com/pictures/06fba6d0-0f5a-404b-baf6-37ddf0ace5ec.jpg,success,200.0,c:\Prathik\MY DOCUMENTS\Rental_price_prediction\datasets\multimodal_v3\images\46853692.jpg,243135,1201,901,RGB,5432bbe708e3c18efd1be5dc92fb7236,
46939542,https://a0.muscache.com/pictures/prohost-api/Hosting-46939542/original/c820e423-0608-4acc-bf04-ed2755202b76.jpeg,success,200.0,c:\Prathik\MY DOCUMENTS\Rental_price_prediction\datasets\multimodal_v3\images\46939542.jpg,256862,1280,851,RGB,cc2595003ee7663a686c7141b6f4337a,
44267023,https://a0.muscache.com/pictures/45ae21c0-acf2-4877-81be-793da97e160d.jpg,success,200.0,c:\Prathik\MY DOCUMENTS\Rental_price_prediction\datasets\multimodal_v3\images\44267023.jpg,3455939,5184,3456,RGB,d660ef59d12542ef3034d59023b95df2,
47001014,https://a0.muscache.com/pictures/793ee76b-a847-4d7b-a8ab-d5d72c54e5d1.jpg,failed_http_404,404.0,,0,0,0,,,HTTP 404
46943925,https://a0.muscache.com/pictures/prohost-api/Hosting-46943925/original/4fdbf31d-9a7a-4e2e-87c3-ab0d1e8b6ce6.jpeg,success,200.0,c:\Prathik\MY DOCUMENTS\Rental_price_prediction\datasets\multimodal_v3\images\46943925.jpg,343546,1500,1000,RGB,925c3eda09f4d5af3e525352ae2d605a,
46894086,https://a0.muscache.com/pictures/prohost-api/Hosting-46894086/original/68f04032-6feb-4401-9bf4-5d02939d1de0.jpeg,success,200.0,c:\Prathik\MY DOCUMENTS\Rental_price_prediction\datasets\multimodal_v3\images\46894086.jpg,656868,1622,1081,RGB,0fb452a5eb8b08f07bfe1ce45e2ff7a1,
46709631,https://a0.muscache.com/pictures/miso/Hosting-46709631/original/c6ca6f78-b3a9-4ec1-b430-8b8cf40ba7a7.jpeg,success,200.0,c:\Prathik\MY DOCUMENTS\Rental_price_prediction\datasets\multimodal_v3\images\46709631.jpg,525111,2048,1365,RGB,a8624db5b6fc9213958e6f402bdde018,
45717828,https://a0.muscache.com/pictures/e54ad7c9-9920-4c25-9ef3-3b1f4301ad28.jpg,success,200.0,c:\Prathik\MY DOCUMENTS\Rental_price_prediction\datasets\multimodal_v3\images\45717828.jpg,543885,2816,2112,RGB,a4f54afa8a7e3d03505783eecd9865d8,
45254379,https://a0.muscache.com/pictures/miso/Hosting-45254379/original/64473ee7-8158-49c5-9a83-4d56bdb897c7.jpeg,success,200.0,c:\Prathik\MY DOCUMENTS\Rental_price_prediction\datasets\multimodal_v3\images\45254379.jpg,5472916,5856,2912,RGB,a760a9789249cb3029200e15115dbf77,
46943928,https://a0.muscache.com/pictures/prohost-api/Hosting-46943928/original/fb7d80cb-9c73-4a15-9d5c-2cc0ebefd1a4.jpeg,success,200.0,c:\Prathik\MY DOCUMENTS\Rental_price_prediction\datasets\multimodal_v3\images\46943928.jpg,290228,1621,1080,RGB,6771400d8b9c85ae47c0adc583b7c588,
47028331,https://a0.muscache.com/pictures/prohost-api/Hosting-47028331/original/b8d44444-a8a9-4a23-bb78-d6357e6e8139.jpeg,success,200.0,c:\Prathik\MY DOCUMENTS\Rental_price_prediction\datasets\multimodal_v3\images\47028331.jpg,340022,1499,1000,RGB,988c51e2ebd8db79f235503f40429218,
47058648,https://a0.muscache.com/pictures/b601b477-c94f-404b-b05e-3651bc83472a.jpg,success,200.0,c:\Prathik\MY DOCUMENTS\Rental_price_prediction\datasets\multimodal_v3\images\47058648.jpg,264410,1792,828,RGB,2a247befe9e7f44146eb74227add7bdf,
47183867,https://a0.muscache.com/pictures/prohost-api/Hosting-47183867/original/1996e342-8007-47cf-91f9-dd6695382efb.jpeg,failed_http_404,404.0,,0,0,0,,,HTTP 404
47076617,https://a0.muscache.com/pictures/287e43d7-c3d2-46ba-a54d-6c7b66e577ee.jpg,success,200.0,c:\Prathik\MY DOCUMENTS\Rental_price_prediction\datasets\multimodal_v3\images\47076617.jpg,192424,1080,1440,RGB,14cffb1313e429587bcc3068d0c93f51,
46848077,https://a0.muscache.com/pictures/miso/Hosting-46848077/original/cd0afbf5-8b0d-45be-a6db-540bdc8badfb.jpeg,success,200.0,c:\Prathik\MY DOCUMENTS\Rental_price_prediction\datasets\multimodal_v3\images\46848077.jpg,1729212,4608,3456,RGB,a83142e40f0d289fce19b650065bbd52,
44841826,https://a0.muscache.com/pictures/aef3c165-be7f-4d10-bf8f-cce8dbeb1605.jpg,success,200.0,c:\Prathik\MY DOCUMENTS\Rental_price_prediction\datasets\multimodal_v3\images\44841826.jpg,3922179,4032,3024,RGB,bc8869af346fccf9400aa148e93773f9,
47023950,https://a0.muscache.com/pictures/miso/Hosting-47023950/original/bc03f26f-9d43-42a3-a376-da710843c532.jpeg,success,200.0,c:\Prathik\MY DOCUMENTS\Rental_price_prediction\datasets\multimodal_v3\images\47023950.jpg,1811250,4200,2800,RGB,06f64ad6f6cfd4884a85e76bda2a0183,
47237792,https://a0.muscache.com/pictures/prohost-api/Hosting-47237792/original/b12e6fd5-9457-4b5f-b9dc-82988fc62411.jpeg,failed_http_404,404.0,,0,0,0,,,HTTP 404
45231266,https://a0.muscache.com/pictures/f4e91156-8fcc-4312-ba4f-79d61017cc8e.jpg,success,200.0,c:\Prathik\MY DOCUMENTS\Rental_price_prediction\datasets\multimodal_v3\images\45231266.jpg,822890,3264,2448,RGB,68295c7d8ba7a7129a7c8d1123600907,
46562220,https://a0.muscache.com/pictures/4e9bc300-b132-4406-bd28-3476b2766b89.jpg,success,200.0,c:\Prathik\MY DOCUMENTS\Rental_price_prediction\datasets\multimodal_v3\images\46562220.jpg,886797,2946,1752,RGB,71c96e3ed7bd238610eadc4a3559f5bc,
44632019,https://a0.muscache.com/pictures/d48c9c57-27da-4484-8e09-2605ae79e49b.jpg,success,200.0,c:\Prathik\MY DOCUMENTS\Rental_price_prediction\datasets\multimodal_v3\images\44632019.jpg,2441193,3983,2459,RGB,c8df85912b9f9e5e872b613e86af44f0,
47332524,https://a0.muscache.com/pictures/0951b40c-927a-4f29-97f6-dce04249fd0c.jpg,success,200.0,c:\Prathik\MY DOCUMENTS\Rental_price_prediction\datasets\multimodal_v3\images\47332524.jpg,176995,2048,1536,RGB,de6c42294a19cc9e94e3ee1419412184,
46837010,https://a0.muscache.com/pictures/miso/Hosting-46837010/original/be6c6e74-7e27-491d-8495-a7c8896235c7.jpeg,success,200.0,c:\Prathik\MY DOCUMENTS\Rental_price_prediction\datasets\multimodal_v3\images\46837010.jpg,1517159,4032,3024,RGB,f797abae73fd5e159f0711d02e6625d2,
44577918,https://a0.muscache.com/pictures/miso/Hosting-44577918/original/9ab364aa-5aa3-49ac-bb20-d5c58e2c4831.jpeg,success,200.0,c:\Prathik\MY DOCUMENTS\Rental_price_prediction\datasets\multimodal_v3\images\44577918.jpg,2324083,4200,2800,RGB,351eaf8ee086a9b6b0eee48f8a871c1f,
47331141,https://a0.muscache.com/pictures/miso/Hosting-47331141/original/0b2c9b25-c3bc-49e4-8258-bd052927d992.jpeg,success,200.0,c:\Prathik\MY DOCUMENTS\Rental_price_prediction\datasets\multimodal_v3\images\47331141.jpg,238789,914,609,RGB,bcad6f0e63c0d0434b9abf1431308e52,
47716279,https://a0.muscache.com/pictures/prohost-api/Hosting-47716279/original/0a15bdf5-dee8-4152-819f-18bb41ef7594.jpeg,failed_http_404,404.0,,0,0,0,,,HTTP 404
47732580,https://a0.muscache.com/pictures/e8255921-b82e-4f28-96f9-a61628b79a72.jpg,success,200.0,c:\Prathik\MY DOCUMENTS\Rental_price_prediction\datasets\multimodal_v3\images\47732580.jpg,264724,1200,800,RGB,f64cb82dc9fcc5c81be4e09b0d28f67e,
45492496,https://a0.muscache.com/pictures/miso/Hosting-45492496/original/02b7441d-797a-4614-8c88-3c3badbc31ab.jpeg,success,200.0,c:\Prathik\MY DOCUMENTS\Rental_price_prediction\datasets\multimodal_v3\images\45492496.jpg,1613472,4032,2688,RGB,1dd90294044586cfb910821e50970b71,
47161014,https://a0.muscache.com/pictures/e93bc775-8360-475f-bff6-fa0e93ff42e4.jpg,success,200.0,c:\Prathik\MY DOCUMENTS\Rental_price_prediction\datasets\multimodal_v3\images\47161014.jpg,667416,1618,1080,RGB,3b3b04a8724ccfb011613a40abaf1a78,
46711740,https://a0.muscache.com/pictures/miso/Hosting-46711740/original/60b49759-6115-49ce-81c1-de6122784e3e.jpeg,success,200.0,c:\Prathik\MY DOCUMENTS\Rental_price_prediction\datasets\multimodal_v3\images\46711740.jpg,1840321,4200,2800,RGB,4499e35d0658df23932d88707a381e70,
47204256,https://a0.muscache.com/pictures/9bc71bf3-d88a-4d85-bf54-32347547acf3.jpg,success,200.0,c:\Prathik\MY DOCUMENTS\Rental_price_prediction\datasets\multimodal_v3\images\47204256.jpg,4436902,7365,5389,RGB,65bf4414a3ff4657eb1de199cd434a27,
46449865,https://a0.muscache.com/pictures/miso/Hosting-46449865/original/673107ab-c271-4428-ba6c-25fb4b0ebfc4.jpeg,success,200.0,c:\Prathik\MY DOCUMENTS\Rental_price_prediction\datasets\multimodal_v3\images\46449865.jpg,996293,2000,1335,RGB,884751a6bbf9150e6d2f52008304a651,
45740790,https://a0.muscache.com/pictures/1388a8da-f5d9-4609-ae97-da635567b452.jpg,success,200.0,c:\Prathik\MY DOCUMENTS\Rental_price_prediction\datasets\multimodal_v3\images\45740790.jpg,2892530,4032,3024,RGB,3e317944f4106e8560375b46ca9c75da,
47178939,https://a0.muscache.com/pictures/a6c3f0ad-4257-4b86-b025-e72456ffc09a.jpg,success,200.0,c:\Prathik\MY DOCUMENTS\Rental_price_prediction\datasets\multimodal_v3\images\47178939.jpg,1997322,4032,3024,RGB,8063ff3c50911bf2e2cf7d509d1143b9,
47844976,https://a0.muscache.com/pictures/prohost-api/Hosting-47844976/original/6ff41a72-9a50-4e2e-ac3f-7015009cf87b.jpeg,failed_http_404,404.0,,0,0,0,,,HTTP 404
47788298,https://a0.muscache.com/pictures/prohost-api/Hosting-47788298/original/95a1c604-ef21-4897-84da-63a4ffb62cdc.jpeg,success,200.0,c:\Prathik\MY DOCUMENTS\Rental_price_prediction\datasets\multimodal_v3\images\47788298.jpg,241572,1498,1000,RGB,d724b13bd0389fb7a639457c422bd25d,
45631218,https://a0.muscache.com/pictures/miso/Hosting-45631218/original/52233897-0f94-4054-9921-4384a39a4cbf.jpeg,failed_timeout_or_error,,,0,0,0,,,"('Connection broken: IncompleteRead(19522673 bytes read, 515096 more expected)', IncompleteRead(19522673 bytes read, 515096 more expected))"
47069470,https://a0.muscache.com/pictures/3769a75a-ce54-4681-b313-80800b4226bb.jpg,success,200.0,c:\Prathik\MY DOCUMENTS\Rental_price_prediction\datasets\multimodal_v3\images\47069470.jpg,1864556,4032,3024,RGB,85e92c4acca42fab1750596b4c3cca86,
47034316,https://a0.muscache.com/pictures/8645fc23-ff37-47cd-9bcd-499b1c62a87c.jpg,success,200.0,c:\Prathik\MY DOCUMENTS\Rental_price_prediction\datasets\multimodal_v3\images\47034316.jpg,240587,1600,1067,RGB,e7ae19bc4472414b149d5a7b206591e5,
47096192,https://a0.muscache.com/pictures/miso/Hosting-47096192/original/d1e1687b-02ac-440c-bcff-5482ea088372.jpeg,success,200.0,c:\Prathik\MY DOCUMENTS\Rental_price_prediction\datasets\multimodal_v3\images\47096192.jpg,1167182,3544,2658,RGB,7c52ea7d2f7a6371ad27a852ab4533a4,
47927179,https://a0.muscache.com/pictures/37a5e7f2-1046-4ab9-8375-8f3e1248b6a4.jpg,failed_http_404,404.0,,0,0,0,,,HTTP 404
47946151,https://a0.muscache.com/pictures/a4a59f59-76a6-41c0-b517-fb05d575c5f8.jpg,failed_http_404,404.0,,0,0,0,,,HTTP 404
47843399,https://a0.muscache.com/pictures/81424a1f-b1d3-4ff1-af7e-4737231836e8.jpg,success,200.0,c:\Prathik\MY DOCUMENTS\Rental_price_prediction\datasets\multimodal_v3\images\47843399.jpg,1761966,3024,4032,RGB,550d1b84768fa631867a40abc59fae4d,
47834023,https://a0.muscache.com/pictures/miso/Hosting-47834023/original/58f2b2a2-ae65-4c7c-a9e8-ee0babdddc3b.jpeg,success,200.0,c:\Prathik\MY DOCUMENTS\Rental_price_prediction\datasets\multimodal_v3\images\47834023.jpg,281413,1280,960,RGB,1765049124dbfe2e53e0edee789675b7,
45604898,https://a0.muscache.com/pictures/miso/Hosting-45604898/original/edf6b971-c28c-4cc4-bef5-40d6a3bdf344.jpeg,success,200.0,c:\Prathik\MY DOCUMENTS\Rental_price_prediction\datasets\multimodal_v3\images\45604898.jpg,2290650,4032,2688,RGB,3174e3fc5f8e3d14fa5ff1e727ff8bd5,
48008044,https://a0.muscache.com/pictures/ec636602-6899-4a66-931f-a28ee4268656.jpg,failed_http_404,404.0,,0,0,0,,,HTTP 404
47461928,https://a0.muscache.com/pictures/prohost-api/Hosting-47461928/original/3a55086b-d9e4-4e89-a5a9-2f1816b1daf4.jpeg,success,200.0,c:\Prathik\MY DOCUMENTS\Rental_price_prediction\datasets\multimodal_v3\images\47461928.jpg,369102,1500,937,RGB,d22f332e66e6912d612d9da6f760d0c8,
47944926,https://a0.muscache.com/pictures/prohost-api/Hosting-47944926/original/fa3d2205-601a-4371-b1a3-4aeb67caf89f.jpeg,success,200.0,c:\Prathik\MY DOCUMENTS\Rental_price_prediction\datasets\multimodal_v3\images\47944926.jpg,207878,1498,1000,RGB,e3654e8d3838ef74ed41c0442bbf9017,
47891085,https://a0.muscache.com/pictures/miso/Hosting-47891085/original/6092cfba-b154-428a-9724-15206b46c925.jpeg,success,200.0,c:\Prathik\MY DOCUMENTS\Rental_price_prediction\datasets\multimodal_v3\images\47891085.jpg,140119,1242,825,RGB,b2dc17a11db0b74e19a3ec36359818f9,
47405082,https://a0.muscache.com/pictures/3b499ede-7fd8-432b-a1bd-0c33d59c452e.jpg,success,200.0,c:\Prathik\MY DOCUMENTS\Rental_price_prediction\datasets\multimodal_v3\images\47405082.jpg,4213832,6016,4016,RGB,8a58917c197e2138743d99d3c051b9da,
47952458,https://a0.muscache.com/pictures/14575bc6-a87a-4b41-8fe5-1fc254d1dc1e.jpg,success,200.0,c:\Prathik\MY DOCUMENTS\Rental_price_prediction\datasets\multimodal_v3\images\47952458.jpg,230015,1371,914,RGB,518a2ee6a43a5cc81e26866605c02d24,
48015175,https://a0.muscache.com/pictures/76e41d52-e76d-4040-a04b-c7ade28ff64a.jpg,success,200.0,c:\Prathik\MY DOCUMENTS\Rental_price_prediction\datasets\multimodal_v3\images\48015175.jpg,129926,1008,490,RGB,f83736f2d98db4490b590828d8115b0e,
48018838,https://a0.muscache.com/pictures/prohost-api/Hosting-48018838/original/4d5f6b7c-31e9-4540-bf02-0fdd6bd6470b.jpeg,success,200.0,c:\Prathik\MY DOCUMENTS\Rental_price_prediction\datasets\multimodal_v3\images\48018838.jpg,237595,1498,1000,RGB,7de5de3b69e5d2d3589372ab6f1dece0,
48105328,https://a0.muscache.com/pictures/cb8a49a9-fda7-4cd3-80ea-87df040d2757.jpg,success,200.0,c:\Prathik\MY DOCUMENTS\Rental_price_prediction\datasets\multimodal_v3\images\48105328.jpg,150236,1024,684,RGB,67a7ef611f7f0764ec8354a9db664178,
48028960,https://a0.muscache.com/pictures/prohost-api/Hosting-48028960/original/fe23bd65-93d2-40af-b705-71f9d95466f9.jpeg,success,200.0,c:\Prathik\MY DOCUMENTS\Rental_price_prediction\datasets\multimodal_v3\images\48028960.jpg,194027,1498,1000,RGB,26767ceb2825f015f3a82f91072d9ada,
46260287,https://a0.muscache.com/pictures/miso/Hosting-46260287/original/24705b62-4ef3-4acc-82c8-aa2ae400e555.jpeg,success,200.0,c:\Prathik\MY DOCUMENTS\Rental_price_prediction\datasets\multimodal_v3\images\46260287.jpg,2320610,5472,3648,RGB,15fcfe7f4c44b6275ad84de2cb790be1,
48154973,https://a0.muscache.com/pictures/0a02b390-d724-412b-a573-fa0713ca7426.jpg,failed_http_404,404.0,,0,0,0,,,HTTP 404
48053587,https://a0.muscache.com/pictures/prohost-api/Hosting-48053587/original/23647bc0-c1e3-4313-ba85-b37a99fa874b.jpeg,success,200.0,c:\Prathik\MY DOCUMENTS\Rental_price_prediction\datasets\multimodal_v3\images\48053587.jpg,3301711,3840,2560,RGB,701e12b7f12d1992c433f645976d4018,
45070056,https://a0.muscache.com/pictures/1ef3f4a6-86a5-4309-8463-40713b404461.jpg,success,200.0,c:\Prathik\MY DOCUMENTS\Rental_price_prediction\datasets\multimodal_v3\images\45070056.jpg,3991650,4000,3000,RGB,9fd1ad3c87a23488735a2f724a768a05,
47963676,https://a0.muscache.com/pictures/a9983569-94c9-4b68-9006-4544fa33dc42.jpg,success,200.0,c:\Prathik\MY DOCUMENTS\Rental_price_prediction\datasets\multimodal_v3\images\47963676.jpg,1842309,4032,3024,RGB,9a5b395f3a00cf5761af2d8abc3ff977,
47029478,https://a0.muscache.com/pictures/f554b131-aad2-4253-b7dc-d46727c48cfa.jpg,success,200.0,c:\Prathik\MY DOCUMENTS\Rental_price_prediction\datasets\multimodal_v3\images\47029478.jpg,660000,2100,1401,RGB,55e8584b847fabd29f9fbf52c42df274,
46891798,https://a0.muscache.com/pictures/miso/Hosting-25479162/original/c17e4882-4be8-4501-93e7-6681f210a813.jpeg,success,200.0,c:\Prathik\MY DOCUMENTS\Rental_price_prediction\datasets\multimodal_v3\images\46891798.jpg,2089551,4200,2800,RGB,e1e3bd7f7cdfbf229778a685ed7b8097,
47845490,https://a0.muscache.com/pictures/46a277c6-449c-42ea-a67c-bad9e8d06422.jpg,success,200.0,c:\Prathik\MY DOCUMENTS\Rental_price_prediction\datasets\multimodal_v3\images\47845490.jpg,1020351,4032,3024,RGB,8ca656f5b8f95799c9dc41e9f9f0da00,
47872540,https://a0.muscache.com/pictures/miso/Hosting-47872540/original/ddc0110d-7ce2-4927-8190-4aa08cce3c05.jpeg,success,200.0,c:\Prathik\MY DOCUMENTS\Rental_price_prediction\datasets\multimodal_v3\images\47872540.jpg,461557,2016,1512,RGB,b12bdd70d836bf3bb9201c91eb19795b,
48312219,https://a0.muscache.com/pictures/596a66ff-521a-4c11-b666-9020866f55b3.jpg,failed_http_404,404.0,,0,0,0,,,HTTP 404
46901035,https://a0.muscache.com/pictures/5a352620-3b2c-4fc1-abe8-e537b24d5f66.jpg,success,200.0,c:\Prathik\MY DOCUMENTS\Rental_price_prediction\datasets\multimodal_v3\images\46901035.jpg,3565452,4032,3024,RGB,6b1d5d7bd354a36cbb0e663d0653b620,
48334194,https://a0.muscache.com/pictures/prohost-api/Hosting-48334194/original/ff857803-6921-44b4-bdc2-2b0185c2f10d.jpeg,failed_http_404,404.0,,0,0,0,,,HTTP 404
48281109,https://a0.muscache.com/pictures/19c3bcca-b0d0-41a5-a10d-471be63daf73.jpg,success,200.0,c:\Prathik\MY DOCUMENTS\Rental_price_prediction\datasets\multimodal_v3\images\48281109.jpg,276610,2000,1333,RGB,01f0dd68527f8226aeafe1e5a6ebe2bc,
48254135,https://a0.muscache.com/pictures/miso/Hosting-48254135/original/10750195-8693-478a-90e9-4e939feb5212.jpeg,success,200.0,c:\Prathik\MY DOCUMENTS\Rental_price_prediction\datasets\multimodal_v3\images\48254135.jpg,612532,1600,1200,RGB,bb4489143c88925e17096b5923f317a1,
47883934,https://a0.muscache.com/pictures/miso/Hosting-47883934/original/6375fdf6-36ca-4ab6-8855-c376c469ae3d.jpeg,success,200.0,c:\Prathik\MY DOCUMENTS\Rental_price_prediction\datasets\multimodal_v3\images\47883934.jpg,393073,2048,1365,RGB,3faa26f89ea424d31045211535fe59c1,
48334195,https://a0.muscache.com/pictures/prohost-api/Hosting-48334195/original/119b4a5d-7ab4-4d35-aa29-0c8920066936.jpeg,failed_http_404,404.0,,0,0,0,,,HTTP 404
48225674,https://a0.muscache.com/pictures/b8bead5b-6c2d-403f-8cf6-174a65505284.jpg,success,200.0,c:\Prathik\MY DOCUMENTS\Rental_price_prediction\datasets\multimodal_v3\images\48225674.jpg,404150,1920,1280,RGB,7e981e7be5ce7ca327e80f3e69112ca5,
48264488,https://a0.muscache.com/pictures/fef434f3-5829-4977-a052-313e8b17cdc8.jpg,success,200.0,c:\Prathik\MY DOCUMENTS\Rental_price_prediction\datasets\multimodal_v3\images\48264488.jpg,725701,4032,3024,RGB,9e485aaf56e3fff3ce5b7480bf07f0c3,
43912375,https://a0.muscache.com/pictures/16154e7f-efd8-4a02-a26c-caccf5cee911.jpg,failed_timeout_or_error,,,0,0,0,,,"('Connection broken: IncompleteRead(6075902 bytes read, 1974920 more expected)', IncompleteRead(6075902 bytes read, 1974920 more expected))"
48334237,https://a0.muscache.com/pictures/prohost-api/Hosting-48334237/original/75fd50e8-3ff5-4f0a-8f9e-d2f5fe647ce6.jpeg,failed_http_404,404.0,,0,0,0,,,HTTP 404
48334267,https://a0.muscache.com/pictures/prohost-api/Hosting-48334267/original/409b7081-6b58-44cd-9c70-2afc4953ba9c.jpeg,failed_http_404,404.0,,0,0,0,,,HTTP 404
48182872,https://a0.muscache.com/pictures/prohost-api/Hosting-48182872/original/cae5f541-a150-40fb-84d0-cb816a35e128.jpeg,success,200.0,c:\Prathik\MY DOCUMENTS\Rental_price_prediction\datasets\multimodal_v3\images\48182872.jpg,380816,1881,1079,RGB,edd8bd2d0a14b028965636e1c51be2e3,
48334233,https://a0.muscache.com/pictures/prohost-api/Hosting-48334233/original/77411f64-9fdb-49b2-939e-2695b242ecbd.jpeg,failed_http_404,404.0,,0,0,0,,,HTTP 404
48334198,https://a0.muscache.com/pictures/prohost-api/Hosting-48334198/original/c8a2f5f3-341f-4146-b77f-e91f9ac29b74.jpeg,failed_http_404,404.0,,0,0,0,,,HTTP 404
48100107,https://a0.muscache.com/pictures/13fc3f48-a307-4444-b1ca-98f5c9335854.jpg,success,200.0,c:\Prathik\MY DOCUMENTS\Rental_price_prediction\datasets\multimodal_v3\images\48100107.jpg,339543,1800,1201,RGB,28f3c235ff68d18d5d587ecd01ba01d4,
48334295,https://a0.muscache.com/pictures/prohost-api/Hosting-48334295/original/e7a0e1c3-288c-4978-a2e7-9f3ee9e4c1c5.jpeg,failed_http_404,404.0,,0,0,0,,,HTTP 404
48327222,https://a0.muscache.com/pictures/b95d1935-6e4e-445c-9e78-1a403d0d479d.jpg,success,200.0,c:\Prathik\MY DOCUMENTS\Rental_price_prediction\datasets\multimodal_v3\images\48327222.jpg,1239455,3020,2161,RGB,87be57e75beffd574a4fa03ff978f097,
47714591,https://a0.muscache.com/pictures/miso/Hosting-47714591/original/83e7912f-b4eb-4205-88ee-fc28736c235b.jpeg,success,200.0,c:\Prathik\MY DOCUMENTS\Rental_price_prediction\datasets\multimodal_v3\images\47714591.jpg,1626334,4032,3024,RGB,1a58885a9f3849f82a6e1d8049895ece,
48418084,https://a0.muscache.com/pictures/prohost-api/Hosting-48418084/original/f472230e-0581-45b0-a3d9-fb8bead04da8.jpeg,failed_http_404,404.0,,0,0,0,,,HTTP 404
48398336,https://a0.muscache.com/pictures/cd9adc66-347f-419d-8fcf-621cb407fe9c.jpg,success,200.0,c:\Prathik\MY DOCUMENTS\Rental_price_prediction\datasets\multimodal_v3\images\48398336.jpg,161433,1175,620,RGB,b05c34ad53b937d3f227794686ca9161,
47288351,https://a0.muscache.com/pictures/df56b8ae-8ec7-4f7b-801d-e34dac9d0249.jpg,success,200.0,c:\Prathik\MY DOCUMENTS\Rental_price_prediction\datasets\multimodal_v3\images\47288351.jpg,4412855,4002,2800,RGB,511ac5c4a1e1a60c57d36a648ca7dfcd,
48355314,https://a0.muscache.com/pictures/prohost-api/Hosting-48355314/original/ac48f99a-f70c-4d74-b4cf-36af69856d84.jpeg,success,200.0,c:\Prathik\MY DOCUMENTS\Rental_price_prediction\datasets\multimodal_v3\images\48355314.jpg,240942,1498,1000,RGB,197a55abb46bb7dfe2fe0d71366c2a27,
48484474,https://a0.muscache.com/pictures/prohost-api/Hosting-48484474/original/5144e6c8-719a-41cf-b6af-a09f9a8e74fe.jpeg,failed_http_404,404.0,,0,0,0,,,HTTP 404
48422819,https://a0.muscache.com/pictures/7a4049e3-1992-4ce9-be6d-cb1e298d947c.jpg,success,200.0,c:\Prathik\MY DOCUMENTS\Rental_price_prediction\datasets\multimodal_v3\images\48422819.jpg,69789,640,853,RGB,331b952e60fccb2a75b3a3346cc3c31e,
48366945,https://a0.muscache.com/pictures/f82d5107-178a-4d84-bbe2-8c483686b00f.jpg,failed_http_404,404.0,,0,0,0,,,HTTP 404
48569559,https://a0.muscache.com/pictures/prohost-api/Hosting-48569559/original/f20aa316-71f8-42b9-9517-72520b0d2e12.jpeg,failed_http_404,404.0,,0,0,0,,,HTTP 404
48366092,https://a0.muscache.com/pictures/prohost-api/Hosting-48366092/original/531f2808-af4a-462f-9005-6fd5b32c7875.jpeg,success,200.0,c:\Prathik\MY DOCUMENTS\Rental_price_prediction\datasets\multimodal_v3\images\48366092.jpg,186999,1024,768,RGB,561b39245329f558b822fe129b825573,
48569649,https://a0.muscache.com/pictures/prohost-api/Hosting-48569649/original/63cb7df4-0711-410d-8344-cc04fa18633f.jpeg,failed_http_404,404.0,,0,0,0,,,HTTP 404
48472091,https://a0.muscache.com/pictures/prohost-api/Hosting-48472091/original/cfd44a38-eacd-4534-870b-a02e6e60f735.jpeg,success,200.0,c:\Prathik\MY DOCUMENTS\Rental_price_prediction\datasets\multimodal_v3\images\48472091.jpg,129138,1024,683,RGB,f472fff3fa0b9baebce85cf41f116992,
48569663,https://a0.muscache.com/pictures/prohost-api/Hosting-48569663/original/780a03cc-260a-4d67-b62f-b32ee71c805b.jpeg,failed_http_404,404.0,,0,0,0,,,HTTP 404
48623500,https://a0.muscache.com/pictures/miso/Hosting-48623500/original/87f4a47e-f0ad-4b32-be32-cfb67ed9f5d4.jpeg,failed_http_404,404.0,,0,0,0,,,HTTP 404
48400501,https://a0.muscache.com/pictures/6de0f772-b6f2-4820-8f72-3fb7b955bbba.jpg,success,200.0,c:\Prathik\MY DOCUMENTS\Rental_price_prediction\datasets\multimodal_v3\images\48400501.jpg,1331364,3271,3024,RGB,1b43cc475ada2a0fd5e53f8f337c182f,
48547584,https://a0.muscache.com/pictures/prohost-api/Hosting-48547584/original/15c20104-042a-4377-a072-b5debf98a7e6.jpeg,success,200.0,c:\Prathik\MY DOCUMENTS\Rental_price_prediction\datasets\multimodal_v3\images\48547584.jpg,204556,1498,1000,RGB,325ad96718b10ac06ae5e2357d108ada,
48547583,https://a0.muscache.com/pictures/prohost-api/Hosting-48547583/original/5af09b8f-edd0-4bac-9fff-fe80564c20b8.jpeg,success,200.0,c:\Prathik\MY DOCUMENTS\Rental_price_prediction\datasets\multimodal_v3\images\48547583.jpg,206431,1498,1000,RGB,e978d4cba88db510c2bbee04b84978ab,
48349613,https://a0.muscache.com/pictures/212c661e-e3f6-483b-8565-d1a20e894c03.jpg,success,200.0,c:\Prathik\MY DOCUMENTS\Rental_price_prediction\datasets\multimodal_v3\images\48349613.jpg,573763,1536,2048,RGB,494d0ba43c2b0d930656afbf88b652bd,
48491502,https://a0.muscache.com/pictures/f2ea5b36-a070-4a07-bea3-2207f2d24563.jpg,success,200.0,c:\Prathik\MY DOCUMENTS\Rental_price_prediction\datasets\multimodal_v3\images\48491502.jpg,299162,2048,1124,RGB,ea649ac0a8d05a882cc45229a3046367,
48657021,https://a0.muscache.com/pictures/prohost-api/Hosting-48657021/original/846f39ee-174e-484b-a990-9149fce0f1cd.jpeg,success,200.0,c:\Prathik\MY DOCUMENTS\Rental_price_prediction\datasets\multimodal_v3\images\48657021.jpg,233036,1498,1000,RGB,f476604b8fd8571932494463602af51d,
48639122,https://a0.muscache.com/pictures/5c89a432-40c6-4198-88ff-303690e50eeb.jpg,success,200.0,c:\Prathik\MY DOCUMENTS\Rental_price_prediction\datasets\multimodal_v3\images\48639122.jpg,796929,3024,4032,RGB,30519d7a3b83121eeb48db87387130f7,
48661410,https://a0.muscache.com/pictures/0c30f197-9531-4ac3-8ccc-1d0308046f5d.jpg,success,200.0,c:\Prathik\MY DOCUMENTS\Rental_price_prediction\datasets\multimodal_v3\images\48661410.jpg,599738,2048,1536,RGB,fec67d02fcdb9618586436ac019e12bf,
47330330,https://a0.muscache.com/pictures/1b4271fc-3f63-4d09-a3c6-34aaf435de43.jpg,success,200.0,c:\Prathik\MY DOCUMENTS\Rental_price_prediction\datasets\multimodal_v3\images\47330330.jpg,3273842,4032,3024,RGB,bf9257e233b8184efc5b6cd47e9affb1,
48570953,https://a0.muscache.com/pictures/8e0253bb-1830-46ad-b3db-012088111f96.jpg,success,200.0,c:\Prathik\MY DOCUMENTS\Rental_price_prediction\datasets\multimodal_v3\images\48570953.jpg,426000,2048,1365,RGB,867f47cfc958b9c82a349ee46602e1dd,
48714029,https://a0.muscache.com/pictures/prohost-api/Hosting-48714029/original/0c1f76a9-b45e-46f9-95a0-b207ad8a28d5.jpeg,failed_http_404,404.0,,0,0,0,,,HTTP 404
48639348,https://a0.muscache.com/pictures/1f596142-aff8-47d7-9e97-3729be6cf8a1.jpg,success,200.0,c:\Prathik\MY DOCUMENTS\Rental_price_prediction\datasets\multimodal_v3\images\48639348.jpg,245909,1296,968,RGB,747057b2cdbd85bcd56bbfa64830ad6a,
48672808,https://a0.muscache.com/pictures/prohost-api/Hosting-48672808/original/f94bd149-6f40-4211-8b3a-d703fa10d58f.jpeg,success,200.0,c:\Prathik\MY DOCUMENTS\Rental_price_prediction\datasets\multimodal_v3\images\48672808.jpg,308354,1500,1001,RGB,87c9513fe91631aec7953739ecc029a3,
48735115,https://a0.muscache.com/pictures/762b7cf4-955d-4438-9aa1-68f0c7ff07a8.jpg,success,200.0,c:\Prathik\MY DOCUMENTS\Rental_price_prediction\datasets\multimodal_v3\images\48735115.jpg,189024,1280,960,RGB,374fb93257159751d3cc9c65f17768f5,
48465967,https://a0.muscache.com/pictures/70a510d6-2a20-40f0-8996-6d206efda4f4.jpg,success,200.0,c:\Prathik\MY DOCUMENTS\Rental_price_prediction\datasets\multimodal_v3\images\48465967.jpg,1799308,4032,3024,RGB,7657f7bebd1d2a4a1773c08242ffdee5,
47871995,https://a0.muscache.com/pictures/ff734ac6-2393-48d2-8bd2-5d1108b044db.jpg,success,200.0,c:\Prathik\MY DOCUMENTS\Rental_price_prediction\datasets\multimodal_v3\images\47871995.jpg,2186023,4032,3024,RGB,da98d001d0f7d8514b363eac16fee06a,
48672812,https://a0.muscache.com/pictures/prohost-api/Hosting-48672812/original/73d7c7e8-94b0-43d2-bf46-783c5d1e133c.jpeg,success,200.0,c:\Prathik\MY DOCUMENTS\Rental_price_prediction\datasets\multimodal_v3\images\48672812.jpg,384430,1623,1080,RGB,f9837637133f1bb3ed840e70de1dab27,
48764233,https://a0.muscache.com/pictures/miso/Hosting-48764233/original/cfd2bd7a-6c39-4f9f-ad65-9fabf977c9a5.jpeg,success,200.0,c:\Prathik\MY DOCUMENTS\Rental_price_prediction\datasets\multimodal_v3\images\48764233.jpg,786447,2048,1536,RGB,6617401c03e43f3eec0a5caf116560a9,
47963232,https://a0.muscache.com/pictures/b82307bc-16a3-4866-9a1c-55bd07b4ed93.jpg,success,200.0,c:\Prathik\MY DOCUMENTS\Rental_price_prediction\datasets\multimodal_v3\images\47963232.jpg,632527,3072,2304,RGB,11310f17365e62228a270ed001e6e0b0,
48789773,https://a0.muscache.com/pictures/8ec0bef9-7e90-4713-981c-366467820160.jpg,success,200.0,c:\Prathik\MY DOCUMENTS\Rental_price_prediction\datasets\multimodal_v3\images\48789773.jpg,145834,960,720,RGB,902a958c78272ead9aec34f6bd4c2ffe,
48783147,https://a0.muscache.com/pictures/7b3bbd66-3c6f-440c-b5ec-f505b3de68c5.jpg,success,200.0,c:\Prathik\MY DOCUMENTS\Rental_price_prediction\datasets\multimodal_v3\images\48783147.jpg,1678660,4032,3024,RGB,9984db58e7acd24c0a1d2f5eec5ce756,
48672814,https://a0.muscache.com/pictures/prohost-api/Hosting-48672814/original/0f55e4bc-b513-45be-8a01-fb6db04a0d38.jpeg,success,200.0,c:\Prathik\MY DOCUMENTS\Rental_price_prediction\datasets\multimodal_v3\images\48672814.jpg,353589,1623,1080,RGB,35cf12f94d7eb13050c876beb604a247,
48841953,https://a0.muscache.com/pictures/88e0477b-dba0-4c43-bb82-a06f779630e7.jpg,success,200.0,c:\Prathik\MY DOCUMENTS\Rental_price_prediction\datasets\multimodal_v3\images\48841953.jpg,151755,1500,998,RGB,9892c0686817cb16e7ffc567ac6698c3,
48731200,https://a0.muscache.com/pictures/d7a5d0e3-52bd-4ed8-a6fe-6a699c084dff.jpg,success,200.0,c:\Prathik\MY DOCUMENTS\Rental_price_prediction\datasets\multimodal_v3\images\48731200.jpg,821170,2016,1512,RGB,2751440bb39fe1eaeb69ceb28fe19c91,
48887124,https://a0.muscache.com/pictures/254f0f75-197c-4e56-bfa2-86eb7b03eb7c.jpg,success,200.0,c:\Prathik\MY DOCUMENTS\Rental_price_prediction\datasets\multimodal_v3\images\48887124.jpg,1100473,3840,2560,RGB,381313555290a098b3ad201c450bfc8f,
45988503,https://a0.muscache.com/pictures/miso/Hosting-45988503/original/3acc9f19-c532-43f1-8b6e-376982162cb8.jpeg,success,200.0,c:\Prathik\MY DOCUMENTS\Rental_price_prediction\datasets\multimodal_v3\images\45988503.jpg,5497359,6720,4480,RGB,35e7817a04c7ed3afd563a6aed7540cf,
48899543,https://a0.muscache.com/pictures/prohost-api/Hosting-48899543/original/25b2413f-071f-4059-aaa0-6d2ba100889e.jpeg,success,200.0,c:\Prathik\MY DOCUMENTS\Rental_price_prediction\datasets\multimodal_v3\images\48899543.jpg,390320,1200,628,RGB,2ea4e88f2e2a795585fce28e59a07bc4,
47767006,https://a0.muscache.com/pictures/b01713f4-edcc-4738-b9e7-8cb73ef80562.jpg,success,200.0,c:\Prathik\MY DOCUMENTS\Rental_price_prediction\datasets\multimodal_v3\images\47767006.jpg,4292639,4895,3268,RGB,fc488525c56549d5afd67aa0c59a8ee3,
48903100,https://a0.muscache.com/pictures/7504e01d-7585-4554-bd4a-bf0ef6837fb1.jpg,success,200.0,c:\Prathik\MY DOCUMENTS\Rental_price_prediction\datasets\multimodal_v3\images\48903100.jpg,84994,550,413,RGB,2c702e0d32927b6fe9d512db058ad743,
48819249,https://a0.muscache.com/pictures/miso/Hosting-48819249/original/0e08bd94-b281-4f3c-ad38-e9aceff83d01.jpeg,success,200.0,c:\Prathik\MY DOCUMENTS\Rental_price_prediction\datasets\multimodal_v3\images\48819249.jpg,945427,3024,4032,RGB,08ef41cd5ec3831f379a107d52856f29,
48899534,https://a0.muscache.com/pictures/prohost-api/Hosting-48899534/original/d36bf515-3343-4341-97e6-494ad5a88b4d.jpeg,success,200.0,c:\Prathik\MY DOCUMENTS\Rental_price_prediction\datasets\multimodal_v3\images\48899534.jpg,542964,1868,1080,RGB,c6b32cc216ecf1a1e16c7c35987be10b,
48699580,https://a0.muscache.com/pictures/95332d14-eaad-4db2-adae-a4bdc40113f4.jpg,success,200.0,c:\Prathik\MY DOCUMENTS\Rental_price_prediction\datasets\multimodal_v3\images\48699580.jpg,353117,2048,1365,RGB,21c5a1b10b8b5b744947ec10e359e287,
48972465,https://a0.muscache.com/pictures/8d08d557-de13-4e8c-8afc-8d420081d47f.jpg,success,200.0,c:\Prathik\MY DOCUMENTS\Rental_price_prediction\datasets\multimodal_v3\images\48972465.jpg,454333,2048,1365,RGB,eb18bbfe784e3895c34992cf343c2b7f,
48824124,https://a0.muscache.com/pictures/miso/Hosting-48824124/original/d0dc615a-cfc9-4ea0-a1a6-ad3fbb0ae173.jpeg,success,200.0,c:\Prathik\MY DOCUMENTS\Rental_price_prediction\datasets\multimodal_v3\images\48824124.jpg,746510,2560,1920,RGB,e85fe978df2d4f0a6b1425e36674634d,
49070464,https://a0.muscache.com/pictures/miso/Hosting-49070464/original/9813c498-8979-44f4-a522-1bd316f2445c.jpeg,success,200.0,c:\Prathik\MY DOCUMENTS\Rental_price_prediction\datasets\multimodal_v3\images\49070464.jpg,51251,480,360,RGB,e85f441047c26c12263932ae056cc74c,
48933619,https://a0.muscache.com/pictures/d60eb63f-3472-42fe-b597-9917f9c9643b.jpg,success,200.0,c:\Prathik\MY DOCUMENTS\Rental_price_prediction\datasets\multimodal_v3\images\48933619.jpg,1839305,3600,2400,RGB,037a2ef5ef50a87dd4cc13f026face65,
46049132,https://a0.muscache.com/pictures/miso/Hosting-46049132/original/5822759b-5673-45da-9279-e2503e60ea2d.jpeg,failed_timeout_or_error,,,0,0,0,,,"('Connection broken: IncompleteRead(5760462 bytes read, 13075000 more expected)', IncompleteRead(5760462 bytes read, 13075000 more expected))"
48974282,https://a0.muscache.com/pictures/miso/Hosting-48974282/original/52a88bd8-5637-4f83-8896-b99e2f05825f.jpeg,success,200.0,c:\Prathik\MY DOCUMENTS\Rental_price_prediction\datasets\multimodal_v3\images\48974282.jpg,440209,2048,1363,RGB,e69ac4f81c15099b543a9e146fbbd5f1,
49086595,https://a0.muscache.com/pictures/c38f8d70-aea4-455f-8325-9e8ce8ebf8a7.jpg,success,200.0,c:\Prathik\MY DOCUMENTS\Rental_price_prediction\datasets\multimodal_v3\images\49086595.jpg,296327,1280,960,RGB,21d03ac91c963d2f1d4edce41bee860c,
49093110,https://a0.muscache.com/pictures/miso/Hosting-49093110/original/07978265-c30c-42bd-8bb8-a82f5b775649.jpeg,success,200.0,c:\Prathik\MY DOCUMENTS\Rental_price_prediction\datasets\multimodal_v3\images\49093110.jpg,154568,1024,681,RGB,6680341669e964c610af8e89a7136de3,
49198746,https://a0.muscache.com/pictures/19c5a777-da65-436b-bc3d-080a1895e4dc.jpg,failed_http_404,404.0,,0,0,0,,,HTTP 404
49231039,https://a0.muscache.com/pictures/b5eb2e2f-7792-4457-8259-60baf5eeabfc.jpg,failed_http_404,404.0,,0,0,0,,,HTTP 404
48672074,https://a0.muscache.com/pictures/39792e77-ebbc-43f8-abae-144f9dbd5743.jpg,success,200.0,c:\Prathik\MY DOCUMENTS\Rental_price_prediction\datasets\multimodal_v3\images\48672074.jpg,1827341,4032,3024,RGB,004c2151fce48174f55304f209d14085,
49232318,https://a0.muscache.com/pictures/8e775253-ea00-4d88-ad6a-d8a421ceb97a.jpg,success,200.0,c:\Prathik\MY DOCUMENTS\Rental_price_prediction\datasets\multimodal_v3\images\49232318.jpg,1868486,6016,4016,RGB,d5385fc357f15bdde399ccb4560c62ed,
49152916,https://a0.muscache.com/pictures/prohost-api/Hosting-49152916/original/af9828ab-6be7-49c7-b477-7e8ad8a14cb5.jpeg,success,200.0,c:\Prathik\MY DOCUMENTS\Rental_price_prediction\datasets\multimodal_v3\images\49152916.jpg,257753,1620,1080,RGB,443edfd299c4de031f2422519b615e7d,
49270741,https://a0.muscache.com/pictures/a3525d35-d0d8-4fdc-91e8-44ec9d65b87c.jpg,failed_http_404,404.0,,0,0,0,,,HTTP 404
49232645,https://a0.muscache.com/pictures/prohost-api/Hosting-49232645/original/e4360b0a-2d0f-4f8c-99f6-780312af2813.jpeg,success,200.0,c:\Prathik\MY DOCUMENTS\Rental_price_prediction\datasets\multimodal_v3\images\49232645.jpg,347592,1498,1000,RGB,bd2cd1bff71d2b3d5912884340a239cc,
49291580,https://a0.muscache.com/pictures/miso/Hosting-49291580/original/b6921427-beee-452f-9a4f-723c83481d7e.jpeg,failed_http_404,404.0,,0,0,0,,,HTTP 404
49338161,https://a0.muscache.com/pictures/8f5f77cb-1e0f-4f2d-802c-46ad893e4105.jpg,success,200.0,c:\Prathik\MY DOCUMENTS\Rental_price_prediction\datasets\multimodal_v3\images\49338161.jpg,256738,1024,768,RGB,b64b09d56fe36c7024ccf2d1898b85cc,
48900848,https://a0.muscache.com/pictures/ceb531c0-57be-4615-9a94-f348ba0fae10.jpg,success,200.0,c:\Prathik\MY DOCUMENTS\Rental_price_prediction\datasets\multimodal_v3\images\48900848.jpg,483146,1536,2048,RGB,6b914e3f20e202595f9ab68f57b3163f,
48167244,https://a0.muscache.com/pictures/59d4c5ec-0671-48ef-b784-f9143a80e064.jpg,success,200.0,c:\Prathik\MY DOCUMENTS\Rental_price_prediction\datasets\multimodal_v3\images\48167244.jpg,970156,4000,1868,RGB,2d6913d71a9b902b90efdae5770aced8,
45765329,https://a0.muscache.com/pictures/44ab7973-040b-432d-a73d-144d912c86a0.jpg,success,200.0,c:\Prathik\MY DOCUMENTS\Rental_price_prediction\datasets\multimodal_v3\images\45765329.jpg,4254448,4032,3024,RGB,91a4e90454b32f84e99a46df8de166a1,
45730926,https://a0.muscache.com/pictures/518193a1-f586-4f75-b4ec-498a1795733d.jpg,failed_timeout_or_error,,,0,0,0,,,"('Connection broken: IncompleteRead(13065737 bytes read, 484472 more expected)', IncompleteRead(13065737 bytes read, 484472 more expected))"
49467252,https://a0.muscache.com/pictures/miso/Hosting-49467252/original/8d876395-d8ac-47cb-8f9d-c6d2ab0c4f69.jpeg,failed_http_404,404.0,,0,0,0,,,HTTP 404
49402207,https://a0.muscache.com/pictures/34d77eaa-667f-460b-840b-5a818c1f8a76.jpg,success,200.0,c:\Prathik\MY DOCUMENTS\Rental_price_prediction\datasets\multimodal_v3\images\49402207.jpg,517002,2048,1536,RGB,f45b37f7c1059592352f8513982df065,
49154831,https://a0.muscache.com/pictures/9841a1f2-cf6d-4392-9dd7-6415936e5ac7.jpg,success,200.0,c:\Prathik\MY DOCUMENTS\Rental_price_prediction\datasets\multimodal_v3\images\49154831.jpg,3925369,4032,3024,RGB,5885155b74aa05ccb2c1cce917dd2f5f,
47069955,https://a0.muscache.com/pictures/miso/Hosting-47069955/original/eab6a3b0-9b2e-42a6-8c09-dfbd8fdfd3ce.jpeg,success,200.0,c:\Prathik\MY DOCUMENTS\Rental_price_prediction\datasets\multimodal_v3\images\47069955.jpg,4976270,7981,5321,RGB,4d56e629c6ff7571392f9975dd5f4fb8,
49503229,https://a0.muscache.com/pictures/0013abfb-8e30-49fa-80c7-7efa532a0cdd.jpg,success,200.0,c:\Prathik\MY DOCUMENTS\Rental_price_prediction\datasets\multimodal_v3\images\49503229.jpg,506937,1734,2312,RGB,cb2c9b53d66194e056b820a62d471167,
48899545,https://a0.muscache.com/pictures/prohost-api/Hosting-48899545/original/a57ffaf4-970f-40ad-be04-73340c31782f.jpeg,success,200.0,c:\Prathik\MY DOCUMENTS\Rental_price_prediction\datasets\multimodal_v3\images\48899545.jpg,462840,1500,849,RGB,590669491eb9568992be6c968318d0b5,
48901952,https://a0.muscache.com/pictures/b0902137-95b9-416a-a16e-47c5e2a04dea.jpg,success,200.0,c:\Prathik\MY DOCUMENTS\Rental_price_prediction\datasets\multimodal_v3\images\48901952.jpg,933217,1536,2048,RGB,7306cc6e42838efe4647ccf400e50ba0,
49243841,https://a0.muscache.com/pictures/218e9909-60a9-4168-b745-a0f60792a4fa.jpg,success,200.0,c:\Prathik\MY DOCUMENTS\Rental_price_prediction\datasets\multimodal_v3\images\49243841.jpg,815378,2048,1518,RGB,b9ff5ca43ae1587c5660e016c726874a,
49565047,https://a0.muscache.com/pictures/prohost-api/Hosting-49565047/original/ea08711d-dfc1-41bb-88a3-f42f340bd827.jpeg,failed_http_404,404.0,,0,0,0,,,HTTP 404
49468364,https://a0.muscache.com/pictures/prohost-api/Hosting-49468364/original/764ffe1a-44fd-4772-aa47-9e0079e2755f.jpeg,success,200.0,c:\Prathik\MY DOCUMENTS\Rental_price_prediction\datasets\multimodal_v3\images\49468364.jpg,567161,2048,1363,RGB,71e4f67f2a618a984cd3226c7524742b,
49589050,https://a0.muscache.com/pictures/miso/Hosting-49589050/original/70c78638-bea6-43c3-bd58-e7010fda5515.jpeg,failed_http_404,404.0,,0,0,0,,,HTTP 404
48122568,https://a0.muscache.com/pictures/e13b14e5-a73a-4a98-9440-816d869edb2f.jpg,success,200.0,c:\Prathik\MY DOCUMENTS\Rental_price_prediction\datasets\multimodal_v3\images\48122568.jpg,1703006,4032,3024,RGB,4b18a513038fc58f6db0ca4028e4c356,
49595881,https://a0.muscache.com/pictures/miso/Hosting-49595881/original/1dae3c7c-cc2c-48ef-8d9f-96ddf82317ae.jpeg,success,200.0,c:\Prathik\MY DOCUMENTS\Rental_price_prediction\datasets\multimodal_v3\images\49595881.jpg,45079,640,428,RGB,57be6a68f3be538138052e0b129dbb5d,
49516666,https://a0.muscache.com/pictures/5272c086-5519-46a6-824a-6fd119a2dd3e.jpg,success,200.0,c:\Prathik\MY DOCUMENTS\Rental_price_prediction\datasets\multimodal_v3\images\49516666.jpg,600862,1500,1000,RGB,532bbdfc7469de04ca176e6103921751,
48133895,https://a0.muscache.com/pictures/7b51acf9-7b6e-4861-8ce2-07b2ddd594a4.jpg,success,200.0,c:\Prathik\MY DOCUMENTS\Rental_price_prediction\datasets\multimodal_v3\images\48133895.jpg,1794814,4000,2666,RGB,8376ef8c933ebb93855ff7d77bb2cbfb,
49635615,https://a0.muscache.com/pictures/062d610c-dc23-4acb-9128-95587de04922.jpg,success,200.0,c:\Prathik\MY DOCUMENTS\Rental_price_prediction\datasets\multimodal_v3\images\49635615.jpg,47555,640,480,RGB,4909a6d064600f4341323a5bc9e93aae,
49640482,https://a0.muscache.com/pictures/prohost-api/Hosting-49640482/original/f822a560-73dd-401b-a370-aab9051c3710.jpeg,success,200.0,c:\Prathik\MY DOCUMENTS\Rental_price_prediction\datasets\multimodal_v3\images\49640482.jpg,206129,1498,1000,RGB,98921514016c57617213ef0d4cee40a4,
49629268,https://a0.muscache.com/pictures/753744cb-63d5-46a3-9bcb-021c77429abc.jpg,success,200.0,c:\Prathik\MY DOCUMENTS\Rental_price_prediction\datasets\multimodal_v3\images\49629268.jpg,1801275,4032,3024,RGB,84148d5ba6d044a6fa1fa2294685ad18,
47810721,https://a0.muscache.com/pictures/miso/Hosting-47810721/original/27275e31-839e-49f9-8bb5-fe0e51987282.jpeg,success,200.0,c:\Prathik\MY DOCUMENTS\Rental_price_prediction\datasets\multimodal_v3\images\47810721.jpg,1779753,4032,2688,RGB,2c833710d8b13063d76a8285dfca6402,
49503489,https://a0.muscache.com/pictures/804f2aea-f2eb-4e39-9269-3bdf5aa633f4.jpg,success,200.0,c:\Prathik\MY DOCUMENTS\Rental_price_prediction\datasets\multimodal_v3\images\49503489.jpg,1456689,4032,3024,RGB,25161a8e9aa2a3af6495ded46025c1a1,
49674862,https://a0.muscache.com/pictures/miso/Hosting-49674862/original/9cc0d3ec-0551-4296-b921-ea72112a69af.jpeg,success,200.0,c:\Prathik\MY DOCUMENTS\Rental_price_prediction\datasets\multimodal_v3\images\49674862.jpg,1388020,4126,2751,RGB,008b6ac4567e97a5c226b433e2c7e965,
49361421,https://a0.muscache.com/pictures/miso/Hosting-49361421/original/5f7222b9-7f3d-400b-8818-30403b476c6b.jpeg,success,200.0,c:\Prathik\MY DOCUMENTS\Rental_price_prediction\datasets\multimodal_v3\images\49361421.jpg,1549197,4032,3024,RGB,83125a88845c2eca2c5a739e88fb87de,
48707829,https://a0.muscache.com/pictures/febe527f-287f-4cb4-af5c-aef38ab476b3.jpg,success,200.0,c:\Prathik\MY DOCUMENTS\Rental_price_prediction\datasets\multimodal_v3\images\48707829.jpg,1895566,4000,3000,RGB,09385a0a63524e73f8dc61d5afcea6c0,
48330527,https://a0.muscache.com/pictures/miso/Hosting-48330527/original/bf51e87e-65a2-4083-9675-1b79a6990352.jpeg,success,200.0,c:\Prathik\MY DOCUMENTS\Rental_price_prediction\datasets\multimodal_v3\images\48330527.jpg,1669998,3887,2915,RGB,55f432a98911c78a42d60ffc63e9fea3,
49484290,https://a0.muscache.com/pictures/miso/Hosting-49484290/original/405e5047-2d44-4167-b224-212202d0217d.jpeg,success,200.0,c:\Prathik\MY DOCUMENTS\Rental_price_prediction\datasets\multimodal_v3\images\49484290.jpg,822434,2695,1797,RGB,5d6fda1630414d56c1fab1190594110c,
49713009,https://a0.muscache.com/pictures/miso/Hosting-49713009/original/e1da5aae-fd8a-4ac8-9d7b-156d0d122425.jpeg,success,200.0,c:\Prathik\MY DOCUMENTS\Rental_price_prediction\datasets\multimodal_v3\images\49713009.jpg,1576634,3000,2000,RGB,ac442c27d5685ca85339662424540629,
49443439,https://a0.muscache.com/pictures/miso/Hosting-49443439/original/efe842ce-9ca9-4ace-ae61-07a3814c99ef.jpeg,success,200.0,c:\Prathik\MY DOCUMENTS\Rental_price_prediction\datasets\multimodal_v3\images\49443439.jpg,635414,2691,1794,RGB,87e1eea57012e4f4944357f649491547,
49757688,https://a0.muscache.com/pictures/58ec88ed-752b-4910-b475-a1df12559056.jpg,success,200.0,c:\Prathik\MY DOCUMENTS\Rental_price_prediction\datasets\multimodal_v3\images\49757688.jpg,194075,1024,768,RGB,8ca7d1d1223c51bdb0dc2da217ae6c19,
49155406,https://a0.muscache.com/pictures/1b429e2d-bfc8-4dd1-8e6e-4503e8fd0ec0.jpg,success,200.0,c:\Prathik\MY DOCUMENTS\Rental_price_prediction\datasets\multimodal_v3\images\49155406.jpg,1185796,2000,1333,RGB,645e0212dbb044abe1c914f80f550f2b,
49753340,https://a0.muscache.com/pictures/deee3818-0ae3-4696-acc4-44a0fc94220a.jpg,success,200.0,c:\Prathik\MY DOCUMENTS\Rental_price_prediction\datasets\multimodal_v3\images\49753340.jpg,247698,1051,716,RGB,48697cb31c3170684b5e18d4963455d9,
48969877,https://a0.muscache.com/pictures/14fdb096-9ab4-459f-8468-e9f9053f9006.jpg,success,200.0,c:\Prathik\MY DOCUMENTS\Rental_price_prediction\datasets\multimodal_v3\images\48969877.jpg,2108004,4032,3024,RGB,ecb71d5858f384613b5c513583d01d0e,
49686300,https://a0.muscache.com/pictures/285f1825-912b-4685-b1e0-27b97463c44e.jpg,success,200.0,c:\Prathik\MY DOCUMENTS\Rental_price_prediction\datasets\multimodal_v3\images\49686300.jpg,2137220,4032,3024,RGB,a7e76c2af0832d206a262369e92fd8ba,
49789328,https://a0.muscache.com/pictures/miso/Hosting-49789328/original/f0621392-4b58-42ba-b397-5ae13ad0e7aa.jpeg,success,200.0,c:\Prathik\MY DOCUMENTS\Rental_price_prediction\datasets\multimodal_v3\images\49789328.jpg,1548822,4032,3024,RGB,2abb29af3ad3807a62edffdb6198b3c8,
49838245,https://a0.muscache.com/pictures/fdcdbd9c-5e9a-4b58-84a9-0ed1bdfd79b1.jpg,success,200.0,c:\Prathik\MY DOCUMENTS\Rental_price_prediction\datasets\multimodal_v3\images\49838245.jpg,268330,2048,1124,RGB,c4f1f9a272b67ee32b64006d54e2bd98,
49630964,https://a0.muscache.com/pictures/259c5080-ce40-4463-be23-94282dd9a06d.jpg,success,200.0,c:\Prathik\MY DOCUMENTS\Rental_price_prediction\datasets\multimodal_v3\images\49630964.jpg,1468201,4032,3024,RGB,48e782465cbcddf298aff9d2ceeee72a,
49900559,https://a0.muscache.com/pictures/3010d5a1-4c43-4a98-ae10-1f359fdb42b8.jpg,success,200.0,c:\Prathik\MY DOCUMENTS\Rental_price_prediction\datasets\multimodal_v3\images\49900559.jpg,790683,4032,3024,RGB,8e5d6a44967a93ab406c60e6a91dad2f,
49635989,https://a0.muscache.com/pictures/add23ea7-debb-4ecc-a58c-11036deb2c6c.jpg,success,200.0,c:\Prathik\MY DOCUMENTS\Rental_price_prediction\datasets\multimodal_v3\images\49635989.jpg,1089024,1832,1374,RGB,763af0d1d6bfc6e4d6ec8ab058c36dbd,
49988605,https://a0.muscache.com/pictures/c136bb0c-b2d4-4caf-bd6b-224732d02cbd.jpg,success,200.0,c:\Prathik\MY DOCUMENTS\Rental_price_prediction\datasets\multimodal_v3\images\49988605.jpg,80553,666,444,RGB,9fd5357cb42653c4250373bc7df29ca3,
50033430,https://a0.muscache.com/pictures/prohost-api/Hosting-50033430/original/f5498f84-8b4e-44ff-8b55-e2b11cbec32e.jpeg,failed_http_404,404.0,,0,0,0,,,HTTP 404
48971919,https://a0.muscache.com/pictures/miso/Hosting-48971919/original/f8afaedf-6dab-4a79-94b9-7ba2f373d6c5.jpeg,success,200.0,c:\Prathik\MY DOCUMENTS\Rental_price_prediction\datasets\multimodal_v3\images\48971919.jpg,729154,3072,2304,RGB,c612c63e4ea0f8c9f3792f053c024a6d,
49987126,https://a0.muscache.com/pictures/ba9d386a-63f0-4877-96f4-a14f5accaef7.jpg,success,200.0,c:\Prathik\MY DOCUMENTS\Rental_price_prediction\datasets\multimodal_v3\images\49987126.jpg,170052,1237,825,RGB,1f7dc8096a74cd8ff1d0799be91c1ec2,
49988121,https://a0.muscache.com/pictures/miso/Hosting-49988121/original/aea79400-428f-4e04-b0e7-f3edcc46b53b.jpeg,success,200.0,c:\Prathik\MY DOCUMENTS\Rental_price_prediction\datasets\multimodal_v3\images\49988121.jpg,2192673,4032,3024,RGB,705aa7d74f64b7b8fc59fd9913483a01,
49687904,https://a0.muscache.com/pictures/miso/Hosting-49687904/original/81eaf734-f551-4c78-8ff3-4066c081b9cd.jpeg,success,200.0,c:\Prathik\MY DOCUMENTS\Rental_price_prediction\datasets\multimodal_v3\images\49687904.jpg,2497169,4608,3072,RGB,5ee2fb6f66e7fa9f4a76a91853347cdf,
49919136,https://a0.muscache.com/pictures/04529c87-c4f2-48a7-a6bb-9cd4a0630c19.jpg,success,200.0,c:\Prathik\MY DOCUMENTS\Rental_price_prediction\datasets\multimodal_v3\images\49919136.jpg,1936303,4000,3000,RGB,f5bb6f1dec31d17b42758f01406346b5,
50111754,https://a0.muscache.com/pictures/miso/Hosting-50111754/original/5b9977a6-4b1a-4988-bed5-d1866c113ed5.jpeg,success,200.0,c:\Prathik\MY DOCUMENTS\Rental_price_prediction\datasets\multimodal_v3\images\50111754.jpg,500230,1242,1558,RGB,101d536a52f778abd2ac3342b4314474,
50112529,https://a0.muscache.com/pictures/ca6c9d29-c379-4c1f-a9a0-83f431e42330.jpg,failed_http_404,404.0,,0,0,0,,,HTTP 404
49790599,https://a0.muscache.com/pictures/dcf85cfa-4a47-445b-ac70-468b5e299ab3.jpg,success,200.0,c:\Prathik\MY DOCUMENTS\Rental_price_prediction\datasets\multimodal_v3\images\49790599.jpg,1609148,4032,3024,RGB,d3b3c1861e984e11e3f5672aa99aa89a,
50125558,https://a0.muscache.com/pictures/2475cb92-fee0-4325-a5eb-2c6ee9239b63.jpg,failed_http_404,404.0,,0,0,0,,,HTTP 404
50155223,https://a0.muscache.com/pictures/miso/Hosting-50155223/original/9a3363ca-394a-4838-9534-67195b19249d.jpeg,failed_http_404,404.0,,0,0,0,,,HTTP 404
50052704,https://a0.muscache.com/pictures/prohost-api/Hosting-50052704/original/715b039b-f1a0-4ee9-9780-68dad214d422.jpeg,success,200.0,c:\Prathik\MY DOCUMENTS\Rental_price_prediction\datasets\multimodal_v3\images\50052704.jpg,154673,1438,960,RGB,bdb7baddece1804d099a803faa883853,
49729529,https://a0.muscache.com/pictures/989e376c-d769-4469-a89e-b9b9c6c4d54c.jpg,success,200.0,c:\Prathik\MY DOCUMENTS\Rental_price_prediction\datasets\multimodal_v3\images\49729529.jpg,1517111,4032,3024,RGB,01ff5fb1f9cf4b425702bf635e953b6d,
50152209,https://a0.muscache.com/pictures/miso/Hosting-50152209/original/b10049f6-7690-452b-92ee-ec6d02a1d1f3.jpeg,success,200.0,c:\Prathik\MY DOCUMENTS\Rental_price_prediction\datasets\multimodal_v3\images\50152209.jpg,1321275,2592,1936,RGB,7fcd9adf30c8c0b558c7c34e442fd31d,
50035416,https://a0.muscache.com/pictures/6d0aa0ab-1b32-4cef-bdda-d6300a5190fb.jpg,success,200.0,c:\Prathik\MY DOCUMENTS\Rental_price_prediction\datasets\multimodal_v3\images\50035416.jpg,1627394,3000,2250,RGB,1be61b3011b349775bcef485430e8081,
50232242,https://a0.muscache.com/pictures/prohost-api/Hosting-50232242/original/52a073a0-cd9c-4f47-b6c7-3687ae0fa3fc.jpeg,success,200.0,c:\Prathik\MY DOCUMENTS\Rental_price_prediction\datasets\multimodal_v3\images\50232242.jpg,182653,800,557,RGB,e8370484611bcff4b56bc680da7b039a,
48700024,https://a0.muscache.com/pictures/6dd85ea4-e1bd-4178-9f79-983f7d512ea1.jpg,success,200.0,c:\Prathik\MY DOCUMENTS\Rental_price_prediction\datasets\multimodal_v3\images\48700024.jpg,2329919,3088,2316,RGB,4aa3717d7c3e435f7c5862bb74dab55e,
50196441,https://a0.muscache.com/pictures/prohost-api/Hosting-50196441/original/b0834b8e-33e4-409f-aced-3ef084ac21ed.jpeg,success,200.0,c:\Prathik\MY DOCUMENTS\Rental_price_prediction\datasets\multimodal_v3\images\50196441.jpg,230187,1498,1000,RGB,4a60cf766c61e9f6c65a71646d56c245,
50267877,https://a0.muscache.com/pictures/miso/Hosting-50267877/original/e782aa63-f15c-4131-9852-9237903e4043.jpeg,failed_http_404,404.0,,0,0,0,,,HTTP 404
49761321,https://a0.muscache.com/pictures/ddfbe07d-dfdc-4586-8e63-079a98789704.jpg,success,200.0,c:\Prathik\MY DOCUMENTS\Rental_price_prediction\datasets\multimodal_v3\images\49761321.jpg,814113,2048,1536,RGB,f695e4d5a4e69966f00809eb4f588c7e,
48748360,https://a0.muscache.com/pictures/19683c7d-0965-4996-9f0f-b6e01f4d90bf.jpg,success,200.0,c:\Prathik\MY DOCUMENTS\Rental_price_prediction\datasets\multimodal_v3\images\48748360.jpg,4422500,6676,3976,RGB,b5ca2189a293073f90852341741fd76c,
50168861,https://a0.muscache.com/pictures/f4426ccb-72ad-4d3a-afd3-db296653a052.jpg,success,200.0,c:\Prathik\MY DOCUMENTS\Rental_price_prediction\datasets\multimodal_v3\images\50168861.jpg,2511785,4032,3024,RGB,31438b13947f6736e6aa512a48cae41c,
50042645,https://a0.muscache.com/pictures/miso/Hosting-50042645/original/3e689ba6-7aff-4d7d-9923-158237f84d5c.jpeg,success,200.0,c:\Prathik\MY DOCUMENTS\Rental_price_prediction\datasets\multimodal_v3\images\50042645.jpg,1630531,4032,2268,RGB,5ffd793eb1465be822d969cc531071ef,
49690346,https://a0.muscache.com/pictures/dd1e2c51-1c83-4f1f-aa04-17098b8936c1.jpg,success,200.0,c:\Prathik\MY DOCUMENTS\Rental_price_prediction\datasets\multimodal_v3\images\49690346.jpg,1483619,2726,1817,RGB,9e77305f5cf5718fecddfe427c1b9da0,
50378909,https://a0.muscache.com/pictures/prohost-api/Hosting-50378909/original/5c66a5b6-530c-4601-b431-3b42dcde4566.jpeg,success,200.0,c:\Prathik\MY DOCUMENTS\Rental_price_prediction\datasets\multimodal_v3\images\50378909.jpg,222543,1499,1000,RGB,034a6706ad9fd5596a149975fee02336,
50248402,https://a0.muscache.com/pictures/miso/Hosting-50248402/original/202d82ff-fe76-4ddb-b189-4366c11f73b7.jpeg,success,200.0,c:\Prathik\MY DOCUMENTS\Rental_price_prediction\datasets\multimodal_v3\images\50248402.jpg,1486858,4032,3024,RGB,2f0204f233daa75eede641cc7ca26eab,
50269559,https://a0.muscache.com/pictures/cc2774dc-9cd5-4a5c-b8a5-c033b7649f0e.jpg,success,200.0,c:\Prathik\MY DOCUMENTS\Rental_price_prediction\datasets\multimodal_v3\images\50269559.jpg,297378,2048,1366,RGB,82ff39f996bc194354be1635f2e54810,
50375999,https://a0.muscache.com/pictures/f9e39f77-a547-4c57-8db2-5fcb9a8db6b3.jpg,success,200.0,c:\Prathik\MY DOCUMENTS\Rental_price_prediction\datasets\multimodal_v3\images\50375999.jpg,1122109,4032,3024,RGB,dd58cb3fe58028d9d596b7aaa702558b,
50401815,https://a0.muscache.com/pictures/miso/Hosting-50401815/original/fba758a4-7d92-483a-896e-cba39a13a831.jpeg,failed_http_404,404.0,,0,0,0,,,HTTP 404
50420851,https://a0.muscache.com/pictures/22e9f70c-1a53-45e1-bc36-70cdc9f70c22.jpg,failed_http_404,404.0,,0,0,0,,,HTTP 404
50422282,https://a0.muscache.com/pictures/311a4cae-d61b-4ece-aa7d-2f9b202f3145.jpg,success,200.0,c:\Prathik\MY DOCUMENTS\Rental_price_prediction\datasets\multimodal_v3\images\50422282.jpg,83888,1282,1105,RGB,00bc04f1d2905dbb6ef1aa826b524a14,
50382189,https://a0.muscache.com/pictures/miso/Hosting-50382189/original/5cd13f79-91b7-4156-ac29-b49733a2ddba.jpeg,success,200.0,c:\Prathik\MY DOCUMENTS\Rental_price_prediction\datasets\multimodal_v3\images\50382189.jpg,185836,1600,1067,RGB,f3d7abe39459c6e6dd90af2bbba130d1,
47785836,https://a0.muscache.com/pictures/d955e751-17f3-4b40-add7-536406dcb4dd.jpg,success,200.0,c:\Prathik\MY DOCUMENTS\Rental_price_prediction\datasets\multimodal_v3\images\47785836.jpg,2377104,4608,3456,RGB,5e7b91512824b1fa82daaa12b72481dc,
50454057,https://a0.muscache.com/pictures/miso/Hosting-50454057/original/74a56012-dedc-4290-8825-6beb6432be03.jpeg,success,200.0,c:\Prathik\MY DOCUMENTS\Rental_price_prediction\datasets\multimodal_v3\images\50454057.jpg,141836,1125,728,RGB,6c3ec2bf458f0b17d14b29ecff700d23,
50378910,https://a0.muscache.com/pictures/prohost-api/Hosting-50378910/original/57efc171-78e1-4007-a92a-f20da6e7c6b0.jpeg,success,200.0,c:\Prathik\MY DOCUMENTS\Rental_price_prediction\datasets\multimodal_v3\images\50378910.jpg,263848,1499,1000,RGB,7ecaa9686e164874ba6ee9a82f3e9737,
47841627,https://a0.muscache.com/pictures/miso/Hosting-47841627/original/d8430aa5-0eb3-4d57-8c1e-7c2cde1b02f0.jpeg,success,200.0,c:\Prathik\MY DOCUMENTS\Rental_price_prediction\datasets\multimodal_v3\images\47841627.jpg,1951865,2481,1650,RGB,0841c89b67d128485ced11dac36b166d,
50431419,https://a0.muscache.com/pictures/1bdafbe4-68a3-4220-9ccd-9ff829b157b5.jpg,success,200.0,c:\Prathik\MY DOCUMENTS\Rental_price_prediction\datasets\multimodal_v3\images\50431419.jpg,1767296,3024,4032,RGB,f4ae2a67a93e0c9291a818f2f3c104db,
50179678,https://a0.muscache.com/pictures/miso/Hosting-50179678/original/73990ae4-859a-461a-b4b6-7f858484e9cc.jpeg,success,200.0,c:\Prathik\MY DOCUMENTS\Rental_price_prediction\datasets\multimodal_v3\images\50179678.jpg,351220,2000,1335,RGB,ab4220abef9a31ed6c4599fffb94325a,
50487679,https://a0.muscache.com/pictures/d0d52f63-a0fc-4ee5-8a2a-22d803bb724b.jpg,success,200.0,c:\Prathik\MY DOCUMENTS\Rental_price_prediction\datasets\multimodal_v3\images\50487679.jpg,117282,960,720,RGB,a7e6b586870a3b52a6ff7fe5443317e6,
50487663,https://a0.muscache.com/pictures/d0d52f63-a0fc-4ee5-8a2a-22d803bb724b.jpg,success,200.0,c:\Prathik\MY DOCUMENTS\Rental_price_prediction\datasets\multimodal_v3\images\50487663.jpg,117282,960,720,RGB,a7e6b586870a3b52a6ff7fe5443317e6,
45734694,https://a0.muscache.com/pictures/miso/Hosting-45734694/original/47f03c23-a380-4acb-9268-83fadb3e1699.jpeg,success,200.0,c:\Prathik\MY DOCUMENTS\Rental_price_prediction\datasets\multimodal_v3\images\45734694.jpg,3205706,4200,2800,RGB,57ba1e9d78b347f1463af9587ed8ff26,
49862390,https://a0.muscache.com/pictures/d04ce355-3cb1-497b-b8f1-a1e4ace2622e.jpg,success,200.0,c:\Prathik\MY DOCUMENTS\Rental_price_prediction\datasets\multimodal_v3\images\49862390.jpg,2054961,3036,4048,RGB,3844d9a170a4f743c14a27cb38d4d70b,
50374934,https://a0.muscache.com/pictures/miso/Hosting-50374934/original/e8cbb9f8-74a4-495b-a308-cb35517aeb9c.jpeg,success,200.0,c:\Prathik\MY DOCUMENTS\Rental_price_prediction\datasets\multimodal_v3\images\50374934.jpg,1538544,4032,3024,RGB,fff748b4c4041edcd29748ccbcc9dee3,
50672066,https://a0.muscache.com/pictures/0ac584d3-4a72-4f1b-b628-24e4be3d5e31.jpg,success,200.0,c:\Prathik\MY DOCUMENTS\Rental_price_prediction\datasets\multimodal_v3\images\50672066.jpg,200335,1280,958,RGB,cca1eb5d84c6800672919d561be69f72,
50468375,https://a0.muscache.com/pictures/miso/Hosting-50468375/original/8f3c8cf8-3fd6-40f0-8dbf-9353364344c3.jpeg,success,200.0,c:\Prathik\MY DOCUMENTS\Rental_price_prediction\datasets\multimodal_v3\images\50468375.jpg,1870967,3000,1904,RGB,c85e082a358ed01aaf38b10e54e507d0,
49198441,https://a0.muscache.com/pictures/miso/Hosting-49198441/original/5597e61a-06b8-408a-bade-c333be04ccd4.jpeg,success,200.0,c:\Prathik\MY DOCUMENTS\Rental_price_prediction\datasets\multimodal_v3\images\49198441.jpg,4540575,4032,3024,RGB,43944df1c45db62fff3446bf7f7d0a9e,
50156368,https://a0.muscache.com/pictures/ac59c0a7-f7c0-4e96-853d-d4c9ea66b6c4.jpg,success,200.0,c:\Prathik\MY DOCUMENTS\Rental_price_prediction\datasets\multimodal_v3\images\50156368.jpg,4809985,4896,3264,RGB,3f7d3a19762d73aa6f238d615eb93fcb,
50587814,https://a0.muscache.com/pictures/prohost-api/Hosting-50587814/original/596d4403-02fa-4873-bac3-0fdc442913c7.jpeg,success,200.0,c:\Prathik\MY DOCUMENTS\Rental_price_prediction\datasets\multimodal_v3\images\50587814.jpg,903460,2400,1601,RGB,fc797e381392f7d7f6ff4344ac232bba,
49660095,https://a0.muscache.com/pictures/599a8766-998d-40f7-bd25-fc6ce5b3793b.jpg,success,200.0,c:\Prathik\MY DOCUMENTS\Rental_price_prediction\datasets\multimodal_v3\images\49660095.jpg,2312749,3024,4032,RGB,6236e345cf13c2d9047b44f98e6899b5,
50785962,https://a0.muscache.com/pictures/miso/Hosting-50785962/original/c4b30516-8279-492d-955e-6659b17ba593.jpeg,failed_http_404,404.0,,0,0,0,,,HTTP 404
50597055,https://a0.muscache.com/pictures/cca887f6-d83f-4dfa-a0a4-863550fd209c.jpg,success,200.0,c:\Prathik\MY DOCUMENTS\Rental_price_prediction\datasets\multimodal_v3\images\50597055.jpg,1180371,3024,4032,RGB,3a7a0504edefc6e641096034556a4b28,
50723495,https://a0.muscache.com/pictures/df5ac5ab-a936-4377-bfbd-74c6818678d2.jpg,success,200.0,c:\Prathik\MY DOCUMENTS\Rental_price_prediction\datasets\multimodal_v3\images\50723495.jpg,1603603,4032,3024,RGB,68fac157de9dce0b4ecb1838f42f3039,
50775740,https://a0.muscache.com/pictures/66025a59-8226-4d5d-b0c7-c640d23e1490.jpg,success,200.0,c:\Prathik\MY DOCUMENTS\Rental_price_prediction\datasets\multimodal_v3\images\50775740.jpg,167691,1334,750,RGB,d2951ba70d699355b91a99f53d8bb13c,
49401018,https://a0.muscache.com/pictures/31a9091e-0dfd-4217-af68-73f24f3874d8.jpg,success,200.0,c:\Prathik\MY DOCUMENTS\Rental_price_prediction\datasets\multimodal_v3\images\49401018.jpg,4318964,5616,3744,RGB,e5f1a9e886e7d7968586bb5e4e6f3739,
50444628,https://a0.muscache.com/pictures/miso/Hosting-50444628/original/6fe54700-5c2a-45d2-9780-1c2889293724.jpeg,success,200.0,c:\Prathik\MY DOCUMENTS\Rental_price_prediction\datasets\multimodal_v3\images\50444628.jpg,689998,1728,2304,RGB,29838c2a2268194cd8570476e2e3ee55,
50485379,https://a0.muscache.com/pictures/c6859d77-0085-4b6f-a72d-369787e0466a.jpg,success,200.0,c:\Prathik\MY DOCUMENTS\Rental_price_prediction\datasets\multimodal_v3\images\50485379.jpg,415769,2000,1335,RGB,7a9e0fdf185074a0c3176d0fc84964f8,
46533293,https://a0.muscache.com/pictures/miso/Hosting-46533293/original/a152a7fe-d738-48af-8ad0-a60293c0846a.jpeg,success,200.0,c:\Prathik\MY DOCUMENTS\Rental_price_prediction\datasets\multimodal_v3\images\46533293.jpg,4167730,6076,4100,RGB,08fce6442f40040337aac9cd619a595c,
50730302,https://a0.muscache.com/pictures/3d748164-d147-44cb-9588-0fac59ca5729.jpg,success,200.0,c:\Prathik\MY DOCUMENTS\Rental_price_prediction\datasets\multimodal_v3\images\50730302.jpg,1853473,3024,2039,RGB,d0f71f1e16bf09b5a57e72c136a822e3,
50872089,https://a0.muscache.com/pictures/03fb361c-4b9b-4ffe-899b-ba9ff0eaa087.jpg,success,200.0,c:\Prathik\MY DOCUMENTS\Rental_price_prediction\datasets\multimodal_v3\images\50872089.jpg,607802,3655,2477,RGB,eb8cb000f71553812e23d901e1d0a8d6,
50893805,https://a0.muscache.com/pictures/2eb66a33-84fe-433d-9d3e-64aa8f4a8e20.jpg,success,200.0,c:\Prathik\MY DOCUMENTS\Rental_price_prediction\datasets\multimodal_v3\images\50893805.jpg,52476,957,638,RGB,e38cddd484feccb46174ef3afbe5e47a,
50803225,https://a0.muscache.com/pictures/miso/Hosting-50803225/original/62e8ac58-b833-4042-8b53-777e2174a74b.jpeg,success,200.0,c:\Prathik\MY DOCUMENTS\Rental_price_prediction\datasets\multimodal_v3\images\50803225.jpg,1831998,4032,3024,RGB,303fe585533eee6770ee016b35458421,
48974582,https://a0.muscache.com/pictures/1e4e9375-6ee0-4150-8b2b-cc43a2c7e178.jpg,success,200.0,c:\Prathik\MY DOCUMENTS\Rental_price_prediction\datasets\multimodal_v3\images\48974582.jpg,4107223,6239,4159,RGB,2c05d8722ab1c04e6535fee43fb6d6f3,
50897156,https://a0.muscache.com/pictures/miso/Hosting-50897156/original/eba2e461-b356-4659-a4b0-77790de55fa2.jpeg,success,200.0,c:\Prathik\MY DOCUMENTS\Rental_price_prediction\datasets\multimodal_v3\images\50897156.jpg,225249,1313,875,RGB,65744a6f811389b4da504c5eb48f4c37,
50973918,https://a0.muscache.com/pictures/a059c636-0334-47b0-89ab-396f0a9d16e6.jpg,failed_http_404,404.0,,0,0,0,,,HTTP 404
50852923,https://a0.muscache.com/pictures/miso/Hosting-50852923/original/8a3ede1e-3e1a-49ac-a3fe-251b8b92dc3e.jpeg,success,200.0,c:\Prathik\MY DOCUMENTS\Rental_price_prediction\datasets\multimodal_v3\images\50852923.jpg,435454,2048,1365,RGB,42dc194a56a82fc9290beaa58722ec0e,
50993252,https://a0.muscache.com/pictures/miso/Hosting-50993252/original/4e5375da-0edc-4adf-872b-984a60dd3eb4.jpeg,failed_http_404,404.0,,0,0,0,,,HTTP 404
50813196,https://a0.muscache.com/pictures/9b64044f-92d5-4867-ab7a-63a153a81f02.jpg,success,200.0,c:\Prathik\MY DOCUMENTS\Rental_price_prediction\datasets\multimodal_v3\images\50813196.jpg,781376,3000,2000,RGB,baa0dcfa2af55a722b00bc189b6786b3,
50993973,https://a0.muscache.com/pictures/miso/Hosting-50993973/original/fe6f2493-d33d-485a-832f-c2f495ce1d49.jpeg,failed_http_404,404.0,,0,0,0,,,HTTP 404
50996169,https://a0.muscache.com/pictures/e603545e-7507-4db9-b85f-a045519443a3.jpg,failed_http_404,404.0,,0,0,0,,,HTTP 404
50289737,https://a0.muscache.com/pictures/miso/Hosting-50289737/original/bec743ad-462e-44dc-82a8-d2970631c443.jpeg,success,200.0,c:\Prathik\MY DOCUMENTS\Rental_price_prediction\datasets\multimodal_v3\images\50289737.jpg,4614014,5982,3961,RGB,abda49d8a71217c619f7943b16587c7f,
49544765,https://a0.muscache.com/pictures/miso/Hosting-49544765/original/65ce0111-f295-4d70-af05-7cd0ec461749.jpeg,success,200.0,c:\Prathik\MY DOCUMENTS\Rental_price_prediction\datasets\multimodal_v3\images\49544765.jpg,1868190,4200,2800,RGB,72d028e1ffc2031041b7e9a5aebcb8f7,
51000043,https://a0.muscache.com/pictures/43260235-1a05-428b-bbff-4ac1b01caf1a.jpg,failed_http_404,404.0,,0,0,0,,,HTTP 404
51121890,https://a0.muscache.com/pictures/miso/Hosting-51121890/original/34627347-a7ab-4a54-89ff-070ff50af7db.jpeg,failed_http_404,404.0,,0,0,0,,,HTTP 404
51083596,https://a0.muscache.com/pictures/miso/Hosting-51083596/original/ed01bfd2-6ae7-49c1-bf35-1c91998ad2bb.jpeg,success,200.0,c:\Prathik\MY DOCUMENTS\Rental_price_prediction\datasets\multimodal_v3\images\51083596.jpg,64170,640,480,RGB,e2e2ba70f833fc96d666bee4a0ffaba5,
51070134,https://a0.muscache.com/pictures/db1dc369-c45f-48e5-8270-f89246e7e8ec.jpg,success,200.0,c:\Prathik\MY DOCUMENTS\Rental_price_prediction\datasets\multimodal_v3\images\51070134.jpg,39923,295,308,RGB,9b8488518498a446208a2404ac3a2284,
50792460,https://a0.muscache.com/pictures/miso/Hosting-50792460/original/8e999ef4-1335-4134-9dba-41056b2243bf.jpeg,success,200.0,c:\Prathik\MY DOCUMENTS\Rental_price_prediction\datasets\multimodal_v3\images\50792460.jpg,1966059,4200,2800,RGB,d4c48292c70ac898a63fc1b057478dfa,
51125182,https://a0.muscache.com/pictures/prohost-api/Hosting-51125182/original/c2a764e1-bb04-41f0-8364-369257646ee8.jpeg,success,200.0,c:\Prathik\MY DOCUMENTS\Rental_price_prediction\datasets\multimodal_v3\images\51125182.jpg,231406,1498,1000,RGB,eb82a23cdc456654478adf438cbd5935,
51125183,https://a0.muscache.com/pictures/prohost-api/Hosting-51125183/original/f7ff206d-218c-453f-bafc-e3483b037b46.jpeg,success,200.0,c:\Prathik\MY DOCUMENTS\Rental_price_prediction\datasets\multimodal_v3\images\51125183.jpg,180407,1498,1000,RGB,c52694d54d812472e91a15e6473c6093,
50451684,https://a0.muscache.com/pictures/hosting/Hosting-U3RheVN1cHBseUxpc3Rpbmc6NTA0NTE2ODQ%3D/original/f8fc2811-40b3-407e-aa10-94bffc4f72d8.jpeg,success,200.0,c:\Prathik\MY DOCUMENTS\Rental_price_prediction\datasets\multimodal_v3\images\50451684.jpg,5482514,5184,3888,RGB,c9fc592051c0ab9a6961d21dc1507d05,
51213408,https://a0.muscache.com/pictures/prohost-api/Hosting-51213408/original/7be6a451-22fb-4dac-9f9c-158527202646.jpeg,success,200.0,c:\Prathik\MY DOCUMENTS\Rental_price_prediction\datasets\multimodal_v3\images\51213408.jpg,233321,1498,1000,RGB,00171f60972fac7cfa8ca654193721f4,
50750210,https://a0.muscache.com/pictures/6a9c947a-086f-443d-86c0-32f380a553fe.jpg,success,200.0,c:\Prathik\MY DOCUMENTS\Rental_price_prediction\datasets\multimodal_v3\images\50750210.jpg,3825528,4032,3024,RGB,8affcb21f9f2dc459d01c723cc6cd13c,
51252799,https://a0.muscache.com/pictures/prohost-api/Hosting-51252799/original/2fea95aa-7301-492a-817c-e6b028a677b4.jpeg,success,200.0,c:\Prathik\MY DOCUMENTS\Rental_price_prediction\datasets\multimodal_v3\images\51252799.jpg,292195,1498,1000,RGB,22e7cd0895c58874436ed01c3d60848f,
50954616,https://a0.muscache.com/pictures/e64045b5-e8c4-4089-8544-365df0c82c5f.jpg,success,200.0,c:\Prathik\MY DOCUMENTS\Rental_price_prediction\datasets\multimodal_v3\images\50954616.jpg,1329710,4032,3024,RGB,2a9bc68dff394d92af703f1e5ee3f1bd,
51309707,https://a0.muscache.com/pictures/prohost-api/Hosting-51309707/original/b161118c-616a-47de-8eea-b5c0ebe91711.jpeg,success,200.0,c:\Prathik\MY DOCUMENTS\Rental_price_prediction\datasets\multimodal_v3\images\51309707.jpg,223726,1498,1000,RGB,182eb66f17c3a916f25283ae349c1514,
50323786,https://a0.muscache.com/pictures/miso/Hosting-50323786/original/d39b8c58-23ac-46e5-b846-9d925b6dd286.png,success,200.0,c:\Prathik\MY DOCUMENTS\Rental_price_prediction\datasets\multimodal_v3\images\50323786.jpg,289236,2134,1378,RGB,bfc14bdf73b4b7123b9e935919ac1965,
51309708,https://a0.muscache.com/pictures/prohost-api/Hosting-51309708/original/b41a920d-76d9-4606-9744-9fceff6fff63.jpeg,success,200.0,c:\Prathik\MY DOCUMENTS\Rental_price_prediction\datasets\multimodal_v3\images\51309708.jpg,274810,1498,1000,RGB,277952b05427437126562cbe43069bde,
51214506,https://a0.muscache.com/pictures/miso/Hosting-51214506/original/6a1a973e-cff4-464c-a93a-75c59aceeee3.jpeg,success,200.0,c:\Prathik\MY DOCUMENTS\Rental_price_prediction\datasets\multimodal_v3\images\51214506.jpg,676496,2726,1817,RGB,739f6596161e52b8fa895b57a2b7b505,
51065737,https://a0.muscache.com/pictures/d802adcf-753e-49b7-91ef-d48ce6753228.jpg,success,200.0,c:\Prathik\MY DOCUMENTS\Rental_price_prediction\datasets\multimodal_v3\images\51065737.jpg,512822,2016,1512,RGB,5a9616472bb873480a6243f997e411b1,
50792341,https://a0.muscache.com/pictures/miso/Hosting-50792341/original/9183920b-49cd-43d4-8bf1-b52cd13dd216.jpeg,success,200.0,c:\Prathik\MY DOCUMENTS\Rental_price_prediction\datasets\multimodal_v3\images\50792341.jpg,969028,3000,2001,RGB,e91faa9a293475f268d77a40a0557507,
50704896,https://a0.muscache.com/pictures/6f63a6a7-5741-4c18-96d7-0766a79006a2.jpg,success,200.0,c:\Prathik\MY DOCUMENTS\Rental_price_prediction\datasets\multimodal_v3\images\50704896.jpg,4147482,4032,3024,RGB,be3a488913d812db8b620caed863a61d,
48778803,https://a0.muscache.com/pictures/miso/Hosting-48778803/original/b430e1ca-3e42-4596-a14b-abd1151bab48.jpeg,success,200.0,c:\Prathik\MY DOCUMENTS\Rental_price_prediction\datasets\multimodal_v3\images\48778803.jpg,9207936,6681,4460,RGB,e17f1580e5aa0b68533998a756e9b99c,
51469099,https://a0.muscache.com/pictures/prohost-api/Hosting-51469099/original/c2e439dd-6c04-4dcb-ac67-5caeb27af372.jpeg,success,200.0,c:\Prathik\MY DOCUMENTS\Rental_price_prediction\datasets\multimodal_v3\images\51469099.jpg,611730,1498,1000,RGB,90589d73a8c087e7b586b273f1cd5519,
50593994,https://a0.muscache.com/pictures/miso/Hosting-50593994/original/ed967423-6381-44c7-845d-0db0c2856432.jpeg,success,200.0,c:\Prathik\MY DOCUMENTS\Rental_price_prediction\datasets\multimodal_v3\images\50593994.jpg,446698,2301,1536,RGB,2a8072123c95c1777880c3f0b5f0388c,
50901489,https://a0.muscache.com/pictures/7f901d5b-4250-4d41-a41a-8382902fd0cc.jpg,success,200.0,c:\Prathik\MY DOCUMENTS\Rental_price_prediction\datasets\multimodal_v3\images\50901489.jpg,1293009,3024,2368,RGB,19e900a7a8b14b69a9c4a72c83baf215,
48017079,https://a0.muscache.com/pictures/miso/Hosting-48017079/original/f89650cd-c1ae-4d44-ba76-3fb588e176cb.jpeg,success,200.0,c:\Prathik\MY DOCUMENTS\Rental_price_prediction\datasets\multimodal_v3\images\48017079.jpg,5267556,5760,3840,RGB,2dc8f9ecd04fa5b75f5bebc4dd403a0b,
50241204,https://a0.muscache.com/pictures/952854c7-fb1f-4e09-89d5-e7e0f206e4dd.jpg,failed_timeout_or_error,,,0,0,0,,,"('Connection broken: IncompleteRead(8933491 bytes read, 3454431 more expected)', IncompleteRead(8933491 bytes read, 3454431 more expected))"
51488337,https://a0.muscache.com/pictures/miso/Hosting-51488337/original/f9d3c46e-f4c0-47db-95d2-2b23eb6a421c.jpeg,success,200.0,c:\Prathik\MY DOCUMENTS\Rental_price_prediction\datasets\multimodal_v3\images\51488337.jpg,115846,1024,681,RGB,57e0a438a25931a0209e2a541020138a,
51149286,https://a0.muscache.com/pictures/miso/Hosting-51149286/original/aa7bf1e1-ff22-4c04-bb0d-2806d0c35f4b.jpeg,success,200.0,c:\Prathik\MY DOCUMENTS\Rental_price_prediction\datasets\multimodal_v3\images\51149286.jpg,1400560,4032,3024,RGB,e6f615ac5c933f0310866e64be24f0f5,
51410351,https://a0.muscache.com/pictures/652d6b73-ea33-4df8-8357-37571ec4691a.jpg,success,200.0,c:\Prathik\MY DOCUMENTS\Rental_price_prediction\datasets\multimodal_v3\images\51410351.jpg,820266,4032,3024,RGB,d3e6d4ed266ac9f40aefbb3fe939349f,
45402516,https://a0.muscache.com/pictures/miso/Hosting-45402516/original/bfdca8c4-63ff-42f2-af37-40b396bf35ad.jpeg,success,200.0,c:\Prathik\MY DOCUMENTS\Rental_price_prediction\datasets\multimodal_v3\images\45402516.jpg,3620234,5693,3795,RGB,39b210ad62cb874c929e5489e9aeb7ba,
49463884,https://a0.muscache.com/pictures/f6e82478-9f0b-4a94-b676-81219cb88c8c.jpg,success,200.0,c:\Prathik\MY DOCUMENTS\Rental_price_prediction\datasets\multimodal_v3\images\49463884.jpg,4519964,6243,4165,RGB,15ba37eb6154957b6681fe02b7a4bf7c,
51230889,https://a0.muscache.com/pictures/miso/Hosting-51230889/original/e60813f4-760c-4e23-8a44-40f8ab52c28d.jpeg,success,200.0,c:\Prathik\MY DOCUMENTS\Rental_price_prediction\datasets\multimodal_v3\images\51230889.jpg,1370773,4032,3024,RGB,d8fa0c9e0deb3a3899b0aa02be803930,
49823114,https://a0.muscache.com/pictures/miso/Hosting-49823114/original/2d5fb278-9a6c-4563-a508-f696146d4385.jpeg,success,200.0,c:\Prathik\MY DOCUMENTS\Rental_price_prediction\datasets\multimodal_v3\images\49823114.jpg,4919067,6016,4016,RGB,8a82cc46f43415ad39a3d5d27cda2a00,
51653656,https://a0.muscache.com/pictures/miso/Hosting-51653656/original/e7d4a737-ad2a-4639-bf59-522b18b5b3c4.png,success,200.0,c:\Prathik\MY DOCUMENTS\Rental_price_prediction\datasets\multimodal_v3\images\51653656.jpg,265302,1840,1220,RGB,a22a3be8ff989b393bf5d84b039ef87d,
51562902,https://a0.muscache.com/pictures/prohost-api/Hosting-51562902/original/24e5fb7b-0932-4fa5-a6e9-1a16d53ea7bc.jpeg,success,200.0,c:\Prathik\MY DOCUMENTS\Rental_price_prediction\datasets\multimodal_v3\images\51562902.jpg,238069,1024,769,RGB,86802ffe80f9f50396553875024e419b,
51562918,https://a0.muscache.com/pictures/bf182a54-58ef-4edb-a453-e5faf9e27a80.jpg,success,200.0,c:\Prathik\MY DOCUMENTS\Rental_price_prediction\datasets\multimodal_v3\images\51562918.jpg,76165,711,538,RGB,41f9ef802c63872fe79b76656d5ca8aa,
51752014,https://a0.muscache.com/pictures/23ba6c63-0d4a-4cee-8300-c04dfa54e1d0.jpg,success,200.0,c:\Prathik\MY DOCUMENTS\Rental_price_prediction\datasets\multimodal_v3\images\51752014.jpg,3752075,6016,4016,RGB,347e9465ad4f2719d1b086eef5d6a77b,
49735330,https://a0.muscache.com/pictures/e080123f-a880-45a3-ac08-daf6910f44ee.jpg,success,200.0,c:\Prathik\MY DOCUMENTS\Rental_price_prediction\datasets\multimodal_v3\images\49735330.jpg,3524424,4032,3024,RGB,37720a15c4f20ab7dba2b796c6e820c9,
51709528,https://a0.muscache.com/pictures/3f7abab5-51f7-420b-9d71-1d7ba24d7a77.jpg,success,200.0,c:\Prathik\MY DOCUMENTS\Rental_price_prediction\datasets\multimodal_v3\images\51709528.jpg,939472,4032,3024,RGB,15146ea8cceeb6d7e12c8051970677a4,
51796389,https://a0.muscache.com/pictures/a98c8167-3827-4bb2-99ee-94f1f7160b42.jpg,success,200.0,c:\Prathik\MY DOCUMENTS\Rental_price_prediction\datasets\multimodal_v3\images\51796389.jpg,296799,1332,818,RGB,2223efa9063e5c22ec4be211855c48ed,
51706509,https://a0.muscache.com/pictures/3c10b197-5987-44a5-a2f4-7e52e32aeac2.jpg,success,200.0,c:\Prathik\MY DOCUMENTS\Rental_price_prediction\datasets\multimodal_v3\images\51706509.jpg,294436,3000,2001,RGB,8dc5e9083bf88423b7755b149f328001,
51517166,https://a0.muscache.com/pictures/miso/Hosting-51517166/original/7fcc40a9-c5e9-4982-9cb4-24d19808dde0.jpeg,success,200.0,c:\Prathik\MY DOCUMENTS\Rental_price_prediction\datasets\multimodal_v3\images\51517166.jpg,497512,2016,1512,RGB,cbea5033bfe7c68a35a7257a5e6786b6,
51875440,https://a0.muscache.com/pictures/prohost-api/Hosting-51875440/original/e7c4b7ab-8712-41a8-8c6f-3a8e6639b8ad.jpeg,success,200.0,c:\Prathik\MY DOCUMENTS\Rental_price_prediction\datasets\multimodal_v3\images\51875440.jpg,1136712,3000,2000,RGB,09137b5b29751966c87ac9222cf6286e,
50191232,https://a0.muscache.com/pictures/prohost-api/Hosting-50191232/original/fb6a8526-7967-4ceb-8d67-2e3723f4390f.jpeg,success,200.0,c:\Prathik\MY DOCUMENTS\Rental_price_prediction\datasets\multimodal_v3\images\50191232.jpg,8118174,5464,3640,RGB,b9e138a2e42a422299ef0c4f00d9ec77,
50821632,https://a0.muscache.com/pictures/miso/Hosting-50821632/original/31c45860-dc67-4466-84d7-5edc24cb18e5.jpeg,success,200.0,c:\Prathik\MY DOCUMENTS\Rental_price_prediction\datasets\multimodal_v3\images\50821632.jpg,3517729,3756,5634,RGB,bea4107512b292b50700aa23461be8e4,
50749508,https://a0.muscache.com/pictures/airflow/Hosting-50749508/original/530922bd-a79c-4c10-a5c5-3847c64ff0d1.jpg,success,200.0,c:\Prathik\MY DOCUMENTS\Rental_price_prediction\datasets\multimodal_v3\images\50749508.jpg,712535,4200,2794,RGB,26285e4030d166e0fe81b7efda3758aa,
51559316,https://a0.muscache.com/pictures/miso/Hosting-51559316/original/2b4c87ec-fe8c-48a4-a8f0-820084b7b561.jpeg,success,200.0,c:\Prathik\MY DOCUMENTS\Rental_price_prediction\datasets\multimodal_v3\images\51559316.jpg,1697608,4032,3024,RGB,750c4d837f08698de83a23a071fc675a,
50487811,https://a0.muscache.com/pictures/miso/Hosting-50487811/original/c0a8f765-f4bd-4470-9a75-862df72db51c.jpeg,success,200.0,c:\Prathik\MY DOCUMENTS\Rental_price_prediction\datasets\multimodal_v3\images\50487811.jpg,3120644,4032,3024,RGB,771a82b2191b4d1e35348cd1df2829d8,
51282108,https://a0.muscache.com/pictures/miso/Hosting-51282108/original/ef012fed-355a-4409-bf8f-b9643d07a312.jpeg,success,200.0,c:\Prathik\MY DOCUMENTS\Rental_price_prediction\datasets\multimodal_v3\images\51282108.jpg,2635040,4200,2800,RGB,1ad85b7a9a25de3d3dee0a4d15949136,
51989172,https://a0.muscache.com/pictures/miso/Hosting-51989172/original/f1fc547c-0209-4edd-ac0c-c183d0f5dd9a.jpeg,success,200.0,c:\Prathik\MY DOCUMENTS\Rental_price_prediction\datasets\multimodal_v3\images\51989172.jpg,259266,1500,1000,RGB,499c0b6e8255eab5b7fdfd5edf9ae02e,
52011289,https://a0.muscache.com/pictures/prohost-api/Hosting-52011289/original/7e3cf1c9-fda8-4339-b1d5-7c4b5a2ca43a.jpeg,success,200.0,c:\Prathik\MY DOCUMENTS\Rental_price_prediction\datasets\multimodal_v3\images\52011289.jpg,250927,1500,1000,RGB,c54263de7424a29f9301d93fbb3869c4,
51707443,https://a0.muscache.com/pictures/miso/Hosting-51707443/original/52f0fe38-82d9-4e56-8f7f-b75319b82ef1.jpeg,success,200.0,c:\Prathik\MY DOCUMENTS\Rental_price_prediction\datasets\multimodal_v3\images\51707443.jpg,437974,2000,1335,RGB,8d3f4223fbb525e3645a3b6ac6dc2157,
51805099,https://a0.muscache.com/pictures/99c68de7-1a75-4f1d-bd19-61db07ae330a.jpg,success,200.0,c:\Prathik\MY DOCUMENTS\Rental_price_prediction\datasets\multimodal_v3\images\51805099.jpg,1688982,4032,3024,RGB,f237ca6988064986ae000dce09673bcc,
51957373,https://a0.muscache.com/pictures/miso/Hosting-51957373/original/de7808b7-1428-4618-8c66-8738f49cf637.jpeg,success,200.0,c:\Prathik\MY DOCUMENTS\Rental_price_prediction\datasets\multimodal_v3\images\51957373.jpg,4783965,6720,4480,RGB,5c4281f55403cd45f03cbed294078692,
51338187,https://a0.muscache.com/pictures/miso/Hosting-51338187/original/68677aa3-cdee-4c70-8384-e79423a326d2.jpeg,success,200.0,c:\Prathik\MY DOCUMENTS\Rental_price_prediction\datasets\multimodal_v3\images\51338187.jpg,3678090,4356,2911,RGB,54a978779d13478a4dfba83835ea51fa,
52011291,https://a0.muscache.com/pictures/prohost-api/Hosting-52011291/original/902f3629-cb5e-4cd3-ac7c-2fdbb0ba0ee6.jpeg,success,200.0,c:\Prathik\MY DOCUMENTS\Rental_price_prediction\datasets\multimodal_v3\images\52011291.jpg,199174,1500,1000,RGB,6497f57672746e4b78ceade8191d84af,
52090223,https://a0.muscache.com/pictures/4eb021dc-b3be-477d-ad99-d394bcdd8bba.jpg,success,200.0,c:\Prathik\MY DOCUMENTS\Rental_price_prediction\datasets\multimodal_v3\images\52090223.jpg,149930,960,758,RGB,f3e0fd89e0b5b4d70f19f5c367fbd984,
52091373,https://a0.muscache.com/pictures/04a11908-6ede-4ab9-8d84-88e47c006775.jpg,success,200.0,c:\Prathik\MY DOCUMENTS\Rental_price_prediction\datasets\multimodal_v3\images\52091373.jpg,393462,2001,1602,RGB,e9e270fe7ce1545f084faddc2dbd2973,
51730225,https://a0.muscache.com/pictures/miso/Hosting-51730225/original/fc48457e-39ba-4773-b3de-8656a3f03260.jpeg,success,200.0,c:\Prathik\MY DOCUMENTS\Rental_price_prediction\datasets\multimodal_v3\images\51730225.jpg,600917,2048,1363,RGB,d5ace8456553bbef613336d56c593126,
48671276,https://a0.muscache.com/pictures/2300edf9-016d-41fe-b0a0-7edf0e652241.jpg,success,200.0,c:\Prathik\MY DOCUMENTS\Rental_price_prediction\datasets\multimodal_v3\images\48671276.jpg,3624029,7865,5243,RGB,1b87a7075620971e2ded9184e5435f98,
47758667,https://a0.muscache.com/pictures/miso/Hosting-47758667/original/2d83bf94-4186-4620-aca5-5de4bf688d59.jpeg,failed_timeout_or_error,,,0,0,0,,,"('Connection broken: IncompleteRead(12442061 bytes read, 5957336 more expected)', IncompleteRead(12442061 bytes read, 5957336 more expected))"
52112544,https://a0.muscache.com/pictures/prohost-api/Hosting-52112544/original/56d773e1-ce40-4a1b-b674-e455e6ea4398.jpeg,success,200.0,c:\Prathik\MY DOCUMENTS\Rental_price_prediction\datasets\multimodal_v3\images\52112544.jpg,208592,1280,851,RGB,f43eb1fe4039145fcff5ff418489f477,
51843113,https://a0.muscache.com/pictures/prohost-api/Hosting-51843113/original/bbbed242-5507-4233-a3e3-862353ce70b8.jpeg,success,200.0,c:\Prathik\MY DOCUMENTS\Rental_price_prediction\datasets\multimodal_v3\images\51843113.jpg,2143943,3840,2559,RGB,a0c10c6472d7d88fa7a17bddcb005501,
52149843,https://a0.muscache.com/pictures/miso/Hosting-52149843/original/6d94afa4-0107-481a-bff2-f5effa1fa9ab.jpeg,success,200.0,c:\Prathik\MY DOCUMENTS\Rental_price_prediction\datasets\multimodal_v3\images\52149843.jpg,403921,2048,1365,RGB,e99e77c29e1f38bcd1adbdb1d0a0009e,
52124988,https://a0.muscache.com/pictures/3faeba54-c19c-41fb-8fd2-69e1cd637df8.jpg,success,200.0,c:\Prathik\MY DOCUMENTS\Rental_price_prediction\datasets\multimodal_v3\images\52124988.jpg,2078333,4032,3024,RGB,88b4e4c1602ba08a09db218874cc54af,
52143097,https://a0.muscache.com/pictures/miso/Hosting-52143097/original/bfca8f64-74cb-42c5-b1ce-86bed0d527f5.jpeg,success,200.0,c:\Prathik\MY DOCUMENTS\Rental_price_prediction\datasets\multimodal_v3\images\52143097.jpg,1737340,4032,3024,RGB,a7d9d81e8e06cb87a13c4202da88885e,
52142496,https://a0.muscache.com/pictures/miso/Hosting-52142496/original/8180f001-238b-4215-8520-a24e8f5f6c8d.jpeg,success,200.0,c:\Prathik\MY DOCUMENTS\Rental_price_prediction\datasets\multimodal_v3\images\52142496.jpg,161852,960,720,RGB,8c54d46f80d0623b33ab27f13e656080,
52155554,https://a0.muscache.com/pictures/prohost-api/Hosting-52155554/original/bc4a9f13-2b36-4975-8d41-4b2bb62b9ccb.jpeg,success,200.0,c:\Prathik\MY DOCUMENTS\Rental_price_prediction\datasets\multimodal_v3\images\52155554.jpg,176789,1498,1000,RGB,fa8abed4cf464702076d8ea783a996e3,
52155553,https://a0.muscache.com/pictures/prohost-api/Hosting-52155553/original/faf720b5-d9d0-49c3-8fcf-bf87c492e359.jpeg,success,200.0,c:\Prathik\MY DOCUMENTS\Rental_price_prediction\datasets\multimodal_v3\images\52155553.jpg,219363,1498,1000,RGB,57129ddbe8612686857af1cc61b758fc,
52155555,https://a0.muscache.com/pictures/prohost-api/Hosting-52155555/original/61950ad6-b0b8-46a8-8152-abbaad1bbf62.jpeg,success,200.0,c:\Prathik\MY DOCUMENTS\Rental_price_prediction\datasets\multimodal_v3\images\52155555.jpg,294611,1498,1000,RGB,d225e43b1f09f806985210de6284e59e,
50996046,https://a0.muscache.com/pictures/miso/Hosting-50996046/original/8e5d14ca-03af-408f-a014-3ecd622234ba.jpeg,success,200.0,c:\Prathik\MY DOCUMENTS\Rental_price_prediction\datasets\multimodal_v3\images\50996046.jpg,1361885,4200,2800,RGB,93a69aaffdfee1009195277dc23dcabb,
52240577,https://a0.muscache.com/pictures/prohost-api/Hosting-52240577/original/3f6b31e6-b96f-44dc-a700-6983f25dbcce.jpeg,failed_http_404,404.0,,0,0,0,,,HTTP 404
52304660,https://a0.muscache.com/pictures/1bc8fdd6-d282-4c3b-b3b9-6d376aa15ef6.jpg,failed_http_404,404.0,,0,0,0,,,HTTP 404
52190407,https://a0.muscache.com/pictures/miso/Hosting-52190407/original/f792a654-0aeb-45f1-a617-d6d8d71e4841.jpeg,success,200.0,c:\Prathik\MY DOCUMENTS\Rental_price_prediction\datasets\multimodal_v3\images\52190407.jpg,558331,2736,1824,RGB,0a7c17943600b4fcc19023e98b8af165,
52333380,https://a0.muscache.com/pictures/miso/Hosting-52333380/original/0b66646f-8421-4d3c-b75c-7d0f23a5a115.jpeg,success,200.0,c:\Prathik\MY DOCUMENTS\Rental_price_prediction\datasets\multimodal_v3\images\52333380.jpg,82010,640,427,RGB,e7b87c1683ac2e94685103cc09651ff9,
52353435,https://a0.muscache.com/pictures/ba4dd9f7-446a-4640-a829-b76f227c1b7e.jpg,success,200.0,c:\Prathik\MY DOCUMENTS\Rental_price_prediction\datasets\multimodal_v3\images\52353435.jpg,917542,4032,3024,RGB,dee1f805c36671860a2365be50c3adf8,
52366902,https://a0.muscache.com/pictures/miso/Hosting-52366902/original/8e0be1a2-9c7c-4d1d-ba91-ee95397d0af9.jpeg,success,200.0,c:\Prathik\MY DOCUMENTS\Rental_price_prediction\datasets\multimodal_v3\images\52366902.jpg,1092094,2016,1512,RGB,cd23b065cce0a96d2b661ff2eb6eca60,
51482414,https://a0.muscache.com/pictures/miso/Hosting-51482414/original/78200ef4-f592-4440-a0d0-df54f5072162.jpeg,success,200.0,c:\Prathik\MY DOCUMENTS\Rental_price_prediction\datasets\multimodal_v3\images\51482414.jpg,1644178,4200,2800,RGB,7d3855fef4835f7544a7292394f34cb5,
52232865,https://a0.muscache.com/pictures/miso/Hosting-52232865/original/ee56b6a0-70ec-42a7-aded-488c932410a2.jpeg,success,200.0,c:\Prathik\MY DOCUMENTS\Rental_price_prediction\datasets\multimodal_v3\images\52232865.jpg,378251,1600,1067,RGB,183af5614c7d80aee77e261aa0ae8f6d,
52226257,https://a0.muscache.com/pictures/miso/Hosting-52226257/original/d83f76be-72bf-475b-93ab-ac8734ba06eb.png,success,200.0,c:\Prathik\MY DOCUMENTS\Rental_price_prediction\datasets\multimodal_v3\images\52226257.jpg,92461,641,480,RGB,13c31132a969ef4d1d08ac66a2d2bae8,
52101450,https://a0.muscache.com/pictures/miso/Hosting-52101450/original/1c4d8fc4-508f-4338-ade2-7c93eacc74f8.jpeg,success,200.0,c:\Prathik\MY DOCUMENTS\Rental_price_prediction\datasets\multimodal_v3\images\52101450.jpg,2041181,4032,3024,RGB,fa45f2ff97cf7bb73fb333568ce1af32,
45533156,https://a0.muscache.com/pictures/miso/Hosting-45533156/original/6fc2f40f-6217-46d5-8769-6ed00b89cd4c.jpeg,success,200.0,c:\Prathik\MY DOCUMENTS\Rental_price_prediction\datasets\multimodal_v3\images\45533156.jpg,4705722,5000,3120,RGB,77b86347ce4e312e13dd7a72ee333fe4,
48413314,https://a0.muscache.com/pictures/7d12bcc5-7199-4de2-952a-03842e8ec56e.jpg,success,200.0,c:\Prathik\MY DOCUMENTS\Rental_price_prediction\datasets\multimodal_v3\images\48413314.jpg,3172933,3535,2357,RGB,d8e2db49e31f3617af22242550ab7911,
52398541,https://a0.muscache.com/pictures/miso/Hosting-52398541/original/34b21b3e-493d-4ad0-b520-123ea03ba201.jpeg,success,200.0,c:\Prathik\MY DOCUMENTS\Rental_price_prediction\datasets\multimodal_v3\images\52398541.jpg,327390,1440,960,RGB,3786aa2de92868f23d7600dce5f821dc,
52349393,https://a0.muscache.com/pictures/miso/Hosting-52349393/original/14c164fe-5987-47f9-956d-bda56852a054.jpeg,success,200.0,c:\Prathik\MY DOCUMENTS\Rental_price_prediction\datasets\multimodal_v3\images\52349393.jpg,502273,2000,1335,RGB,a9183419c54e12d8211e4b4ead0c64db,
52408697,https://a0.muscache.com/pictures/miso/Hosting-52408697/original/9316b95d-e94e-4627-ae8d-bf5c32a500ae.jpeg,success,200.0,c:\Prathik\MY DOCUMENTS\Rental_price_prediction\datasets\multimodal_v3\images\52408697.jpg,207921,1600,1067,RGB,fc4044828cc28d8108c1acff48b4a470,
52370777,https://a0.muscache.com/pictures/miso/Hosting-52370777/original/f45bfa48-4898-4454-98e3-4b0cb09037a6.jpeg,success,200.0,c:\Prathik\MY DOCUMENTS\Rental_price_prediction\datasets\multimodal_v3\images\52370777.jpg,3841974,6538,4363,RGB,ddd4fdfbeb7009574931755e15cbd1ac,
51144414,https://a0.muscache.com/pictures/prohost-api/Hosting-51144414/original/d5688e13-f4dc-46d7-9543-511a50a14e57.jpeg,success,200.0,c:\Prathik\MY DOCUMENTS\Rental_price_prediction\datasets\multimodal_v3\images\51144414.jpg,2586602,6000,4000,RGB,9a085e5a37d94e9b0b1485c16f22b9cc,
49752131,https://a0.muscache.com/pictures/miso/Hosting-49752131/original/02df7fb5-874d-4497-a6b7-37c2b47a3cd1.jpeg,failed_timeout_or_error,,,0,0,0,,,"('Connection broken: IncompleteRead(7665177 bytes read, 11346648 more expected)', IncompleteRead(7665177 bytes read, 11346648 more expected))"
52368270,https://a0.muscache.com/pictures/miso/Hosting-52368270/original/55c6133b-cf66-4773-975f-1947d0378362.jpeg,success,200.0,c:\Prathik\MY DOCUMENTS\Rental_price_prediction\datasets\multimodal_v3\images\52368270.jpg,1727081,4200,2800,RGB,778c4931bbcaee930f9df674a15c22c4,
52127768,https://a0.muscache.com/pictures/miso/Hosting-52127768/original/29952d2d-118e-4982-8c82-55d36270d4c3.jpeg,success,200.0,c:\Prathik\MY DOCUMENTS\Rental_price_prediction\datasets\multimodal_v3\images\52127768.jpg,2005443,4032,3024,RGB,c8838f275dde0706e1f45d6fca5f530f,
52471532,https://a0.muscache.com/pictures/prohost-api/Hosting-52471532/original/2494a493-a084-44b9-b148-c8775d98e9bb.jpeg,success,200.0,c:\Prathik\MY DOCUMENTS\Rental_price_prediction\datasets\multimodal_v3\images\52471532.jpg,198059,1498,1000,RGB,a8bb709d80469df06f9390d1b98ba9f0,
52465101,https://a0.muscache.com/pictures/e32c8ac1-05e5-4c84-8547-baa81807f349.jpg,success,200.0,c:\Prathik\MY DOCUMENTS\Rental_price_prediction\datasets\multimodal_v3\images\52465101.jpg,175454,1124,844,RGB,e1c1a46d84f0e3b7117bc7c696204f3e,
51553495,https://a0.muscache.com/pictures/miso/Hosting-51553495/original/9ba7456f-84bf-4d3c-bc1d-9f443a088694.jpeg,success,200.0,c:\Prathik\MY DOCUMENTS\Rental_price_prediction\datasets\multimodal_v3\images\51553495.jpg,2590538,4032,3024,RGB,078942f52ccb8c7a52e58c4a374140ad,
52422900,https://a0.muscache.com/pictures/miso/Hosting-52422900/original/b97dc983-5650-4afb-9fb6-222d1f379e4a.jpeg,success,200.0,c:\Prathik\MY DOCUMENTS\Rental_price_prediction\datasets\multimodal_v3\images\52422900.jpg,515081,2048,1536,RGB,ccf10f382d185c473fec55e34a775a59,
52474453,https://a0.muscache.com/pictures/prohost-api/Hosting-52474453/original/853e4d14-e34d-4bf7-bd92-843da3e4c2f4.jpeg,success,200.0,c:\Prathik\MY DOCUMENTS\Rental_price_prediction\datasets\multimodal_v3\images\52474453.jpg,311159,1498,1000,RGB,007061f26264408603b3c0a72e87bd06,
52538189,https://a0.muscache.com/pictures/43641504-616b-4fe9-9b70-22426ca81aaf.jpg,success,200.0,c:\Prathik\MY DOCUMENTS\Rental_price_prediction\datasets\multimodal_v3\images\52538189.jpg,208365,2049,1536,RGB,65b33b7e9a008bd7ea97c18ea6b270ec,
52547361,https://a0.muscache.com/pictures/019a4ea9-23c2-4107-842d-3f4cb4d1a04c.jpg,failed_http_404,404.0,,0,0,0,,,HTTP 404
52419566,https://a0.muscache.com/pictures/prohost-api/Hosting-52419566/original/752047c5-caf8-4e0f-ab3d-95e34256999e.jpeg,success,200.0,c:\Prathik\MY DOCUMENTS\Rental_price_prediction\datasets\multimodal_v3\images\52419566.jpg,1125981,3840,2560,RGB,081400e349a6354e56b047ed84c416e9,
52547772,https://a0.muscache.com/pictures/miso/Hosting-52547772/original/dfda74f3-59b7-442f-b897-39b3ce91caa6.jpeg,success,200.0,c:\Prathik\MY DOCUMENTS\Rental_price_prediction\datasets\multimodal_v3\images\52547772.jpg,89102,720,540,RGB,c29d8860c3a9ce6e1d93c5f2a8737f44,
52056409,https://a0.muscache.com/pictures/6424faf5-038d-43ef-a9d0-5f76fa12b5ed.jpg,success,200.0,c:\Prathik\MY DOCUMENTS\Rental_price_prediction\datasets\multimodal_v3\images\52056409.jpg,1637236,4032,3024,RGB,8f35a083e684b6056f0f1e8488b9f962,
50999191,https://a0.muscache.com/pictures/miso/Hosting-50999191/original/aa3fe7eb-18a8-4543-b565-3d55f75099ff.jpeg,success,200.0,c:\Prathik\MY DOCUMENTS\Rental_price_prediction\datasets\multimodal_v3\images\50999191.jpg,2662507,4032,3024,RGB,116277e2ffd34296b5cdbc09d1c00d17,
52552741,https://a0.muscache.com/pictures/prohost-api/Hosting-52552741/original/878b92f6-fd81-4b28-9c5c-ec9e1fed7582.jpeg,success,200.0,c:\Prathik\MY DOCUMENTS\Rental_price_prediction\datasets\multimodal_v3\images\52552741.jpg,620290,1618,1080,RGB,417ab9e64119944b0412d6ce179d10e7,
52550992,https://a0.muscache.com/pictures/02dd836c-8739-4778-bb15-56deb2b2f719.jpg,success,200.0,c:\Prathik\MY DOCUMENTS\Rental_price_prediction\datasets\multimodal_v3\images\52550992.jpg,841437,4032,3024,RGB,39cbd37f88e54c6bbabf5d3c1307ae9b,
52474452,https://a0.muscache.com/pictures/prohost-api/Hosting-52474452/original/87048334-e99d-42f8-b63b-8dcb036e23b0.jpeg,success,200.0,c:\Prathik\MY DOCUMENTS\Rental_price_prediction\datasets\multimodal_v3\images\52474452.jpg,169647,1498,1000,RGB,d9ee7f27e78132b581285181ad7ceaaf,
52688516,https://a0.muscache.com/pictures/miso/Hosting-52688516/original/54c880b8-fa2c-4d44-b5d0-9ccecd797167.jpeg,failed_http_404,404.0,,0,0,0,,,HTTP 404
52668715,https://a0.muscache.com/pictures/prohost-api/Hosting-52668715/original/39968787-36d1-453d-b0dc-c93fb762daa1.jpeg,success,200.0,c:\Prathik\MY DOCUMENTS\Rental_price_prediction\datasets\multimodal_v3\images\52668715.jpg,281364,1500,1000,RGB,676a58b29a8c899167f3a19dd86800ef,
52458524,https://a0.muscache.com/pictures/miso/Hosting-52458524/original/a6ae971a-885a-4d31-92fe-b6108e903cff.jpeg,success,200.0,c:\Prathik\MY DOCUMENTS\Rental_price_prediction\datasets\multimodal_v3\images\52458524.jpg,899921,2048,1365,RGB,6cfb430abf0847f3ad09109a331bb5b8,
52718800,https://a0.muscache.com/pictures/prohost-api/Hosting-52718800/original/43f69fd5-eed5-4823-871d-40aef9e898d7.jpeg,success,200.0,c:\Prathik\MY DOCUMENTS\Rental_price_prediction\datasets\multimodal_v3\images\52718800.jpg,193029,1500,1000,RGB,0a67f6dc079a0432d218734f315759c9,
52438122,https://a0.muscache.com/pictures/miso/Hosting-52438122/original/2a7fe638-a101-47d9-b5e9-0a2803db1d0d.jpeg,success,200.0,c:\Prathik\MY DOCUMENTS\Rental_price_prediction\datasets\multimodal_v3\images\52438122.jpg,730951,2000,1333,RGB,ee3a332d6ea0ea005a7d7a4c022be903,
52777513,https://a0.muscache.com/pictures/a8b119cf-346e-4fde-9ce9-877ba570567a.jpg,success,200.0,c:\Prathik\MY DOCUMENTS\Rental_price_prediction\datasets\multimodal_v3\images\52777513.jpg,640155,2048,1536,RGB,465d70977c9eac90b903ceaf35824027,
52674349,https://a0.muscache.com/pictures/miso/Hosting-52674349/original/494d99e1-34fa-439a-a638-18f8882763c8.jpeg,success,200.0,c:\Prathik\MY DOCUMENTS\Rental_price_prediction\datasets\multimodal_v3\images\52674349.jpg,372780,2000,1335,RGB,a9a46f67457464c62db867ec48332db0,
52790082,https://a0.muscache.com/pictures/e25bbd22-a673-4494-a9d8-25774fbe048e.jpg,success,200.0,c:\Prathik\MY DOCUMENTS\Rental_price_prediction\datasets\multimodal_v3\images\52790082.jpg,136410,960,720,RGB,140396706bc981c0f4a0544a8ce03e34,
52827301,https://a0.muscache.com/pictures/miso/Hosting-52827301/original/e2a16367-02c1-4eb4-a5d9-44443e6b4e34.jpeg,failed_http_404,404.0,,0,0,0,,,HTTP 404
51771518,https://a0.muscache.com/pictures/miso/Hosting-51771518/original/4dda43a8-6bf8-41b4-ae03-3975519c9ef1.jpeg,success,200.0,c:\Prathik\MY DOCUMENTS\Rental_price_prediction\datasets\multimodal_v3\images\51771518.jpg,3169482,4032,3024,RGB,3b1b33fcb960f355798dc8ae59385c4b,
51669500,https://a0.muscache.com/pictures/miso/Hosting-51669500/original/2a58a140-e21e-4939-8b4c-59328de4861d.jpeg,success,200.0,c:\Prathik\MY DOCUMENTS\Rental_price_prediction\datasets\multimodal_v3\images\51669500.jpg,2973799,4032,2688,RGB,bf56b82fdd5a3186b0866e106448b2c1,
52833552,https://a0.muscache.com/pictures/miso/Hosting-52833552/original/c4e6fded-cab7-4d1f-bf3e-175098f9ffca.jpeg,failed_http_404,404.0,,0,0,0,,,HTTP 404
52879544,https://a0.muscache.com/pictures/prohost-api/Hosting-52879544/original/b106c6c1-32a6-40f6-b7f6-3b14a73d64d7.jpeg,failed_http_404,404.0,,0,0,0,,,HTTP 404
52794539,https://a0.muscache.com/pictures/miso/Hosting-52794539/original/9ffa93c0-65dc-497c-bcc8-9c12b18fe930.jpeg,success,200.0,c:\Prathik\MY DOCUMENTS\Rental_price_prediction\datasets\multimodal_v3\images\52794539.jpg,4192277,6016,4016,RGB,ede13b877a2c53a42b4e4548baf19a39,
52854417,https://a0.muscache.com/pictures/miso/Hosting-52854417/original/d6c0265a-17f1-4c1e-9c10-1958a7e50ddb.jpeg,success,200.0,c:\Prathik\MY DOCUMENTS\Rental_price_prediction\datasets\multimodal_v3\images\52854417.jpg,383632,1280,960,RGB,dc36617b8b62eef84cd766e19f3527fc,
51534720,https://a0.muscache.com/pictures/hosting/Hosting-U3RheVN1cHBseUxpc3Rpbmc6NTE1MzQ3MjA%3D/original/3aa3addb-1517-42f0-81a2-51d9c41555a1.jpeg,success,200.0,c:\Prathik\MY DOCUMENTS\Rental_price_prediction\datasets\multimodal_v3\images\51534720.jpg,1498759,4929,3280,RGB,85f64760a87853a238c4cd09ab2028be,
52899477,https://a0.muscache.com/pictures/miso/Hosting-52899477/original/c2dd86c4-70ad-4ae9-aaf9-f04ad956c049.jpeg,success,200.0,c:\Prathik\MY DOCUMENTS\Rental_price_prediction\datasets\multimodal_v3\images\52899477.jpg,416170,1024,768,RGB,8edb82de8bd6b58e2e3a6aebbd7ed5d2,
52887058,https://a0.muscache.com/pictures/miso/Hosting-52887058/original/5e09663b-9ca6-4a51-8da3-739240e0d1fc.jpeg,success,200.0,c:\Prathik\MY DOCUMENTS\Rental_price_prediction\datasets\multimodal_v3\images\52887058.jpg,672857,2400,1600,RGB,e6bb93cb383851d8c593f9c85fa8681c,
52930950,https://a0.muscache.com/pictures/a7b98cdf-cac3-4d90-a4d3-af2233010fe9.jpg,failed_http_404,404.0,,0,0,0,,,HTTP 404
52407559,https://a0.muscache.com/pictures/a76675ad-e1d9-4790-b783-8269ba3c713b.jpg,success,200.0,c:\Prathik\MY DOCUMENTS\Rental_price_prediction\datasets\multimodal_v3\images\52407559.jpg,2128043,4032,3024,RGB,aebb8eb8ef47a53b5808c8dcc8e82873,
52925881,https://a0.muscache.com/pictures/miso/Hosting-52925881/original/6b098842-be5d-4ccf-b1b8-b17b7165bcc7.jpeg,success,200.0,c:\Prathik\MY DOCUMENTS\Rental_price_prediction\datasets\multimodal_v3\images\52925881.jpg,2713754,3600,2403,RGB,fa0c7644b793aa1fbc0f16684edc3906,
52809639,https://a0.muscache.com/pictures/miso/Hosting-52809639/original/8386d880-c214-4cae-8d31-f17428cab530.jpeg,success,200.0,c:\Prathik\MY DOCUMENTS\Rental_price_prediction\datasets\multimodal_v3\images\52809639.jpg,2271707,4032,3024,RGB,be428ab4609015ce6731f488fca86e5b,
52617860,https://a0.muscache.com/pictures/miso/Hosting-52617860/original/72f06c65-2f76-4767-931d-ae79cecad415.jpeg,success,200.0,c:\Prathik\MY DOCUMENTS\Rental_price_prediction\datasets\multimodal_v3\images\52617860.jpg,616989,2000,1333,RGB,ec8829fd8a5f5e9ed295476f973870d7,
52736029,https://a0.muscache.com/pictures/miso/Hosting-52736029/original/28485c72-45bb-4207-8ea0-9a85852cb0ef.jpeg,success,200.0,c:\Prathik\MY DOCUMENTS\Rental_price_prediction\datasets\multimodal_v3\images\52736029.jpg,1235261,4000,2252,RGB,feec932ae5e8f823cb09a21b56e043b7,
52934930,https://a0.muscache.com/pictures/2615624e-bab8-4d0b-9a6a-1b6c02b04740.jpg,success,200.0,c:\Prathik\MY DOCUMENTS\Rental_price_prediction\datasets\multimodal_v3\images\52934930.jpg,810473,2592,1944,RGB,8a52a7663cc730175bc554ed9a26d78d,
51761922,https://a0.muscache.com/pictures/miso/Hosting-51761922/original/5680d4e3-0b02-4353-97c9-589f112151a8.jpeg,success,200.0,c:\Prathik\MY DOCUMENTS\Rental_price_prediction\datasets\multimodal_v3\images\51761922.jpg,1828710,4608,2592,RGB,4c11e89a85153b9bca46ef0de148ded7,
51968843,https://a0.muscache.com/pictures/miso/Hosting-51968843/original/9e2aa950-9a9e-40d8-ae18-101ca23c738f.jpeg,success,200.0,c:\Prathik\MY DOCUMENTS\Rental_price_prediction\datasets\multimodal_v3\images\51968843.jpg,1826981,3068,2301,RGB,31e4fb3f805ab75a1b87564ad04f807e,
52962331,https://a0.muscache.com/pictures/miso/Hosting-52962331/original/65018006-5044-4878-82a9-559b0f468e8e.jpeg,success,200.0,c:\Prathik\MY DOCUMENTS\Rental_price_prediction\datasets\multimodal_v3\images\52962331.jpg,152414,1024,683,RGB,d3327432c690e66bbd856dd2e09406f5,
52610201,https://a0.muscache.com/pictures/miso/Hosting-52610201/original/2a69a6a5-7fdf-4042-acd3-7f4a33cb44ee.jpeg,success,200.0,c:\Prathik\MY DOCUMENTS\Rental_price_prediction\datasets\multimodal_v3\images\52610201.jpg,1739835,4032,2744,RGB,4809937e1ba76f7d1d1c415ec8b16512,
53032790,https://a0.muscache.com/pictures/d0d52f63-a0fc-4ee5-8a2a-22d803bb724b.jpg,success,200.0,c:\Prathik\MY DOCUMENTS\Rental_price_prediction\datasets\multimodal_v3\images\53032790.jpg,117282,960,720,RGB,a7e6b586870a3b52a6ff7fe5443317e6,
52385221,https://a0.muscache.com/pictures/1a617c24-1dbd-4337-b12c-5adf811a5a62.jpg,success,200.0,c:\Prathik\MY DOCUMENTS\Rental_price_prediction\datasets\multimodal_v3\images\52385221.jpg,3694766,3985,2989,RGB,1820ef2d157687f7d597483e58e779b1,
50787381,https://a0.muscache.com/pictures/miso/Hosting-50787381/original/0248bdf1-17c2-4733-bcc6-802e83e260ab.jpeg,success,200.0,c:\Prathik\MY DOCUMENTS\Rental_price_prediction\datasets\multimodal_v3\images\50787381.jpg,2987594,3854,2565,RGB,a5955a33357948b60ec6d268bcb17cd3,
52075715,https://a0.muscache.com/pictures/56a2ff63-b734-4c28-b40a-e284c91554b3.jpg,success,200.0,c:\Prathik\MY DOCUMENTS\Rental_price_prediction\datasets\multimodal_v3\images\52075715.jpg,2379742,2976,2976,RGB,80aeaed4344d1b2f66922c4793b7ed6f,
52931930,https://a0.muscache.com/pictures/742caafe-95bb-443e-9774-9029fe356977.jpg,success,200.0,c:\Prathik\MY DOCUMENTS\Rental_price_prediction\datasets\multimodal_v3\images\52931930.jpg,2150669,4032,3024,RGB,691ec59ad8f5fbe5cad7dda270acc8ad,
52367944,https://a0.muscache.com/pictures/miso/Hosting-52367944/original/5c7bf629-6a5a-4877-9865-4061efaf4fe3.jpeg,success,200.0,c:\Prathik\MY DOCUMENTS\Rental_price_prediction\datasets\multimodal_v3\images\52367944.jpg,1540308,4200,2800,RGB,044eddab980c17f33325b4854127f061,
53142343,https://a0.muscache.com/pictures/miso/Hosting-53142343/original/8e050811-a456-4db8-9d6c-c2ec07a7af3b.jpeg,failed_http_404,404.0,,0,0,0,,,HTTP 404
52947068,https://a0.muscache.com/pictures/b5950006-d050-413f-a82b-f6b20c31047e.jpg,success,200.0,c:\Prathik\MY DOCUMENTS\Rental_price_prediction\datasets\multimodal_v3\images\52947068.jpg,3536486,4032,3024,RGB,9bde6918e36e1424890bd762337cde4a,
51968754,https://a0.muscache.com/pictures/miso/Hosting-51968754/original/e47a1b72-0638-4126-badb-5330cdb14275.jpeg,success,200.0,c:\Prathik\MY DOCUMENTS\Rental_price_prediction\datasets\multimodal_v3\images\51968754.jpg,1806453,3888,2592,RGB,869a37f04c6fe73a646c84e080b3b5da,
53144044,https://a0.muscache.com/pictures/prohost-api/Hosting-53144044/original/f58f97c4-bdcd-4d8e-bec2-c1bf4992e66a.jpeg,failed_http_404,404.0,,0,0,0,,,HTTP 404
53185452,https://a0.muscache.com/pictures/73c491b4-d7a4-47a6-bbe0-5f3627fea3be.jpg,failed_http_404,404.0,,0,0,0,,,HTTP 404
53197970,https://a0.muscache.com/pictures/miso/Hosting-53197970/original/5cdf2f13-03ab-4c01-9131-2aa7bb897948.jpeg,failed_http_404,404.0,,0,0,0,,,HTTP 404
52580691,https://a0.muscache.com/pictures/miso/Hosting-52580691/original/134dca4b-06ff-4b5b-830f-0130bbed35be.jpeg,success,200.0,c:\Prathik\MY DOCUMENTS\Rental_price_prediction\datasets\multimodal_v3\images\52580691.jpg,1726091,4032,3024,RGB,8f285a94153a0500a76846aa3ce6df27,
53092220,https://a0.muscache.com/pictures/miso/Hosting-53092220/original/bbefa3c0-b55c-4de0-819c-ce90bb2a9c17.jpeg,success,200.0,c:\Prathik\MY DOCUMENTS\Rental_price_prediction\datasets\multimodal_v3\images\53092220.jpg,942058,2400,1600,RGB,19a9b858cc796935b3b86142891e17f9,
52608720,https://a0.muscache.com/pictures/miso/Hosting-52608720/original/8969d8b5-54a7-4c26-b59e-d6fba56f4cd2.jpeg,success,200.0,c:\Prathik\MY DOCUMENTS\Rental_price_prediction\datasets\multimodal_v3\images\52608720.jpg,1737963,4032,3024,RGB,e161fd7264d85b82cc02a5755391c9fc,
49506016,https://a0.muscache.com/pictures/miso/Hosting-49506016/original/5b34b573-ba6b-4060-8c0c-c90077159530.jpeg,success,200.0,c:\Prathik\MY DOCUMENTS\Rental_price_prediction\datasets\multimodal_v3\images\49506016.jpg,2466253,6720,4480,RGB,cc9cb861658648dd464551adc8184bd2,
49669522,https://a0.muscache.com/pictures/miso/Hosting-49669522/original/eb0aed1c-e1b8-4b26-b43c-c013caa7bf59.jpeg,success,200.0,c:\Prathik\MY DOCUMENTS\Rental_price_prediction\datasets\multimodal_v3\images\49669522.jpg,4411111,4740,3164,RGB,65c9a8f59f59a1cd21fff28e33034a86,
53166782,https://a0.muscache.com/pictures/dbfacbf0-d7a8-40dd-b16e-f6a4985f4e81.jpg,success,200.0,c:\Prathik\MY DOCUMENTS\Rental_price_prediction\datasets\multimodal_v3\images\53166782.jpg,1731131,4032,3024,RGB,fb0ace82aff6ce8128ce5b5257a0f55f,
53281106,https://a0.muscache.com/pictures/miso/Hosting-53281106/original/fb5d5308-bc24-4bf6-bd13-de55cea71701.png,failed_http_404,404.0,,0,0,0,,,HTTP 404
50459172,https://a0.muscache.com/pictures/miso/Hosting-50459172/original/16ef60c8-20e8-4cc1-a3c5-1f15e7e5a96e.jpeg,success,200.0,c:\Prathik\MY DOCUMENTS\Rental_price_prediction\datasets\multimodal_v3\images\50459172.jpg,2545512,5694,3796,RGB,f6ae4fa759447e2100b61a9010727263,
53212851,https://a0.muscache.com/pictures/prohost-api/Hosting-53212851/original/27eef820-5338-4fd4-a7b6-33a577911036.jpeg,success,200.0,c:\Prathik\MY DOCUMENTS\Rental_price_prediction\datasets\multimodal_v3\images\53212851.jpg,227398,1498,1000,RGB,610addb6bc20235599cd5b840f95e5f7,
52952113,https://a0.muscache.com/pictures/miso/Hosting-52952113/original/a160a0ae-df85-41a0-83e2-075b569a2904.jpeg,success,200.0,c:\Prathik\MY DOCUMENTS\Rental_price_prediction\datasets\multimodal_v3\images\52952113.jpg,5244500,4032,3024,RGB,a712e52caebc702ef8df82d30e014ecb,
53273726,https://a0.muscache.com/pictures/miso/Hosting-53273726/original/be92e612-f364-44be-ac88-9c30211e5afd.jpeg,success,200.0,c:\Prathik\MY DOCUMENTS\Rental_price_prediction\datasets\multimodal_v3\images\53273726.jpg,132718,1085,724,RGB,2a3a7a4770606639761e2c12f1c59b50,
52971784,https://a0.muscache.com/pictures/6229f64e-7b22-47d3-80d5-eac44f3a2873.jpg,success,200.0,c:\Prathik\MY DOCUMENTS\Rental_price_prediction\datasets\multimodal_v3\images\52971784.jpg,1259257,4032,1960,RGB,60152762dff71a10367006232a7b150e,
53023564,https://a0.muscache.com/pictures/miso/Hosting-53023564/original/ebfb23ee-7958-4511-85a2-4a45a35f8011.jpeg,success,200.0,c:\Prathik\MY DOCUMENTS\Rental_price_prediction\datasets\multimodal_v3\images\53023564.jpg,1812630,4200,2800,RGB,ee1f6286fb6f714ba62b52684ad6501e,
53125580,https://a0.muscache.com/pictures/prohost-api/Hosting-53125580/original/618471f2-b153-4766-9b8f-6276ff3462ea.jpeg,success,200.0,c:\Prathik\MY DOCUMENTS\Rental_price_prediction\datasets\multimodal_v3\images\53125580.jpg,1993252,3840,2560,RGB,1ba42802ae4d693da02a8c9b1175a5a1,
52837228,https://a0.muscache.com/pictures/cc6a4d3e-f018-4183-b23f-abd68c992491.jpg,success,200.0,c:\Prathik\MY DOCUMENTS\Rental_price_prediction\datasets\multimodal_v3\images\52837228.jpg,2285211,3024,4032,RGB,9d2322f04446c73d32467e72eaac0053,
53179175,https://a0.muscache.com/pictures/miso/Hosting-53179175/original/5cb147a8-2e0a-4b6e-984c-3905b6af87a6.jpeg,success,200.0,c:\Prathik\MY DOCUMENTS\Rental_price_prediction\datasets\multimodal_v3\images\53179175.jpg,1230904,2048,1365,RGB,35aa85d3f42298babdaa897fcc39e284,
53310406,https://a0.muscache.com/pictures/miso/Hosting-53310406/original/aa372eea-0528-41c3-93b0-b76d808033a9.jpeg,success,200.0,c:\Prathik\MY DOCUMENTS\Rental_price_prediction\datasets\multimodal_v3\images\53310406.jpg,1732081,3981,2986,RGB,53c64cb53ef24d1e6f7b6d8e6396a535,
52436930,https://a0.muscache.com/pictures/miso/Hosting-52436930/original/da4cba36-ac94-409b-9b08-a98cbca93110.jpeg,success,200.0,c:\Prathik\MY DOCUMENTS\Rental_price_prediction\datasets\multimodal_v3\images\52436930.jpg,6529383,5847,3898,RGB,e4e3c3ced4cab3ce3d63f8c6a6d0ee7a,
53312296,https://a0.muscache.com/pictures/miso/Hosting-53312296/original/6c5066ee-a386-4a36-a962-05d2e14d2a41.jpeg,success,200.0,c:\Prathik\MY DOCUMENTS\Rental_price_prediction\datasets\multimodal_v3\images\53312296.jpg,417807,2048,1365,RGB,db57439a3ab8d7d099de513ff9b8ffab,
53295582,https://a0.muscache.com/pictures/222fb1c3-e1b3-4ea8-a567-fde2b6c882d3.jpg,success,200.0,c:\Prathik\MY DOCUMENTS\Rental_price_prediction\datasets\multimodal_v3\images\53295582.jpg,1054631,4032,3024,RGB,5945a86f126d338293cb775543d3e1ec,
53395592,https://a0.muscache.com/pictures/prohost-api/Hosting-53395592/original/11cb23a1-1fa9-415c-b92a-823e6b494b68.jpeg,success,200.0,c:\Prathik\MY DOCUMENTS\Rental_price_prediction\datasets\multimodal_v3\images\53395592.jpg,321515,1498,1000,RGB,f49eb9a0f2472eb52c9c74761ed6b0c4,
53268339,https://a0.muscache.com/pictures/prohost-api/Hosting-53268339/original/d93c0286-551f-454a-acfb-0addcbf8bd26.jpeg,success,200.0,c:\Prathik\MY DOCUMENTS\Rental_price_prediction\datasets\multimodal_v3\images\53268339.jpg,1298863,3000,2010,RGB,f100f6b8e99c25fd3bd2c6fc22f0b3f1,
53395590,https://a0.muscache.com/pictures/prohost-api/Hosting-53395590/original/2b68e72d-fdf8-411d-bd06-07ad1d568644.jpeg,success,200.0,c:\Prathik\MY DOCUMENTS\Rental_price_prediction\datasets\multimodal_v3\images\53395590.jpg,251677,1498,1000,RGB,3fa5e3fa96031a1ee7c22f2f91856039,
52492240,https://a0.muscache.com/pictures/3b966815-e1e9-4f75-ac05-e23ffa3f7f88.jpg,success,200.0,c:\Prathik\MY DOCUMENTS\Rental_price_prediction\datasets\multimodal_v3\images\52492240.jpg,3479963,4032,3024,RGB,7150718054d4230d60525bccd11a237b,
52705474,https://a0.muscache.com/pictures/miso/Hosting-52705474/original/0a2a42fe-a273-4bc8-bc3f-cf534040823d.jpeg,success,200.0,c:\Prathik\MY DOCUMENTS\Rental_price_prediction\datasets\multimodal_v3\images\52705474.jpg,2841810,5700,3800,RGB,bcd0924876e55435dee98b4154e1d38a,
53430884,https://a0.muscache.com/pictures/862998ba-b75c-43ee-bc8a-29b06f2099a1.jpg,success,200.0,c:\Prathik\MY DOCUMENTS\Rental_price_prediction\datasets\multimodal_v3\images\53430884.jpg,392329,1550,1162,RGB,6f0a9e58783bb756e6500353b4d71dc5,
53506726,https://a0.muscache.com/pictures/b68a1365-bc6b-4d66-b7f9-8167d082b48f.jpg,success,200.0,c:\Prathik\MY DOCUMENTS\Rental_price_prediction\datasets\multimodal_v3\images\53506726.jpg,308957,2000,934,RGB,43ab881fbc08976c243fdc258f49345e,
53150685,https://a0.muscache.com/pictures/miso/Hosting-53150685/original/df5ab989-b581-4f2f-8471-d06ad1b649af.jpeg,success,200.0,c:\Prathik\MY DOCUMENTS\Rental_price_prediction\datasets\multimodal_v3\images\53150685.jpg,1820989,3456,2304,RGB,b0dc786ac9c4543aa20cf1e5c66c5931,
53508986,https://a0.muscache.com/pictures/miso/Hosting-53508986/original/e0fe69c7-4b46-4f02-84c4-ea3b59d9beb5.jpeg,success,200.0,c:\Prathik\MY DOCUMENTS\Rental_price_prediction\datasets\multimodal_v3\images\53508986.jpg,94652,1024,768,RGB,1c6d69778e4a677b272adcbd6a7b388c,
53561074,https://a0.muscache.com/pictures/miso/Hosting-53561074/original/efcdf7c5-9727-4f76-a68d-f3ea9c82d710.jpeg,success,200.0,c:\Prathik\MY DOCUMENTS\Rental_price_prediction\datasets\multimodal_v3\images\53561074.jpg,415705,2048,1363,RGB,0e4009d92583f7718d0c5bd5be34123b,
53630595,https://a0.muscache.com/pictures/fd9e6d04-a3d3-44b4-ba76-ab2851fd855e.jpg,failed_http_404,404.0,,0,0,0,,,HTTP 404
53643185,https://a0.muscache.com/pictures/b6259754-0302-47a7-bdb2-c9f50136344c.jpg,success,200.0,c:\Prathik\MY DOCUMENTS\Rental_price_prediction\datasets\multimodal_v3\images\53643185.jpg,2151532,4032,3024,RGB,208e787aa6d533526cbb5b61af72aa6c,
53362876,https://a0.muscache.com/pictures/miso/Hosting-53362876/original/44fd5c9a-30f2-4c4b-b0fb-9a6f879763ee.jpeg,success,200.0,c:\Prathik\MY DOCUMENTS\Rental_price_prediction\datasets\multimodal_v3\images\53362876.jpg,897352,2888,3024,RGB,0bdc9c28eb37619e14aded2e8037d108,
52991459,https://a0.muscache.com/pictures/miso/Hosting-51653656/original/facdb694-1634-4489-b4ba-a940f335e820.png,success,200.0,c:\Prathik\MY DOCUMENTS\Rental_price_prediction\datasets\multimodal_v3\images\52991459.jpg,332687,1814,1216,RGB,b6d3854e97849dd6f41ff7ee18e56f3f,
53290509,https://a0.muscache.com/pictures/prohost-api/Hosting-53290509/original/6c49fa98-9f27-45a8-a87d-c287eabd8a25.jpeg,success,200.0,c:\Prathik\MY DOCUMENTS\Rental_price_prediction\datasets\multimodal_v3\images\53290509.jpg,2400826,3840,2560,RGB,705eaaa308219717a5d246e2791644f6,
53671909,https://a0.muscache.com/pictures/miso/Hosting-53671909/original/aaa87df0-7960-4e15-b0c2-fb2844c8e130.jpeg,success,200.0,c:\Prathik\MY DOCUMENTS\Rental_price_prediction\datasets\multimodal_v3\images\53671909.jpg,239416,1020,765,RGB,f665d0af830052e83b481418a7eb176c,
53648574,https://a0.muscache.com/pictures/miso/Hosting-53648574/original/2d194011-c8d8-4ced-9bb7-43008a3e1402.jpeg,success,200.0,c:\Prathik\MY DOCUMENTS\Rental_price_prediction\datasets\multimodal_v3\images\53648574.jpg,5611304,6016,4016,RGB,5af9c3ca6cf05d3d7c60ebc6bccc113e,
53541540,https://a0.muscache.com/pictures/b0ff041d-c677-4862-9fbe-953046713f6f.jpg,success,200.0,c:\Prathik\MY DOCUMENTS\Rental_price_prediction\datasets\multimodal_v3\images\53541540.jpg,1027757,4032,3024,RGB,0ad77c682389d1a790f8056373dfaf02,
53690085,https://a0.muscache.com/pictures/miso/Hosting-53690085/original/9a54a2e7-8f09-4503-b939-945c1a125251.jpeg,success,200.0,c:\Prathik\MY DOCUMENTS\Rental_price_prediction\datasets\multimodal_v3\images\53690085.jpg,369510,2048,1363,RGB,60100ae208de0dc1e012d0fabd68e0ad,
53722335,https://a0.muscache.com/pictures/prohost-api/Hosting-53722335/original/d8b0be8d-3119-4db3-bbda-23f3fa179e5e.jpeg,success,200.0,c:\Prathik\MY DOCUMENTS\Rental_price_prediction\datasets\multimodal_v3\images\53722335.jpg,354225,2048,1365,RGB,939409366c1e51073fc93fdf0d748b92,
53753481,https://a0.muscache.com/pictures/miso/Hosting-53753481/original/a6b9d262-7b06-4143-941e-38c09c5a5104.jpeg,success,200.0,c:\Prathik\MY DOCUMENTS\Rental_price_prediction\datasets\multimodal_v3\images\53753481.jpg,124310,640,481,RGB,b4f820406fdd415418be5b188c0cc378,
53725477,https://a0.muscache.com/pictures/miso/Hosting-53725477/original/679a7176-c3bd-4b07-a020-5f3a4126bb0b.jpeg,success,200.0,c:\Prathik\MY DOCUMENTS\Rental_price_prediction\datasets\multimodal_v3\images\53725477.jpg,827085,2301,1536,RGB,e0c2556fe27245268ef8450bd1edfe28,
53093098,https://a0.muscache.com/pictures/miso/Hosting-53093098/original/0f847216-aca6-48ec-98cd-8cbc87dc280c.jpeg,success,200.0,c:\Prathik\MY DOCUMENTS\Rental_price_prediction\datasets\multimodal_v3\images\53093098.jpg,1910722,4032,3024,RGB,ffd939a5100a2742d8ff1a87ac167678,
52954755,https://a0.muscache.com/pictures/miso/Hosting-52954755/original/9c04f930-4724-4bdc-a278-d3cfb172bd3b.jpeg,success,200.0,c:\Prathik\MY DOCUMENTS\Rental_price_prediction\datasets\multimodal_v3\images\52954755.jpg,2426238,3024,3688,RGB,786eccc1cedba29f09033221e64e9c54,
53311173,https://a0.muscache.com/pictures/miso/Hosting-53311173/original/0995c12e-df30-47c3-98c1-f4193ad79006.jpeg,success,200.0,c:\Prathik\MY DOCUMENTS\Rental_price_prediction\datasets\multimodal_v3\images\53311173.jpg,2089758,3024,4032,RGB,667b59b8aec77fdb96bd350affa45aa2,
53457824,https://a0.muscache.com/pictures/miso/Hosting-53457824/original/accc3df1-c90a-42f7-9840-0cc473dc7a3f.jpeg,success,200.0,c:\Prathik\MY DOCUMENTS\Rental_price_prediction\datasets\multimodal_v3\images\53457824.jpg,871456,3000,2000,RGB,5fb071099eeabb4e7240c1a930055ce7,
53810860,https://a0.muscache.com/pictures/a30f5881-cb50-441e-bcc9-1463f5fcf5b6.jpg,failed_http_404,404.0,,0,0,0,,,HTTP 404
53784992,https://a0.muscache.com/pictures/miso/Hosting-53784992/original/79ea6e95-50da-4f49-bcb4-cebc5feb10c0.jpeg,success,200.0,c:\Prathik\MY DOCUMENTS\Rental_price_prediction\datasets\multimodal_v3\images\53784992.jpg,40111,480,360,RGB,f6e87b431fba85431a03a83eb8c2cc0a,
53785541,https://a0.muscache.com/pictures/ba74173b-8e4d-4645-a1b2-22cf46136ed7.jpg,success,200.0,c:\Prathik\MY DOCUMENTS\Rental_price_prediction\datasets\multimodal_v3\images\53785541.jpg,1579619,4032,3024,RGB,8a8dd858fa8c5cf07c7eea9cbbca7b97,
53793198,https://a0.muscache.com/pictures/miso/Hosting-53793198/original/9882a968-1b22-4ae6-8f51-dfc503564a44.jpeg,success,200.0,c:\Prathik\MY DOCUMENTS\Rental_price_prediction\datasets\multimodal_v3\images\53793198.jpg,289022,1024,683,RGB,742018e9c0aee7c9abdc75f4b2af1537,
53832330,https://a0.muscache.com/pictures/prohost-api/Hosting-53832330/original/bd8bbd71-22a8-4154-982c-22558acd8518.jpeg,success,200.0,c:\Prathik\MY DOCUMENTS\Rental_price_prediction\datasets\multimodal_v3\images\53832330.jpg,354865,2048,1365,RGB,3199c3fd81806930b671a6260feb0f19,
53558640,https://a0.muscache.com/pictures/miso/Hosting-53558640/original/92b44f93-0a29-4469-9fa5-176334a98b52.jpeg,success,200.0,c:\Prathik\MY DOCUMENTS\Rental_price_prediction\datasets\multimodal_v3\images\53558640.jpg,2717037,4080,3072,RGB,80bff7db5d51950298bcb2b799cd6dd1,
53834698,https://a0.muscache.com/pictures/prohost-api/Hosting-53834698/original/6ebf23a1-0833-4604-b754-34a5ab3d96e2.jpeg,success,200.0,c:\Prathik\MY DOCUMENTS\Rental_price_prediction\datasets\multimodal_v3\images\53834698.jpg,1224843,3840,2560,RGB,fe23ce7394f1e04e86556b4fdcf4aee7,
53846446,https://a0.muscache.com/pictures/prohost-api/Hosting-53846446/original/05e24a79-b8b6-49d2-b970-25bedf15b4df.jpeg,success,200.0,c:\Prathik\MY DOCUMENTS\Rental_price_prediction\datasets\multimodal_v3\images\53846446.jpg,555272,1500,1000,RGB,29287785dbb5d49f7c7e51521da250bd,
52102809,https://a0.muscache.com/pictures/miso/Hosting-52102809/original/2afbfc47-2739-4486-9c30-4f4d4f54a1d5.jpeg,success,200.0,c:\Prathik\MY DOCUMENTS\Rental_price_prediction\datasets\multimodal_v3\images\52102809.jpg,2733610,4592,3448,RGB,b04d9512ce2c525072b1dd2303e11d97,
52903285,https://a0.muscache.com/pictures/miso/Hosting-52903285/original/6a444958-83cd-4443-8025-66cd1a7a6122.jpeg,success,200.0,c:\Prathik\MY DOCUMENTS\Rental_price_prediction\datasets\multimodal_v3\images\52903285.jpg,5191670,4200,2800,RGB,fd8a2f5e3ed8ba2e5b4a6c2a51097e22,
53310825,https://a0.muscache.com/pictures/miso/Hosting-53310825/original/96e575da-55bc-4519-b415-d3925611e78b.jpeg,success,200.0,c:\Prathik\MY DOCUMENTS\Rental_price_prediction\datasets\multimodal_v3\images\53310825.jpg,3609076,6016,4016,RGB,b2a231aef5aeb05229b8038ff82184d1,
53570070,https://a0.muscache.com/pictures/miso/Hosting-53570070/original/90dff37b-9e5b-4030-994b-5285d4f69566.jpeg,success,200.0,c:\Prathik\MY DOCUMENTS\Rental_price_prediction\datasets\multimodal_v3\images\53570070.jpg,3714222,4032,3024,RGB,b778631494bf2d885487f0dc9b34a873,
53081362,https://a0.muscache.com/pictures/miso/Hosting-53081362/original/63fadbca-d0bc-40b0-aee4-d5ec13a57e60.jpeg,success,200.0,c:\Prathik\MY DOCUMENTS\Rental_price_prediction\datasets\multimodal_v3\images\53081362.jpg,1874660,4032,3024,RGB,712317d0a38627ef3917d00c41155fed,
53926572,https://a0.muscache.com/pictures/prohost-api/Hosting-53926572/original/cd7ae126-66fd-4cdb-8df0-8063f09f7173.jpeg,success,200.0,c:\Prathik\MY DOCUMENTS\Rental_price_prediction\datasets\multimodal_v3\images\53926572.jpg,2330800,3000,2250,RGB,15b816e55232c3b8a7349cb260ab2734,
53982703,https://a0.muscache.com/pictures/miso/Hosting-53982703/original/4d1e748c-23be-4220-b88f-19fbe7c029f9.jpeg,success,200.0,c:\Prathik\MY DOCUMENTS\Rental_price_prediction\datasets\multimodal_v3\images\53982703.jpg,438166,2048,1365,RGB,ce09cc10ace65895be86cb4f6b8c7f11,
53857546,https://a0.muscache.com/pictures/prohost-api/Hosting-53857546/original/ef1f5631-f872-489a-a4b6-1776e756103a.jpeg,success,200.0,c:\Prathik\MY DOCUMENTS\Rental_price_prediction\datasets\multimodal_v3\images\53857546.jpg,594904,1618,1080,RGB,22c38cb4f822c339abbf5e073172f57c,
54021424,https://a0.muscache.com/pictures/prohost-api/Hosting-54021424/original/254d92fb-1fc9-4484-a558-e10e77d13e39.png,failed_http_404,404.0,,0,0,0,,,HTTP 404
51691471,https://a0.muscache.com/pictures/7f98e75b-3b2b-4cd2-aeb5-b5d960541437.jpg,success,200.0,c:\Prathik\MY DOCUMENTS\Rental_price_prediction\datasets\multimodal_v3\images\51691471.jpg,4223605,3000,2250,RGB,8d1e8106a426323acb1066f37f73e7f0,
53888838,https://a0.muscache.com/pictures/prohost-api/Hosting-53888838/original/c499f985-18a7-41ee-bff5-e1a7d522bd12.jpeg,success,200.0,c:\Prathik\MY DOCUMENTS\Rental_price_prediction\datasets\multimodal_v3\images\53888838.jpg,1706725,3000,2250,RGB,0fb496a322645f10b215f9392a1e9887,
54044781,https://a0.muscache.com/pictures/0a78fc29-6cb5-4fc3-b16f-6ecec4eebb31.jpg,success,200.0,c:\Prathik\MY DOCUMENTS\Rental_price_prediction\datasets\multimodal_v3\images\54044781.jpg,125869,1080,782,RGB,c7658bc79ce57582a3ca54df65c8e348,
52903885,https://a0.muscache.com/pictures/miso/Hosting-52903885/original/dd7530b9-81bd-4f23-9cd3-c2d77ccce72f.jpeg,success,200.0,c:\Prathik\MY DOCUMENTS\Rental_price_prediction\datasets\multimodal_v3\images\52903885.jpg,4472174,6016,4016,RGB,a7310fc5e8be020e8ddf76aa7a8da8d4,
54065879,https://a0.muscache.com/pictures/miso/Hosting-54065879/original/9a217279-edfb-4693-bedb-fc3f27fc5dbc.jpeg,failed_http_404,404.0,,0,0,0,,,HTTP 404
53495721,https://a0.muscache.com/pictures/b93cd568-e2ab-4d7b-a953-fba9cd291386.jpg,success,200.0,c:\Prathik\MY DOCUMENTS\Rental_price_prediction\datasets\multimodal_v3\images\53495721.jpg,2429165,4032,3024,RGB,3cb5036303af21681f607fb208f47ce0,
51562372,https://a0.muscache.com/pictures/miso/Hosting-51562372/original/5b954e5f-9f9d-4069-9f42-e5b4cf1d40e8.jpeg,success,200.0,c:\Prathik\MY DOCUMENTS\Rental_price_prediction\datasets\multimodal_v3\images\51562372.jpg,8882548,8253,5504,RGB,5abbdcb42542b14c7bbce979cac219bc,
53877042,https://a0.muscache.com/pictures/da978768-15d8-46bb-b918-929a5ef89327.jpg,success,200.0,c:\Prathik\MY DOCUMENTS\Rental_price_prediction\datasets\multimodal_v3\images\53877042.jpg,563382,2000,1335,RGB,4cfbe8e3f8061d10a4ac6c48a7b411ab,
54213514,https://a0.muscache.com/pictures/miso/Hosting-54213514/original/56372bbf-181b-4052-81cc-ee9ca8650263.jpeg,failed_http_404,404.0,,0,0,0,,,HTTP 404
53281129,https://a0.muscache.com/pictures/a07cd164-567b-40e1-9041-2e3059557402.jpg,success,200.0,c:\Prathik\MY DOCUMENTS\Rental_price_prediction\datasets\multimodal_v3\images\53281129.jpg,3517985,4032,3024,RGB,b9856a0a8afabf477ec704712fbbca75,
54232479,https://a0.muscache.com/pictures/c98a004a-984d-49b8-a01d-7f6f8a3e90fe.jpg,success,200.0,c:\Prathik\MY DOCUMENTS\Rental_price_prediction\datasets\multimodal_v3\images\54232479.jpg,155327,1170,2532,RGB,e4844add2300e9f886b4d2ca8c95c5e8,
53982481,https://a0.muscache.com/pictures/miso/Hosting-53982481/original/9bde8163-a8ff-4837-b85b-d218f1d80985.jpeg,success,200.0,c:\Prathik\MY DOCUMENTS\Rental_price_prediction\datasets\multimodal_v3\images\53982481.jpg,1632050,4032,3024,RGB,72852b8d48d64bfc270f940d97cf6370,
54228904,https://a0.muscache.com/pictures/prohost-api/Hosting-54228904/original/c5e76fb2-2d55-4af3-909f-3272a7a6b32f.jpeg,success,200.0,c:\Prathik\MY DOCUMENTS\Rental_price_prediction\datasets\multimodal_v3\images\54228904.jpg,775734,2016,1512,RGB,b6744161972c29ae49c174ce5a5998e3,
53643250,https://a0.muscache.com/pictures/miso/Hosting-53643250/original/31f7cfe3-4661-490f-9180-bd6e38c5a33b.jpeg,success,200.0,c:\Prathik\MY DOCUMENTS\Rental_price_prediction\datasets\multimodal_v3\images\53643250.jpg,1758955,4048,3036,RGB,d858d08e19a462c248370ac8d6f9ff53,
54260374,https://a0.muscache.com/pictures/miso/Hosting-54260374/original/6c27ae00-bbf1-45f8-998e-77691cc0590a.jpeg,success,200.0,c:\Prathik\MY DOCUMENTS\Rental_price_prediction\datasets\multimodal_v3\images\54260374.jpg,244723,1440,960,RGB,4b906835a9e5be9f99b8d01ca8b4d38d,
51957729,https://a0.muscache.com/pictures/miso/Hosting-51957729/original/d89bf7b1-5257-4253-9f66-75d6498662d6.jpeg,success,200.0,c:\Prathik\MY DOCUMENTS\Rental_price_prediction\datasets\multimodal_v3\images\51957729.jpg,4097244,6720,4480,RGB,640ca9377bd64eb55eab52647e2db806,
54138782,https://a0.muscache.com/pictures/miso/Hosting-54138782/original/23040acb-a067-4f51-bc83-1cab1fcf8b82.jpeg,success,200.0,c:\Prathik\MY DOCUMENTS\Rental_price_prediction\datasets\multimodal_v3\images\54138782.jpg,423475,1500,998,RGB,4158b2bd11a66c05e6d7d66ac7eddc5a,
53845486,https://a0.muscache.com/pictures/prohost-api/Hosting-53845486/original/9869e32b-99c1-40f8-b347-86190d2ba4e2.jpeg,success,200.0,c:\Prathik\MY DOCUMENTS\Rental_price_prediction\datasets\multimodal_v3\images\53845486.jpg,535829,1500,1000,RGB,5b429bde6745caab49f9685eb89e01a8,
54276053,https://a0.muscache.com/pictures/miso/Hosting-54276053/original/2fc0cb9f-0011-4bb3-a410-e9a9cc766219.png,failed_http_404,404.0,,0,0,0,,,HTTP 404
52546451,https://a0.muscache.com/pictures/miso/Hosting-52546451/original/ca9a2a5f-1811-4911-a3aa-ae86464227b6.jpeg,success,200.0,c:\Prathik\MY DOCUMENTS\Rental_price_prediction\datasets\multimodal_v3\images\52546451.jpg,8803372,8112,5360,RGB,84c2d084a3da54cd431b355dd0021707,
54279055,https://a0.muscache.com/pictures/miso/Hosting-54279055/original/4c966d77-ca18-43bb-bdc3-f75a21106f18.jpeg,success,200.0,c:\Prathik\MY DOCUMENTS\Rental_price_prediction\datasets\multimodal_v3\images\54279055.jpg,103744,627,418,RGB,93b64251d73836c14c6e14623bcfbab2,
53742409,https://a0.muscache.com/pictures/miso/Hosting-53742409/original/d81881bd-ad06-4ee4-bc39-a08639189c3a.jpeg,success,200.0,c:\Prathik\MY DOCUMENTS\Rental_price_prediction\datasets\multimodal_v3\images\53742409.jpg,4337063,6016,4016,RGB,5da1625bab362b34ad27d54d22c051ae,
53273299,https://a0.muscache.com/pictures/miso/Hosting-53273299/original/1f16b0d0-45a3-4dc0-8df0-e107e8a1e529.jpeg,success,200.0,c:\Prathik\MY DOCUMENTS\Rental_price_prediction\datasets\multimodal_v3\images\53273299.jpg,3011228,3926,2350,RGB,a782851ceb3c0dc9fd65cec6d70ece2a,
51957993,https://a0.muscache.com/pictures/miso/Hosting-51957993/original/4d1948cb-845d-4669-8b1a-76e5ba7a2f7c.jpeg,success,200.0,c:\Prathik\MY DOCUMENTS\Rental_price_prediction\datasets\multimodal_v3\images\51957993.jpg,4642977,6720,4480,RGB,1269a5ae120a6ae4bbc676ecd37b74a2,
54274825,https://a0.muscache.com/pictures/7d15cc3a-b537-4455-8ee0-3a3fc8078421.jpg,success,200.0,c:\Prathik\MY DOCUMENTS\Rental_price_prediction\datasets\multimodal_v3\images\54274825.jpg,1428182,4032,3024,RGB,b0f44ea593a20bf0e12ef071a2182819,
49037064,https://a0.muscache.com/pictures/miso/Hosting-49037064/original/65ccb0a1-55d9-45b9-adf4-a36e882871fb.jpeg,success,200.0,c:\Prathik\MY DOCUMENTS\Rental_price_prediction\datasets\multimodal_v3\images\49037064.jpg,5917776,6523,4349,RGB,c93ca28ad1a80d961d167145d9fde464,
498553730281519631,https://a0.muscache.com/pictures/81a2d337-5637-41d6-806f-ac74ea1b8610.jpg,failed_http_404,404.0,,0,0,0,,,HTTP 404
54314797,https://a0.muscache.com/pictures/miso/Hosting-54314797/original/40000544-cb54-467a-9161-40fe8a7b7282.jpeg,success,200.0,c:\Prathik\MY DOCUMENTS\Rental_price_prediction\datasets\multimodal_v3\images\54314797.jpg,474208,2048,1365,RGB,5f21c1ba29035f406a8efe6ab02a943c,
549171551202496840,https://a0.muscache.com/pictures/miso/Hosting-549171551202496840/original/618c4a60-1730-4741-935f-f17853f0eeaf.jpeg,success,200.0,c:\Prathik\MY DOCUMENTS\Rental_price_prediction\datasets\multimodal_v3\images\549171551202496840.jpg,1056846,2710,1807,RGB,12d8891ab59198318915d0c10436eb72,
54240595,https://a0.muscache.com/pictures/prohost-api/Hosting-54240595/original/103ee915-bc74-4bb7-8c67-0f803d4314b8.jpeg,success,200.0,c:\Prathik\MY DOCUMENTS\Rental_price_prediction\datasets\multimodal_v3\images\54240595.jpg,1728909,3840,2559,RGB,af8ac63abe57479d962a4baddf31f9a2,
54406242,https://a0.muscache.com/pictures/miso/Hosting-54406242/original/d0932f20-b530-400b-be74-0e7d1868a8d1.jpeg,success,200.0,c:\Prathik\MY DOCUMENTS\Rental_price_prediction\datasets\multimodal_v3\images\54406242.jpg,1599176,4200,2800,RGB,28e91c4e618f92744e284c56978daddc,
54072884,https://a0.muscache.com/pictures/5dc028a9-5f6d-4c0d-9a68-64bdaea0ae81.jpg,success,200.0,c:\Prathik\MY DOCUMENTS\Rental_price_prediction\datasets\multimodal_v3\images\54072884.jpg,2602089,3794,2845,RGB,47197ef82e18b5fae90ee9c43208a069,
549301732339720593,https://a0.muscache.com/pictures/miso/Hosting-549301732339720593/original/1b2beb75-320f-4aa1-83e0-cd3aee061af2.jpeg,success,200.0,c:\Prathik\MY DOCUMENTS\Rental_price_prediction\datasets\multimodal_v3\images\549301732339720593.jpg,538702,2000,1335,RGB,5846efbd6ed789d8fdb477e3c4076f39,
550551028937183208,https://a0.muscache.com/pictures/miso/Hosting-550551028937183208/original/365343d0-563e-41bf-a4a1-cf3bdc35042a.jpeg,success,200.0,c:\Prathik\MY DOCUMENTS\Rental_price_prediction\datasets\multimodal_v3\images\550551028937183208.jpg,159353,767,575,RGB,58be5d12793381e941db96725ef6b518,
549978484678641211,https://a0.muscache.com/pictures/prohost-api/Hosting-549978484678641211/original/5d858a50-1e3b-4b00-a9ac-5da5a2b0e5d0.jpeg,success,200.0,c:\Prathik\MY DOCUMENTS\Rental_price_prediction\datasets\multimodal_v3\images\549978484678641211.jpg,458874,2048,1367,RGB,5ac1e1f666b281a3b162890de91e6b53,
547272314069872257,https://a0.muscache.com/pictures/miso/Hosting-547272314069872257/original/4d05322f-6d94-4ba9-8cbf-0ebd27e05e95.jpeg,success,200.0,c:\Prathik\MY DOCUMENTS\Rental_price_prediction\datasets\multimodal_v3\images\547272314069872257.jpg,596245,2016,1512,RGB,9e7f41f2c052e7ab6bd5597a5f3466e3,
552053633562355897,https://a0.muscache.com/pictures/prohost-api/Hosting-552053633562355897/original/d57961e5-118f-4f05-bc48-96757a1bfd6b.jpeg,success,200.0,c:\Prathik\MY DOCUMENTS\Rental_price_prediction\datasets\multimodal_v3\images\552053633562355897.jpg,1232109,3840,2560,RGB,a52c591ce2952d54610ea91d317193ad,
53784952,https://a0.muscache.com/pictures/miso/Hosting-53784952/original/fb540009-d910-492d-973c-f482a11df95c.jpeg,success,200.0,c:\Prathik\MY DOCUMENTS\Rental_price_prediction\datasets\multimodal_v3\images\53784952.jpg,3319636,4032,3024,RGB,797aeb150c3353c423aff8c881d6b141,
552335414058286180,https://a0.muscache.com/pictures/miso/Hosting-552335414058286180/original/e3ed56fa-05a6-4b74-bd62-9046c234f0d9.jpeg,success,200.0,c:\Prathik\MY DOCUMENTS\Rental_price_prediction\datasets\multimodal_v3\images\552335414058286180.jpg,452039,2048,1365,RGB,f410e170434546be270ec7ab77ea073a,
53699931,https://a0.muscache.com/pictures/miso/Hosting-53699931/original/d36cd33b-a239-4e16-b65d-9760792c2ea9.jpeg,success,200.0,c:\Prathik\MY DOCUMENTS\Rental_price_prediction\datasets\multimodal_v3\images\53699931.jpg,4702513,8192,5464,RGB,63f12b71881057c789fadac713ed4e7f,
54240408,https://a0.muscache.com/pictures/dcb5d8c8-250a-4336-8d25-8cb1738cd54b.jpg,success,200.0,c:\Prathik\MY DOCUMENTS\Rental_price_prediction\datasets\multimodal_v3\images\54240408.jpg,1601588,4030,2790,RGB,038e7c33a16c431ea310d90c83a7f985,
554287217436240399,https://a0.muscache.com/pictures/prohost-api/Hosting-554287217436240399/original/6d2031af-8fc2-4bd3-b858-8be11d6aa2a1.jpeg,failed_http_404,404.0,,0,0,0,,,HTTP 404
554287234247934283,https://a0.muscache.com/pictures/prohost-api/Hosting-554287234247934283/original/a51a625f-ed2e-47ee-bc15-5b1027e2d9d7.jpeg,failed_http_404,404.0,,0,0,0,,,HTTP 404
53826158,https://a0.muscache.com/pictures/miso/Hosting-53826158/original/22c33495-c65b-4a28-b820-7444b977e823.jpeg,success,200.0,c:\Prathik\MY DOCUMENTS\Rental_price_prediction\datasets\multimodal_v3\images\53826158.jpg,2323641,4200,2800,RGB,1b0d9e889a3319d5a9323eefd76b45ee,
554287166311175790,https://a0.muscache.com/pictures/prohost-api/Hosting-554287166311175790/original/8d4c0460-e516-457c-8de1-582cc1c68de7.jpeg,failed_http_404,404.0,,0,0,0,,,HTTP 404
554287300307621374,https://a0.muscache.com/pictures/prohost-api/Hosting-554287300307621374/original/fe6282d4-e179-4b2e-a1cc-0c37f88e5912.jpeg,failed_http_404,404.0,,0,0,0,,,HTTP 404
554287486404930872,https://a0.muscache.com/pictures/prohost-api/Hosting-554287486404930872/original/7e0c2357-55c2-495a-ae5d-855cfc2a20e5.jpeg,failed_http_404,404.0,,0,0,0,,,HTTP 404
554287419576797730,https://a0.muscache.com/pictures/prohost-api/Hosting-554287419576797730/original/ddfd90f5-61e5-429b-aa83-ba37bc9eace8.jpeg,failed_http_404,404.0,,0,0,0,,,HTTP 404
554287484246301373,https://a0.muscache.com/pictures/prohost-api/Hosting-554287484246301373/original/d97de0a8-6538-4ab2-97ad-c28d322fb1bb.jpeg,failed_http_404,404.0,,0,0,0,,,HTTP 404
554287144939507336,https://a0.muscache.com/pictures/prohost-api/Hosting-554287144939507336/original/d177cfdb-04a0-4d30-8429-7991f2941009.jpeg,failed_http_404,404.0,,0,0,0,,,HTTP 404
554287530853301502,https://a0.muscache.com/pictures/prohost-api/Hosting-554287530853301502/original/3f67c810-da21-4215-bc96-3fdc8d0175ca.jpeg,failed_http_404,404.0,,0,0,0,,,HTTP 404
554287388846165092,https://a0.muscache.com/pictures/prohost-api/Hosting-554287388846165092/original/1ca4320e-fe68-405b-8de1-78fecb8123b8.jpeg,success,200.0,c:\Prathik\MY DOCUMENTS\Rental_price_prediction\datasets\multimodal_v3\images\554287388846165092.jpg,409664,1980,1320,RGB,f87fb077d30bfb0664310d5041532901,
554287692513149899,https://a0.muscache.com/pictures/prohost-api/Hosting-554287692513149899/original/62e4817a-60ae-4d44-a3b6-04b2a80ff9ad.jpeg,failed_http_404,404.0,,0,0,0,,,HTTP 404
554287584625422598,https://a0.muscache.com/pictures/prohost-api/Hosting-554287584625422598/original/73647f57-edf2-4a61-ac01-464275944b90.jpeg,failed_http_404,404.0,,0,0,0,,,HTTP 404
554287532136090284,https://a0.muscache.com/pictures/prohost-api/Hosting-554287532136090284/original/950d702d-78d6-46e5-8419-227936f4dd2c.jpeg,failed_http_404,404.0,,0,0,0,,,HTTP 404
554287551309732819,https://a0.muscache.com/pictures/prohost-api/Hosting-554287551309732819/original/501b00f3-0f2c-4897-901c-c1f618b6f598.jpeg,failed_http_404,404.0,,0,0,0,,,HTTP 404
554287733342215871,https://a0.muscache.com/pictures/prohost-api/Hosting-554287733342215871/original/952a930e-e1b4-463d-9652-71028eec4e0f.jpeg,failed_http_404,404.0,,0,0,0,,,HTTP 404
554387628515239583,https://a0.muscache.com/pictures/prohost-api/Hosting-554387628515239583/original/27ceadbf-2b68-4f95-b190-92f00a235e1f.jpeg,failed_http_404,404.0,,0,0,0,,,HTTP 404
554723797986629443,https://a0.muscache.com/pictures/prohost-api/Hosting-554723797986629443/original/96138e15-3d95-4a1d-acb1-33cbb1579ed7.jpeg,failed_http_404,404.0,,0,0,0,,,HTTP 404
554724044914613845,https://a0.muscache.com/pictures/prohost-api/Hosting-554724044914613845/original/20b1bce2-8bcf-412f-838d-cf53b21ae629.jpeg,failed_http_404,404.0,,0,0,0,,,HTTP 404
53547976,https://a0.muscache.com/pictures/miso/Hosting-53547976/original/51a98fdf-fcba-4871-afd3-e917f3944e85.jpeg,success,200.0,c:\Prathik\MY DOCUMENTS\Rental_price_prediction\datasets\multimodal_v3\images\53547976.jpg,3766600,3128,2990,RGB,883e5d5f95e3cce6f9cf83c5a354b383,
554737783856768736,https://a0.muscache.com/pictures/prohost-api/Hosting-554737783856768736/original/b8b2099b-fcff-4c7f-a09f-f65f33fd6aad.jpeg,failed_http_404,404.0,,0,0,0,,,HTTP 404
554748266723855555,https://a0.muscache.com/pictures/prohost-api/Hosting-554748266723855555/original/8b02a2c3-65d8-480d-b27b-7904a7a766ad.jpeg,failed_http_404,404.0,,0,0,0,,,HTTP 404
554837888479707395,https://a0.muscache.com/pictures/prohost-api/Hosting-554837888479707395/original/da74b68d-e4ab-4db5-a169-306e10492744.jpeg,failed_http_404,404.0,,0,0,0,,,HTTP 404
554759394399258737,https://a0.muscache.com/pictures/prohost-api/Hosting-554759394399258737/original/191aa347-c77c-48f6-97db-b0c8476bbd33.jpeg,failed_http_404,404.0,,0,0,0,,,HTTP 404
554838899688295043,https://a0.muscache.com/pictures/prohost-api/Hosting-554838899688295043/original/538ef963-3a99-4511-9d84-d70c91dcfbec.jpeg,failed_http_404,404.0,,0,0,0,,,HTTP 404
54184393,https://a0.muscache.com/pictures/miso/Hosting-54184393/original/dbe396b3-6cbc-4b74-a9ec-0647be16eb48.jpeg,success,200.0,c:\Prathik\MY DOCUMENTS\Rental_price_prediction\datasets\multimodal_v3\images\54184393.jpg,6063320,6843,4562,RGB,4db412d244bb12c4629dd911d2168948,
53449213,https://a0.muscache.com/pictures/miso/Hosting-53449213/original/6bb77bb1-df0d-4a3c-a6a4-1358828e6cf2.jpeg,success,200.0,c:\Prathik\MY DOCUMENTS\Rental_price_prediction\datasets\multimodal_v3\images\53449213.jpg,5929800,6016,4016,RGB,38d778d2f2b5a08df83290babb8518fd,
554839184686601503,https://a0.muscache.com/pictures/prohost-api/Hosting-554839184686601503/original/2cc7b596-e59c-4249-be51-4d777fd14506.jpeg,failed_http_404,404.0,,0,0,0,,,HTTP 404
548708984302517493,https://a0.muscache.com/pictures/a638911a-959c-40f2-af01-eb149811e8f7.jpg,success,200.0,c:\Prathik\MY DOCUMENTS\Rental_price_prediction\datasets\multimodal_v3\images\548708984302517493.jpg,2792451,3024,4032,RGB,d109a1377129ad4930614a82fae7796d,
554338948779706744,https://a0.muscache.com/pictures/miso/Hosting-554338948779706744/original/37de7e79-b70c-42a9-add4-67a2a38ed17d.jpeg,success,200.0,c:\Prathik\MY DOCUMENTS\Rental_price_prediction\datasets\multimodal_v3\images\554338948779706744.jpg,203440,1200,800,RGB,4fc421e72b6747ec87f55c499f5e51c3,
555692461491360686,https://a0.muscache.com/pictures/miso/Hosting-555692461491360686/original/030e8d1c-d213-4466-94ef-9d6a0fd74aeb.jpeg,success,200.0,c:\Prathik\MY DOCUMENTS\Rental_price_prediction\datasets\multimodal_v3\images\555692461491360686.jpg,1200686,3008,2000,RGB,8740078bd79448412f4e36387fbc6a6d,
559459823591260925,https://a0.muscache.com/pictures/prohost-api/Hosting-559459823591260925/original/16463a6d-d272-46b4-856e-8f0b6a30e824.jpeg,failed_http_404,404.0,,0,0,0,,,HTTP 404
54128805,https://a0.muscache.com/pictures/miso/Hosting-54128805/original/085cd19f-9bb6-4240-9db4-a5e5dee7303d.jpeg,success,200.0,c:\Prathik\MY DOCUMENTS\Rental_price_prediction\datasets\multimodal_v3\images\54128805.jpg,1910019,4032,3024,RGB,1e9376b1ee4620f4310a16fb0490df48,
552154644562670350,https://a0.muscache.com/pictures/prohost-api/Hosting-552154644562670350/original/c2428520-e667-437a-8ca9-9981a718a768.jpeg,success,200.0,c:\Prathik\MY DOCUMENTS\Rental_price_prediction\datasets\multimodal_v3\images\552154644562670350.jpg,221702,1200,628,RGB,610729e57fed82e7d5a7301724379d22,
54050039,https://a0.muscache.com/pictures/miso/Hosting-54050039/original/eaf29959-65f0-403b-8ebe-7e3e315a929c.jpeg,success,200.0,c:\Prathik\MY DOCUMENTS\Rental_price_prediction\datasets\multimodal_v3\images\54050039.jpg,1954407,3502,2026,RGB,15c5cbadfda282018b6e16e16d7123d7,
561708030401255349,https://a0.muscache.com/pictures/d6a96113-ff47-455e-a7c7-d8cbcffe1ece.jpg,success,200.0,c:\Prathik\MY DOCUMENTS\Rental_price_prediction\datasets\multimodal_v3\images\561708030401255349.jpg,176469,1242,816,RGB,67dfea716b35e2ee535c3c1350d802b8,
561483905539593879,https://a0.muscache.com/pictures/e8fd65e1-dc39-4013-9694-c4c96e00a5b9.jpg,success,200.0,c:\Prathik\MY DOCUMENTS\Rental_price_prediction\datasets\multimodal_v3\images\561483905539593879.jpg,319216,1500,2000,RGB,68f4f3b1e452865f257691df5530cce3,
558597394709287405,https://a0.muscache.com/pictures/0be71b25-2938-4d9a-bb3f-c643740eee63.jpg,success,200.0,c:\Prathik\MY DOCUMENTS\Rental_price_prediction\datasets\multimodal_v3\images\558597394709287405.jpg,1743428,3697,2426,RGB,8e85aab28e122681bef5734ae001d859,
539829499436272502,https://a0.muscache.com/pictures/prohost-api/Hosting-539829499436272502/original/bb0af8d9-7e13-49c8-a20e-bb9f6241a1b4.jpeg,success,200.0,c:\Prathik\MY DOCUMENTS\Rental_price_prediction\datasets\multimodal_v3\images\539829499436272502.jpg,655003,2048,1367,RGB,7077a3f7b7b542e7b8cbf7e1b5691d20,
563772837868385972,https://a0.muscache.com/pictures/prohost-api/Hosting-563772837868385972/original/99d56569-f269-49c9-9b80-d8b70c2d24cb.jpeg,failed_http_404,404.0,,0,0,0,,,HTTP 404
557873794986607231,https://a0.muscache.com/pictures/miso/Hosting-557873794986607231/original/d553f10a-9e5b-4b55-81f8-05800e9ad3f3.png,success,200.0,c:\Prathik\MY DOCUMENTS\Rental_price_prediction\datasets\multimodal_v3\images\557873794986607231.jpg,74027,606,399,RGB,3f44f910d751428da9d0e117618884fe,
556453561587092335,https://a0.muscache.com/pictures/a35f2b6c-cfa2-40a2-af9c-229e6e68b716.jpg,success,200.0,c:\Prathik\MY DOCUMENTS\Rental_price_prediction\datasets\multimodal_v3\images\556453561587092335.jpg,1201045,4032,3024,RGB,43e1efcf13165f705273c97d0f30a522,
565084527936137389,https://a0.muscache.com/pictures/miso/Hosting-565084527936137389/original/ceb3e4d0-a6ec-45f9-8f31-6e06689e0411.jpeg,failed_http_404,404.0,,0,0,0,,,HTTP 404
54006442,https://a0.muscache.com/pictures/0499b4f6-623a-4146-af2a-1fa2514112ce.jpg,success,200.0,c:\Prathik\MY DOCUMENTS\Rental_price_prediction\datasets\multimodal_v3\images\54006442.jpg,1143259,4000,1800,RGB,334c74b961283b08ba6980eff5dd7398,
52617199,https://a0.muscache.com/pictures/miso/Hosting-52617199/original/6780cd0a-589f-4e24-9dea-3bbb26200030.jpeg,success,200.0,c:\Prathik\MY DOCUMENTS\Rental_price_prediction\datasets\multimodal_v3\images\52617199.jpg,5849139,6556,4350,RGB,733391d68037f7c68995c684fb0acc9d,
556303216712717862,https://a0.muscache.com/pictures/miso/Hosting-556303216712717862/original/85dee35d-b8b2-4694-8e4a-ec643b986e08.jpeg,success,200.0,c:\Prathik\MY DOCUMENTS\Rental_price_prediction\datasets\multimodal_v3\images\556303216712717862.jpg,244957,1024,682,RGB,971c1c304900bd642f6a283f7d7b06ec,
565221046093678426,https://a0.muscache.com/pictures/prohost-api/Hosting-565221046093678426/original/31fa70e7-a0a3-482e-b882-4db626065945.jpeg,failed_http_404,404.0,,0,0,0,,,HTTP 404
564682816014057596,https://a0.muscache.com/pictures/744a093f-926d-4109-816e-13536bcd883a.jpg,success,200.0,c:\Prathik\MY DOCUMENTS\Rental_price_prediction\datasets\multimodal_v3\images\564682816014057596.jpg,922541,2900,1874,RGB,a583084e679975483d43d725f70017a9,
567374138287309304,https://a0.muscache.com/pictures/miso/Hosting-567374138287309304/original/9b9143b1-012c-4539-a47d-0a92562af7c8.jpeg,failed_http_404,404.0,,0,0,0,,,HTTP 404
560708497575441639,https://a0.muscache.com/pictures/miso/Hosting-560708497575441639/original/2e2428ac-9172-4c0f-b063-8ecd675a7494.jpeg,success,200.0,c:\Prathik\MY DOCUMENTS\Rental_price_prediction\datasets\multimodal_v3\images\560708497575441639.jpg,1743387,4000,3000,RGB,abc0843c6c2c304414361caf91df02f9,
567444958220784708,https://a0.muscache.com/pictures/miso/Hosting-567444958220784708/original/723d2f70-e701-4759-a920-0a566656d1e4.jpeg,success,200.0,c:\Prathik\MY DOCUMENTS\Rental_price_prediction\datasets\multimodal_v3\images\567444958220784708.jpg,154284,1024,1365,RGB,50aec7a0bd61e70594ad690606a69804,
567235228834537605,https://a0.muscache.com/pictures/miso/Hosting-567235228834537605/original/7f3b3d1e-0bad-4ee0-8952-15e2bb6a9017.jpeg,success,200.0,c:\Prathik\MY DOCUMENTS\Rental_price_prediction\datasets\multimodal_v3\images\567235228834537605.jpg,89313,640,480,RGB,9d7a5784041badb6dff4d85dbe287352,
568954337248450674,https://a0.muscache.com/pictures/miso/Hosting-568954337248450674/original/ac3170a2-fbc1-49fe-85c5-51345ab2b336.jpeg,failed_http_404,404.0,,0,0,0,,,HTTP 404
53951725,https://a0.muscache.com/pictures/miso/Hosting-53951725/original/05aec41e-8c8e-48ff-a374-2ea3def1488e.jpeg,success,200.0,c:\Prathik\MY DOCUMENTS\Rental_price_prediction\datasets\multimodal_v3\images\53951725.jpg,1010246,2000,1335,RGB,0949ec7d27b8819556f044dcf3ed574e,
54351140,https://a0.muscache.com/pictures/miso/Hosting-54351140/original/e1e93525-e0d7-4aa3-8948-3f8a34aef556.jpeg,success,200.0,c:\Prathik\MY DOCUMENTS\Rental_price_prediction\datasets\multimodal_v3\images\54351140.jpg,3962281,5376,3584,RGB,b776af86db3e9d3e70240714b7de5a62,
567933019816419619,https://a0.muscache.com/pictures/8594e31e-bbb7-47cd-be78-2fdfcc4444c9.jpg,success,200.0,c:\Prathik\MY DOCUMENTS\Rental_price_prediction\datasets\multimodal_v3\images\567933019816419619.jpg,2589021,6016,4016,RGB,99597458cdc3a5e5fa093343ae390897,
54326499,https://a0.muscache.com/pictures/miso/Hosting-54326499/original/a0ee17cb-2a94-4a1b-aae3-eab4297122ce.jpeg,success,200.0,c:\Prathik\MY DOCUMENTS\Rental_price_prediction\datasets\multimodal_v3\images\54326499.jpg,1872232,4200,2801,RGB,9208d8454c312f5ca216b1a630765735,
54320316,https://a0.muscache.com/pictures/miso/Hosting-54320316/original/8091efb8-1ed2-4979-9f96-623c15dc1fb3.jpeg,success,200.0,c:\Prathik\MY DOCUMENTS\Rental_price_prediction\datasets\multimodal_v3\images\54320316.jpg,2311988,4032,3024,RGB,bf6854a1a9fb7bdcb3ef6fde83a26c7a,
554282156692351530,https://a0.muscache.com/pictures/miso/Hosting-554282156692351530/original/d5a96e8f-c61b-41c4-91fd-078249d0f4df.jpeg,success,200.0,c:\Prathik\MY DOCUMENTS\Rental_price_prediction\datasets\multimodal_v3\images\554282156692351530.jpg,923820,4032,2268,RGB,9d29e2b546521b3e111389065fba9c0d,
564465514725800559,https://a0.muscache.com/pictures/30aed887-73be-40f6-ac36-9a31c5399b50.jpg,success,200.0,c:\Prathik\MY DOCUMENTS\Rental_price_prediction\datasets\multimodal_v3\images\564465514725800559.jpg,241159,820,545,RGB,c060126bb44278d9f40300a2dead28ba,
51713535,https://a0.muscache.com/pictures/miso/Hosting-51713535/original/773714eb-6d4c-472a-89f8-b2ba82bf237d.jpeg,success,200.0,c:\Prathik\MY DOCUMENTS\Rental_price_prediction\datasets\multimodal_v3\images\51713535.jpg,4729270,5760,3840,RGB,f48dcc88831fbf825fbbab3baa4a2f78,
572435736445977863,https://a0.muscache.com/pictures/prohost-api/Hosting-572435736445977863/original/d83a5c9c-5827-4637-829b-766e8d9d8a82.jpeg,failed_http_404,404.0,,0,0,0,,,HTTP 404
572435754874186880,https://a0.muscache.com/pictures/prohost-api/Hosting-572435754874186880/original/8e2a75bc-7bbd-458f-9947-6092d72b2c4a.jpeg,failed_http_404,404.0,,0,0,0,,,HTTP 404
572435769734677753,https://a0.muscache.com/pictures/prohost-api/Hosting-572435769734677753/original/d46555bc-b7e6-4c09-9b8b-ae471d40deda.jpeg,failed_http_404,404.0,,0,0,0,,,HTTP 404
562151087989468295,https://a0.muscache.com/pictures/miso/Hosting-562151087989468295/original/9306cd5a-e7b1-49d4-b05f-aff361f283a8.jpeg,success,200.0,c:\Prathik\MY DOCUMENTS\Rental_price_prediction\datasets\multimodal_v3\images\562151087989468295.jpg,953428,1920,1280,RGB,a5b141e404b47cf0c893f15ae2a652dd,
561628933559810559,https://a0.muscache.com/pictures/miso/Hosting-561628933559810559/original/ffc23bac-7a0f-4f6c-b222-872e7fd6e826.jpeg,success,200.0,c:\Prathik\MY DOCUMENTS\Rental_price_prediction\datasets\multimodal_v3\images\561628933559810559.jpg,297986,1600,1067,RGB,a4feddceff0c593a2b92fef4c9da363b,
54229794,https://a0.muscache.com/pictures/f433b991-f979-4c0b-8e31-de1dd8285133.jpg,success,200.0,c:\Prathik\MY DOCUMENTS\Rental_price_prediction\datasets\multimodal_v3\images\54229794.jpg,4197565,4032,3024,RGB,12fca7cdbda3f0f6ddb1c408dc353545,
561696274751615668,https://a0.muscache.com/pictures/prohost-api/Hosting-561696274751615668/original/64e4cdca-2f93-4d02-b103-76924b3c9c70.jpeg,success,200.0,c:\Prathik\MY DOCUMENTS\Rental_price_prediction\datasets\multimodal_v3\images\561696274751615668.jpg,422114,2048,1363,RGB,599adcfcaf3ae1f58505e64b1357a252,
572435903541837350,https://a0.muscache.com/pictures/prohost-api/Hosting-572435903541837350/original/57b0591f-9810-4e91-ba4a-70cc4ca2e296.jpeg,success,200.0,c:\Prathik\MY DOCUMENTS\Rental_price_prediction\datasets\multimodal_v3\images\572435903541837350.jpg,275720,1500,1000,RGB,34848d731aba8c0bc8df08695b07893d,
572435835067697316,https://a0.muscache.com/pictures/prohost-api/Hosting-572435835067697316/original/992f66f8-df85-4466-a93d-a5e008543502.jpeg,success,200.0,c:\Prathik\MY DOCUMENTS\Rental_price_prediction\datasets\multimodal_v3\images\572435835067697316.jpg,210971,1500,1000,RGB,c29d4f2d5c05ad24ce663c3af7f1dba8,
572469838940652151,https://a0.muscache.com/pictures/miso/Hosting-572469838940652151/original/096945ec-99bc-4813-a990-bea172cc1c51.jpeg,success,200.0,c:\Prathik\MY DOCUMENTS\Rental_price_prediction\datasets\multimodal_v3\images\572469838940652151.jpg,511869,2048,1365,RGB,8fc8c2dc24411955aa69cf2a04a81596,
562346651544631806,https://a0.muscache.com/pictures/miso/Hosting-562346651544631806/original/460a7825-4167-4db1-8c2d-33884082dfe0.jpeg,success,200.0,c:\Prathik\MY DOCUMENTS\Rental_price_prediction\datasets\multimodal_v3\images\562346651544631806.jpg,847158,3456,2304,RGB,4e04e753a134fa7c280e004716e884fd,
572435801484512661,https://a0.muscache.com/pictures/prohost-api/Hosting-572435801484512661/original/9ada2ec0-3e7d-4115-a60f-e7eb9f6b321b.jpeg,success,200.0,c:\Prathik\MY DOCUMENTS\Rental_price_prediction\datasets\multimodal_v3\images\572435801484512661.jpg,297766,1500,1000,RGB,6d5929f2fa5a1b2fafc7a4eba51e19ef,
572435879484786314,https://a0.muscache.com/pictures/prohost-api/Hosting-572435879484786314/original/de21a13d-aa3f-4114-bea8-8d49d0e882f6.jpeg,success,200.0,c:\Prathik\MY DOCUMENTS\Rental_price_prediction\datasets\multimodal_v3\images\572435879484786314.jpg,252283,1500,1000,RGB,d14a3de776285e2580c85c2675bbb2c1,
575371354475994344,https://a0.muscache.com/pictures/963dafb7-33c4-41c0-b429-9d5874cd4ed0.jpg,failed_http_404,404.0,,0,0,0,,,HTTP 404
557368397297803157,https://a0.muscache.com/pictures/miso/Hosting-557368397297803157/original/9c8f891c-63a0-4ffc-95a1-27fbcda5f008.jpeg,success,200.0,c:\Prathik\MY DOCUMENTS\Rental_price_prediction\datasets\multimodal_v3\images\557368397297803157.jpg,2341221,4032,3024,RGB,709cb87c622c0dca627b22fc1c312e71,
571539242864932619,https://a0.muscache.com/pictures/miso/Hosting-571539242864932619/original/70bca226-81dd-4b68-a19d-c64ac7526996.jpeg,success,200.0,c:\Prathik\MY DOCUMENTS\Rental_price_prediction\datasets\multimodal_v3\images\571539242864932619.jpg,2074666,4032,3024,RGB,9060af384551b1c3b6e8bcbacf66e9a8,
572435867063700994,https://a0.muscache.com/pictures/prohost-api/Hosting-572435867063700994/original/64e3d6be-7313-4f03-adba-225fe8605128.jpeg,success,200.0,c:\Prathik\MY DOCUMENTS\Rental_price_prediction\datasets\multimodal_v3\images\572435867063700994.jpg,265395,1500,1000,RGB,4712dc0835db2df16544113917a42f15,
577703974478980299,https://a0.muscache.com/pictures/miso/Hosting-577703974478980299/original/931768da-9479-4545-9053-aba3cde65c33.jpeg,success,200.0,c:\Prathik\MY DOCUMENTS\Rental_price_prediction\datasets\multimodal_v3\images\577703974478980299.jpg,35359,320,240,RGB,333cf8462a39649af5585d535c3830b9,
551423603343357575,https://a0.muscache.com/pictures/prohost-api/Hosting-551423603343357575/original/f988f71d-264d-4b91-ad33-f1ba598f615a.jpeg,success,200.0,c:\Prathik\MY DOCUMENTS\Rental_price_prediction\datasets\multimodal_v3\images\551423603343357575.jpg,744030,2048,1367,RGB,7d718108ac57e860b7ee98eb8cfa7898,
578485700530755756,https://a0.muscache.com/pictures/miso/Hosting-578485700530755756/original/9664fec7-8a5d-4028-9828-faba61e035e8.jpeg,failed_http_404,404.0,,0,0,0,,,HTTP 404
53204369,https://a0.muscache.com/pictures/37b6dd25-b8f8-414c-be70-0b12da9d4979.jpg,success,200.0,c:\Prathik\MY DOCUMENTS\Rental_price_prediction\datasets\multimodal_v3\images\53204369.jpg,4466005,4032,3024,RGB,5a4b223cb5419ccac4f2283e3c06ef1c,
569548244798677981,https://a0.muscache.com/pictures/prohost-api/Hosting-569548244798677981/original/1c250cc8-8fde-4d7f-8199-a60208ecbc6b.jpeg,success,200.0,c:\Prathik\MY DOCUMENTS\Rental_price_prediction\datasets\multimodal_v3\images\569548244798677981.jpg,438288,2048,1363,RGB,a772607e26346ddd293e2d1f8ea15a1b,
551264073523811543,https://a0.muscache.com/pictures/miso/Hosting-551264073523811543/original/bb2276e9-4fd2-45b5-a6c9-7178bbbe0e4d.jpeg,success,200.0,c:\Prathik\MY DOCUMENTS\Rental_price_prediction\datasets\multimodal_v3\images\551264073523811543.jpg,2173327,6048,4024,RGB,a4a73a00cdaa5bab6d05f10846492aea,
577481538891576408,https://a0.muscache.com/pictures/miso/Hosting-577481538891576408/original/03dd9882-4a4a-4f95-8803-88e82efa6274.jpeg,success,200.0,c:\Prathik\MY DOCUMENTS\Rental_price_prediction\datasets\multimodal_v3\images\577481538891576408.jpg,372037,1500,1000,RGB,d30a0caafac121d8c124ac2297ec9069,
580510064747989621,https://a0.muscache.com/pictures/prohost-api/Hosting-580510064747989621/original/be81ec4a-46fb-410e-860d-d953176ced62.jpeg,failed_http_404,404.0,,0,0,0,,,HTTP 404
573082159149089383,https://a0.muscache.com/pictures/870e1f08-443e-4e91-a315-d27a55b3963b.jpg,success,200.0,c:\Prathik\MY DOCUMENTS\Rental_price_prediction\datasets\multimodal_v3\images\573082159149089383.jpg,1864624,3024,4032,RGB,19f6c95276753a2b7be04a82dd802daa,
572435816142415498,https://a0.muscache.com/pictures/prohost-api/Hosting-572435816142415498/original/6416ce02-e282-4351-8668-12e263057a8f.jpeg,success,200.0,c:\Prathik\MY DOCUMENTS\Rental_price_prediction\datasets\multimodal_v3\images\572435816142415498.jpg,272983,1500,1000,RGB,95f1e8b7c2257b532bcd464e36c41bde,
579930049387493349,https://a0.muscache.com/pictures/miso/Hosting-579930049387493349/original/388d0236-1045-4c6a-a350-0ae0d58a18d5.jpeg,success,200.0,c:\Prathik\MY DOCUMENTS\Rental_price_prediction\datasets\multimodal_v3\images\579930049387493349.jpg,217960,1497,1000,RGB,cc99bc12a5a75b4c59b60c315787d3b1,
557267473982972293,https://a0.muscache.com/pictures/fee3d324-c138-43da-afdd-0107c2112e14.jpg,success,200.0,c:\Prathik\MY DOCUMENTS\Rental_price_prediction\datasets\multimodal_v3\images\557267473982972293.jpg,2788201,4032,3024,RGB,84df926130813b14ae429c0850639161,
582665276472244741,https://a0.muscache.com/pictures/miso/Hosting-582665276472244741/original/f1fc0d4b-a6eb-427a-8b7d-2f514e87b653.jpeg,failed_http_404,404.0,,0,0,0,,,HTTP 404
51956702,https://a0.muscache.com/pictures/miso/Hosting-51956702/original/9a3c67f6-413e-4cd5-9f5f-53b074f6e19c.jpeg,success,200.0,c:\Prathik\MY DOCUMENTS\Rental_price_prediction\datasets\multimodal_v3\images\51956702.jpg,5008731,6720,4480,RGB,882326598915f94fa9733bd7fe5ed215,
583243401554856728,https://a0.muscache.com/pictures/miso/Hosting-583243401554856728/original/c60fede4-1e8e-402a-9b62-9d69ce43ab1e.jpeg,failed_http_404,404.0,,0,0,0,,,HTTP 404
583867686874028344,https://a0.muscache.com/pictures/prohost-api/Hosting-583867686874028344/original/713f031a-a180-4933-9b86-493fb400c0ea.jpeg,failed_http_404,404.0,,0,0,0,,,HTTP 404
584595916036589563,https://a0.muscache.com/pictures/miso/Hosting-584595916036589563/original/9c1a31b7-84fb-48d3-9e93-a0a8ba1db31b.jpeg,success,200.0,c:\Prathik\MY DOCUMENTS\Rental_price_prediction\datasets\multimodal_v3\images\584595916036589563.jpg,246577,1166,736,RGB,56837d9ae607887daa9f3a9c3fbb8a8c,
54119932,https://a0.muscache.com/pictures/miso/Hosting-54119932/original/dff482ba-fb6f-471b-8bcb-e3ea0328d279.jpeg,success,200.0,c:\Prathik\MY DOCUMENTS\Rental_price_prediction\datasets\multimodal_v3\images\54119932.jpg,2802878,5704,3803,RGB,dac21a1791c2f72f9e0eceb34c7c3726,
53864962,https://a0.muscache.com/pictures/miso/Hosting-53864962/original/6d37f15c-967a-4880-a5fd-894cfdf60a06.jpeg,success,200.0,c:\Prathik\MY DOCUMENTS\Rental_price_prediction\datasets\multimodal_v3\images\53864962.jpg,5250115,6000,4000,RGB,de7ccad29bd9a7c806d0ef68267ff8b7,
557817593538158401,https://a0.muscache.com/pictures/miso/Hosting-557817593538158401/original/97800069-38da-40c0-8fb8-2a9608e25dc6.jpeg,success,200.0,c:\Prathik\MY DOCUMENTS\Rental_price_prediction\datasets\multimodal_v3\images\557817593538158401.jpg,1937945,4032,3024,RGB,264f1b46e154106ce900d7eaf4dd0d7a,
577571570724983360,https://a0.muscache.com/pictures/miso/Hosting-577571570724983360/original/c7771c1f-a462-47ba-9d9c-1a953cb7c3d8.jpeg,success,200.0,c:\Prathik\MY DOCUMENTS\Rental_price_prediction\datasets\multimodal_v3\images\577571570724983360.jpg,864108,3888,2592,RGB,abf33c1950465380b660914741422708,
579654615388569004,https://a0.muscache.com/pictures/miso/Hosting-579654615388569004/original/2338c639-b866-4ebe-8210-1a32762e1e3e.jpeg,success,200.0,c:\Prathik\MY DOCUMENTS\Rental_price_prediction\datasets\multimodal_v3\images\579654615388569004.jpg,355559,1026,769,RGB,2975a0d05190eeedeb697e9515363f4b,
587891127575439811,https://a0.muscache.com/pictures/prohost-api/Hosting-587891127575439811/original/402b9199-40c2-48d3-b9c0-3e87fd101b22.jpeg,failed_http_404,404.0,,0,0,0,,,HTTP 404
587158049597481686,https://a0.muscache.com/pictures/a26ffe80-81f7-4adf-a91d-23c852356e1a.jpg,success,200.0,c:\Prathik\MY DOCUMENTS\Rental_price_prediction\datasets\multimodal_v3\images\587158049597481686.jpg,703799,4032,3024,RGB,f8023a902e6a1a049b49def7f21c5d6f,
587891127811607012,https://a0.muscache.com/pictures/prohost-api/Hosting-587891127811607012/original/e7942647-157e-4416-b560-d62abd20b1ef.jpeg,failed_http_404,404.0,,0,0,0,,,HTTP 404
587962957418311144,https://a0.muscache.com/pictures/prohost-api/Hosting-587962957418311144/original/b2d40b40-b1ce-470a-89aa-7a34d77892c5.jpeg,failed_http_404,404.0,,0,0,0,,,HTTP 404
573392220758899521,https://a0.muscache.com/pictures/e7ddf53c-1721-4dfe-823b-a91a0b81d3fe.jpg,success,200.0,c:\Prathik\MY DOCUMENTS\Rental_price_prediction\datasets\multimodal_v3\images\573392220758899521.jpg,2061515,2669,2000,RGB,b3d56aa58fff9647948f779f36baadfa,
571027554473176486,https://a0.muscache.com/pictures/miso/Hosting-571027554473176486/original/50403236-97d5-41d2-8163-738bbb94166e.jpeg,success,200.0,c:\Prathik\MY DOCUMENTS\Rental_price_prediction\datasets\multimodal_v3\images\571027554473176486.jpg,2629369,4032,3024,RGB,faf08a4623f76918abed2c82f0d78c04,
53606793,https://a0.muscache.com/pictures/miso/Hosting-53606793/original/ca825831-e138-4e13-968e-124c937e92b5.jpeg,success,200.0,c:\Prathik\MY DOCUMENTS\Rental_price_prediction\datasets\multimodal_v3\images\53606793.jpg,2429430,5996,3997,RGB,9f30c90f667c8455b8d0a6ed22dddd88,
578941144716099502,https://a0.muscache.com/pictures/miso/Hosting-578941144716099502/original/184449a6-8a43-4005-a841-08338ed63383.jpeg,success,200.0,c:\Prathik\MY DOCUMENTS\Rental_price_prediction\datasets\multimodal_v3\images\578941144716099502.jpg,351901,1558,1039,RGB,13d5def15815e48958e6738f9ca27107,
574570250363828575,https://a0.muscache.com/pictures/miso/Hosting-574570250363828575/original/f17cef84-c21c-4e71-a3b0-ea902c5ddc99.jpeg,success,200.0,c:\Prathik\MY DOCUMENTS\Rental_price_prediction\datasets\multimodal_v3\images\574570250363828575.jpg,1866516,4032,3024,RGB,581660a4ccf868c4d69d49fd0601f684,
588343873264336287,https://a0.muscache.com/pictures/prohost-api/Hosting-588343873264336287/original/882ca1ea-1166-491d-9d10-ce78866e936f.jpeg,failed_http_404,404.0,,0,0,0,,,HTTP 404
588559050060230555,https://a0.muscache.com/pictures/91f079ce-307b-4f28-acf3-375a40755827.jpg,success,200.0,c:\Prathik\MY DOCUMENTS\Rental_price_prediction\datasets\multimodal_v3\images\588559050060230555.jpg,307359,1024,681,RGB,3f69c68e06c9e3eaf9fdfb3e26e27d89,
585978338904685433,https://a0.muscache.com/pictures/miso/Hosting-585978338904685433/original/71b37f73-2667-49e3-a75e-cce31021d32b.jpeg,success,200.0,c:\Prathik\MY DOCUMENTS\Rental_price_prediction\datasets\multimodal_v3\images\585978338904685433.jpg,1760055,4032,3024,RGB,64c891599b6c8f7355e5e07e1074c18e,
587795283077235858,https://a0.muscache.com/pictures/ba73a9a8-1dd6-48a5-bae5-969762280057.jpg,success,200.0,c:\Prathik\MY DOCUMENTS\Rental_price_prediction\datasets\multimodal_v3\images\587795283077235858.jpg,1250983,5936,3776,RGB,8db82698094a2d827a6afc4e473e779f,
588388462295176869,https://a0.muscache.com/pictures/prohost-api/Hosting-588388462295176869/original/8fed93ce-5d8d-41fe-b986-8dd74a59855e.jpeg,success,200.0,c:\Prathik\MY DOCUMENTS\Rental_price_prediction\datasets\multimodal_v3\images\588388462295176869.jpg,535490,2048,1363,RGB,54e0dd53e90c860b6389001c234f2656,
591230873312834346,https://a0.muscache.com/pictures/prohost-api/Hosting-591230873312834346/original/5529ae2b-9180-4985-a589-432ca8287b36.jpeg,success,200.0,c:\Prathik\MY DOCUMENTS\Rental_price_prediction\datasets\multimodal_v3\images\591230873312834346.jpg,232197,1440,960,RGB,0211799c34ed9b0831f4cf24db769ae9,
554540295389052125,https://a0.muscache.com/pictures/miso/Hosting-554540295389052125/original/fbdc9fef-5bfc-4e37-a86f-b2abb969820e.jpeg,success,200.0,c:\Prathik\MY DOCUMENTS\Rental_price_prediction\datasets\multimodal_v3\images\554540295389052125.jpg,2773988,4032,3024,RGB,3f016b85866a24180ed2f20a31b19815,
580441849807734395,https://a0.muscache.com/pictures/miso/Hosting-580441849807734395/original/dfc8cdfc-639b-4026-8c86-e680f4010c76.jpeg,success,200.0,c:\Prathik\MY DOCUMENTS\Rental_price_prediction\datasets\multimodal_v3\images\580441849807734395.jpg,2171698,4032,3024,RGB,073bd6e22e265b1385610654a4023b3c,
593332128562974077,https://a0.muscache.com/pictures/miso/Hosting-593332128562974077/original/536a0372-c542-4780-9e10-ac5d15abb238.jpeg,success,200.0,c:\Prathik\MY DOCUMENTS\Rental_price_prediction\datasets\multimodal_v3\images\593332128562974077.jpg,1465927,4200,2800,RGB,4805c6cb8b2c525e69ed6f9652af0e78,
573082573622756593,https://a0.muscache.com/pictures/miso/Hosting-573082573622756593/original/6f0b44e1-39ae-4fae-868d-cf089b828606.jpeg,success,200.0,c:\Prathik\MY DOCUMENTS\Rental_price_prediction\datasets\multimodal_v3\images\573082573622756593.jpg,1700845,3024,4032,RGB,79a09c1ab0e91a23fc74dce01b703a97,
591991014797767486,https://a0.muscache.com/pictures/miso/Hosting-591991014797767486/original/e8d15481-3000-4f40-820e-52d501f50af3.jpeg,success,200.0,c:\Prathik\MY DOCUMENTS\Rental_price_prediction\datasets\multimodal_v3\images\591991014797767486.jpg,96573,640,480,RGB,008f96a3385e7b66a7e264b86cdcf6be,
571031709574723537,https://a0.muscache.com/pictures/miso/Hosting-571031709574723537/original/5931d7a2-090c-4f4f-84ad-e4a78420b0b6.jpeg,success,200.0,c:\Prathik\MY DOCUMENTS\Rental_price_prediction\datasets\multimodal_v3\images\571031709574723537.jpg,2508397,4032,3024,RGB,4d0eba391873e677b8edd60bf1afe0df,
54011977,https://a0.muscache.com/pictures/miso/Hosting-54011977/original/e39bc06a-55e2-44bc-89ad-4d05b272fccd.jpeg,success,200.0,c:\Prathik\MY DOCUMENTS\Rental_price_prediction\datasets\multimodal_v3\images\54011977.jpg,2682573,4032,2688,RGB,ebfc5c3901e070c65b7fb5b371a6482a,
594880254323625379,https://a0.muscache.com/pictures/miso/Hosting-594880254323625379/original/e81cfab1-0fd7-40c3-8b76-d488b16080e9.jpeg,success,200.0,c:\Prathik\MY DOCUMENTS\Rental_price_prediction\datasets\multimodal_v3\images\594880254323625379.jpg,284379,1600,1067,RGB,631e06db472b6d4fe91a75b2d4eed3f7,
598540165238320862,https://a0.muscache.com/pictures/miso/Hosting-598540165238320862/original/e8750f41-b842-4559-bb04-0013d1c9cfb1.jpeg,success,200.0,c:\Prathik\MY DOCUMENTS\Rental_price_prediction\datasets\multimodal_v3\images\598540165238320862.jpg,936496,4901,3265,RGB,77deb3ac47d2df45b607091205c53ced,
598483348359303456,https://a0.muscache.com/pictures/981923a5-9396-4acc-8cc9-dea497524fff.jpg,success,200.0,c:\Prathik\MY DOCUMENTS\Rental_price_prediction\datasets\multimodal_v3\images\598483348359303456.jpg,247333,1536,2048,RGB,42ef1feb66150c5ded35dfe41ecd5e6a,
593399979902305782,https://a0.muscache.com/pictures/e8780c0b-cd49-43ef-9c6f-9655733f2e05.jpg,success,200.0,c:\Prathik\MY DOCUMENTS\Rental_price_prediction\datasets\multimodal_v3\images\593399979902305782.jpg,1921685,6016,4016,RGB,e09cfb71e484e67f088e06f9fe404dcd,
582495099276506625,https://a0.muscache.com/pictures/prohost-api/Hosting-582495099276506625/original/f37badab-f80e-4b8d-b224-4a09769e9d05.jpeg,success,200.0,c:\Prathik\MY DOCUMENTS\Rental_price_prediction\datasets\multimodal_v3\images\582495099276506625.jpg,668754,1500,1000,RGB,bffba838911ac01b060c95f51a870b0f,
587875188664208473,https://a0.muscache.com/pictures/2da383a7-7fc6-49a5-b326-25674ee6fee4.jpg,success,200.0,c:\Prathik\MY DOCUMENTS\Rental_price_prediction\datasets\multimodal_v3\images\587875188664208473.jpg,2151302,4032,3024,RGB,bc9ef1b1fd76b2c1300fa38eff295a1f,
600696167248420020,https://a0.muscache.com/pictures/miso/Hosting-600696167248420020/original/7ad70dac-a631-4645-bbe3-32b7f57d2113.jpeg,failed_http_404,404.0,,0,0,0,,,HTTP 404
600525407367572701,https://a0.muscache.com/pictures/miso/Hosting-600525407367572701/original/1e5645a9-8dc4-40fb-b0b0-5187376bdafd.jpeg,success,200.0,c:\Prathik\MY DOCUMENTS\Rental_price_prediction\datasets\multimodal_v3\images\600525407367572701.jpg,194517,1024,681,RGB,c6ef24545f820a02437092b403c5076c,
600576477040168354,https://a0.muscache.com/pictures/miso/Hosting-600576477040168354/original/a3aa3054-8e82-4d12-af22-556c2567bd1c.jpeg,success,200.0,c:\Prathik\MY DOCUMENTS\Rental_price_prediction\datasets\multimodal_v3\images\600576477040168354.jpg,3281253,4032,2688,RGB,29adf80f0f08ceea57c05a93cd338264,
600689703786112609,https://a0.muscache.com/pictures/miso/Hosting-600689703786112609/original/ea37d36b-6469-4042-8a0f-af9c2c4f2dd8.jpeg,success,200.0,c:\Prathik\MY DOCUMENTS\Rental_price_prediction\datasets\multimodal_v3\images\600689703786112609.jpg,170664,985,678,RGB,4b10adc50cdf13e75886bfe8f7b98007,
598600704928190553,https://a0.muscache.com/pictures/miso/Hosting-598600704928190553/original/88cc1261-069d-4d11-9b06-f0b9a3fb914f.jpeg,success,200.0,c:\Prathik\MY DOCUMENTS\Rental_price_prediction\datasets\multimodal_v3\images\598600704928190553.jpg,253326,1065,683,RGB,ff11068fe21626300cd2800e8c4bcae2,
602348590325459976,https://a0.muscache.com/pictures/miso/Hosting-602348590325459976/original/285d8822-b19e-4862-a33e-ddfa5775359c.jpeg,success,200.0,c:\Prathik\MY DOCUMENTS\Rental_price_prediction\datasets\multimodal_v3\images\602348590325459976.jpg,386977,3025,1741,RGB,fc90619201ac3389cb30b62e21fea12a,
583433201809490265,https://a0.muscache.com/pictures/miso/Hosting-583433201809490265/original/ca3bb994-4a65-44cd-9c01-95a85c2b7bea.jpeg,success,200.0,c:\Prathik\MY DOCUMENTS\Rental_price_prediction\datasets\multimodal_v3\images\583433201809490265.jpg,483707,2000,1335,RGB,31d46ac99dece70c41fb98570cf2dbd9,
573788729255175815,https://a0.muscache.com/pictures/miso/Hosting-573788729255175815/original/b89a0ad3-5afd-45fb-9b92-d375fd5a17c8.jpeg,success,200.0,c:\Prathik\MY DOCUMENTS\Rental_price_prediction\datasets\multimodal_v3\images\573788729255175815.jpg,864750,2048,1365,RGB,98e01e9acc3d6d978c66c26a41c770cb,
604245525254946416,https://a0.muscache.com/pictures/prohost-api/Hosting-604245525254946416/original/0b9d6d11-949c-4295-bf4a-787ab37a1204.jpeg,success,200.0,c:\Prathik\MY DOCUMENTS\Rental_price_prediction\datasets\multimodal_v3\images\604245525254946416.jpg,2414770,3840,2560,RGB,b39a01db40f64d326a2c3e9df096907f,
583496461835542412,https://a0.muscache.com/pictures/miso/Hosting-583496461835542412/original/95b645a1-22ec-4414-ad14-c9a6f61b7ac7.jpeg,success,200.0,c:\Prathik\MY DOCUMENTS\Rental_price_prediction\datasets\multimodal_v3\images\583496461835542412.jpg,951310,2000,1333,RGB,329937b21d2f93fc92c5d806040c0f43,
589753454544295716,https://a0.muscache.com/pictures/prohost-api/Hosting-589753454544295716/original/ef3565e4-380e-4865-81f3-157d5424c4ed.jpeg,success,200.0,c:\Prathik\MY DOCUMENTS\Rental_price_prediction\datasets\multimodal_v3\images\589753454544295716.jpg,435621,2000,1333,RGB,29a0fa806c1d93d63ef7b8861f8bea55,
604938226380337686,https://a0.muscache.com/pictures/miso/Hosting-604938226380337686/original/8afb1c9d-2c23-4c05-a845-bcc5333afa24.jpeg,success,200.0,c:\Prathik\MY DOCUMENTS\Rental_price_prediction\datasets\multimodal_v3\images\604938226380337686.jpg,161723,1200,800,RGB,bfaa3ba2be30f70f4f176e5ca20e1db1,
607489019200529048,https://a0.muscache.com/pictures/miso/Hosting-607489019200529048/original/45458914-fa62-430c-b012-bec8455e39bc.jpeg,failed_http_404,404.0,,0,0,0,,,HTTP 404
609923958765092547,https://a0.muscache.com/pictures/miso/Hosting-609923958765092547/original/b2a17dc9-cbfb-49d9-85e9-dac8d0225534.jpeg,failed_http_404,404.0,,0,0,0,,,HTTP 404
574528050452533802,https://a0.muscache.com/pictures/prohost-api/Hosting-574528050452533802/original/84d8d83a-7fa7-4ed8-976d-f95cce4cadff.jpeg,success,200.0,c:\Prathik\MY DOCUMENTS\Rental_price_prediction\datasets\multimodal_v3\images\574528050452533802.jpg,4242486,3840,2561,RGB,fbdaf35088369606a46a1ed4931e638c,
610560281626401230,https://a0.muscache.com/pictures/prohost-api/Hosting-610560281626401230/original/9955adbc-3b07-411b-b3f1-4b80de7d5552.jpeg,success,200.0,c:\Prathik\MY DOCUMENTS\Rental_price_prediction\datasets\multimodal_v3\images\610560281626401230.jpg,446102,1280,851,RGB,01d3784d0c9484315a172003898ab350,
592571053849890933,https://a0.muscache.com/pictures/miso/Hosting-592571053849890933/original/7e00dfe7-82e2-4073-9dd1-23acde4142e1.jpeg,success,200.0,c:\Prathik\MY DOCUMENTS\Rental_price_prediction\datasets\multimodal_v3\images\592571053849890933.jpg,4362807,6016,4016,RGB,10bc799cf7b1bc4ebfdc3ebd2739fd51,
612905174746830489,https://a0.muscache.com/pictures/prohost-api/Hosting-612905174746830489/original/01c92065-7165-451d-8dec-4f52275c198d.jpeg,failed_http_404,404.0,,0,0,0,,,HTTP 404
600657375840229786,https://a0.muscache.com/pictures/miso/Hosting-600657375840229786/original/b7379ade-e32a-4a68-b67d-5aea6081336a.jpeg,success,200.0,c:\Prathik\MY DOCUMENTS\Rental_price_prediction\datasets\multimodal_v3\images\600657375840229786.jpg,3903485,4032,3024,RGB,931020b121b6292e2029049d90086629,
614432345982798255,https://a0.muscache.com/pictures/miso/Hosting-614432345982798255/original/29c4135a-685f-4617-841c-10f097432b40.jpeg,success,200.0,c:\Prathik\MY DOCUMENTS\Rental_price_prediction\datasets\multimodal_v3\images\614432345982798255.jpg,308628,1280,983,RGB,1058619d521558a6cc927b09c2e5e8e5,
578762733048842826,https://a0.muscache.com/pictures/8bb29123-7ecb-46a1-8594-82998a2950d7.jpg,success,200.0,c:\Prathik\MY DOCUMENTS\Rental_price_prediction\datasets\multimodal_v3\images\578762733048842826.jpg,2174715,2669,2000,RGB,e68b6c747e34a450a6a5148bf65775f8,
615126022901132487,https://a0.muscache.com/pictures/miso/Hosting-615126022901132487/original/db07ac42-1f25-410f-b7da-98aab494f2fa.jpeg,success,200.0,c:\Prathik\MY DOCUMENTS\Rental_price_prediction\datasets\multimodal_v3\images\615126022901132487.jpg,128018,1024,768,RGB,ce15440cf639fbf2e80354b858de4302,
578957859472340566,https://a0.muscache.com/pictures/miso/Hosting-578957859472340566/original/5629f7d7-534a-405e-b430-7317c8388e33.jpeg,success,200.0,c:\Prathik\MY DOCUMENTS\Rental_price_prediction\datasets\multimodal_v3\images\578957859472340566.jpg,3414687,6192,4128,RGB,45002cf3cbf4631a5d289323c26756d5,
613700249253498876,https://a0.muscache.com/pictures/miso/Hosting-613700249253498876/original/6cbbed40-9b1d-407f-b500-d2d069f24dc8.jpeg,success,200.0,c:\Prathik\MY DOCUMENTS\Rental_price_prediction\datasets\multimodal_v3\images\613700249253498876.jpg,721522,2008,1483,RGB,80a5691f69ec6fc932ddc36240b60e74,
54353223,https://a0.muscache.com/pictures/miso/Hosting-54353223/original/af44a06c-0517-4997-bb85-b67097ef35fe.jpeg,success,200.0,c:\Prathik\MY DOCUMENTS\Rental_price_prediction\datasets\multimodal_v3\images\54353223.jpg,1939715,4200,1836,RGB,0763a080c4ea9df9d428e9f1f381a22f,
614302016810761350,https://a0.muscache.com/pictures/miso/Hosting-614302016810761350/original/06250464-b7b7-40e0-93b6-6f9ce3bc7757.png,success,200.0,c:\Prathik\MY DOCUMENTS\Rental_price_prediction\datasets\multimodal_v3\images\614302016810761350.jpg,1041931,3072,1914,RGB,63c0edd1b61b3d2aed3adf7a781c39ee,
617504595837233332,https://a0.muscache.com/pictures/miso/Hosting-617504595837233332/original/d4aef0f4-cf58-4f83-ae79-dc58c09ad1ee.jpeg,success,200.0,c:\Prathik\MY DOCUMENTS\Rental_price_prediction\datasets\multimodal_v3\images\617504595837233332.jpg,269863,1024,768,RGB,5b0d46a0aa1e9b0688f12e07da187703,
615681354405157243,https://a0.muscache.com/pictures/miso/Hosting-615681354405157243/original/404e3abc-aeac-4a66-8865-f88e1ca88a8d.jpeg,success,200.0,c:\Prathik\MY DOCUMENTS\Rental_price_prediction\datasets\multimodal_v3\images\615681354405157243.jpg,448200,2048,1365,RGB,c2e3104e5672cc684733dc42bccdb050,
596178008430855191,https://a0.muscache.com/pictures/miso/Hosting-596178008430855191/original/be34e11b-f90d-4edd-9488-17e761d229e1.jpeg,success,200.0,c:\Prathik\MY DOCUMENTS\Rental_price_prediction\datasets\multimodal_v3\images\596178008430855191.jpg,3595050,4032,3024,RGB,b3a4aa0f55c466d4804f764270ad2880,
53289644,https://a0.muscache.com/pictures/19301d0b-7d1f-4224-a8dd-ae0e4f58048b.jpg,success,200.0,c:\Prathik\MY DOCUMENTS\Rental_price_prediction\datasets\multimodal_v3\images\53289644.jpg,3654295,5201,3460,RGB,c558e02ff78e55e96083e46daa45cf9f,
615307974552362252,https://a0.muscache.com/pictures/prohost-api/Hosting-615307974552362252/original/4479b21a-e14e-4ca6-9137-3273f97008e4.jpeg,success,200.0,c:\Prathik\MY DOCUMENTS\Rental_price_prediction\datasets\multimodal_v3\images\615307974552362252.jpg,1260117,3840,2560,RGB,baaceb6bd9f29ce1953edaea81781d15,
617915321080119810,https://a0.muscache.com/pictures/9f6cef27-8428-488b-8bd7-4d73bc2b49f6.jpg,failed_http_404,404.0,,0,0,0,,,HTTP 404
617493282921278807,https://a0.muscache.com/pictures/670e255b-58c4-4a7f-9693-3ae4e493bc1b.jpg,success,200.0,c:\Prathik\MY DOCUMENTS\Rental_price_prediction\datasets\multimodal_v3\images\617493282921278807.jpg,579781,2596,1731,RGB,f2a40672b3a19358f1b6a14076fccb07,
618615434156747025,https://a0.muscache.com/pictures/25333d17-da1a-46ff-8c02-9e0040e9a0a3.jpg,success,200.0,c:\Prathik\MY DOCUMENTS\Rental_price_prediction\datasets\multimodal_v3\images\618615434156747025.jpg,547295,4032,3024,RGB,11989076c989bc51722ded03545c59af,
618110235047093838,https://a0.muscache.com/pictures/miso/Hosting-618110235047093838/original/97797f1b-c8e8-439c-9425-cc925b892775.jpeg,success,200.0,c:\Prathik\MY DOCUMENTS\Rental_price_prediction\datasets\multimodal_v3\images\618110235047093838.jpg,993186,2362,1575,RGB,4a8343455127a8470c719cc06f4869b8,
619419707858005894,https://a0.muscache.com/pictures/prohost-api/Hosting-619419707858005894/original/075c02cb-3267-48a6-a6e0-5e3fd8cb7d4e.jpeg,failed_http_404,404.0,,0,0,0,,,HTTP 404
583180347593401019,https://a0.muscache.com/pictures/miso/Hosting-583180347593401019/original/646ac20c-4d05-42d7-8a07-cf0133429096.jpeg,success,200.0,c:\Prathik\MY DOCUMENTS\Rental_price_prediction\datasets\multimodal_v3\images\583180347593401019.jpg,1349393,3973,2252,RGB,42c822e4bf8a17688e9be18ca113646f,
565916956349123822,https://a0.muscache.com/pictures/miso/Hosting-565916956349123822/original/af3d1cd1-02f5-4f1c-aa95-f3f3b0b787d6.jpeg,success,200.0,c:\Prathik\MY DOCUMENTS\Rental_price_prediction\datasets\multimodal_v3\images\565916956349123822.jpg,1125543,3072,2048,RGB,5032a536bf602c32c334eb3e7da0825b,
616888515375292290,https://a0.muscache.com/pictures/miso/Hosting-616888515375292290/original/c534165d-08ba-4c74-acc1-4d170add7792.jpeg,success,200.0,c:\Prathik\MY DOCUMENTS\Rental_price_prediction\datasets\multimodal_v3\images\616888515375292290.jpg,357548,961,1270,RGB,273b08d2292b791b65f34a86d1af0c4e,
618717801158457582,https://a0.muscache.com/pictures/miso/Hosting-618717801158457582/original/bf2f0906-e3d0-4c85-9d2b-20b6f67bc904.jpeg,success,200.0,c:\Prathik\MY DOCUMENTS\Rental_price_prediction\datasets\multimodal_v3\images\618717801158457582.jpg,2324511,4032,3024,RGB,d0e56adfc82e9486849089b2c72ca249,
620074697630345326,https://a0.muscache.com/pictures/miso/Hosting-620074697630345326/original/e0fbc63d-bcb5-4e56-b08a-c8396b6b26f3.png,failed_http_404,404.0,,0,0,0,,,HTTP 404
623181407416441491,https://a0.muscache.com/pictures/38ec686e-df30-4ff4-a6bc-9082378c90bf.jpg,failed_http_404,404.0,,0,0,0,,,HTTP 404
622400091046078341,https://a0.muscache.com/pictures/miso/Hosting-622400091046078341/original/67f89d7e-b3b9-4166-ab3d-447547b3081b.jpeg,success,200.0,c:\Prathik\MY DOCUMENTS\Rental_price_prediction\datasets\multimodal_v3\images\622400091046078341.jpg,176030,1600,1074,RGB,68465af8c8b2bd37bb60135711e9d0de,
612239021482790858,https://a0.muscache.com/pictures/f0945912-be8a-4a41-be02-30835e08df59.jpg,success,200.0,c:\Prathik\MY DOCUMENTS\Rental_price_prediction\datasets\multimodal_v3\images\612239021482790858.jpg,1933332,4000,3000,RGB,9cd9bc68776b13fdfa3088deb3c7fc03,
624853195725555494,https://a0.muscache.com/pictures/miso/Hosting-624853195725555494/original/894fc18c-11f3-4334-9871-ad62c1b9f3d6.jpeg,success,200.0,c:\Prathik\MY DOCUMENTS\Rental_price_prediction\datasets\multimodal_v3\images\624853195725555494.jpg,254114,1500,1000,RGB,2eddb8aaa9e0b814a507e811b4d052b7,
625358586777386062,https://a0.muscache.com/pictures/prohost-api/Hosting-625358586777386062/original/35d253a7-79ea-4779-b51a-9d4a45545f29.jpeg,success,200.0,c:\Prathik\MY DOCUMENTS\Rental_price_prediction\datasets\multimodal_v3\images\625358586777386062.jpg,498811,2048,1363,RGB,6fa927d4161bbcf02ff9d11c66c6ad50,
626335247692205325,https://a0.muscache.com/pictures/miso/Hosting-626335247692205325/original/ab670231-b350-40fe-9498-1d893ba6b814.jpeg,failed_http_404,404.0,,0,0,0,,,HTTP 404
628106526015180657,https://a0.muscache.com/pictures/51f6db7d-4b2b-4f28-a912-c5add8daa64c.jpg,failed_http_404,404.0,,0,0,0,,,HTTP 404
571846084759795576,https://a0.muscache.com/pictures/miso/Hosting-571846084759795576/original/92ce5de3-4846-4fd0-9e8f-5f4d2db12f8c.jpeg,success,200.0,c:\Prathik\MY DOCUMENTS\Rental_price_prediction\datasets\multimodal_v3\images\571846084759795576.jpg,7908917,6720,4480,RGB,118783123fdfc8f9f5bc8bb8a44e4eac,
623153656813826582,https://a0.muscache.com/pictures/prohost-api/Hosting-623153656813826582/original/7bc3c212-5ace-47fa-b2de-23e5d41e659f.jpeg,success,200.0,c:\Prathik\MY DOCUMENTS\Rental_price_prediction\datasets\multimodal_v3\images\623153656813826582.jpg,285246,1440,1080,RGB,f1f755974142edeb0406849ced3e4350,
628105532636221295,https://a0.muscache.com/pictures/miso/Hosting-628105532636221295/original/9d2b7bfc-1074-4eca-be63-fdfcbd392524.jpeg,success,200.0,c:\Prathik\MY DOCUMENTS\Rental_price_prediction\datasets\multimodal_v3\images\628105532636221295.jpg,416193,2000,1333,RGB,71467d68bbefdf561458c4565d26c786,
626718578774555759,https://a0.muscache.com/pictures/miso/Hosting-626718578774555759/original/a0f39f34-9412-4503-a646-56e90c0fa985.jpeg,success,200.0,c:\Prathik\MY DOCUMENTS\Rental_price_prediction\datasets\multimodal_v3\images\626718578774555759.jpg,230609,2016,1344,RGB,9590bf7de3e3e305a23844304eaea351,
628461064690284940,https://a0.muscache.com/pictures/c81489e6-28ee-4339-95ca-b9b5b73306d4.jpg,failed_http_404,404.0,,0,0,0,,,HTTP 404
619567362673536608,https://a0.muscache.com/pictures/7fc52616-a41c-4995-a8d6-6d42eaeb13a9.jpg,success,200.0,c:\Prathik\MY DOCUMENTS\Rental_price_prediction\datasets\multimodal_v3\images\619567362673536608.jpg,2640660,4032,3024,RGB,cf185cf882f520f8b94dd477f2c12ccc,
598443680410978412,https://a0.muscache.com/pictures/miso/Hosting-598443680410978412/original/13548652-e560-4742-9f6c-29e6eb3b749f.jpeg,success,200.0,c:\Prathik\MY DOCUMENTS\Rental_price_prediction\datasets\multimodal_v3\images\598443680410978412.jpg,768707,1920,1280,RGB,3c1e7887166caff220a2f3e51bd13ade,
598722658189048119,https://a0.muscache.com/pictures/miso/Hosting-598722658189048119/original/47cb501b-e219-464d-9f80-da3c2f4d44c4.jpeg,success,200.0,c:\Prathik\MY DOCUMENTS\Rental_price_prediction\datasets\multimodal_v3\images\598722658189048119.jpg,1796544,4656,2218,RGB,7810b7966d410629a616d7e2666c7f19,
628861963820378561,https://a0.muscache.com/pictures/prohost-api/Hosting-628861963820378561/original/15f710d6-7d40-4b72-b6da-54c1756b8694.jpeg,success,200.0,c:\Prathik\MY DOCUMENTS\Rental_price_prediction\datasets\multimodal_v3\images\628861963820378561.jpg,535560,2048,1363,RGB,e8b64274d22d886c3cbdfe0ecab3ce4d,
618713104861373049,https://a0.muscache.com/pictures/prohost-api/Hosting-618713104861373049/original/73d49fab-b203-4d74-99fc-81c7d23cc07e.jpeg,success,200.0,c:\Prathik\MY DOCUMENTS\Rental_price_prediction\datasets\multimodal_v3\images\618713104861373049.jpg,354293,1600,1065,RGB,005572fe8929fa53b18e4571a0ad2a31,
629748043310941352,https://a0.muscache.com/pictures/miso/Hosting-629748043310941352/original/594fb817-7a14-41a2-ad0b-8f618d492a23.png,failed_http_404,404.0,,0,0,0,,,HTTP 404
628325548200165472,https://a0.muscache.com/pictures/miso/Hosting-628325548200165472/original/1607301b-b026-43a3-a770-d219ac56b3b6.jpeg,success,200.0,c:\Prathik\MY DOCUMENTS\Rental_price_prediction\datasets\multimodal_v3\images\628325548200165472.jpg,523014,1500,1000,RGB,8fa29f72572ae8ec2419483770b2b6ac,
600644787336850322,https://a0.muscache.com/pictures/ec0d337a-5160-41c9-bc7c-1cbb552601c1.jpg,success,200.0,c:\Prathik\MY DOCUMENTS\Rental_price_prediction\datasets\multimodal_v3\images\600644787336850322.jpg,1401411,4032,3024,RGB,c1db9426d0fd3777a94e1ae15b3ace2b,
628846920167906161,https://a0.muscache.com/pictures/miso/Hosting-628846920167906161/original/7f55af52-1d42-41fc-ad19-998cd546979c.jpeg,success,200.0,c:\Prathik\MY DOCUMENTS\Rental_price_prediction\datasets\multimodal_v3\images\628846920167906161.jpg,305372,2048,1365,RGB,f1ecacdfb1435e7a05d4c7f572860f54,
629657604334214852,https://a0.muscache.com/pictures/miso/Hosting-629657604334214852/original/604d5b98-7568-4fd9-aa75-eecfdcd0c677.jpeg,success,200.0,c:\Prathik\MY DOCUMENTS\Rental_price_prediction\datasets\multimodal_v3\images\629657604334214852.jpg,173379,1024,678,RGB,f1a849709af3fa5fd8ac22a7822b49db,
630897587250262308,https://a0.muscache.com/pictures/miso/Hosting-630897587250262308/original/a574a413-da32-451d-b442-f4a45fed64c1.jpeg,success,200.0,c:\Prathik\MY DOCUMENTS\Rental_price_prediction\datasets\multimodal_v3\images\630897587250262308.jpg,1738621,3024,4032,RGB,447b7d92e65869f0b45e8bbddea40e8a,
631870653291208805,https://a0.muscache.com/pictures/c2064914-e1ee-44d1-88a5-647f47055dcb.jpg,failed_http_404,404.0,,0,0,0,,,HTTP 404
631998910601981114,https://a0.muscache.com/pictures/c5f7cbf7-5cfa-4a9f-a702-d032c7f0485a.jpg,success,200.0,c:\Prathik\MY DOCUMENTS\Rental_price_prediction\datasets\multimodal_v3\images\631998910601981114.jpg,241535,1080,1000,RGB,eef066cd9bdea94c71c4eb43a550c975,
602044235063163642,https://a0.muscache.com/pictures/1bdafbe4-68a3-4220-9ccd-9ff829b157b5.jpg,success,200.0,c:\Prathik\MY DOCUMENTS\Rental_price_prediction\datasets\multimodal_v3\images\602044235063163642.jpg,1767296,3024,4032,RGB,f4ae2a67a93e0c9291a818f2f3c104db,
610265461685785634,https://a0.muscache.com/pictures/09cb7a3a-cc6d-403d-8342-1ac0cdc23522.jpg,success,200.0,c:\Prathik\MY DOCUMENTS\Rental_price_prediction\datasets\multimodal_v3\images\610265461685785634.jpg,3552064,4032,3024,RGB,ab1b7a7ee59c6ab1a2de957cba7b62e9,
53030063,https://a0.muscache.com/pictures/29a77ec0-72ac-413e-9d1a-cb0518a983ea.jpg,success,200.0,c:\Prathik\MY DOCUMENTS\Rental_price_prediction\datasets\multimodal_v3\images\53030063.jpg,4469567,7723,5149,RGB,00321283e77d94a5cce9bc40152f1de1,
600829985936198475,https://a0.muscache.com/pictures/miso/Hosting-600829985936198475/original/ad448270-4223-4c75-a6d8-1b67059e8878.jpeg,success,200.0,c:\Prathik\MY DOCUMENTS\Rental_price_prediction\datasets\multimodal_v3\images\600829985936198475.jpg,1844952,4032,3024,RGB,ea852af7d5db6c75fe27a795a974b407,
565845862381025091,https://a0.muscache.com/pictures/miso/Hosting-565845862381025091/original/245aa8fd-da9a-4f6e-b2ea-89a0545b3460.jpeg,success,200.0,c:\Prathik\MY DOCUMENTS\Rental_price_prediction\datasets\multimodal_v3\images\565845862381025091.jpg,2490032,5479,3653,RGB,6361bd4eedd8013ccde3ecc8746eac60,
633304765935784338,https://a0.muscache.com/pictures/e6134668-1d3e-414c-b1b1-df8bf869aea3.jpg,failed_http_404,404.0,,0,0,0,,,HTTP 404
51883226,https://a0.muscache.com/pictures/miso/Hosting-51883226/original/431d7995-29aa-405a-89a5-903fc4b69417.jpeg,failed_timeout_or_error,,,0,0,0,,,"('Connection broken: IncompleteRead(20731077 bytes read, 723117 more expected)', IncompleteRead(20731077 bytes read, 723117 more expected))"
566564176788326751,https://a0.muscache.com/pictures/miso/Hosting-566564176788326751/original/5de53351-51d5-49d0-b80d-8e5c531f6d9f.jpeg,success,200.0,c:\Prathik\MY DOCUMENTS\Rental_price_prediction\datasets\multimodal_v3\images\566564176788326751.jpg,2453191,4096,2730,RGB,c412e127e0669e717db9dd91a02bd635,
630553964450826956,https://a0.muscache.com/pictures/miso/Hosting-630553964450826956/original/1ea2289a-c89b-4e4b-ab75-246c0da27f3f.jpeg,success,200.0,c:\Prathik\MY DOCUMENTS\Rental_price_prediction\datasets\multimodal_v3\images\630553964450826956.jpg,313144,2016,1512,RGB,c69cdd2918f7e6978dd5dc86907ae932,
632611045895676379,https://a0.muscache.com/pictures/a159ced4-4f5c-4285-bea3-a8a30fad4915.jpg,success,200.0,c:\Prathik\MY DOCUMENTS\Rental_price_prediction\datasets\multimodal_v3\images\632611045895676379.jpg,563441,2520,1680,RGB,864fe97081dc1bad7c5bf864ffa52f3a,
633772538334050339,https://a0.muscache.com/pictures/5d35b4f6-b8d4-4585-a187-6657d4e98aaa.jpg,success,200.0,c:\Prathik\MY DOCUMENTS\Rental_price_prediction\datasets\multimodal_v3\images\633772538334050339.jpg,794744,4032,3024,RGB,a96d3837c67d5834b565aac82f3f48a3,
635479299986877171,https://a0.muscache.com/pictures/prohost-api/Hosting-635479299986877171/original/3f88084e-c5a6-4b39-be4e-cc84d8502e16.png,failed_http_404,404.0,,0,0,0,,,HTTP 404
566127397996398378,https://a0.muscache.com/pictures/miso/Hosting-566127397996398378/original/45859a02-6c63-42a8-a82a-9140bb125a4d.jpeg,success,200.0,c:\Prathik\MY DOCUMENTS\Rental_price_prediction\datasets\multimodal_v3\images\566127397996398378.jpg,6349958,6016,4016,RGB,aa3f99cef96952d44b56aade569bd63b,
633454855694759366,https://a0.muscache.com/pictures/f48e655b-cf3f-4e2a-9c89-f48366f20498.jpg,success,200.0,c:\Prathik\MY DOCUMENTS\Rental_price_prediction\datasets\multimodal_v3\images\633454855694759366.jpg,1163404,3000,2000,RGB,d0ec2ef9a705e5873f90b0e9f96237b3,
633160111807551765,https://a0.muscache.com/pictures/miso/Hosting-633160111807551765/original/62b2f422-c0a3-4d70-81e4-558cf34daa44.jpeg,success,200.0,c:\Prathik\MY DOCUMENTS\Rental_price_prediction\datasets\multimodal_v3\images\633160111807551765.jpg,450402,1600,1066,RGB,02139200500dd1d6118c701d044491b6,
637846714210146834,https://a0.muscache.com/pictures/prohost-api/Hosting-637846714210146834/original/ed6b599f-c802-423d-ab53-c5da31364626.jpeg,failed_http_404,404.0,,0,0,0,,,HTTP 404
637672772568626171,https://a0.muscache.com/pictures/prohost-api/Hosting-637672772568626171/original/57d88cbf-b739-48d1-a39b-e3a88c04402d.jpeg,failed_http_404,404.0,,0,0,0,,,HTTP 404
630472961938618312,https://a0.muscache.com/pictures/90c4a28d-f59c-40e6-ab78-45003c279f18.jpg,success,200.0,c:\Prathik\MY DOCUMENTS\Rental_price_prediction\datasets\multimodal_v3\images\630472961938618312.jpg,1631358,4032,3024,RGB,739b5cae0bf2c3ddec3fb9d5a74f37f2,
631806502718255020,https://a0.muscache.com/pictures/miso/Hosting-631806502718255020/original/62f58b89-bc65-4260-86fc-9d9b1388bcb8.jpeg,success,200.0,c:\Prathik\MY DOCUMENTS\Rental_price_prediction\datasets\multimodal_v3\images\631806502718255020.jpg,1493587,4032,2688,RGB,2fe1a69616522bbf93f5ef0fc9e1bbbb,
638599565124490140,https://a0.muscache.com/pictures/8c282ca7-a880-4422-add8-28fd427091eb.jpg,success,200.0,c:\Prathik\MY DOCUMENTS\Rental_price_prediction\datasets\multimodal_v3\images\638599565124490140.jpg,435176,2000,1125,RGB,0e92a1595ba06f140e6c60877fc5ce7d,
604391804107894692,https://a0.muscache.com/pictures/miso/Hosting-604391804107894692/original/e9b3e298-5a2d-42e2-a041-a72dc2b5474b.jpeg,success,200.0,c:\Prathik\MY DOCUMENTS\Rental_price_prediction\datasets\multimodal_v3\images\604391804107894692.jpg,2719065,4032,3024,RGB,49f317a6381e52867c1004a6dbebb7b2,
633473670831270678,https://a0.muscache.com/pictures/miso/Hosting-633473670831270678/original/c6ed3da2-2c46-4d67-bb2b-f863f7c7df1f.jpeg,success,200.0,c:\Prathik\MY DOCUMENTS\Rental_price_prediction\datasets\multimodal_v3\images\633473670831270678.jpg,1185446,3000,2000,RGB,b3ed39e6d60eb786413844dc05cf0c9f,
638305712997070656,https://a0.muscache.com/pictures/657933dc-a31d-4c80-b586-2a558bf72d15.jpg,success,200.0,c:\Prathik\MY DOCUMENTS\Rental_price_prediction\datasets\multimodal_v3\images\638305712997070656.jpg,500236,4032,3024,RGB,28194eadc0973a00e9d0a6ae4243e527,
619483022361673632,https://a0.muscache.com/pictures/f75bfdb9-5a29-449a-a7d3-050b4359a7bb.jpg,success,200.0,c:\Prathik\MY DOCUMENTS\Rental_price_prediction\datasets\multimodal_v3\images\619483022361673632.jpg,4182768,4032,3024,RGB,b117f35630d454531b656347981fcefc,
640420687296388472,https://a0.muscache.com/pictures/miso/Hosting-640420687296388472/original/555271af-7735-49f9-a462-eba7697a4046.jpeg,success,200.0,c:\Prathik\MY DOCUMENTS\Rental_price_prediction\datasets\multimodal_v3\images\640420687296388472.jpg,299972,750,1125,RGB,601772ef581259c8b7356415fd577ec4,
630971916235713858,https://a0.muscache.com/pictures/miso/Hosting-630971916235713858/original/5e3f724c-ec6e-4a3f-9c78-868479cfc83b.jpeg,success,200.0,c:\Prathik\MY DOCUMENTS\Rental_price_prediction\datasets\multimodal_v3\images\630971916235713858.jpg,1902235,2993,3814,RGB,c5f64defe0a317940bdd0cc3bf524e1c,
631761067050806095,https://a0.muscache.com/pictures/prohost-api/Hosting-631761067050806095/original/faaed13e-7abe-474f-9317-409b98d28deb.jpeg,success,200.0,c:\Prathik\MY DOCUMENTS\Rental_price_prediction\datasets\multimodal_v3\images\631761067050806095.jpg,557457,2048,1363,RGB,7728a4685107678ac0db19a54b664ece,
642676199912839483,https://a0.muscache.com/pictures/miso/Hosting-642676199912839483/original/0cfe8863-5b65-4051-a871-aab60cd5d9b9.jpeg,failed_http_404,404.0,,0,0,0,,,HTTP 404
641304933834393681,https://a0.muscache.com/pictures/prohost-api/Hosting-641304933834393681/original/a9b39d46-13a1-4dc5-88c4-e2ac4c5dcf0b.jpeg,success,200.0,c:\Prathik\MY DOCUMENTS\Rental_price_prediction\datasets\multimodal_v3\images\641304933834393681.jpg,448848,1618,1079,RGB,bd09a1e66ee9e00bd7fffec02dd0d5f3,
643596452914733765,https://a0.muscache.com/pictures/prohost-api/Hosting-643596452914733765/original/46741617-7627-454b-8319-47bfba933ebb.jpeg,failed_http_404,404.0,,0,0,0,,,HTTP 404
641408235896240100,https://a0.muscache.com/pictures/miso/Hosting-641408235896240100/original/bd8d080d-a6a1-4901-83f7-1b343fe662b1.jpeg,success,200.0,c:\Prathik\MY DOCUMENTS\Rental_price_prediction\datasets\multimodal_v3\images\641408235896240100.jpg,1307165,4032,3024,RGB,fb7c90dc6c1f5051d49cfe9f6006a588,
644989202418449713,https://a0.muscache.com/pictures/miso/Hosting-644989202418449713/original/064adb37-6fa9-45e6-9eae-f4300b7bc40c.png,failed_http_404,404.0,,0,0,0,,,HTTP 404
641225233588116677,https://a0.muscache.com/pictures/miso/Hosting-641225233588116677/original/341e96a1-05db-423c-b1ed-4ba24a7384d3.jpeg,success,200.0,c:\Prathik\MY DOCUMENTS\Rental_price_prediction\datasets\multimodal_v3\images\641225233588116677.jpg,788029,2046,1170,RGB,d54c10f221f91c844bcf757332491719,
639228394282746880,https://a0.muscache.com/pictures/miso/Hosting-639228394282746880/original/42f0b06f-4efe-4640-9f20-88e2aafe89ee.jpeg,success,200.0,c:\Prathik\MY DOCUMENTS\Rental_price_prediction\datasets\multimodal_v3\images\639228394282746880.jpg,1937035,4032,3024,RGB,184cf2385572a39a24d5126f4e78762c,
598647640177093159,https://a0.muscache.com/pictures/miso/Hosting-598647640177093159/original/a31a5e64-1488-4756-ac1b-629c079e9197.jpeg,success,200.0,c:\Prathik\MY DOCUMENTS\Rental_price_prediction\datasets\multimodal_v3\images\598647640177093159.jpg,1464105,3072,2048,RGB,b9eb46540eeedea7e1e3e8a412f78614,
647499312875397788,https://a0.muscache.com/pictures/prohost-api/Hosting-647499312875397788/original/4d64e0bc-a668-4a9b-a41c-9023c6cf7d38.jpeg,failed_http_404,404.0,,0,0,0,,,HTTP 404
618631910523278073,https://a0.muscache.com/pictures/miso/Hosting-618631910523278073/original/cb18ef75-deb3-43c3-8378-d0b41621a581.jpeg,success,200.0,c:\Prathik\MY DOCUMENTS\Rental_price_prediction\datasets\multimodal_v3\images\618631910523278073.jpg,5413611,8192,5464,RGB,364e409d0993ec8a5d7e162a8d5ef739,
631066632238704724,https://a0.muscache.com/pictures/miso/Hosting-631066632238704724/original/117d0999-f0d5-4a0f-8724-0068f81edf8f.jpeg,success,200.0,c:\Prathik\MY DOCUMENTS\Rental_price_prediction\datasets\multimodal_v3\images\631066632238704724.jpg,3490766,6021,4020,RGB,05152f7dd7db301aa3cf528ff5fdcd9c,
649159981874701169,https://a0.muscache.com/pictures/prohost-api/Hosting-649159981874701169/original/bfd50a10-a98d-4376-85f8-702995e3d448.jpeg,failed_http_404,404.0,,0,0,0,,,HTTP 404
607133559837798983,https://a0.muscache.com/pictures/miso/Hosting-607133559837798983/original/572df8bb-11c3-4df8-9480-18b75cb41a39.jpeg,success,200.0,c:\Prathik\MY DOCUMENTS\Rental_price_prediction\datasets\multimodal_v3\images\607133559837798983.jpg,3749979,5760,3840,RGB,e59e1bc0049c2c6d90402464196894eb,
575374602222225785,https://a0.muscache.com/pictures/miso/Hosting-575374602222225785/original/fc68c7de-618b-413f-ae20-717dd25aa523.jpeg,success,200.0,c:\Prathik\MY DOCUMENTS\Rental_price_prediction\datasets\multimodal_v3\images\575374602222225785.jpg,1886558,5040,3360,RGB,2ba7a1811b34681a020c1fa73fa8922d,
635355880329805661,https://a0.muscache.com/pictures/miso/Hosting-635355880329805661/original/f863c100-43e4-4638-a37f-3b6c4d9eaca3.jpeg,success,200.0,c:\Prathik\MY DOCUMENTS\Rental_price_prediction\datasets\multimodal_v3\images\635355880329805661.jpg,2458744,5570,3876,RGB,d207f05129f15ea11138e7575e4425b7,
623020462208497897,https://a0.muscache.com/pictures/miso/Hosting-623020462208497897/original/60712370-a997-4243-b2f2-728dd83dba30.png,success,200.0,c:\Prathik\MY DOCUMENTS\Rental_price_prediction\datasets\multimodal_v3\images\623020462208497897.jpg,642660,2080,1366,RGB,171fb51678f7c037d543ea2951301d8b,
627500017408762211,https://a0.muscache.com/pictures/d78d6f15-9dba-4e7f-b6e9-7fe2ca9a07cc.jpg,success,200.0,c:\Prathik\MY DOCUMENTS\Rental_price_prediction\datasets\multimodal_v3\images\627500017408762211.jpg,2630649,4032,3024,RGB,0eb9d568d33a0021ec3b82d3d40cf9d1,
642220518382224454,https://a0.muscache.com/pictures/94946059-8ef1-40e8-ac57-f4f8afc2aff7.jpg,success,200.0,c:\Prathik\MY DOCUMENTS\Rental_price_prediction\datasets\multimodal_v3\images\642220518382224454.jpg,1883717,4032,3024,RGB,f091f8ceacb307cac4187c2888e41cb3,
633219590693694515,https://a0.muscache.com/pictures/miso/Hosting-633219590693694515/original/1508bde3-fcdc-4dc3-b823-14b0b96279a2.jpeg,success,200.0,c:\Prathik\MY DOCUMENTS\Rental_price_prediction\datasets\multimodal_v3\images\633219590693694515.jpg,4437956,6016,4016,RGB,605d4f0125f3c4f84c25646b62ea6c19,
591347919902153728,https://a0.muscache.com/pictures/airflow/Hosting-591347919902153728/original/effeaaa1-baca-4184-b581-4bc73849f4bf.jpg,success,200.0,c:\Prathik\MY DOCUMENTS\Rental_price_prediction\datasets\multimodal_v3\images\591347919902153728.jpg,3365581,4200,2800,RGB,88b52333b3f363ab0c7e9a5e81ef98b6,
645082046833169782,https://a0.muscache.com/pictures/miso/Hosting-645082046833169782/original/0fab774e-553e-404f-947b-f263556e571b.jpeg,success,200.0,c:\Prathik\MY DOCUMENTS\Rental_price_prediction\datasets\multimodal_v3\images\645082046833169782.jpg,1255680,2676,3568,RGB,4103f3cd2bae06ec4ac4dda944633dd9,
651471825772202562,https://a0.muscache.com/pictures/miso/Hosting-651471825772202562/original/8620d7bf-de00-406e-b665-5226d8d90357.jpeg,success,200.0,c:\Prathik\MY DOCUMENTS\Rental_price_prediction\datasets\multimodal_v3\images\651471825772202562.jpg,104771,1024,683,RGB,24e29a1e7ae3c95e23d099cc4b3f97fd,
628156041663377846,https://a0.muscache.com/pictures/miso/Hosting-628156041663377846/original/8d276535-6faf-4fee-bbf5-607e788194ae.jpeg,success,200.0,c:\Prathik\MY DOCUMENTS\Rental_price_prediction\datasets\multimodal_v3\images\628156041663377846.jpg,1873181,4000,3000,RGB,7c2889fdba69454aa6613f28f05096f3,
591960600601075742,https://a0.muscache.com/pictures/miso/Hosting-591960600601075742/original/6287be59-bc43-4007-90b7-25465027d0c1.jpeg,success,200.0,c:\Prathik\MY DOCUMENTS\Rental_price_prediction\datasets\multimodal_v3\images\591960600601075742.jpg,7187288,6016,4016,RGB,994f364de2644ff322e75dc469383eba,
655666116070658208,https://a0.muscache.com/pictures/miso/Hosting-655666116070658208/original/dc314dd8-63d3-4115-86e8-5f5da591547a.jpeg,failed_http_404,404.0,,0,0,0,,,HTTP 404
651590529149953457,https://a0.muscache.com/pictures/5c1409a2-8546-43c1-81ee-b8a7f77c147e.jpg,success,200.0,c:\Prathik\MY DOCUMENTS\Rental_price_prediction\datasets\multimodal_v3\images\651590529149953457.jpg,457405,4032,3024,RGB,e6edd39846e38616bf49cffadea250e6,
657798166209952221,https://a0.muscache.com/pictures/miso/Hosting-657798166209952221/original/77dc9701-2b3c-4168-afaf-bc5f39421c6e.jpeg,failed_http_404,404.0,,0,0,0,,,HTTP 404
602348265963130680,https://a0.muscache.com/pictures/3b4a89e2-a3ba-4636-8510-678f0e8e25fd.jpg,success,200.0,c:\Prathik\MY DOCUMENTS\Rental_price_prediction\datasets\multimodal_v3\images\602348265963130680.jpg,1795791,3024,4032,RGB,863eee5e0bcbbbf075c4ee31fae2c6cc,
641186582779309765,https://a0.muscache.com/pictures/prohost-api/Hosting-641186582779309765/original/c312ec81-cf19-4107-b3fb-6c147e365d1c.jpeg,success,200.0,c:\Prathik\MY DOCUMENTS\Rental_price_prediction\datasets\multimodal_v3\images\641186582779309765.jpg,846252,2048,1363,RGB,5d11ce23beadef492cae39b620e64516,
602906967916854218,https://a0.muscache.com/pictures/miso/Hosting-602906967916854218/original/c12c6de6-26ca-4b43-98ca-73b4ae87ce6c.jpeg,success,200.0,c:\Prathik\MY DOCUMENTS\Rental_price_prediction\datasets\multimodal_v3\images\602906967916854218.jpg,4147130,4032,3024,RGB,ead31e3c20173c952f39ce1cc627c680,
658517258882985610,https://a0.muscache.com/pictures/prohost-api/Hosting-658517258882985610/original/96afa767-245a-455f-88a6-1be2fb344dbd.jpeg,failed_http_404,404.0,,0,0,0,,,HTTP 404
636940096232169939,https://a0.muscache.com/pictures/miso/Hosting-636940096232169939/original/d56b9d4a-0b58-47a3-baab-1043a02d70d0.jpeg,success,200.0,c:\Prathik\MY DOCUMENTS\Rental_price_prediction\datasets\multimodal_v3\images\636940096232169939.jpg,2644224,6038,4017,RGB,c447a63d9ae809df53da41b924fb97c2,
647499540261382950,https://a0.muscache.com/pictures/prohost-api/Hosting-647499540261382950/original/ad41c126-d030-4364-a493-fab7ef18639e.jpeg,success,200.0,c:\Prathik\MY DOCUMENTS\Rental_price_prediction\datasets\multimodal_v3\images\647499540261382950.jpg,1926834,3840,2560,RGB,ed37091732c24a959df9f039f991a678,
644782260633230559,https://a0.muscache.com/pictures/miso/Hosting-644782260633230559/original/de33212d-218d-4e93-8dd4-f99e589c8f2b.jpeg,success,200.0,c:\Prathik\MY DOCUMENTS\Rental_price_prediction\datasets\multimodal_v3\images\644782260633230559.jpg,1808078,4032,3024,RGB,57a525e921131853eafaff249c0e2480,
658810197165556376,https://a0.muscache.com/pictures/prohost-api/Hosting-658810197165556376/original/f3a7e4e2-293a-418a-996d-8b351ddee893.jpeg,failed_http_404,404.0,,0,0,0,,,HTTP 404
586139757720604161,https://a0.muscache.com/pictures/miso/Hosting-586139757720604161/original/47ed3ab3-0f4b-4d53-a69a-ffb417ae8eb4.jpeg,success,200.0,c:\Prathik\MY DOCUMENTS\Rental_price_prediction\datasets\multimodal_v3\images\586139757720604161.jpg,3404635,6000,4000,RGB,27df57419eebfd02a5c2abb28baab95d,
658804581454342640,https://a0.muscache.com/pictures/2545389b-d7a7-4689-9a98-3c161fc06820.jpg,success,200.0,c:\Prathik\MY DOCUMENTS\Rental_price_prediction\datasets\multimodal_v3\images\658804581454342640.jpg,432349,1512,2016,RGB,d5b17df9968a47628ff57d169e0b9bdd,
654362822315075318,https://a0.muscache.com/pictures/57df82cb-d0d0-4910-a870-6a7692ea2a0e.jpg,success,200.0,c:\Prathik\MY DOCUMENTS\Rental_price_prediction\datasets\multimodal_v3\images\654362822315075318.jpg,2054200,4032,3024,RGB,74829f2aa2dbb7b4a0b10e99d26d542c,
658663431921986078,https://a0.muscache.com/pictures/miso/Hosting-658663431921986078/original/5c909fc6-eb4e-4736-a60e-a05ef000ab43.jpeg,success,200.0,c:\Prathik\MY DOCUMENTS\Rental_price_prediction\datasets\multimodal_v3\images\658663431921986078.jpg,468184,2180,1454,RGB,2e928508a1b82a0787ff48894fb9f067,
659312654584073121,https://a0.muscache.com/pictures/prohost-api/Hosting-659312654584073121/original/e4a46805-8cb7-4183-ab52-dc2dd0b4b540.jpeg,success,200.0,c:\Prathik\MY DOCUMENTS\Rental_price_prediction\datasets\multimodal_v3\images\659312654584073121.jpg,665571,2048,1536,RGB,8cbca88647202bed862129b271c4882a,
635453479167942216,https://a0.muscache.com/pictures/miso/Hosting-635453479167942216/original/09d79018-8939-41e1-adf9-08e9158006ba.jpeg,success,200.0,c:\Prathik\MY DOCUMENTS\Rental_price_prediction\datasets\multimodal_v3\images\635453479167942216.jpg,1970038,3024,4032,RGB,d8c3cfc2fcc56e74dff2ecc6cb5fd217,
659427041564978528,https://a0.muscache.com/pictures/prohost-api/Hosting-659427041564978528/original/5429adf3-6809-4b04-ab81-ee7f4abff342.jpeg,success,200.0,c:\Prathik\MY DOCUMENTS\Rental_price_prediction\datasets\multimodal_v3\images\659427041564978528.jpg,515369,1500,1000,RGB,49225b23de7574d5b7beec6e08f79062,
660310339680082178,https://a0.muscache.com/pictures/02b289c0-2a9a-47ff-bdf6-217ca8c20b37.jpg,success,200.0,c:\Prathik\MY DOCUMENTS\Rental_price_prediction\datasets\multimodal_v3\images\660310339680082178.jpg,1142132,3024,2017,RGB,a57eb03dcb5c2818cf41cc9982e9eed6,
649271498593305635,https://a0.muscache.com/pictures/miso/Hosting-649271498593305635/original/ec4771c5-d6f2-44fa-8f60-52418ed7c4f2.jpeg,success,200.0,c:\Prathik\MY DOCUMENTS\Rental_price_prediction\datasets\multimodal_v3\images\649271498593305635.jpg,2869401,3024,4032,RGB,ce1e040318f9e48707f9a63f114f27aa,
665247819715896836,https://a0.muscache.com/pictures/miso/Hosting-665247819715896836/original/7a02177f-0c14-4197-b25e-5f572f893673.jpeg,failed_http_404,404.0,,0,0,0,,,HTTP 404
664506620829969409,https://a0.muscache.com/pictures/prohost-api/Hosting-664506620829969409/original/79e4f99e-7ffd-4838-a56e-92d6bebac0ad.jpeg,success,200.0,c:\Prathik\MY DOCUMENTS\Rental_price_prediction\datasets\multimodal_v3\images\664506620829969409.jpg,449289,1440,960,RGB,12708db152bf64e132931b91e7d030bd,
633293213463335949,https://a0.muscache.com/pictures/miso/Hosting-633293213463335949/original/b16b038c-4d40-40ea-87ef-f3ff6109c3ef.jpeg,success,200.0,c:\Prathik\MY DOCUMENTS\Rental_price_prediction\datasets\multimodal_v3\images\633293213463335949.jpg,1170393,3072,2044,RGB,66142c6553db2a938c8440778bcb98c4,
648430620786268461,https://a0.muscache.com/pictures/miso/Hosting-648391789873513026/original/a81f8499-7c98-4b45-9238-2152dffda793.png,success,200.0,c:\Prathik\MY DOCUMENTS\Rental_price_prediction\datasets\multimodal_v3\images\648430620786268461.jpg,281817,2048,1365,RGB,d04d5c241543263c9df2a6f231620a4b,
635415350287429913,https://a0.muscache.com/pictures/miso/Hosting-635415350287429913/original/544bbee4-3e93-4905-ad6d-18c617bd10ed.jpeg,success,200.0,c:\Prathik\MY DOCUMENTS\Rental_price_prediction\datasets\multimodal_v3\images\635415350287429913.jpg,1469127,3202,2336,RGB,f911a779dbc4a70808755f45066bc751,
667421156770491567,https://a0.muscache.com/pictures/miso/Hosting-667421156770491567/original/e5ad5f1c-05e6-4b97-886d-f72b80d3199c.jpeg,success,200.0,c:\Prathik\MY DOCUMENTS\Rental_price_prediction\datasets\multimodal_v3\images\667421156770491567.jpg,56247,640,480,RGB,8433c9063c0301b3fa17d76f75b8a8ed,
668081997613842660,https://a0.muscache.com/pictures/miso/Hosting-668081997613842660/original/b2408aa3-8930-42d4-a9a8-c37c5ea929f2.jpeg,failed_http_404,404.0,,0,0,0,,,HTTP 404
648391789873513026,https://a0.muscache.com/pictures/miso/Hosting-648391789873513026/original/1914d844-07c7-42a5-91a2-72f69aa502ff.png,success,200.0,c:\Prathik\MY DOCUMENTS\Rental_price_prediction\datasets\multimodal_v3\images\648391789873513026.jpg,368382,2048,1365,RGB,b7d17509d3aa718f3213d54e4334079c,
594684999868790964,https://a0.muscache.com/pictures/8d7d13d0-cac9-4b1a-b94a-f7acce6fa734.jpg,success,200.0,c:\Prathik\MY DOCUMENTS\Rental_price_prediction\datasets\multimodal_v3\images\594684999868790964.jpg,4819348,4032,3024,RGB,0db0f81862970883a1ff189e6c443c5e,
661619298131144900,https://a0.muscache.com/pictures/prohost-api/Hosting-661619298131144900/original/04998e87-d9d0-4289-b05b-64b7121b99eb.jpeg,success,200.0,c:\Prathik\MY DOCUMENTS\Rental_price_prediction\datasets\multimodal_v3\images\661619298131144900.jpg,2521695,3000,1999,RGB,d5433d002cd7b5d6dd3cd48e6ef895b7,
628370434306614889,https://a0.muscache.com/pictures/prohost-api/Hosting-628370434306614889/original/e3181ba9-ee62-400a-8637-f2ff60277b68.jpeg,success,200.0,c:\Prathik\MY DOCUMENTS\Rental_price_prediction\datasets\multimodal_v3\images\628370434306614889.jpg,2658016,5273,3515,RGB,ccb8899bd69fbfd17a2bdd8e662831d8,
650894722794239718,https://a0.muscache.com/pictures/miso/Hosting-650894722794239718/original/e972b27d-1dab-4c80-9aa7-87dcd47c1759.jpeg,success,200.0,c:\Prathik\MY DOCUMENTS\Rental_price_prediction\datasets\multimodal_v3\images\650894722794239718.jpg,1846874,4000,3000,RGB,33fd13021152066f194f0f3fd5e110db,
668951877642918112,https://a0.muscache.com/pictures/5ea3a21e-e219-4aec-beeb-0591a4148c26.jpg,failed_http_404,404.0,,0,0,0,,,HTTP 404
665285983377320322,https://a0.muscache.com/pictures/81613e93-49e5-4c5f-8d2d-c7a0f2556f76.jpg,success,200.0,c:\Prathik\MY DOCUMENTS\Rental_price_prediction\datasets\multimodal_v3\images\665285983377320322.jpg,818931,2000,1500,RGB,a225cfe663ec80647f4b1d08719aa549,
670243348550349110,https://a0.muscache.com/pictures/miso/Hosting-670243348550349110/original/4cbc33ff-9b4c-42ae-a1d4-625a29d4cba9.jpeg,failed_http_404,404.0,,0,0,0,,,HTTP 404
670215850701672135,https://a0.muscache.com/pictures/prohost-api/Hosting-670215850701672135/original/8c5e959c-58e1-408c-a8b4-bf3fa15a2ce8.png,failed_http_404,404.0,,0,0,0,,,HTTP 404
660829391095210143,https://a0.muscache.com/pictures/miso/Hosting-660829391095210143/original/0a4c5dbb-b39b-4c3f-87bd-7f13e6abed5f.jpeg,success,200.0,c:\Prathik\MY DOCUMENTS\Rental_price_prediction\datasets\multimodal_v3\images\660829391095210143.jpg,1568188,4032,3024,RGB,2870317329e207cea5b8a8ec3db3164a,
670961343260623487,https://a0.muscache.com/pictures/prohost-api/Hosting-670961343260623487/original/8598e64c-29a0-4668-837c-bf7e18b78b09.png,failed_http_404,404.0,,0,0,0,,,HTTP 404
671628225834649785,https://a0.muscache.com/pictures/prohost-api/Hosting-671628225834649785/original/8fb820cf-f5cd-4a49-8c22-ee98e81b1dff.jpeg,failed_http_404,404.0,,0,0,0,,,HTTP 404
604666093708571380,https://a0.muscache.com/pictures/miso/Hosting-604666093708571380/original/6bae70a7-b183-4f40-9532-a6e38733c30d.jpeg,success,200.0,c:\Prathik\MY DOCUMENTS\Rental_price_prediction\datasets\multimodal_v3\images\604666093708571380.jpg,2876653,5602,3735,RGB,7225d9bf46a7245131bf5ff3be7f9fec,
660682507219527871,https://a0.muscache.com/pictures/miso/Hosting-660682507219527871/original/078942dc-eb74-4004-be9b-d356761df75b.jpeg,success,200.0,c:\Prathik\MY DOCUMENTS\Rental_price_prediction\datasets\multimodal_v3\images\660682507219527871.jpg,2219553,5184,3456,RGB,6b21ff1fac6851d75d7c6d89d6d63eaa,
673618382327247833,https://a0.muscache.com/pictures/miso/Hosting-673618382327247833/original/cd229d7b-aa36-4154-a99a-58ed80df3176.jpeg,success,200.0,c:\Prathik\MY DOCUMENTS\Rental_price_prediction\datasets\multimodal_v3\images\673618382327247833.jpg,69054,666,444,RGB,349bcb5eb9ddb0ccdc1eaaa5c76ba4cb,
674758651803723764,https://a0.muscache.com/pictures/prohost-api/Hosting-674758651803723764/original/94616eb0-a83f-417e-8f00-5df2d8eca173.jpeg,failed_http_404,404.0,,0,0,0,,,HTTP 404
671235890019920484,https://a0.muscache.com/pictures/8f2c01bb-a0f9-4b5f-aff6-9a8e040de688.jpg,success,200.0,c:\Prathik\MY DOCUMENTS\Rental_price_prediction\datasets\multimodal_v3\images\671235890019920484.jpg,115803,1056,763,RGB,7f7f74c65e0ef2918056d0a059e22198,
646209186010299913,https://a0.muscache.com/pictures/miso/Hosting-646209186010299913/original/cda26b4b-803e-4b28-aa18-bc93b0cb4647.jpeg,success,200.0,c:\Prathik\MY DOCUMENTS\Rental_price_prediction\datasets\multimodal_v3\images\646209186010299913.jpg,1948268,4032,3024,RGB,8a91ec8acf1d636a7a2c2f0571259999,
670778011104116657,https://a0.muscache.com/pictures/f1c2fc84-c0e8-4329-a849-5e3b8bd25c57.jpg,success,200.0,c:\Prathik\MY DOCUMENTS\Rental_price_prediction\datasets\multimodal_v3\images\670778011104116657.jpg,542314,1512,2016,RGB,ec2735dc2b062e6161d26745af3d5d18,
643552941190255158,https://a0.muscache.com/pictures/6637821d-e633-41d3-93c2-7f991278526a.jpg,success,200.0,c:\Prathik\MY DOCUMENTS\Rental_price_prediction\datasets\multimodal_v3\images\643552941190255158.jpg,2582319,4032,3024,RGB,e69fe818d62f538c9fe6ed339adb417e,
642768690636158694,https://a0.muscache.com/pictures/miso/Hosting-642768690636158694/original/f5e92811-ce77-42c4-82ba-7fe83a20a44d.jpeg,success,200.0,c:\Prathik\MY DOCUMENTS\Rental_price_prediction\datasets\multimodal_v3\images\642768690636158694.jpg,2895122,4032,3024,RGB,a5c9325ac9a2f50b4c2402807133710c,
661017790664427303,https://a0.muscache.com/pictures/miso/Hosting-661017790664427303/original/ea8de7f0-2c04-42eb-8b8b-362975f1c5c1.jpeg,success,200.0,c:\Prathik\MY DOCUMENTS\Rental_price_prediction\datasets\multimodal_v3\images\661017790664427303.jpg,3580237,4032,3024,RGB,db81a3313c520a3ab0efeae7192e1c8f,
679809782098650720,https://a0.muscache.com/pictures/miso/Hosting-679809782098650720/original/f069a61b-7b4b-4aea-a7ab-90db7f31ada8.jpeg,failed_http_404,404.0,,0,0,0,,,HTTP 404
681184382011042162,https://a0.muscache.com/pictures/prohost-api/Hosting-681184382011042162/original/f87ca52f-b782-4ac0-abd4-c91ff88f6fd2.png,failed_http_404,404.0,,0,0,0,,,HTTP 404
664995026930626855,https://a0.muscache.com/pictures/miso/Hosting-664995026930626855/original/db6c7776-fbdb-4017-9dec-2554633050e7.jpeg,success,200.0,c:\Prathik\MY DOCUMENTS\Rental_price_prediction\datasets\multimodal_v3\images\664995026930626855.jpg,912662,4160,3120,RGB,f163cc802ad36bc691d5c241dda9c3db,
661687960356442706,https://a0.muscache.com/pictures/prohost-api/Hosting-661687960356442706/original/f2888be4-ad29-4dd4-8402-42db2a3c05ac.jpeg,success,200.0,c:\Prathik\MY DOCUMENTS\Rental_price_prediction\datasets\multimodal_v3\images\661687960356442706.jpg,3025405,3840,2560,RGB,b3ea70ff801e18a0fda82ac59fcc07d7,
681294831848601446,https://a0.muscache.com/pictures/miso/Hosting-681294831848601446/original/cfeb6f2e-23bf-4911-929a-11216fa67bf9.jpeg,success,200.0,c:\Prathik\MY DOCUMENTS\Rental_price_prediction\datasets\multimodal_v3\images\681294831848601446.jpg,140733,1024,768,RGB,6b2529cef81f0dceafefb18ad1c99f7b,
682397601764014677,https://a0.muscache.com/pictures/prohost-api/Hosting-682397601764014677/original/4b77788f-d80f-44cc-82b1-a57f376d1804.jpeg,failed_http_404,404.0,,0,0,0,,,HTTP 404
534015342005836604,https://a0.muscache.com/pictures/miso/Hosting-534015342005836604/original/d3352ce0-2491-4b14-9a4b-561082139b8e.jpeg,success,200.0,c:\Prathik\MY DOCUMENTS\Rental_price_prediction\datasets\multimodal_v3\images\534015342005836604.jpg,6690739,8254,5503,RGB,21aa2dba8621bcd7008aa24e0c554640,
654194009538201852,https://a0.muscache.com/pictures/miso/Hosting-654194009538201852/original/29cd2704-99d4-4877-85b9-e1a43c444039.jpeg,success,200.0,c:\Prathik\MY DOCUMENTS\Rental_price_prediction\datasets\multimodal_v3\images\654194009538201852.jpg,2397566,4032,3024,RGB,aeb47af7d61318cf2271aa92efa8027e,
667240876916183414,https://a0.muscache.com/pictures/miso/Hosting-648391789873513026/original/bd6ede92-de39-4045-8d85-48d529554c0e.png,success,200.0,c:\Prathik\MY DOCUMENTS\Rental_price_prediction\datasets\multimodal_v3\images\667240876916183414.jpg,234419,2048,1365,RGB,08eca8c213714c283a23398071bd092e,
683520133983815135,https://a0.muscache.com/pictures/miso/Hosting-683520133983815135/original/a714547c-f731-43d4-a8c0-db2ab7612745.png,failed_http_404,404.0,,0,0,0,,,HTTP 404
669756483535908337,https://a0.muscache.com/pictures/miso/Hosting-669756483535908337/original/586fd6c7-7ac4-4f9f-b86b-4bb28d5b8998.jpeg,success,200.0,c:\Prathik\MY DOCUMENTS\Rental_price_prediction\datasets\multimodal_v3\images\669756483535908337.jpg,821437,2448,3264,RGB,b6ca475af0239e9d7a365c6b09992fea,
676863018438068627,https://a0.muscache.com/pictures/miso/Hosting-676863018438068627/original/5ed9e614-86ed-4f19-afa1-ef67d28f96e6.jpeg,success,200.0,c:\Prathik\MY DOCUMENTS\Rental_price_prediction\datasets\multimodal_v3\images\676863018438068627.jpg,691957,1920,1280,RGB,9667bd8ed5c530bee7417287397028d0,
679549078708065289,https://a0.muscache.com/pictures/prohost-api/Hosting-679549078708065289/original/1f4113e8-f42d-4eab-8841-784eaa7147ed.jpeg,success,200.0,c:\Prathik\MY DOCUMENTS\Rental_price_prediction\datasets\multimodal_v3\images\679549078708065289.jpg,1042819,3840,2564,RGB,9d956517cda57891978cdfb08a17aa56,
684276111985663750,https://a0.muscache.com/pictures/8cbfd707-3e11-4c2d-b956-adacf4ae450f.jpg,success,200.0,c:\Prathik\MY DOCUMENTS\Rental_price_prediction\datasets\multimodal_v3\images\684276111985663750.jpg,194723,1091,728,RGB,10eb1fa542d81a90369e89cc168fcba6,
658784191155071456,https://a0.muscache.com/pictures/miso/Hosting-658784191155071456/original/5bec3102-5b80-47d5-9902-560348e651c9.jpeg,success,200.0,c:\Prathik\MY DOCUMENTS\Rental_price_prediction\datasets\multimodal_v3\images\658784191155071456.jpg,3866704,4032,3024,RGB,8eb9919c39865f5c54a14408677896e3,
688440633801136672,https://a0.muscache.com/pictures/miso/Hosting-629657604334214852/original/604d5b98-7568-4fd9-aa75-eecfdcd0c677.jpeg,success,200.0,c:\Prathik\MY DOCUMENTS\Rental_price_prediction\datasets\multimodal_v3\images\688440633801136672.jpg,173379,1024,678,RGB,f1a849709af3fa5fd8ac22a7822b49db,
683419374652644627,https://a0.muscache.com/pictures/27eb94cb-13a7-45d0-aef6-95ea8a48a6a1.jpg,success,200.0,c:\Prathik\MY DOCUMENTS\Rental_price_prediction\datasets\multimodal_v3\images\683419374652644627.jpg,1142661,2040,1536,RGB,47ff731f9588851f4928f4f7a0a60a42,
685522508132856082,https://a0.muscache.com/pictures/miso/Hosting-685522508132856082/original/b1da7566-502a-4466-9538-2da70675538b.jpeg,success,200.0,c:\Prathik\MY DOCUMENTS\Rental_price_prediction\datasets\multimodal_v3\images\685522508132856082.jpg,237356,1024,683,RGB,bf20c3c0631eedfc6a5f19dedfdc221e,
688989188143447014,https://a0.muscache.com/pictures/miso/Hosting-688989188143447014/original/7765f887-dae3-43f5-bd56-f7e550c7bdf4.jpeg,failed_http_404,404.0,,0,0,0,,,HTTP 404
688527920286591172,https://a0.muscache.com/pictures/miso/Hosting-688527920286591172/original/6fe55f9a-8531-4df5-a3e2-8b6a8203e727.jpeg,success,200.0,c:\Prathik\MY DOCUMENTS\Rental_price_prediction\datasets\multimodal_v3\images\688527920286591172.jpg,104130,800,600,RGB,c956aef98a2b02125a8c9ef21f8a95c4,
632739314530565782,https://a0.muscache.com/pictures/95de496e-411c-4239-aad5-0cd6681c1d9a.jpg,success,200.0,c:\Prathik\MY DOCUMENTS\Rental_price_prediction\datasets\multimodal_v3\images\632739314530565782.jpg,7424615,6000,4000,RGB,a13a3fd962e4f6fa3a17aad216d692d7,
688382665214505680,https://a0.muscache.com/pictures/miso/Hosting-688382665214505680/original/25f09c33-7c56-49c0-bf40-19dff012aaee.jpeg,success,200.0,c:\Prathik\MY DOCUMENTS\Rental_price_prediction\datasets\multimodal_v3\images\688382665214505680.jpg,276342,1282,1600,RGB,6d13b47d37ec5aab4a9f96619f97ef35,
690726025566206999,https://a0.muscache.com/pictures/miso/Hosting-690726025566206999/original/2e3b31a3-1a64-42d4-adc5-90fd85a3bd74.jpeg,failed_http_404,404.0,,0,0,0,,,HTTP 404
668686856973626686,https://a0.muscache.com/pictures/miso/Hosting-668686856973626686/original/09e8cfa6-7d79-40ab-9170-99b48ccaae76.jpeg,success,200.0,c:\Prathik\MY DOCUMENTS\Rental_price_prediction\datasets\multimodal_v3\images\668686856973626686.jpg,2217969,4032,3024,RGB,f39707b2ef693278ee348c9c39aca25c,
653675062901887921,https://a0.muscache.com/pictures/miso/Hosting-653675062901887921/original/405ed637-bbdc-4278-a59b-ccd56c5d7be2.jpeg,success,200.0,c:\Prathik\MY DOCUMENTS\Rental_price_prediction\datasets\multimodal_v3\images\653675062901887921.jpg,3322687,4032,3024,RGB,6ee580bfb66c9f9e68fb83f4a199c5e1,
673667437584241325,https://a0.muscache.com/pictures/miso/Hosting-673667437584241325/original/56183ec9-4eea-4b90-a00d-44c6a8880863.jpeg,success,200.0,c:\Prathik\MY DOCUMENTS\Rental_price_prediction\datasets\multimodal_v3\images\673667437584241325.jpg,1733502,4032,3024,RGB,5795c330214096478c7dc1dd46aad8b1,
692635815829294148,https://a0.muscache.com/pictures/miso/Hosting-692635815829294148/original/7b2e6566-6955-4938-8dd2-22cf449e3f35.jpeg,success,200.0,c:\Prathik\MY DOCUMENTS\Rental_price_prediction\datasets\multimodal_v3\images\692635815829294148.jpg,401513,2048,1365,RGB,58ddb7801f184b1f7ae69e7a6a27ee28,
671623902125220796,https://a0.muscache.com/pictures/miso/Hosting-671623902125220796/original/e4e4da97-8e97-47eb-938f-efcbb3eb7dd8.png,success,200.0,c:\Prathik\MY DOCUMENTS\Rental_price_prediction\datasets\multimodal_v3\images\671623902125220796.jpg,403719,2048,1367,RGB,b8ab4dab629f3d2455ec15eb7d55aa6c,
654263673961572541,https://a0.muscache.com/pictures/miso/Hosting-654263673961572541/original/96b18a32-409c-4b23-9688-7d5d63ca8367.jpeg,success,200.0,c:\Prathik\MY DOCUMENTS\Rental_price_prediction\datasets\multimodal_v3\images\654263673961572541.jpg,2126141,4200,2800,RGB,df22a605d201f061d2a974089982005c,
691838366687319280,https://a0.muscache.com/pictures/miso/Hosting-691838366687319280/original/952595a7-1166-404f-a8c1-5d1efae4d96c.jpeg,success,200.0,c:\Prathik\MY DOCUMENTS\Rental_price_prediction\datasets\multimodal_v3\images\691838366687319280.jpg,306815,1024,683,RGB,6ca2ed0d640e6ce00f2451f08c41599d,
668880210547439250,https://a0.muscache.com/pictures/miso/Hosting-668880210547439250/original/73286556-53b5-41e9-877a-016e3580f4ca.jpeg,success,200.0,c:\Prathik\MY DOCUMENTS\Rental_price_prediction\datasets\multimodal_v3\images\668880210547439250.jpg,2013786,4032,3024,RGB,43bd09278801669c5a24ffd098018fa8,
696183666539579217,https://a0.muscache.com/pictures/prohost-api/Hosting-696183666539579217/original/4613f6fb-f436-4880-8d53-48a9a274aeb8.jpeg,failed_http_404,404.0,,0,0,0,,,HTTP 404
658646619954194672,https://a0.muscache.com/pictures/miso/Hosting-658646619954194672/original/77e2fdc3-4128-4a5a-a681-009ebc3386b7.jpeg,success,200.0,c:\Prathik\MY DOCUMENTS\Rental_price_prediction\datasets\multimodal_v3\images\658646619954194672.jpg,3397879,4200,2800,RGB,7ef56d48825b225c31c5c878c1a47942,
695155686927508143,https://a0.muscache.com/pictures/5d35b4f6-b8d4-4585-a187-6657d4e98aaa.jpg,success,200.0,c:\Prathik\MY DOCUMENTS\Rental_price_prediction\datasets\multimodal_v3\images\695155686927508143.jpg,794744,4032,3024,RGB,a96d3837c67d5834b565aac82f3f48a3,
692690736208081397,https://a0.muscache.com/pictures/miso/Hosting-692690736208081397/original/bea1f1f5-ebc5-4dcf-bf9f-629ca8db4873.jpeg,success,200.0,c:\Prathik\MY DOCUMENTS\Rental_price_prediction\datasets\multimodal_v3\images\692690736208081397.jpg,1798571,4032,3024,RGB,25c63ad5320a40ac8dc1792888d90568,
681984555043356793,https://a0.muscache.com/pictures/miso/Hosting-681984555043356793/original/ae366020-50fb-4d43-bc0e-1f0c8f6ce3d4.jpeg,success,200.0,c:\Prathik\MY DOCUMENTS\Rental_price_prediction\datasets\multimodal_v3\images\681984555043356793.jpg,446684,2000,1335,RGB,6106e417a68a75f1c4f1c85f10f4b0fe,
698312346476999849,https://a0.muscache.com/pictures/prohost-api/Hosting-698312346476999849/original/7048fdb8-35c1-4832-8768-635026699df8.jpeg,success,200.0,c:\Prathik\MY DOCUMENTS\Rental_price_prediction\datasets\multimodal_v3\images\698312346476999849.jpg,310950,1500,1200,RGB,74d4af8365045e44d3517ba04212d9c0,
676759193993863114,https://a0.muscache.com/pictures/miso/Hosting-676759193993863114/original/f191f233-c4d2-48b7-a149-d0ad3625e417.jpeg,success,200.0,c:\Prathik\MY DOCUMENTS\Rental_price_prediction\datasets\multimodal_v3\images\676759193993863114.jpg,1795983,4200,2800,RGB,60468ac6d4af37c850cf379e02487db2,
697623189194493800,https://a0.muscache.com/pictures/miso/Hosting-697623189194493800/original/c090134b-f73f-4f3d-ba43-0f3dbac34dec.jpeg,success,200.0,c:\Prathik\MY DOCUMENTS\Rental_price_prediction\datasets\multimodal_v3\images\697623189194493800.jpg,357610,1280,960,RGB,1b2fdcfca7b99625aa80c1f833ec1696,
698312324969137172,https://a0.muscache.com/pictures/prohost-api/Hosting-698312324969137172/original/8cbc1949-1a64-41e8-b2eb-d7368f0af967.jpeg,success,200.0,c:\Prathik\MY DOCUMENTS\Rental_price_prediction\datasets\multimodal_v3\images\698312324969137172.jpg,295249,1500,1200,RGB,d2bfe4c256924041848f22fa809880d4,
698312292468788103,https://a0.muscache.com/pictures/prohost-api/Hosting-698312292468788103/original/fdd8a847-4c08-457e-b492-ef41e40bd2ca.jpeg,success,200.0,c:\Prathik\MY DOCUMENTS\Rental_price_prediction\datasets\multimodal_v3\images\698312292468788103.jpg,315448,1500,1200,RGB,c7408e55f62eb02ed9e549fae159f860,
698312366002400383,https://a0.muscache.com/pictures/prohost-api/Hosting-698312366002400383/original/3d94b308-f7d5-4b45-9da2-e70a385be825.jpeg,success,200.0,c:\Prathik\MY DOCUMENTS\Rental_price_prediction\datasets\multimodal_v3\images\698312366002400383.jpg,298844,1500,1200,RGB,d272aac29135a49acfec557b52ab37ff,
655115155961969746,https://a0.muscache.com/pictures/fcbe61de-d430-4292-8a72-76b94d315da4.jpg,success,200.0,c:\Prathik\MY DOCUMENTS\Rental_price_prediction\datasets\multimodal_v3\images\655115155961969746.jpg,2682540,3895,2860,RGB,cefb4386e3fb8a0965828d96e6c8dbe3,
675529968269080269,https://a0.muscache.com/pictures/e61dd6f1-0770-452d-a82d-6e2a0ba9f89e.jpg,success,200.0,c:\Prathik\MY DOCUMENTS\Rental_price_prediction\datasets\multimodal_v3\images\675529968269080269.jpg,4199736,4032,3024,RGB,c5fd33820ff431595ae01cc85bdd7a99,
689988576141953763,https://a0.muscache.com/pictures/miso/Hosting-689988576141953763/original/16e8196a-7196-4389-a4f7-67494f346bdc.jpeg,success,200.0,c:\Prathik\MY DOCUMENTS\Rental_price_prediction\datasets\multimodal_v3\images\689988576141953763.jpg,962160,2000,1333,RGB,8c3af8919f6faa2b59d42bad18041c2c,
689803734611520502,https://a0.muscache.com/pictures/miso/Hosting-689803734611520502/original/2c1747fe-cab8-4d5a-b20f-5ddf6afe198c.jpeg,success,200.0,c:\Prathik\MY DOCUMENTS\Rental_price_prediction\datasets\multimodal_v3\images\689803734611520502.jpg,1850645,4032,3024,RGB,7a260e30565a511378349775aec7346a,
658017930165418486,https://a0.muscache.com/pictures/miso/Hosting-658017930165418486/original/841c614a-08dc-4fe9-893b-ac66f4ba97df.jpeg,success,200.0,c:\Prathik\MY DOCUMENTS\Rental_price_prediction\datasets\multimodal_v3\images\658017930165418486.jpg,4908823,3024,4032,RGB,638745abcccd66663bd405910bbedaf5,
700255410096550243,https://a0.muscache.com/pictures/miso/Hosting-700255410096550243/original/d08f70d3-38ba-4b96-bfa8-f444d47c8db5.jpeg,failed_http_404,404.0,,0,0,0,,,HTTP 404
702056774494336876,https://a0.muscache.com/pictures/prohost-api/Hosting-702056774494336876/original/008d9983-2cdc-4575-9916-e365153b12a7.jpeg,failed_http_404,404.0,,0,0,0,,,HTTP 404
702146320732345299,https://a0.muscache.com/pictures/48ac9d8f-b1e2-43a1-9f00-f7d76cb1d02a.jpg,failed_http_404,404.0,,0,0,0,,,HTTP 404
683959567296407076,https://a0.muscache.com/pictures/miso/Hosting-683959567296407076/original/4ad38d10-f152-481c-9a53-d1ca69a687df.jpeg,success,200.0,c:\Prathik\MY DOCUMENTS\Rental_price_prediction\datasets\multimodal_v3\images\683959567296407076.jpg,1389163,4608,2184,RGB,02603e7f7c058b0f78265224095296e5,
669416515017704474,https://a0.muscache.com/pictures/airflow/Hosting-669416515017704474/original/6804419f-1440-4b6a-aadb-6501d0245ded.jpg,success,200.0,c:\Prathik\MY DOCUMENTS\Rental_price_prediction\datasets\multimodal_v3\images\669416515017704474.jpg,964313,4200,2800,RGB,312b34435e6a9659541edcec5bf17aca,
699423856064646408,https://a0.muscache.com/pictures/miso/Hosting-699423856064646408/original/a45e2187-921e-4ba5-836e-aec6cb8df98e.png,success,200.0,c:\Prathik\MY DOCUMENTS\Rental_price_prediction\datasets\multimodal_v3\images\699423856064646408.jpg,73482,940,627,RGB,0938cc133498fc0b47083de67014cf65,
701379308767487416,https://a0.muscache.com/pictures/miso/Hosting-701379308767487416/original/c32dc5a0-46b3-4363-8bc4-a71343dac6a0.jpeg,success,200.0,c:\Prathik\MY DOCUMENTS\Rental_price_prediction\datasets\multimodal_v3\images\701379308767487416.jpg,405219,1280,960,RGB,07bc364bf0a882637828fd432d94ccc7,
678108726732495600,https://a0.muscache.com/pictures/miso/Hosting-678108726732495600/original/67531c49-5539-4287-940e-c685cdd619f8.jpeg,success,200.0,c:\Prathik\MY DOCUMENTS\Rental_price_prediction\datasets\multimodal_v3\images\678108726732495600.jpg,859263,2500,1667,RGB,b301eb39b26f660a7ba4377126650db3,
668106311195140820,https://a0.muscache.com/pictures/prohost-api/Hosting-668106311195140820/original/7f7a315d-90c8-49a6-848a-32df77ce5b74.jpeg,success,200.0,c:\Prathik\MY DOCUMENTS\Rental_price_prediction\datasets\multimodal_v3\images\668106311195140820.jpg,3373060,6192,4128,RGB,2e534ccccf41cd93690a64742e0bf2fe,
699455719266132450,https://a0.muscache.com/pictures/miso/Hosting-699455719266132450/original/3b1846fa-c500-4c8d-99af-addb80a2c8ca.png,success,200.0,c:\Prathik\MY DOCUMENTS\Rental_price_prediction\datasets\multimodal_v3\images\699455719266132450.jpg,70040,940,623,RGB,669a76d47311989589deb94ba1d4ca85,
700859437931507959,https://a0.muscache.com/pictures/363a36d2-b27d-4e92-b1e8-1ffa780f7351.jpg,success,200.0,c:\Prathik\MY DOCUMENTS\Rental_price_prediction\datasets\multimodal_v3\images\700859437931507959.jpg,844467,3000,2000,RGB,b16ea42688203cc1720726e950700573,
699184242751473256,https://a0.muscache.com/pictures/miso/Hosting-699184242751473256/original/20ed03ed-2700-49fb-a3d9-73c49a6cbbc7.jpeg,success,200.0,c:\Prathik\MY DOCUMENTS\Rental_price_prediction\datasets\multimodal_v3\images\699184242751473256.jpg,1172485,4200,2800,RGB,444e7cfb167caa0b8ba45315f54eb7f9,
693535146849398838,https://a0.muscache.com/pictures/miso/Hosting-693535146849398838/original/b3795149-4407-4a42-9fc0-a6b7bf92f11c.jpeg,success,200.0,c:\Prathik\MY DOCUMENTS\Rental_price_prediction\datasets\multimodal_v3\images\693535146849398838.jpg,1651760,3072,2048,RGB,16e44e5043adfaac8f647365fde2b360,
683253387866026760,https://a0.muscache.com/pictures/miso/Hosting-683253387866026760/original/ca03a402-63ea-461e-8a39-57aa4f6c969a.jpeg,success,200.0,c:\Prathik\MY DOCUMENTS\Rental_price_prediction\datasets\multimodal_v3\images\683253387866026760.jpg,1270512,4200,2801,RGB,18abe1111dd1d7a200a79b752b017445,
602689442984691613,https://a0.muscache.com/pictures/prohost-api/Hosting-602689442984691613/original/af927ea9-ebbb-4abd-959d-a9cd0ba3788e.png,success,200.0,c:\Prathik\MY DOCUMENTS\Rental_price_prediction\datasets\multimodal_v3\images\602689442984691613.jpg,1965856,3674,2450,RGB,b0ea3822f5ac6a3580a0a936e8b094ca,
699244524348422704,https://a0.muscache.com/pictures/miso/Hosting-699244524348422704/original/28363f9a-a643-41f4-b211-182b2f6f37fe.jpeg,success,200.0,c:\Prathik\MY DOCUMENTS\Rental_price_prediction\datasets\multimodal_v3\images\699244524348422704.jpg,729814,2016,1512,RGB,b1bc6f6103c8b4f981a643edfb1c4098,
696568972343201433,https://a0.muscache.com/pictures/5b188117-5d06-4a61-817b-2df4566630d1.jpg,success,200.0,c:\Prathik\MY DOCUMENTS\Rental_price_prediction\datasets\multimodal_v3\images\696568972343201433.jpg,2441567,6016,4016,RGB,146e9e0addbf00eed6cada804ed5ce66,
656541516341155950,https://a0.muscache.com/pictures/189af2de-ae29-415f-a3e6-867738d479b3.jpg,success,200.0,c:\Prathik\MY DOCUMENTS\Rental_price_prediction\datasets\multimodal_v3\images\656541516341155950.jpg,3500100,6016,4016,RGB,da8165a5f54f54c053c8f4765fee15d9,
698725929556587296,https://a0.muscache.com/pictures/miso/Hosting-698725929556587296/original/955eddab-1403-4f9a-9adc-093590c0fe87.jpeg,success,200.0,c:\Prathik\MY DOCUMENTS\Rental_price_prediction\datasets\multimodal_v3\images\698725929556587296.jpg,3272367,4032,3024,RGB,c20fabc6817ee1919328ac5446bd84f4,
649917979938769946,https://a0.muscache.com/pictures/miso/Hosting-649917979938769946/original/b717b7e9-f66f-434b-8a45-435c9cccad5a.jpeg,success,200.0,c:\Prathik\MY DOCUMENTS\Rental_price_prediction\datasets\multimodal_v3\images\649917979938769946.jpg,1855712,4032,3024,RGB,fe61cd64c4ae136f82ed93869bcbfefc,
705350435400572476,https://a0.muscache.com/pictures/miso/Hosting-705350435400572476/original/7ef4987c-0458-49c4-ba6b-da37dc2c1f39.jpeg,failed_http_404,404.0,,0,0,0,,,HTTP 404
705091041528015399,https://a0.muscache.com/pictures/2df342ee-f580-4293-9b84-dcb8c8090e32.jpg,success,200.0,c:\Prathik\MY DOCUMENTS\Rental_price_prediction\datasets\multimodal_v3\images\705091041528015399.jpg,551201,2048,1536,RGB,dd73798e9eb91c89500f6c6e27531453,
707033402952057157,https://a0.muscache.com/pictures/1f0c8b74-5b66-4969-9640-210d66fb8032.jpg,failed_http_404,404.0,,0,0,0,,,HTTP 404
652311757396485871,https://a0.muscache.com/pictures/miso/Hosting-652311757396485871/original/9e04586d-44e6-4cdc-880a-fb7e01ac0de3.jpeg,success,200.0,c:\Prathik\MY DOCUMENTS\Rental_price_prediction\datasets\multimodal_v3\images\652311757396485871.jpg,1533983,4032,3024,RGB,7eaa81d3e8276a4c8373b332dd66eff9,
705022840214875903,https://a0.muscache.com/pictures/prohost-api/Hosting-705022840214875903/original/d41fc27d-05c3-403d-a53c-d4247f611a47.jpeg,success,200.0,c:\Prathik\MY DOCUMENTS\Rental_price_prediction\datasets\multimodal_v3\images\705022840214875903.jpg,385428,1349,900,RGB,7006e264536154b32d544c6dcd61f6a3,
701519587246830822,https://a0.muscache.com/pictures/miso/Hosting-701519587246830822/original/bfbd66c2-47a7-4286-b19c-b408b9315b4b.jpeg,success,200.0,c:\Prathik\MY DOCUMENTS\Rental_price_prediction\datasets\multimodal_v3\images\701519587246830822.jpg,417792,1349,900,RGB,25d62c95fb8a67455433a9242ad83d13,
706356638386568044,https://a0.muscache.com/pictures/miso/Hosting-706356638386568044/original/51875892-2189-486b-b5e1-585663f41d8d.jpeg,success,200.0,c:\Prathik\MY DOCUMENTS\Rental_price_prediction\datasets\multimodal_v3\images\706356638386568044.jpg,205247,1024,683,RGB,441682acd05be38c3979e0b2ae07d930,
710202128153189712,https://a0.muscache.com/pictures/prohost-api/Hosting-710202128153189712/original/3e4c1dd2-1da5-4327-a5bb-2009bf6f492a.jpeg,success,200.0,c:\Prathik\MY DOCUMENTS\Rental_price_prediction\datasets\multimodal_v3\images\710202128153189712.jpg,218724,1175,761,RGB,9e200e335299070f130fb0a3a9e7eb34,
706357979909942586,https://a0.muscache.com/pictures/miso/Hosting-706357979909942586/original/f622f33e-2078-4d64-a831-2bbfa988974c.jpeg,success,200.0,c:\Prathik\MY DOCUMENTS\Rental_price_prediction\datasets\multimodal_v3\images\706357979909942586.jpg,248045,1024,683,RGB,9bf89e478a9aade11234b1ab85e5ce91,
706351778017219235,https://a0.muscache.com/pictures/miso/Hosting-706351778017219235/original/118c525a-311b-4c5f-8f59-d04a0bbc7f48.jpeg,success,200.0,c:\Prathik\MY DOCUMENTS\Rental_price_prediction\datasets\multimodal_v3\images\706351778017219235.jpg,237902,1024,683,RGB,32ebd23b6dd3d8fd17b3384dfbe466ec,
712158021471707255,https://a0.muscache.com/pictures/miso/Hosting-712158021471707255/original/29b49dc4-32c6-4b5c-90f6-bbb5c9b5d433.jpeg,success,200.0,c:\Prathik\MY DOCUMENTS\Rental_price_prediction\datasets\multimodal_v3\images\712158021471707255.jpg,149093,1024,683,RGB,c6c19f3d8cf50e5b427540fa66ec026f,
705668629737875310,https://a0.muscache.com/pictures/miso/Hosting-705668629737875310/original/edc6fa19-e9dd-4691-aa13-5d57f16f93fe.jpeg,success,200.0,c:\Prathik\MY DOCUMENTS\Rental_price_prediction\datasets\multimodal_v3\images\705668629737875310.jpg,365315,2048,1366,RGB,bde91cfd4cff555a4436e3041a29fd0f,
707223031567138922,https://a0.muscache.com/pictures/prohost-api/Hosting-707223031567138922/original/2525dbfb-8300-4d43-88a0-2956957d24e8.jpeg,success,200.0,c:\Prathik\MY DOCUMENTS\Rental_price_prediction\datasets\multimodal_v3\images\707223031567138922.jpg,472921,1491,1000,RGB,6c3e8520c7791db3af356d472bb6f776,
712360798735711174,https://a0.muscache.com/pictures/miso/Hosting-712360798735711174/original/1f6d6aa9-7066-438f-a673-7a148d36be10.jpeg,failed_http_404,404.0,,0,0,0,,,HTTP 404
707283217949702436,https://a0.muscache.com/pictures/miso/Hosting-707283217949702436/original/6d47e580-cf22-40a7-8258-eaa83b662786.jpeg,success,200.0,c:\Prathik\MY DOCUMENTS\Rental_price_prediction\datasets\multimodal_v3\images\707283217949702436.jpg,313518,1543,1065,RGB,b06babe0643a5887047c5d4c946ccfdb,
711249626704458217,https://a0.muscache.com/pictures/4562f9e9-6c65-4493-a3b3-1d27d42942f7.jpg,success,200.0,c:\Prathik\MY DOCUMENTS\Rental_price_prediction\datasets\multimodal_v3\images\711249626704458217.jpg,704770,1536,1670,RGB,57971d5f8ce3d6ddebaaddb4259051e0,
708114013451316676,https://a0.muscache.com/pictures/miso/Hosting-708114013451316676/original/c23b6fd2-b45e-445d-baad-f0d020686b2e.jpeg,success,200.0,c:\Prathik\MY DOCUMENTS\Rental_price_prediction\datasets\multimodal_v3\images\708114013451316676.jpg,1445221,3025,1158,RGB,49668cd086db910ae197921f2a0bb9da,
693580362829882827,https://a0.muscache.com/pictures/miso/Hosting-693580362829882827/original/57847dc5-48ec-4a74-af21-786013bf954b.jpeg,success,200.0,c:\Prathik\MY DOCUMENTS\Rental_price_prediction\datasets\multimodal_v3\images\693580362829882827.jpg,2062067,4032,3024,RGB,41e5852062eb3cbf6eb3076b520b69ff,
714523729471504500,https://a0.muscache.com/pictures/miso/Hosting-714523729471504500/original/3764f145-7612-4e91-b3d0-9f0ec4206084.jpeg,failed_http_404,404.0,,0,0,0,,,HTTP 404
712359823273007794,https://a0.muscache.com/pictures/ba8ae382-c60d-4e54-b8e5-2f89fa9eef98.jpg,success,200.0,c:\Prathik\MY DOCUMENTS\Rental_price_prediction\datasets\multimodal_v3\images\712359823273007794.jpg,724339,4032,3024,RGB,3e496f38e5949e186d43f38aeb646049,
701589241635873941,https://a0.muscache.com/pictures/miso/Hosting-701589241635873941/original/9840bc1f-7873-4268-b88a-2874fed500dd.jpeg,success,200.0,c:\Prathik\MY DOCUMENTS\Rental_price_prediction\datasets\multimodal_v3\images\701589241635873941.jpg,389777,1600,1065,RGB,25b53731eb5eab21cc85c3bd59468a57,
705350379570787090,https://a0.muscache.com/pictures/miso/Hosting-705350379570787090/original/a2482c13-0f13-4c17-83b6-1d3d42e234df.jpeg,success,200.0,c:\Prathik\MY DOCUMENTS\Rental_price_prediction\datasets\multimodal_v3\images\705350379570787090.jpg,1886858,4032,3024,RGB,53a9139a51ede02eeba5c2db46c46875,
715845302265452266,https://a0.muscache.com/pictures/miso/Hosting-715845302265452266/original/9520ff48-1bc2-4d20-86c7-3e407f8bf8b7.jpeg,failed_http_404,404.0,,0,0,0,,,HTTP 404
686055814693911306,https://a0.muscache.com/pictures/efc8d4ba-c1ce-48af-8567-a3e7e33599b9.jpg,success,200.0,c:\Prathik\MY DOCUMENTS\Rental_price_prediction\datasets\multimodal_v3\images\686055814693911306.jpg,2536470,4032,3024,RGB,ab84acc94d3bcdf561e2d998254ea59d,
715340950846778381,https://a0.muscache.com/pictures/5df46890-c794-4891-a971-41fc1a6386f7.jpg,failed_http_404,404.0,,0,0,0,,,HTTP 404
713624151554100780,https://a0.muscache.com/pictures/miso/Hosting-713624151554100780/original/75efeeae-dec7-4cd0-afe2-52833e551dfd.jpeg,success,200.0,c:\Prathik\MY DOCUMENTS\Rental_price_prediction\datasets\multimodal_v3\images\713624151554100780.jpg,439720,1500,1000,RGB,aeb42807d431a409e2e6431e567038fb,
712997789140305161,https://a0.muscache.com/pictures/miso/Hosting-712997789140305161/original/62497688-f97b-43f8-b9be-1eb7ef55fe1b.png,success,200.0,c:\Prathik\MY DOCUMENTS\Rental_price_prediction\datasets\multimodal_v3\images\712997789140305161.jpg,81511,940,627,RGB,48dfa65d09f1b8ad9fd97542b0626816,
668825067960935962,https://a0.muscache.com/pictures/miso/Hosting-668825067960935962/original/a9691443-d663-4e15-8f57-495e9c3160b3.png,success,200.0,c:\Prathik\MY DOCUMENTS\Rental_price_prediction\datasets\multimodal_v3\images\668825067960935962.jpg,403580,2678,1786,RGB,761d8dab2617ff84f24f4e99df3bcec1,
715313764611581951,https://a0.muscache.com/pictures/a7f6c264-d988-4dec-8c99-8393bc1ac449.jpg,success,200.0,c:\Prathik\MY DOCUMENTS\Rental_price_prediction\datasets\multimodal_v3\images\715313764611581951.jpg,116788,1170,870,RGB,df785009152f43390ecd8903a93618b1,
716596573978630523,https://a0.muscache.com/pictures/prohost-api/Hosting-716596573978630523/original/57fafa94-4b1d-4365-a19c-73b3f55ca01d.jpeg,failed_http_404,404.0,,0,0,0,,,HTTP 404
710094782457879072,https://a0.muscache.com/pictures/miso/Hosting-710094782457879072/original/0e79de94-f8e2-4242-88b7-df232b284242.jpeg,success,200.0,c:\Prathik\MY DOCUMENTS\Rental_price_prediction\datasets\multimodal_v3\images\710094782457879072.jpg,1119865,2048,1364,RGB,1e9740404e69f25f2d4cafc09a7e3595,
695008307440529296,https://a0.muscache.com/pictures/miso/Hosting-695008307440529296/original/97b6b92d-cb26-445c-a10a-a3b4080b7f19.jpeg,success,200.0,c:\Prathik\MY DOCUMENTS\Rental_price_prediction\datasets\multimodal_v3\images\695008307440529296.jpg,1605657,3072,4080,RGB,7ed429ecf5b77de798aa8904a43d9b58,
715852949809222793,https://a0.muscache.com/pictures/miso/Hosting-715852949809222793/original/28e3c713-ac53-4ab5-823b-70022375dbd5.jpeg,failed_http_404,404.0,,0,0,0,,,HTTP 404
717483947483055729,https://a0.muscache.com/pictures/miso/Hosting-717483947483055729/original/02bb1f47-e565-490f-9dca-ed07a7aa18a3.jpeg,failed_http_404,404.0,,0,0,0,,,HTTP 404
718311061895949027,https://a0.muscache.com/pictures/17c5fd06-385f-4132-ab1d-268a5e15e06e.jpg,success,200.0,c:\Prathik\MY DOCUMENTS\Rental_price_prediction\datasets\multimodal_v3\images\718311061895949027.jpg,112047,833,556,RGB,a1baa10fb52dd9262c2eac447c4a4b41,
714670482096384597,https://a0.muscache.com/pictures/miso/Hosting-714670482096384597/original/ae13c46d-4345-4844-8d4c-b1d33af6d76c.jpeg,success,200.0,c:\Prathik\MY DOCUMENTS\Rental_price_prediction\datasets\multimodal_v3\images\714670482096384597.jpg,631975,2048,1365,RGB,fe9745f0bff321aadb2e40a8f9eb830c,
712349930202774204,https://a0.muscache.com/pictures/prohost-api/Hosting-712349930202774204/original/880b1656-9e5b-4a0e-9aff-d95cd615bb7f.jpeg,success,200.0,c:\Prathik\MY DOCUMENTS\Rental_price_prediction\datasets\multimodal_v3\images\712349930202774204.jpg,339847,1200,798,RGB,7e2d1d5380d6422c7322381d52c7b749,
715378065890700582,https://a0.muscache.com/pictures/miso/Hosting-715378065890700582/original/bea03ca1-d4d6-4af9-990f-605dc90e9f2f.jpeg,success,200.0,c:\Prathik\MY DOCUMENTS\Rental_price_prediction\datasets\multimodal_v3\images\715378065890700582.jpg,439960,2048,1366,RGB,8f1b9f7602d1568ad0e758da10d9043c,
720918444382057846,https://a0.muscache.com/pictures/airflow/Hosting-720918444382057846/original/87fcece1-d325-4108-a751-9eebf523ac29.jpg,failed_http_404,404.0,,0,0,0,,,HTTP 404
721993461963622015,https://a0.muscache.com/pictures/c1966a9f-4ce0-4cbf-92b8-77d9bb31d144.jpg,failed_http_404,404.0,,0,0,0,,,HTTP 404
721907880901512266,https://a0.muscache.com/pictures/miso/Hosting-721907880901512266/original/c7a4e1c0-3597-442d-8da6-b6e1d3fc6a6b.jpeg,failed_http_404,404.0,,0,0,0,,,HTTP 404
716083642701351660,https://a0.muscache.com/pictures/miso/Hosting-716083642701351660/original/57830626-4505-402d-80c4-8f30d5de339d.jpeg,success,200.0,c:\Prathik\MY DOCUMENTS\Rental_price_prediction\datasets\multimodal_v3\images\716083642701351660.jpg,490673,2048,1366,RGB,9ddad5f311562962085f510547357847,
720494975110782197,https://a0.muscache.com/pictures/miso/Hosting-720494975110782197/original/7845d463-c52e-432d-8f28-dda8d56c5f1d.jpeg,success,200.0,c:\Prathik\MY DOCUMENTS\Rental_price_prediction\datasets\multimodal_v3\images\720494975110782197.jpg,232396,1242,2688,RGB,7531b55654d09805ae757bf1093835d1,
722374129746452740,https://a0.muscache.com/pictures/prohost-api/Hosting-722374129746452740/original/e1d01f95-5a5c-42a7-b5f2-15ccea72f7ac.jpeg,failed_http_404,404.0,,0,0,0,,,HTTP 404
717338236140443946,https://a0.muscache.com/pictures/1b3cf1b2-52ca-412c-bf73-41f2fdce8d9d.jpg,success,200.0,c:\Prathik\MY DOCUMENTS\Rental_price_prediction\datasets\multimodal_v3\images\717338236140443946.jpg,450473,3024,2422,RGB,df39852ba2c099b4d7b044b125be2a99,
714377701528965422,https://a0.muscache.com/pictures/prohost-api/Hosting-714377701528965422/original/27ad7e6a-085d-4aed-b9ea-ae3cbf33c9a3.jpeg,success,200.0,c:\Prathik\MY DOCUMENTS\Rental_price_prediction\datasets\multimodal_v3\images\714377701528965422.jpg,509701,1920,1080,RGB,f25005f0025a90063caffc4ccedfd48a,
722082045108955258,https://a0.muscache.com/pictures/prohost-api/Hosting-722082045108955258/original/6be31050-032e-4832-9d48-be1992d737f1.jpeg,success,200.0,c:\Prathik\MY DOCUMENTS\Rental_price_prediction\datasets\multimodal_v3\images\722082045108955258.jpg,128672,1000,666,RGB,5e632a5fc8848ffd11d13249ddcbc028,
715114759668615418,https://a0.muscache.com/pictures/c3576d94-080d-4bf0-872f-3d8ee1277651.jpg,success,200.0,c:\Prathik\MY DOCUMENTS\Rental_price_prediction\datasets\multimodal_v3\images\715114759668615418.jpg,2080786,4032,3024,RGB,cc1004d0dd2432a69d861b2fed50eeaa,
722540985613450332,https://a0.muscache.com/pictures/prohost-api/Hosting-722540985613450332/original/19e61b99-dd98-43d3-90ba-61632c583af0.jpeg,failed_http_404,404.0,,0,0,0,,,HTTP 404
726320552731902243,https://a0.muscache.com/pictures/miso/Hosting-726320552731902243/original/860b1fc9-23c8-44ca-a252-49ceac66ccfd.png,failed_http_404,404.0,,0,0,0,,,HTTP 404
717877485430444519,https://a0.muscache.com/pictures/miso/Hosting-717877485430444519/original/a59081ef-c5cf-48a0-a17c-4f7c6771ff6b.jpeg,success,200.0,c:\Prathik\MY DOCUMENTS\Rental_price_prediction\datasets\multimodal_v3\images\717877485430444519.jpg,765184,1500,1000,RGB,43105a80a4da908dbe7cf7cf85b6b39f,
709408626307472076,https://a0.muscache.com/pictures/ffcf19d6-3010-4b2f-b97c-46819e84dd08.jpg,success,200.0,c:\Prathik\MY DOCUMENTS\Rental_price_prediction\datasets\multimodal_v3\images\709408626307472076.jpg,1724130,4032,3024,RGB,eb151676c975dd87770c065b105e35a9,
704289697280010411,https://a0.muscache.com/pictures/miso/Hosting-704289697280010411/original/23d5a8eb-c81d-4373-afac-19cac43854c1.jpeg,success,200.0,c:\Prathik\MY DOCUMENTS\Rental_price_prediction\datasets\multimodal_v3\images\704289697280010411.jpg,670406,2158,1439,RGB,b935caed483ac7742bd6b10e4e298ddb,
727584405245807607,https://a0.muscache.com/pictures/miso/Hosting-727584405245807607/original/94785e69-18e9-4afd-800c-599549e03765.jpeg,failed_http_404,404.0,,0,0,0,,,HTTP 404
686088974677118082,https://a0.muscache.com/pictures/1ae87d69-ee6a-4012-b2c1-3ea89b77eb61.jpg,success,200.0,c:\Prathik\MY DOCUMENTS\Rental_price_prediction\datasets\multimodal_v3\images\686088974677118082.jpg,1316107,4032,2268,RGB,58ab63e804e3fa78ac53434acd1da247,
712284140232798079,https://a0.muscache.com/pictures/miso/Hosting-712284140232798079/original/e7b0b9fb-414f-4277-98e0-60620c855dff.jpeg,success,200.0,c:\Prathik\MY DOCUMENTS\Rental_price_prediction\datasets\multimodal_v3\images\712284140232798079.jpg,1035470,3199,2133,RGB,3aa51ede92d34e442596e97d50fba245,
720161564831875605,https://a0.muscache.com/pictures/prohost-api/Hosting-720161564831875605/original/5cbcaaaf-c986-4587-b29c-8d6f24eea56c.jpeg,success,200.0,c:\Prathik\MY DOCUMENTS\Rental_price_prediction\datasets\multimodal_v3\images\720161564831875605.jpg,270726,1500,1000,RGB,badea817c8baecc351c88a430509e571,
722079813111451075,https://a0.muscache.com/pictures/prohost-api/Hosting-722079813111451075/original/27613043-2b75-4fca-8992-609d4581ee83.jpeg,success,200.0,c:\Prathik\MY DOCUMENTS\Rental_price_prediction\datasets\multimodal_v3\images\722079813111451075.jpg,923878,2048,1365,RGB,3a30dbb7da34592ea6b76b877f49eff3,
728198095057330344,https://a0.muscache.com/pictures/miso/Hosting-728198095057330344/original/31ca6dfd-a9bc-45a1-b89e-d1d38edf6c5e.jpeg,failed_http_404,404.0,,0,0,0,,,HTTP 404
640473347103600209,https://a0.muscache.com/pictures/prohost-api/Hosting-640473347103600209/original/8fe4aea5-dd96-431a-b55d-a2e945af0209.jpeg,success,200.0,c:\Prathik\MY DOCUMENTS\Rental_price_prediction\datasets\multimodal_v3\images\640473347103600209.jpg,2711311,3840,2562,RGB,98847a99e61fc2267d957915e37d4d03,
708532469627740435,https://a0.muscache.com/pictures/4fc75af4-de4f-4416-96e0-9324b1af51a4.jpg,success,200.0,c:\Prathik\MY DOCUMENTS\Rental_price_prediction\datasets\multimodal_v3\images\708532469627740435.jpg,1216192,3784,2838,RGB,f434912a91cab0e5306be922cbe03d6c,
728325273739436780,https://a0.muscache.com/pictures/miso/Hosting-728325273739436780/original/13da8ec1-747c-404b-bf7a-c65d8bd8efae.jpeg,success,200.0,c:\Prathik\MY DOCUMENTS\Rental_price_prediction\datasets\multimodal_v3\images\728325273739436780.jpg,364918,1024,768,RGB,a442a04b529234d21f1b5776486c6a89,
730411227465026445,https://a0.muscache.com/pictures/miso/Hosting-730411227465026445/original/a2983997-c3ed-4ad4-b5fe-2db8f09dba3a.jpeg,success,200.0,c:\Prathik\MY DOCUMENTS\Rental_price_prediction\datasets\multimodal_v3\images\730411227465026445.jpg,686732,1734,1301,RGB,8151cec164416bfe7be12a561818e8c1,
720169989167279784,https://a0.muscache.com/pictures/50fc8ce7-ccec-44e2-a729-28cae80509a8.jpg,success,200.0,c:\Prathik\MY DOCUMENTS\Rental_price_prediction\datasets\multimodal_v3\images\720169989167279784.jpg,2103062,4032,3024,RGB,cac42d245a6734b41065cd02a1b5d205,
729883698713955634,https://a0.muscache.com/pictures/miso/Hosting-729883698713955634/original/2594777e-b712-41e9-a4cc-080cf07cd115.jpeg,success,200.0,c:\Prathik\MY DOCUMENTS\Rental_price_prediction\datasets\multimodal_v3\images\729883698713955634.jpg,253445,1284,954,RGB,c9585390eea62819cd17be76d4c6b74f,
706494156839410838,https://a0.muscache.com/pictures/34243d04-7559-4b4e-ba3b-ab4e94619099.jpg,success,200.0,c:\Prathik\MY DOCUMENTS\Rental_price_prediction\datasets\multimodal_v3\images\706494156839410838.jpg,1724944,4032,3024,RGB,8f7d3550c57ff0eae3c689ce52bb7fbc,
671882192427658113,https://a0.muscache.com/pictures/miso/Hosting-671882192427658113/original/c84d80a7-c4e4-4ad0-a654-dbc1c9fc71d3.jpeg,success,200.0,c:\Prathik\MY DOCUMENTS\Rental_price_prediction\datasets\multimodal_v3\images\671882192427658113.jpg,5942229,7504,5422,RGB,9dc37550e1048f9f028b821fea1c3193,
712262301345135292,https://a0.muscache.com/pictures/miso/Hosting-712262301345135292/original/7722ee64-892b-4d50-9c5e-9b184635a747.jpeg,success,200.0,c:\Prathik\MY DOCUMENTS\Rental_price_prediction\datasets\multimodal_v3\images\712262301345135292.jpg,1116140,3240,2133,RGB,bb2c17289d6cc566e5b543427d3bed3d,
677353796235788057,https://a0.muscache.com/pictures/miso/Hosting-677353796235788057/original/601af1a7-6935-4b0f-a734-93d6dfccb84c.jpeg,success,200.0,c:\Prathik\MY DOCUMENTS\Rental_price_prediction\datasets\multimodal_v3\images\677353796235788057.jpg,2604357,6016,4000,RGB,f80567acbb825bc8424429c860e634d4,
732034214286221500,https://a0.muscache.com/pictures/miso/Hosting-732034214286221500/original/67bb90b1-5226-44c5-a9c0-b168e00b872a.jpeg,failed_http_404,404.0,,0,0,0,,,HTTP 404
734600412753832245,https://a0.muscache.com/pictures/ded39e25-37bb-4988-9f72-083f13d202e7.jpg,failed_http_404,404.0,,0,0,0,,,HTTP 404
722239695102639642,https://a0.muscache.com/pictures/miso/Hosting-722239695102639642/original/be0d6901-264f-4395-b298-90c264331e82.jpeg,success,200.0,c:\Prathik\MY DOCUMENTS\Rental_price_prediction\datasets\multimodal_v3\images\722239695102639642.jpg,1449771,4032,3024,RGB,928cf0a35d81826c4d95bf137d4ff075,
637143277389380178,https://a0.muscache.com/pictures/miso/Hosting-637143277389380178/original/f2d221d9-7228-4769-a8fe-96f29c03de22.jpeg,success,200.0,c:\Prathik\MY DOCUMENTS\Rental_price_prediction\datasets\multimodal_v3\images\637143277389380178.jpg,8107720,7360,4912,RGB,fc9b3a8eb7a8a59e9b5d5da72ddbb271,
726710040233997641,https://a0.muscache.com/pictures/prohost-api/Hosting-726710040233997641/original/1215b5bb-0784-44e4-bad2-f3dcde2f4217.jpeg,success,200.0,c:\Prathik\MY DOCUMENTS\Rental_price_prediction\datasets\multimodal_v3\images\726710040233997641.jpg,3872494,3840,2560,RGB,ee976cb6eca1e8003ce8a2d6a5bbbc2b,
729554998945769967,https://a0.muscache.com/pictures/miso/Hosting-729554998945769967/original/9fc5213a-e076-401e-8894-014733f56db6.jpeg,success,200.0,c:\Prathik\MY DOCUMENTS\Rental_price_prediction\datasets\multimodal_v3\images\729554998945769967.jpg,576337,2048,1536,RGB,7752497f60799b17ea312a50843c0345,
682732554537545976,https://a0.muscache.com/pictures/miso/Hosting-682732554537545976/original/9f79dfa4-fe5e-40a6-84a4-a5586997c4ae.jpeg,success,200.0,c:\Prathik\MY DOCUMENTS\Rental_price_prediction\datasets\multimodal_v3\images\682732554537545976.jpg,2802130,6000,4000,RGB,011fa0aad3886af3b3c57146a5205694,
732068531393078498,https://a0.muscache.com/pictures/9769361f-d17a-459a-898a-fd3062660ab2.jpg,success,200.0,c:\Prathik\MY DOCUMENTS\Rental_price_prediction\datasets\multimodal_v3\images\732068531393078498.jpg,802195,3844,2883,RGB,1a2ae5917764663102dbef084d97779f,
731826340233671263,https://a0.muscache.com/pictures/prohost-api/Hosting-731826340233671263/original/a510a2ce-67dc-4780-a0b4-efae4e9876f5.jpeg,success,200.0,c:\Prathik\MY DOCUMENTS\Rental_price_prediction\datasets\multimodal_v3\images\731826340233671263.jpg,1872653,3840,2560,RGB,5ced514f5b6e7a92b144ca0e590cabb5,
742265784665629640,https://a0.muscache.com/pictures/f4c125fc-981f-4527-9d77-71eefd38778f.jpg,success,200.0,c:\Prathik\MY DOCUMENTS\Rental_price_prediction\datasets\multimodal_v3\images\742265784665629640.jpg,271136,2000,1126,RGB,9673a6a7b3c221b055fa489563219aa4,
732570591669613613,https://a0.muscache.com/pictures/miso/Hosting-732570591669613613/original/b2595ad9-6f63-46e0-b8f5-ef73f196a9f6.jpeg,success,200.0,c:\Prathik\MY DOCUMENTS\Rental_price_prediction\datasets\multimodal_v3\images\732570591669613613.jpg,1250638,4200,2800,RGB,b84ed2427d59accef60f6562f7ba4090,
739340943221084317,https://a0.muscache.com/pictures/miso/Hosting-739340943221084317/original/5913c2bd-4d56-4fd5-8acb-3d0a499c4514.jpeg,success,200.0,c:\Prathik\MY DOCUMENTS\Rental_price_prediction\datasets\multimodal_v3\images\739340943221084317.jpg,846395,2048,1363,RGB,35b0e38181741cef59afba69be93c773,
700134617928939908,https://a0.muscache.com/pictures/miso/Hosting-700134617928939908/original/70fc9c53-00e3-4a62-95c6-2c7baa6b7f78.jpeg,success,200.0,c:\Prathik\MY DOCUMENTS\Rental_price_prediction\datasets\multimodal_v3\images\700134617928939908.jpg,2080557,4032,3024,RGB,88480cc04176b500dc2de33c9f5a8f98,
727716425054670664,https://a0.muscache.com/pictures/miso/Hosting-727716425054670664/original/30c8ffa9-6b95-4fe6-adf5-e7db8be5931b.jpeg,success,200.0,c:\Prathik\MY DOCUMENTS\Rental_price_prediction\datasets\multimodal_v3\images\727716425054670664.jpg,1040173,4032,1908,RGB,404e2a96243a2435d5986907c8b84dfd,
739222634773710782,https://a0.muscache.com/pictures/miso/Hosting-739222634773710782/original/2b321e8c-a7ea-4522-a94e-6de66a060028.jpeg,success,200.0,c:\Prathik\MY DOCUMENTS\Rental_price_prediction\datasets\multimodal_v3\images\739222634773710782.jpg,1285059,3000,2250,RGB,f2c91fae80d18a52bebf4a155f40dc68,
743517816016987005,https://a0.muscache.com/pictures/df91686e-d917-4ab8-b567-ea91e2b9385d.jpg,success,200.0,c:\Prathik\MY DOCUMENTS\Rental_price_prediction\datasets\multimodal_v3\images\743517816016987005.jpg,208188,1140,857,RGB,898dab960384d4800732d1f5a3363111,
742643748995522886,https://a0.muscache.com/pictures/e75b788c-4da1-4280-b5fa-ccfa19f65887.jpg,success,200.0,c:\Prathik\MY DOCUMENTS\Rental_price_prediction\datasets\multimodal_v3\images\742643748995522886.jpg,476132,3633,2389,RGB,6e7aa04187d2532d64457688e63d7030,
736295621510170074,https://a0.muscache.com/pictures/miso/Hosting-736295621510170074/original/ea40fdc1-63c0-4e6c-99b7-b604fc961650.jpeg,success,200.0,c:\Prathik\MY DOCUMENTS\Rental_price_prediction\datasets\multimodal_v3\images\736295621510170074.jpg,523376,1999,1333,RGB,ef5ce80c570c46ea0450760abcdcd293,
746959677162494830,https://a0.muscache.com/pictures/miso/Hosting-746959677162494830/original/24882e1a-127f-497d-a1ca-3ee37c500dbc.png,failed_http_404,404.0,,0,0,0,,,HTTP 404
690077496342128940,https://a0.muscache.com/pictures/miso/Hosting-690077496342128940/original/df02370e-fd08-4c3e-8b2d-00c1f815da1c.jpeg,success,200.0,c:\Prathik\MY DOCUMENTS\Rental_price_prediction\datasets\multimodal_v3\images\690077496342128940.jpg,3685328,4748,3159,RGB,1856d2389614bb6c2c33d0ae827f9b1a,
731985170250976258,https://a0.muscache.com/pictures/miso/Hosting-731985170250976258/original/c8ca732c-b24c-44fd-a166-988bb73aacfb.jpeg,success,200.0,c:\Prathik\MY DOCUMENTS\Rental_price_prediction\datasets\multimodal_v3\images\731985170250976258.jpg,1941353,4032,3024,RGB,e9a0790db788dc0a6928958fa73de26e,
747701982580242170,https://a0.muscache.com/pictures/prohost-api/Hosting-747701982580242170/original/9ae00dcd-9219-4439-88d1-52f95f66502f.jpeg,failed_http_404,404.0,,0,0,0,,,HTTP 404
750299912863718302,https://a0.muscache.com/pictures/miso/Hosting-750299912863718302/original/13be2f34-5ee1-44f6-b389-bfe5a4651f33.jpeg,failed_http_404,404.0,,0,0,0,,,HTTP 404
745583253920309322,https://a0.muscache.com/pictures/5cb45c69-885d-4690-beb2-74835ec20275.jpg,success,200.0,c:\Prathik\MY DOCUMENTS\Rental_price_prediction\datasets\multimodal_v3\images\745583253920309322.jpg,1148812,6016,4016,RGB,46bbc22dec5fb38bd406dcc5323dfefe,
713172242078826529,https://a0.muscache.com/pictures/miso/Hosting-713172242078826529/original/97ddabda-208a-47ec-99ba-2f0b74fcd1d4.jpeg,success,200.0,c:\Prathik\MY DOCUMENTS\Rental_price_prediction\datasets\multimodal_v3\images\713172242078826529.jpg,2551590,4032,3024,RGB,5add533459c32a20ae772024285a7e17,
737702146773561596,https://a0.muscache.com/pictures/miso/Hosting-737702146773561596/original/bd958719-c145-447e-bec1-55729209e80d.jpeg,success,200.0,c:\Prathik\MY DOCUMENTS\Rental_price_prediction\datasets\multimodal_v3\images\737702146773561596.jpg,1382740,4200,2800,RGB,354ec00eef78214c53284101eb6bc75a,
739776038240648327,https://a0.muscache.com/pictures/prohost-api/Hosting-739776038240648327/original/3ca99512-1dda-4b2b-a594-47fd090111a6.jpeg,success,200.0,c:\Prathik\MY DOCUMENTS\Rental_price_prediction\datasets\multimodal_v3\images\739776038240648327.jpg,598183,2048,1261,RGB,5efe3817a3e409f89a5d09eb1672fbbb,
750218471903867145,https://a0.muscache.com/pictures/miso/Hosting-750218471903867145/original/1270b6f2-5202-4696-807d-124581ec4426.png,success,200.0,c:\Prathik\MY DOCUMENTS\Rental_price_prediction\datasets\multimodal_v3\images\750218471903867145.jpg,44349,512,346,RGB,405cbfcd102e5df233bfd7f131d6e9fc,
726762814576596361,https://a0.muscache.com/pictures/miso/Hosting-726762814576596361/original/729caec7-ed51-42ec-8261-41d6f1075e64.jpeg,success,200.0,c:\Prathik\MY DOCUMENTS\Rental_price_prediction\datasets\multimodal_v3\images\726762814576596361.jpg,1620282,3009,2006,RGB,99662e7c57fa68760c9a1699480e6271,
692747310050859560,https://a0.muscache.com/pictures/miso/Hosting-692747310050859560/original/711fd381-eb85-4de3-a6e9-ce8982540d49.jpeg,success,200.0,c:\Prathik\MY DOCUMENTS\Rental_price_prediction\datasets\multimodal_v3\images\692747310050859560.jpg,5595864,8192,5464,RGB,422ab2724a78f579a91f638fea533e7b,
750564384185817629,https://a0.muscache.com/pictures/miso/Hosting-750564384185817629/original/a45e7e01-2b18-4d25-ada4-c649755ac770.jpeg,success,200.0,c:\Prathik\MY DOCUMENTS\Rental_price_prediction\datasets\multimodal_v3\images\750564384185817629.jpg,397766,2048,1365,RGB,4258e22bd14a417d673e03278b688441,
751419245457888371,https://a0.muscache.com/pictures/miso/Hosting-751419245457888371/original/ffbd2a46-9536-449f-a0bb-4a1b881474cb.jpeg,success,200.0,c:\Prathik\MY DOCUMENTS\Rental_price_prediction\datasets\multimodal_v3\images\751419245457888371.jpg,140211,1025,876,RGB,98274ae45205f057bc876fafbe00c109,
718069047508654436,https://a0.muscache.com/pictures/airflow/Hosting-718069047508654436/original/250f7a78-96aa-40a9-a686-f7677ea424d5.jpg,success,200.0,c:\Prathik\MY DOCUMENTS\Rental_price_prediction\datasets\multimodal_v3\images\718069047508654436.jpg,1887975,4200,2800,RGB,5ce11e032f4e316d387ed066efe7fe5e,
736491756646141485,https://a0.muscache.com/pictures/miso/Hosting-736491756646141485/original/f69f7559-80be-4d7c-8d6e-a9a554bfe115.jpeg,success,200.0,c:\Prathik\MY DOCUMENTS\Rental_price_prediction\datasets\multimodal_v3\images\736491756646141485.jpg,1999840,4032,3024,RGB,e029cb882ab3286583b382848ea9f452,
750526187830005720,https://a0.muscache.com/pictures/miso/Hosting-750526187830005720/original/af736dbd-d7d7-480a-8503-629ee4a7544c.jpeg,success,200.0,c:\Prathik\MY DOCUMENTS\Rental_price_prediction\datasets\multimodal_v3\images\750526187830005720.jpg,2038735,4032,3024,RGB,fb6a5b05941dea01272d0d853af30809,
757898715723200984,https://a0.muscache.com/pictures/prohost-api/Hosting-757898715723200984/original/e2182eaa-705f-48cd-9ca9-78ba65f9f55e.jpeg,success,200.0,c:\Prathik\MY DOCUMENTS\Rental_price_prediction\datasets\multimodal_v3\images\757898715723200984.jpg,187335,1500,890,RGB,e9162dbf18d2902c2f2075bd4eacbef1,
724812786793812111,https://a0.muscache.com/pictures/miso/Hosting-724812786793812111/original/768c93db-1059-48ac-9cae-8f1bf68fb056.jpeg,success,200.0,c:\Prathik\MY DOCUMENTS\Rental_price_prediction\datasets\multimodal_v3\images\724812786793812111.jpg,2398668,4032,3024,RGB,fb9b84f714db2fe5e82b08433f1400e6,
753640610205687012,https://a0.muscache.com/pictures/miso/Hosting-753640610205687012/original/50fcbb48-8f3c-45ec-ab56-8d213f0a015d.jpeg,success,200.0,c:\Prathik\MY DOCUMENTS\Rental_price_prediction\datasets\multimodal_v3\images\753640610205687012.jpg,545877,1512,2016,RGB,0afb4b1850c67dc99c07d03a7426bdf9,
760853608588754168,https://a0.muscache.com/pictures/miso/Hosting-760853608588754168/original/51b19a86-b6a1-4cdb-83a3-501b8396866d.jpeg,failed_http_404,404.0,,0,0,0,,,HTTP 404
739833192373082278,https://a0.muscache.com/pictures/miso/Hosting-739833192373082278/original/d04ea9f8-26a8-4ec5-954a-a2db27655077.jpeg,success,200.0,c:\Prathik\MY DOCUMENTS\Rental_price_prediction\datasets\multimodal_v3\images\739833192373082278.jpg,3838320,7360,4912,RGB,78c947a35b25c09152de53e9a925d0ed,
756373781930465840,https://a0.muscache.com/pictures/d094688a-975d-4505-8446-176b11f66337.jpg,success,200.0,c:\Prathik\MY DOCUMENTS\Rental_price_prediction\datasets\multimodal_v3\images\756373781930465840.jpg,1556896,4032,3024,RGB,629b60ae8be005448b9e55f1e6fce700,
752174290794940635,https://a0.muscache.com/pictures/miso/Hosting-752174290794940635/original/4e5d45d0-e24e-4adb-8e71-05fc1a3a49e3.jpeg,success,200.0,c:\Prathik\MY DOCUMENTS\Rental_price_prediction\datasets\multimodal_v3\images\752174290794940635.jpg,442819,2000,1333,RGB,a8c8c4f410d09f0e965f663d7f8b7787,
730427233403003806,https://a0.muscache.com/pictures/hosting/Hosting-730427233403003806/original/330599fd-b840-4d28-810b-d7a244af28d8.jpeg,success,200.0,c:\Prathik\MY DOCUMENTS\Rental_price_prediction\datasets\multimodal_v3\images\730427233403003806.jpg,1545410,4032,3024,RGB,dbdea06980d06e41f40e3e8dd56c2891,
760907034908557093,https://a0.muscache.com/pictures/miso/Hosting-760907034908557093/original/15a1a931-8ce3-47c5-b2cb-b3760b5ba8d6.jpeg,success,200.0,c:\Prathik\MY DOCUMENTS\Rental_price_prediction\datasets\multimodal_v3\images\760907034908557093.jpg,153073,1024,768,RGB,b61bb7eb678e348f9867ad30ef59d70d,
752756257998723426,https://a0.muscache.com/pictures/miso/Hosting-752756257998723426/original/8b406654-68e6-4a67-b3b5-9a94fe5e8cd6.png,success,200.0,c:\Prathik\MY DOCUMENTS\Rental_price_prediction\datasets\multimodal_v3\images\752756257998723426.jpg,199938,1440,960,RGB,e6dd859de89d2a4574783badcf3cc496,
760165895117553641,https://a0.muscache.com/pictures/prohost-api/Hosting-760165895117553641/original/28ad4634-d86e-4797-98d1-76205c1e3709.jpeg,success,200.0,c:\Prathik\MY DOCUMENTS\Rental_price_prediction\datasets\multimodal_v3\images\760165895117553641.jpg,475678,1500,1000,RGB,b26bbf00dcb6127a13831cc768051f46,
761718230870384077,https://a0.muscache.com/pictures/146db69a-c981-4ef9-9b9a-4c9fe1190dfe.jpg,success,200.0,c:\Prathik\MY DOCUMENTS\Rental_price_prediction\datasets\multimodal_v3\images\761718230870384077.jpg,145398,1284,950,RGB,7fb263225fd5cd572343179ef8424379,
763014675077785612,https://a0.muscache.com/pictures/prohost-api/Hosting-763014675077785612/original/cc76718b-67ee-4f90-8ccd-8819f82be6e2.jpeg,failed_http_404,404.0,,0,0,0,,,HTTP 404
762867300480281790,https://a0.muscache.com/pictures/5000b7c1-0805-40f8-a012-9ef7be59f0cb.jpg,failed_http_404,404.0,,0,0,0,,,HTTP 404
760958043751310639,https://a0.muscache.com/pictures/59ea416b-6dab-4a1b-81bb-4bbc210c4373.jpg,success,200.0,c:\Prathik\MY DOCUMENTS\Rental_price_prediction\datasets\multimodal_v3\images\760958043751310639.jpg,734983,4032,3024,RGB,4c554caf17dbb97d7dbbd27ef20e4042,
750662610827372615,https://a0.muscache.com/pictures/miso/Hosting-750662610827372615/original/f4791e98-e2e3-4870-b960-63a716665178.jpeg,success,200.0,c:\Prathik\MY DOCUMENTS\Rental_price_prediction\datasets\multimodal_v3\images\750662610827372615.jpg,1515130,4032,3024,RGB,4c360c5c7d3b2df57ac1020d0cfff9fd,
765323061447346007,https://a0.muscache.com/pictures/prohost-api/Hosting-765323061447346007/original/9ebdfb13-9f36-4b22-8afc-86a5f5a1ff3b.jpeg,success,200.0,c:\Prathik\MY DOCUMENTS\Rental_price_prediction\datasets\multimodal_v3\images\765323061447346007.jpg,42206,437,334,RGB,040c19fdd4c2fd2316502bf034d05bb9,
747048050097929410,https://a0.muscache.com/pictures/miso/Hosting-747048050097929410/original/76540212-181f-446c-ad76-c817459a9a12.jpeg,success,200.0,c:\Prathik\MY DOCUMENTS\Rental_price_prediction\datasets\multimodal_v3\images\747048050097929410.jpg,2614954,4200,2800,RGB,ca680db01d5b10fca000a8856586386b,
745647738527624779,https://a0.muscache.com/pictures/miso/Hosting-745647738527624779/original/34cc0677-1909-49d8-a047-bd5beca1b467.png,success,200.0,c:\Prathik\MY DOCUMENTS\Rental_price_prediction\datasets\multimodal_v3\images\745647738527624779.jpg,478857,1314,910,RGB,b518021d2141c480b457b089b612b6e8,
767392285700878978,https://a0.muscache.com/pictures/miso/Hosting-767392285700878978/original/2a2cc01e-201a-468b-9dd6-5b37bad17e29.jpeg,failed_http_404,404.0,,0,0,0,,,HTTP 404
724499520908533591,https://a0.muscache.com/pictures/miso/Hosting-724499520908533591/original/0ad7f9ad-3a70-473f-a83b-7cc0e4de87ba.jpeg,success,200.0,c:\Prathik\MY DOCUMENTS\Rental_price_prediction\datasets\multimodal_v3\images\724499520908533591.jpg,1782598,4032,3024,RGB,6086e6db38e4deac865dc10cc34417c9,
765205166812515394,https://a0.muscache.com/pictures/miso/Hosting-765205166812515394/original/dc93a5be-f692-4e41-88be-de7a2f93c9b7.jpeg,success,200.0,c:\Prathik\MY DOCUMENTS\Rental_price_prediction\datasets\multimodal_v3\images\765205166812515394.jpg,139982,1170,686,RGB,b30cf21b601b2cfe89519ce6756c6e67,
772322471090299421,https://a0.muscache.com/pictures/prohost-api/Hosting-772322471090299421/original/c8df0343-1c86-4c00-a59d-5bc14b69c4db.jpeg,failed_http_404,404.0,,0,0,0,,,HTTP 404
762408080060331673,https://a0.muscache.com/pictures/miso/Hosting-762408080060331673/original/74d1b5cf-cc69-44a4-a0f2-023ff68f4bd6.jpeg,success,200.0,c:\Prathik\MY DOCUMENTS\Rental_price_prediction\datasets\multimodal_v3\images\762408080060331673.jpg,699948,1984,947,RGB,c43670d25a4297f391cd285f07965666,
770869320258914486,https://a0.muscache.com/pictures/miso/Hosting-770869320258914486/original/1f9c80cd-ab5e-42cc-aeac-4741da9b1fc7.jpeg,success,200.0,c:\Prathik\MY DOCUMENTS\Rental_price_prediction\datasets\multimodal_v3\images\770869320258914486.jpg,190586,1024,681,RGB,d114babaf2d3b1570509508872f64c49,
761515523247022201,https://a0.muscache.com/pictures/prohost-api/Hosting-761515523247022201/original/98ed5f12-9741-4687-830a-ee4dd1f20b50.jpeg,success,200.0,c:\Prathik\MY DOCUMENTS\Rental_price_prediction\datasets\multimodal_v3\images\761515523247022201.jpg,2470696,3840,2560,RGB,f69a1dd460cb3cf8e6fc75e67b4ce0f5,
739116609943778306,https://a0.muscache.com/pictures/miso/Hosting-739116609943778306/original/9b39f324-653a-430d-9b50-4a7c5c2ede59.jpeg,success,200.0,c:\Prathik\MY DOCUMENTS\Rental_price_prediction\datasets\multimodal_v3\images\739116609943778306.jpg,1489187,3000,2000,RGB,ff58122134340ec003aad15d8405872e,
747937797086662089,https://a0.muscache.com/pictures/prohost-api/Hosting-747937797086662089/original/5c41efa9-db92-472d-b4d5-d5181b94680e.jpeg,success,200.0,c:\Prathik\MY DOCUMENTS\Rental_price_prediction\datasets\multimodal_v3\images\747937797086662089.jpg,4127378,3840,2559,RGB,ae2c8f994ea8869d0e3c6327bb8eb31d,
771776079617148623,https://a0.muscache.com/pictures/prohost-api/Hosting-771776079617148623/original/877e45df-b6de-4b1b-ab81-9be35bb57212.jpeg,success,200.0,c:\Prathik\MY DOCUMENTS\Rental_price_prediction\datasets\multimodal_v3\images\771776079617148623.jpg,305702,1349,900,RGB,263b6b8ff2283b8db3b1fa0dfa3f65f4,
722503811840502032,https://a0.muscache.com/pictures/miso/Hosting-722503811840502032/original/514f7ac7-169c-4774-84c7-d0cf6ba1866b.jpeg,success,200.0,c:\Prathik\MY DOCUMENTS\Rental_price_prediction\datasets\multimodal_v3\images\722503811840502032.jpg,3235335,4890,3168,RGB,86bb8df3c99e24a4f099e41a6c19ecc5,
775748870746145651,https://a0.muscache.com/pictures/miso/Hosting-775748870746145651/original/3a87e44c-d6e5-4d1f-91a0-f1db6bd90a28.jpeg,failed_http_404,404.0,,0,0,0,,,HTTP 404
764652071728217097,https://a0.muscache.com/pictures/10278633-3941-49a4-b93f-be197a850b81.jpg,success,200.0,c:\Prathik\MY DOCUMENTS\Rental_price_prediction\datasets\multimodal_v3\images\764652071728217097.jpg,1439061,4032,3024,RGB,37a17c18ae3b04547ec00668a0567772,
763694852078964309,https://a0.muscache.com/pictures/prohost-api/Hosting-763694852078964309/original/8b0abbf8-bb7e-4ee4-8c53-78c2bbccd9c6.jpeg,success,200.0,c:\Prathik\MY DOCUMENTS\Rental_price_prediction\datasets\multimodal_v3\images\763694852078964309.jpg,447297,2048,1363,RGB,e9ee981ed52738c6562c4272dce16837,
727557284655130228,https://a0.muscache.com/pictures/prohost-api/Hosting-727557284655130228/original/4b499263-f254-4922-b59d-e1449a089674.jpeg,success,200.0,c:\Prathik\MY DOCUMENTS\Rental_price_prediction\datasets\multimodal_v3\images\727557284655130228.jpg,1073306,2000,1333,RGB,72be1acdd1e2a611b5de28ac1c922400,
774545010096556204,https://a0.muscache.com/pictures/miso/Hosting-774545010096556204/original/ed0bd7f0-ee60-457f-bcdf-77a4d4bf65bd.jpeg,success,200.0,c:\Prathik\MY DOCUMENTS\Rental_price_prediction\datasets\multimodal_v3\images\774545010096556204.jpg,796072,2048,1367,RGB,41e166741a043296ad97c1d49cb232b5,
771793196571267930,https://a0.muscache.com/pictures/prohost-api/Hosting-771793196571267930/original/6d9e3bf3-296b-496e-be9c-d1a21580d72e.jpeg,success,200.0,c:\Prathik\MY DOCUMENTS\Rental_price_prediction\datasets\multimodal_v3\images\771793196571267930.jpg,477808,1280,853,RGB,c5453504dda2dc3b63ab82af99b80f72,
771084327839050776,https://a0.muscache.com/pictures/miso/Hosting-771084327839050776/original/fa12d4aa-b88b-433f-87cf-f7a3183703a3.jpeg,success,200.0,c:\Prathik\MY DOCUMENTS\Rental_price_prediction\datasets\multimodal_v3\images\771084327839050776.jpg,1344271,4032,3024,RGB,97c4ef34bdc4006035aaf71fc5d08470,
747769144070162294,https://a0.muscache.com/pictures/miso/Hosting-747769144070162294/original/421efaa9-08c5-44d1-970f-a9179b6e271d.jpeg,success,200.0,c:\Prathik\MY DOCUMENTS\Rental_price_prediction\datasets\multimodal_v3\images\747769144070162294.jpg,1839971,4000,3000,RGB,47ebc0a99869424abb36cf0a09ea136d,
740808604549304446,https://a0.muscache.com/pictures/daaf0bfa-50bf-4aff-86a7-9c2e74765caa.jpg,success,200.0,c:\Prathik\MY DOCUMENTS\Rental_price_prediction\datasets\multimodal_v3\images\740808604549304446.jpg,2570963,4032,3024,RGB,d4f8f8ad66c86da4d5a63c93839966a6,
773240222646224667,https://a0.muscache.com/pictures/prohost-api/Hosting-773240222646224667/original/5e124455-1e08-45fa-9cef-51f4c6e257de.jpeg,success,200.0,c:\Prathik\MY DOCUMENTS\Rental_price_prediction\datasets\multimodal_v3\images\773240222646224667.jpg,958504,2310,1540,RGB,b587a999992d273b6f0690c22ccd0987,
781256446206601299,https://a0.muscache.com/pictures/miso/Hosting-781256446206601299/original/d33ca7cf-8504-41b6-a649-4f9136114542.png,failed_http_404,404.0,,0,0,0,,,HTTP 404
785575328057748301,https://a0.muscache.com/pictures/prohost-api/Hosting-785575328057748301/original/809f28e3-b517-42ce-babc-5047f8ee73ef.jpeg,failed_http_404,404.0,,0,0,0,,,HTTP 404
776014861241735902,https://a0.muscache.com/pictures/prohost-api/Hosting-776014861241735902/original/a7afe3b4-a792-4e2d-b8fb-2dc819af2bb3.jpeg,success,200.0,c:\Prathik\MY DOCUMENTS\Rental_price_prediction\datasets\multimodal_v3\images\776014861241735902.jpg,472654,2000,1335,RGB,36300319efa53498e4419df289721dc8,
786299441872286559,https://a0.muscache.com/pictures/miso/Hosting-786299441872286559/original/df456019-51ac-41f6-9616-7da043c02a7d.jpeg,failed_http_404,404.0,,0,0,0,,,HTTP 404
779598253679590567,https://a0.muscache.com/pictures/miso/Hosting-779598253679590567/original/0865a3e9-65b7-4201-b51d-1d441ec4769a.jpeg,success,200.0,c:\Prathik\MY DOCUMENTS\Rental_price_prediction\datasets\multimodal_v3\images\779598253679590567.jpg,2052758,3000,2250,RGB,5c66d24f509ed6ee8282b2c9c8a8165f,
775404892024131437,https://a0.muscache.com/pictures/miso/Hosting-775404892024131437/original/50401f03-f553-4404-82af-b6b05e9f7b12.jpeg,success,200.0,c:\Prathik\MY DOCUMENTS\Rental_price_prediction\datasets\multimodal_v3\images\775404892024131437.jpg,1366364,4032,3024,RGB,2172ac3ed3770e33d8e517ccd03593d9,
783200712500479389,https://a0.muscache.com/pictures/miso/Hosting-783200712500479389/original/311d6238-2396-4066-bc45-c5bf2372637a.jpeg,success,200.0,c:\Prathik\MY DOCUMENTS\Rental_price_prediction\datasets\multimodal_v3\images\783200712500479389.jpg,552852,3600,2400,RGB,0b3d075c2864c27a296bd1716279ea0d,
785082616651050507,https://a0.muscache.com/pictures/45f502f2-aba9-4811-956d-cf0339ba797d.jpg,success,200.0,c:\Prathik\MY DOCUMENTS\Rental_price_prediction\datasets\multimodal_v3\images\785082616651050507.jpg,1843327,3457,2593,RGB,ab965cd74a5924d97dde9ce493305d05,
766964039883686554,https://a0.muscache.com/pictures/prohost-api/Hosting-766964039883686554/original/a23a9356-0b24-4e58-b3a9-6bc4dda5b6f8.jpeg,success,200.0,c:\Prathik\MY DOCUMENTS\Rental_price_prediction\datasets\multimodal_v3\images\766964039883686554.jpg,3475502,3840,2559,RGB,36aab8ba0a02941e152c387876688c9c,
728068126846472435,https://a0.muscache.com/pictures/cc27f5f7-d30a-4611-81d2-1c2bfc78b302.jpg,success,200.0,c:\Prathik\MY DOCUMENTS\Rental_price_prediction\datasets\multimodal_v3\images\728068126846472435.jpg,3729447,4032,3024,RGB,cfbad6939ffb4316ec0ac361406901d7,
786730754311109964,https://a0.muscache.com/pictures/prohost-api/Hosting-786730754311109964/original/cede4806-ccc5-471b-871b-00c8c41cac15.jpeg,failed_http_404,404.0,,0,0,0,,,HTTP 404
780534535309829961,https://a0.muscache.com/pictures/miso/Hosting-780534535309829961/original/d6b14919-7ffa-4d40-a102-a094dd584233.jpeg,success,200.0,c:\Prathik\MY DOCUMENTS\Rental_price_prediction\datasets\multimodal_v3\images\780534535309829961.jpg,997837,2500,1667,RGB,75438a16bde513086ce2ce233722ef16,
755933245094974115,https://a0.muscache.com/pictures/airflow/Hosting-755933245094974115/original/9009fe4d-cecd-485c-bbb3-a1ddd9c0b06c.jpg,success,200.0,c:\Prathik\MY DOCUMENTS\Rental_price_prediction\datasets\multimodal_v3\images\755933245094974115.jpg,1065836,4200,2800,RGB,ad7b092f3e3ff8af57abb41576fcf01b,
791259136214392480,https://a0.muscache.com/pictures/miso/Hosting-791259136214392480/original/74020bd7-ddce-45d9-a9fc-e10d43acc363.jpeg,failed_http_404,404.0,,0,0,0,,,HTTP 404
791217133919040660,https://a0.muscache.com/pictures/ef5d4991-5802-4029-8fba-9f63cbc4a2f8.jpg,failed_http_404,404.0,,0,0,0,,,HTTP 404
786308508636297203,https://a0.muscache.com/pictures/miso/Hosting-786308508636297203/original/b36201a1-a702-4236-aecd-9664227270ef.jpeg,success,200.0,c:\Prathik\MY DOCUMENTS\Rental_price_prediction\datasets\multimodal_v3\images\786308508636297203.jpg,100467,900,599,RGB,1ed52da07adc7b3ef8f8d6cb7263a3df,
746222250886022872,https://a0.muscache.com/pictures/miso/Hosting-746222250886022872/original/e040c475-6ded-4b60-9f07-07389381d371.jpeg,success,200.0,c:\Prathik\MY DOCUMENTS\Rental_price_prediction\datasets\multimodal_v3\images\746222250886022872.jpg,3373765,3024,4032,RGB,dbaa92f3afda8f486608543362b2acf3,
779831052182176019,https://a0.muscache.com/pictures/796cfeb8-e7ac-4e5d-89cb-601f43b06fa2.jpg,success,200.0,c:\Prathik\MY DOCUMENTS\Rental_price_prediction\datasets\multimodal_v3\images\779831052182176019.jpg,2121979,6480,4320,RGB,836e89f23094903e89d5f4eacf9ecca6,
783468485250196758,https://a0.muscache.com/pictures/miso/Hosting-783468485250196758/original/0c0988d8-8c6c-4648-a233-853404f79bc4.jpeg,success,200.0,c:\Prathik\MY DOCUMENTS\Rental_price_prediction\datasets\multimodal_v3\images\783468485250196758.jpg,981020,4032,3024,RGB,786c967efa19ee076efbb8b4e74b5983,
792685208775480989,https://a0.muscache.com/pictures/miso/Hosting-792685208775480989/original/12680f0b-ed37-4bd0-8d06-0609ab6911a8.jpeg,failed_http_404,404.0,,0,0,0,,,HTTP 404
791933559832114039,https://a0.muscache.com/pictures/miso/Hosting-791933559832114039/original/472026c3-5d7d-4597-a2ee-9bf698688013.jpeg,failed_http_404,404.0,,0,0,0,,,HTTP 404
658106043154012154,https://a0.muscache.com/pictures/miso/Hosting-658106043154012154/original/62c458e5-ff0f-400d-bbae-947f5de786f3.jpeg,success,200.0,c:\Prathik\MY DOCUMENTS\Rental_price_prediction\datasets\multimodal_v3\images\658106043154012154.jpg,7697666,6016,4016,RGB,115e0e5e05a0b6dd5d10789bb03de9db,
793314656060612567,https://a0.muscache.com/pictures/prohost-api/Hosting-793314656060612567/original/6119741f-a659-482e-9b38-41e9a1c85d5d.jpeg,failed_http_404,404.0,,0,0,0,,,HTTP 404
795605256242705845,https://a0.muscache.com/pictures/miso/Hosting-795605256242705845/original/2586ffd7-2214-4913-8492-0036afb228a2.png,failed_http_404,404.0,,0,0,0,,,HTTP 404
796514547683159610,https://a0.muscache.com/pictures/miso/Hosting-796514547683159610/original/7a756b3f-4ff1-463f-8b1f-015776a7ceca.jpeg,failed_http_404,404.0,,0,0,0,,,HTTP 404
790620302367439295,https://a0.muscache.com/pictures/miso/Hosting-790620302367439295/original/176d59a9-030e-42b8-a1f3-7e031ee44515.jpeg,success,200.0,c:\Prathik\MY DOCUMENTS\Rental_price_prediction\datasets\multimodal_v3\images\790620302367439295.jpg,184374,935,600,RGB,9c3d33e64157b9575dcaa6525f9680f2,
761734836187738677,https://a0.muscache.com/pictures/973ab425-031d-4304-8411-c62ed2d18ff0.jpg,success,200.0,c:\Prathik\MY DOCUMENTS\Rental_price_prediction\datasets\multimodal_v3\images\761734836187738677.jpg,2309914,3757,2737,RGB,d6b0fb0151d37fa2ff33f43aaa0df3ef,
800167085445702991,https://a0.muscache.com/pictures/miso/Hosting-800167085445702991/original/bea23194-b2db-40c8-a14e-927a7898550f.jpeg,failed_http_404,404.0,,0,0,0,,,HTTP 404
781418110690128742,https://a0.muscache.com/pictures/miso/Hosting-781418110690128742/original/3298007f-64cd-4f7d-9cdd-0bf0d658f261.jpeg,success,200.0,c:\Prathik\MY DOCUMENTS\Rental_price_prediction\datasets\multimodal_v3\images\781418110690128742.jpg,1135675,4032,3024,RGB,a25e0f83b61dba29d2c2511db54b9212,
788284791294189813,https://a0.muscache.com/pictures/prohost-api/Hosting-788284791294189813/original/2e99cf64-11b5-46f4-9624-5cf0338966d2.jpeg,success,200.0,c:\Prathik\MY DOCUMENTS\Rental_price_prediction\datasets\multimodal_v3\images\788284791294189813.jpg,1221079,3840,2560,RGB,9550951da7e4a4af28279e75eeed8103,
797946469100872622,https://a0.muscache.com/pictures/f84ebe96-354d-42d2-862f-877453599aed.jpg,success,200.0,c:\Prathik\MY DOCUMENTS\Rental_price_prediction\datasets\multimodal_v3\images\797946469100872622.jpg,426034,2556,1179,RGB,e883d40d27e359f3011126c13f8cd3b2,
792514918043734073,https://a0.muscache.com/pictures/d6991190-a326-48ee-b7bd-4ebddbc5526b.jpg,success,200.0,c:\Prathik\MY DOCUMENTS\Rental_price_prediction\datasets\multimodal_v3\images\792514918043734073.jpg,2822714,7214,3884,RGB,f194d85cb7badd54a99253e08ddf98b4,
797666977010512780,https://a0.muscache.com/pictures/miso/Hosting-797666977010512780/original/902b0018-2700-479c-828e-d8e332eff539.jpeg,success,200.0,c:\Prathik\MY DOCUMENTS\Rental_price_prediction\datasets\multimodal_v3\images\797666977010512780.jpg,350221,2083,1509,RGB,c4e9b6118b9b5fba334d769f9f2a3291,
803707023095655942,https://a0.muscache.com/pictures/miso/Hosting-803707023095655942/original/c05c8e8b-b2a4-4857-b558-f9901361e21a.jpeg,success,200.0,c:\Prathik\MY DOCUMENTS\Rental_price_prediction\datasets\multimodal_v3\images\803707023095655942.jpg,921057,2048,1366,RGB,9ca76bc6832e7ed9e3fb0c47477505ab,
786892739148623801,https://a0.muscache.com/pictures/prohost-api/Hosting-786892739148623801/original/37250791-9e68-4943-aaec-166a926272f9.jpeg,success,200.0,c:\Prathik\MY DOCUMENTS\Rental_price_prediction\datasets\multimodal_v3\images\786892739148623801.jpg,2583046,3840,2561,RGB,54d875f132fc73ecc17920684c5675fe,
617373580483490671,https://a0.muscache.com/pictures/86eddb6e-12be-4692-9a28-0b4d042428b6.jpg,failed_timeout_or_error,,,0,0,0,,,"('Connection broken: IncompleteRead(21938176 bytes read, 5106756 more expected)', IncompleteRead(21938176 bytes read, 5106756 more expected))"
776745452894507466,https://a0.muscache.com/pictures/miso/Hosting-776745452894507466/original/b31022bb-61bb-43c9-8555-6b115f8123f6.jpeg,success,200.0,c:\Prathik\MY DOCUMENTS\Rental_price_prediction\datasets\multimodal_v3\images\776745452894507466.jpg,2125238,4032,3024,RGB,14fb845175de58138aab9782286bf0d9,
764472896441744936,https://a0.muscache.com/pictures/miso/Hosting-764472896441744936/original/8b1918dc-04fb-427d-8d9c-01a84ff77de7.jpeg,success,200.0,c:\Prathik\MY DOCUMENTS\Rental_price_prediction\datasets\multimodal_v3\images\764472896441744936.jpg,2859446,4032,3024,RGB,702667cab23d0a9354290339bd163a22,
804250124275427800,https://a0.muscache.com/pictures/miso/Hosting-804250124275427800/original/71942d2b-ab71-46b3-86db-f894004d053c.jpeg,success,200.0,c:\Prathik\MY DOCUMENTS\Rental_price_prediction\datasets\multimodal_v3\images\804250124275427800.jpg,233910,1500,1000,RGB,3cddca3a4c883c2440ae3af64bef6cdb,
774781482022487824,https://a0.muscache.com/pictures/miso/Hosting-774781482022487824/original/48aaf14d-db3c-47d3-9bd0-b713825b27a0.jpeg,success,200.0,c:\Prathik\MY DOCUMENTS\Rental_price_prediction\datasets\multimodal_v3\images\774781482022487824.jpg,5024343,3648,5472,RGB,4b15ebeab4813a972cced790d5981d28,
802359279474337656,https://a0.muscache.com/pictures/2385dbab-0ffc-42f7-8a0f-3864535cd0bd.jpg,success,200.0,c:\Prathik\MY DOCUMENTS\Rental_price_prediction\datasets\multimodal_v3\images\802359279474337656.jpg,354605,1200,1600,RGB,68bbcf5bb072a16ebe44cfd6517f14ad,
797222852321624594,https://a0.muscache.com/pictures/64e08c1b-6a3d-40c3-9a4f-82e2bfe41c04.jpg,success,200.0,c:\Prathik\MY DOCUMENTS\Rental_price_prediction\datasets\multimodal_v3\images\797222852321624594.jpg,1259777,6016,4016,RGB,ad35054de88375e0e5969dece6d3e267,
804235967095343482,https://a0.muscache.com/pictures/miso/Hosting-804235967095343482/original/a2e24e85-06f1-4e7a-8a24-854fbe5d3fa4.jpeg,success,200.0,c:\Prathik\MY DOCUMENTS\Rental_price_prediction\datasets\multimodal_v3\images\804235967095343482.jpg,260513,1024,683,RGB,7c8be16c3a866a8544d290d266819dd1,
775924789547797403,https://a0.muscache.com/pictures/miso/Hosting-775924789547797403/original/fa508098-3e5e-4641-92e3-8d4b85ad4e92.jpeg,success,200.0,c:\Prathik\MY DOCUMENTS\Rental_price_prediction\datasets\multimodal_v3\images\775924789547797403.jpg,2258558,3024,4032,RGB,2c8ebb8e51eade175fe6f7d602b4fead,
754895013944592964,https://a0.muscache.com/pictures/miso/Hosting-754895013944592964/original/dd22848e-bb8f-4d40-84cb-af7871c6696d.jpeg,success,200.0,c:\Prathik\MY DOCUMENTS\Rental_price_prediction\datasets\multimodal_v3\images\754895013944592964.jpg,994656,4032,3024,RGB,ad3627797f5da5e3973e7e9a4e2bc0c5,
808755513807830917,https://a0.muscache.com/pictures/miso/Hosting-808755513807830917/original/8f6b7bfb-28e9-4f9c-a818-7403beca624a.jpeg,success,200.0,c:\Prathik\MY DOCUMENTS\Rental_price_prediction\datasets\multimodal_v3\images\808755513807830917.jpg,381687,2048,1638,RGB,f2975034f05e09afd459400bbdb6dc35,
806430918323857030,https://a0.muscache.com/pictures/miso/Hosting-806430918323857030/original/9d356cae-32d6-489c-badb-b4ec3398d85f.jpeg,success,200.0,c:\Prathik\MY DOCUMENTS\Rental_price_prediction\datasets\multimodal_v3\images\806430918323857030.jpg,3791321,6016,4016,RGB,e0859e78b4187d4437027e2b4e4c24ad,
809620182647254901,https://a0.muscache.com/pictures/4587c6ee-8246-407f-b82b-4da340738ac3.jpg,success,200.0,c:\Prathik\MY DOCUMENTS\Rental_price_prediction\datasets\multimodal_v3\images\809620182647254901.jpg,730283,4032,2268,RGB,873d7096e03976ce87de183868ab61c1,
798410495128541811,https://a0.muscache.com/pictures/prohost-api/Hosting-798410495128541811/original/afbc3d1f-22ea-4106-abee-153429145ffa.jpeg,success,200.0,c:\Prathik\MY DOCUMENTS\Rental_price_prediction\datasets\multimodal_v3\images\798410495128541811.jpg,1232353,2048,1536,RGB,b5f16bc310cbcdb091889b71ba3567be,
752962513168096377,https://a0.muscache.com/pictures/miso/Hosting-752962513168096377/original/4393da7d-8086-476c-8efe-b8e588c2f841.jpeg,success,200.0,c:\Prathik\MY DOCUMENTS\Rental_price_prediction\datasets\multimodal_v3\images\752962513168096377.jpg,2040530,4608,2184,RGB,cda7b1e4996274633b54a420d81b3d08,
813656211755992141,https://a0.muscache.com/pictures/miso/Hosting-813656211755992141/original/ffe6a7e3-5902-4813-8554-93a20d462c18.jpeg,success,200.0,c:\Prathik\MY DOCUMENTS\Rental_price_prediction\datasets\multimodal_v3\images\813656211755992141.jpg,239249,1024,683,RGB,48e4883c7f9ea7985112325ad256d075,
711402753265928559,https://a0.muscache.com/pictures/miso/Hosting-711402753265928559/original/f03b515d-b1c4-42d7-8426-3678fd691c7c.jpeg,success,200.0,c:\Prathik\MY DOCUMENTS\Rental_price_prediction\datasets\multimodal_v3\images\711402753265928559.jpg,3555889,5658,3772,RGB,b49060de2dcb23bdbd8d83d4c84ce2d2,
782690732521177969,https://a0.muscache.com/pictures/miso/Hosting-782690732521177969/original/d3ebe5f0-1ce7-4689-a3a9-dceb0692ff0c.jpeg,success,200.0,c:\Prathik\MY DOCUMENTS\Rental_price_prediction\datasets\multimodal_v3\images\782690732521177969.jpg,1112818,3000,2000,RGB,d8ba93cac252eae3a26c2bec0dd4acc4,
814506199227674948,https://a0.muscache.com/pictures/prohost-api/Hosting-814506199227674948/original/fad7a2f5-b37c-4552-90ec-2c70b2a8871d.jpeg,failed_http_404,404.0,,0,0,0,,,HTTP 404
814028670818722419,https://a0.muscache.com/pictures/f2d1abec-23b6-4480-86b6-e9c19e451ad0.jpg,success,200.0,c:\Prathik\MY DOCUMENTS\Rental_price_prediction\datasets\multimodal_v3\images\814028670818722419.jpg,93772,1024,683,RGB,08bf1e579e15e8e9e07311c9a0ed29b9,
704201021761597436,https://a0.muscache.com/pictures/prohost-api/Hosting-704201021761597436/original/8d87becd-437d-437f-8d1f-1b24aa51c9e1.jpeg,success,200.0,c:\Prathik\MY DOCUMENTS\Rental_price_prediction\datasets\multimodal_v3\images\704201021761597436.jpg,2417604,3840,2582,RGB,e27e7ba6386023e98f7418a25f092cc6,
816651955599520669,https://a0.muscache.com/pictures/prohost-api/Hosting-816651955599520669/original/a8c0c7d3-9b53-4e63-b736-bb304a9a92e0.jpeg,failed_http_404,404.0,,0,0,0,,,HTTP 404
718051160607923605,https://a0.muscache.com/pictures/miso/Hosting-718051160607923605/original/84a8a692-5116-4769-b6ea-0af980094004.jpeg,success,200.0,c:\Prathik\MY DOCUMENTS\Rental_price_prediction\datasets\multimodal_v3\images\718051160607923605.jpg,1289535,3600,2397,RGB,48b4a6ca27ab65f967ae062dfdc40506,
816833876868671890,https://a0.muscache.com/pictures/miso/Hosting-816833876868671890/original/a65a4c6f-558f-4697-ae83-f3a3e7688a5b.jpeg,failed_http_404,404.0,,0,0,0,,,HTTP 404
802688730710512644,https://a0.muscache.com/pictures/miso/Hosting-802688730710512644/original/f5ffe142-55b1-4efc-9e02-5387d74567a1.jpeg,success,200.0,c:\Prathik\MY DOCUMENTS\Rental_price_prediction\datasets\multimodal_v3\images\802688730710512644.jpg,2201268,4032,3024,RGB,fc2b03c682cb766420443ebe1f221d22,
802827603438229708,https://a0.muscache.com/pictures/miso/Hosting-802827603438229708/original/923d4a0f-165c-4e17-8722-d62c5dbaa724.jpeg,success,200.0,c:\Prathik\MY DOCUMENTS\Rental_price_prediction\datasets\multimodal_v3\images\802827603438229708.jpg,281767,1600,1067,RGB,9d016ab17af0412770fa588675fcab23,
817471375669238387,https://a0.muscache.com/pictures/prohost-api/Hosting-817471375669238387/original/d897e08e-4e58-4c5c-bea2-3723bebc128b.jpeg,failed_http_404,404.0,,0,0,0,,,HTTP 404
817471573345772359,https://a0.muscache.com/pictures/prohost-api/Hosting-817471573345772359/original/386a4a1c-ab6d-49c5-ba33-0668257aeb1f.jpeg,failed_http_404,404.0,,0,0,0,,,HTTP 404
805942258921052192,https://a0.muscache.com/pictures/miso/Hosting-805942258921052192/original/d7014cd1-37ec-405f-a923-26ee5a14175e.jpeg,success,200.0,c:\Prathik\MY DOCUMENTS\Rental_price_prediction\datasets\multimodal_v3\images\805942258921052192.jpg,4526459,3548,4284,RGB,9fc611b63faf1f322355f38475aea4db,
818857274136555910,https://a0.muscache.com/pictures/prohost-api/Hosting-818857274136555910/original/da89f1d3-b8b1-4bcd-a2ef-7bae25ef9250.jpeg,success,200.0,c:\Prathik\MY DOCUMENTS\Rental_price_prediction\datasets\multimodal_v3\images\818857274136555910.jpg,98036,1024,683,RGB,83dc01537bce6f1289e48a5cff4a37a4,
813906334016229973,https://a0.muscache.com/pictures/miso/Hosting-813906334016229973/original/a7b4f5aa-7e25-48a4-a4f2-3c03c4ea22d2.jpeg,success,200.0,c:\Prathik\MY DOCUMENTS\Rental_price_prediction\datasets\multimodal_v3\images\813906334016229973.jpg,7000215,7424,5504,RGB,6f6b106dd7fcb26c3762f3db4d5fc28e,
821030675435216627,https://a0.muscache.com/pictures/miso/Hosting-821030675435216627/original/4db6f4da-8827-4a36-8dfb-38ad7587f466.jpeg,success,200.0,c:\Prathik\MY DOCUMENTS\Rental_price_prediction\datasets\multimodal_v3\images\821030675435216627.jpg,277995,1179,1096,RGB,bc3af70b286b70874ceabb0dc775aa92,
823959205779601736,https://a0.muscache.com/pictures/miso/Hosting-823959205779601736/original/68e35d22-a6ba-413a-88a5-be53a0095911.jpeg,failed_http_404,404.0,,0,0,0,,,HTTP 404
823308330588948174,https://a0.muscache.com/pictures/miso/Hosting-823308330588948174/original/819d5c84-4ba1-4607-9b25-90bee7975eb4.png,failed_http_404,404.0,,0,0,0,,,HTTP 404
708626810243307113,https://a0.muscache.com/pictures/miso/Hosting-708626810243307113/original/20f1897b-64ab-4aea-b2ed-9411040bdf90.jpeg,success,200.0,c:\Prathik\MY DOCUMENTS\Rental_price_prediction\datasets\multimodal_v3\images\708626810243307113.jpg,6513677,6016,4016,RGB,ba06170a6322dd52ea9976b6e7d774a2,
800938240982982725,https://a0.muscache.com/pictures/miso/Hosting-800938240982982725/original/2d735ee8-6fe7-4b22-a93b-3a03aa70b5fc.jpeg,success,200.0,c:\Prathik\MY DOCUMENTS\Rental_price_prediction\datasets\multimodal_v3\images\800938240982982725.jpg,2632707,4032,3024,RGB,bda1ab3f9d3a8c55a719b21342981760,
825426380707389742,https://a0.muscache.com/pictures/miso/Hosting-825426380707389742/original/06b83026-30b3-474f-827c-6fedb819ca41.jpeg,failed_http_404,404.0,,0,0,0,,,HTTP 404
770229270654622365,https://a0.muscache.com/pictures/miso/Hosting-770229270654622365/original/80372006-b849-41f6-a34f-527f21e110fe.jpeg,success,200.0,c:\Prathik\MY DOCUMENTS\Rental_price_prediction\datasets\multimodal_v3\images\770229270654622365.jpg,2494542,4569,3046,RGB,488802932e4aa221cb993bf2c6dc35b7,
824582948839792664,https://a0.muscache.com/pictures/miso/Hosting-824582948839792664/original/6ae248c6-fe2e-45c5-be86-bf5e9e59ebe0.jpeg,success,200.0,c:\Prathik\MY DOCUMENTS\Rental_price_prediction\datasets\multimodal_v3\images\824582948839792664.jpg,2345044,4032,3024,RGB,097d88c4e91e359b5c75ad9ac819619e,
780141460555894020,https://a0.muscache.com/pictures/miso/Hosting-780141460555894020/original/fe31a87e-6d26-4951-a388-85fa5ad366f2.jpeg,success,200.0,c:\Prathik\MY DOCUMENTS\Rental_price_prediction\datasets\multimodal_v3\images\780141460555894020.jpg,1864647,3024,4032,RGB,44a33e46b7e7cbd15dca54e95a55c3d1,
827009519256274127,https://a0.muscache.com/pictures/ec1bf803-e570-488e-959f-465de6317cc0.jpg,success,200.0,c:\Prathik\MY DOCUMENTS\Rental_price_prediction\datasets\multimodal_v3\images\827009519256274127.jpg,111029,1125,568,RGB,729478cc502919b876a29635572a7634,
828558764470227964,https://a0.muscache.com/pictures/miso/Hosting-828558764470227964/original/e0a67776-f353-4a74-afa9-84cd4480b0d3.jpeg,failed_http_404,404.0,,0,0,0,,,HTTP 404
821285421345961579,https://a0.muscache.com/pictures/miso/Hosting-821285421345961579/original/e0d57b02-b31c-413d-8485-c131cf2c79d3.jpeg,success,200.0,c:\Prathik\MY DOCUMENTS\Rental_price_prediction\datasets\multimodal_v3\images\821285421345961579.jpg,1016820,2582,1721,RGB,467c048813384fc50286754ad24247f9,
821947800997638307,https://a0.muscache.com/pictures/fb93bff5-5186-4476-a66d-14d359a747af.jpg,success,200.0,c:\Prathik\MY DOCUMENTS\Rental_price_prediction\datasets\multimodal_v3\images\821947800997638307.jpg,1022663,4032,3024,RGB,ee5ad902bfd24d6a32e04183442b3a0e,
786858671294872745,https://a0.muscache.com/pictures/miso/Hosting-786858671294872745/original/bca64d3e-14fc-4c46-a9aa-28042333ba21.jpeg,success,200.0,c:\Prathik\MY DOCUMENTS\Rental_price_prediction\datasets\multimodal_v3\images\786858671294872745.jpg,2291458,4032,3024,RGB,60c0793d43c13bc55118daa874f18cb8,
811026130816354743,https://a0.muscache.com/pictures/miso/Hosting-811026130816354743/original/be4f424e-a5c6-49c1-9c25-fd7b0b6b8a30.jpeg,success,200.0,c:\Prathik\MY DOCUMENTS\Rental_price_prediction\datasets\multimodal_v3\images\811026130816354743.jpg,2626824,3024,4032,RGB,62dd2aa593fe2f9271f7002cfe99f730,
825415053290113653,https://a0.muscache.com/pictures/20149e33-6cf1-407e-a270-0f7f22af2152.jpg,success,200.0,c:\Prathik\MY DOCUMENTS\Rental_price_prediction\datasets\multimodal_v3\images\825415053290113653.jpg,1980530,4032,3024,RGB,3466d76dcbf7203ff71b92f59c133b86,
829645357777631847,https://a0.muscache.com/pictures/f4487a4d-38cb-4c33-81d9-c90666df3991.jpg,failed_http_404,404.0,,0,0,0,,,HTTP 404
826162182781186712,https://a0.muscache.com/pictures/miso/Hosting-826162182781186712/original/0f099ebd-9561-4116-a296-e8c8819294ec.jpeg,success,200.0,c:\Prathik\MY DOCUMENTS\Rental_price_prediction\datasets\multimodal_v3\images\826162182781186712.jpg,1225827,4032,3024,RGB,d129b22e8e82483ae1e3ffed3c634afb,
801677979931509402,https://a0.muscache.com/pictures/miso/Hosting-801677979931509402/original/7102fb4f-b7ac-45ad-afa2-30509b545760.jpeg,success,200.0,c:\Prathik\MY DOCUMENTS\Rental_price_prediction\datasets\multimodal_v3\images\801677979931509402.jpg,2442838,4032,3024,RGB,ed0d8c2af222777af51a761303689bd7,
827291744666665563,https://a0.muscache.com/pictures/prohost-api/Hosting-827291744666665563/original/6355549e-1705-497a-b822-df0b97fd5035.jpeg,success,200.0,c:\Prathik\MY DOCUMENTS\Rental_price_prediction\datasets\multimodal_v3\images\827291744666665563.jpg,1448027,3840,2560,RGB,6c41e7c2f873744ee103b58330e58397,
829202459815400479,https://a0.muscache.com/pictures/miso/Hosting-47967191/original/c0c7c2bc-9db5-4a0b-aa59-be16eb6104f6.jpeg,success,200.0,c:\Prathik\MY DOCUMENTS\Rental_price_prediction\datasets\multimodal_v3\images\829202459815400479.jpg,395325,2048,1365,RGB,e0a2cbe855d50cb47c6b568cddd9d353,
827599653801923303,https://a0.muscache.com/pictures/miso/Hosting-827599653801923303/original/5ba7f1d5-3dc6-4d5f-92a7-8a438523d22a.jpeg,success,200.0,c:\Prathik\MY DOCUMENTS\Rental_price_prediction\datasets\multimodal_v3\images\827599653801923303.jpg,3236941,5352,3568,RGB,99d8a3eb7c5bd6a070a688873440d1d9,
827415644569762331,https://a0.muscache.com/pictures/miso/Hosting-827415644569762331/original/d3d57bb8-0440-4ef0-902d-26a0d43105bd.jpeg,success,200.0,c:\Prathik\MY DOCUMENTS\Rental_price_prediction\datasets\multimodal_v3\images\827415644569762331.jpg,153091,1024,768,RGB,81e6dfbe0d0a84726a82980a28e13750,
726890842389291587,https://a0.muscache.com/pictures/miso/Hosting-726890842389291587/original/a67780ab-c1ba-41f9-abaf-01e6a337a25f.jpeg,success,200.0,c:\Prathik\MY DOCUMENTS\Rental_price_prediction\datasets\multimodal_v3\images\726890842389291587.jpg,2872398,4400,2928,RGB,efa169547fc8c193d6242b4ea2bc1b01,
808832407323703451,https://a0.muscache.com/pictures/prohost-api/Hosting-808832407323703451/original/38797e2c-91f8-400c-8bf3-2ec5657b54c2.jpeg,success,200.0,c:\Prathik\MY DOCUMENTS\Rental_price_prediction\datasets\multimodal_v3\images\808832407323703451.jpg,4011020,3840,2560,RGB,5bc2a4c4a5577302a864fcf94e5c1e3f,
833975902820133508,https://a0.muscache.com/pictures/prohost-api/Hosting-833975902820133508/original/9a988185-908e-4bb9-8c3f-e799408076bf.jpeg,failed_http_404,404.0,,0,0,0,,,HTTP 404
834122978954783552,https://a0.muscache.com/pictures/prohost-api/Hosting-834122978954783552/original/12b6ab2c-bd29-48f5-a81e-be529541ac63.jpeg,failed_http_404,404.0,,0,0,0,,,HTTP 404
829737607287146165,https://a0.muscache.com/pictures/7b2acfd2-4b79-4feb-818e-5ee88c94bea2.jpg,success,200.0,c:\Prathik\MY DOCUMENTS\Rental_price_prediction\datasets\multimodal_v3\images\829737607287146165.jpg,1095821,6016,4016,RGB,055044621d679e0f2a934cf78cfc4203,
830456448676584755,https://a0.muscache.com/pictures/miso/Hosting-830456448676584755/original/518e73af-6773-4b17-b854-61a660d88d4b.png,success,200.0,c:\Prathik\MY DOCUMENTS\Rental_price_prediction\datasets\multimodal_v3\images\830456448676584755.jpg,61281,458,518,RGB,cbf2405f8287de015e7df9fe2eb544e3,
793535631103106347,https://a0.muscache.com/pictures/prohost-api/Hosting-793535631103106347/original/a34b4365-80d0-4d50-8906-47e34f580f1f.png,success,200.0,c:\Prathik\MY DOCUMENTS\Rental_price_prediction\datasets\multimodal_v3\images\793535631103106347.jpg,368330,2000,1334,RGB,4cb3bceb3126b7e7f1a95a3c03095a8f,
825261368700959639,https://a0.muscache.com/pictures/miso/Hosting-825261368700959639/original/7e6d04ff-0790-45f9-8cdd-750f63572413.jpeg,success,200.0,c:\Prathik\MY DOCUMENTS\Rental_price_prediction\datasets\multimodal_v3\images\825261368700959639.jpg,1233012,2661,3274,RGB,1d9933c8329f6621adeda3c04796e2de,
836224189571898631,https://a0.muscache.com/pictures/miso/Hosting-836224189571898631/original/c2b7de47-ee8e-4ba5-88ec-8dfb5958b9d7.jpeg,success,200.0,c:\Prathik\MY DOCUMENTS\Rental_price_prediction\datasets\multimodal_v3\images\836224189571898631.jpg,395503,2048,1366,RGB,6e9600658e89c8b0cf2a24c956dbe68c,
813629571765258523,https://a0.muscache.com/pictures/miso/Hosting-813629571765258523/original/a4f0be81-65f5-4b85-b951-5f9b43ae9db7.jpeg,success,200.0,c:\Prathik\MY DOCUMENTS\Rental_price_prediction\datasets\multimodal_v3\images\813629571765258523.jpg,570626,1920,1080,RGB,cf77b6fdef3df013cae05be47e3d8ef2,
836467932275012094,https://a0.muscache.com/pictures/04a11908-6ede-4ab9-8d84-88e47c006775.jpg,success,200.0,c:\Prathik\MY DOCUMENTS\Rental_price_prediction\datasets\multimodal_v3\images\836467932275012094.jpg,393462,2001,1602,RGB,e9e270fe7ce1545f084faddc2dbd2973,
790816914345274713,https://a0.muscache.com/pictures/miso/Hosting-790816914345274713/original/71238ac6-55ad-4cc3-ba1e-da4190799497.jpeg,success,200.0,c:\Prathik\MY DOCUMENTS\Rental_price_prediction\datasets\multimodal_v3\images\790816914345274713.jpg,3854122,4032,3024,RGB,3c6b4fb4cbf6e365ce8a33ef4c4f2f51,
831443447835778403,https://a0.muscache.com/pictures/prohost-api/Hosting-831443447835778403/original/96a565d9-e6ff-4472-b37e-d71a0002471a.jpeg,success,200.0,c:\Prathik\MY DOCUMENTS\Rental_price_prediction\datasets\multimodal_v3\images\831443447835778403.jpg,386344,1980,1320,RGB,f1f125a9a4cfd887482406c6c53eeeaf,
797310259485630962,https://a0.muscache.com/pictures/miso/Hosting-797310259485630962/original/88340802-380f-4e74-a7d2-dacfcb3d3379.jpeg,success,200.0,c:\Prathik\MY DOCUMENTS\Rental_price_prediction\datasets\multimodal_v3\images\797310259485630962.jpg,793076,4032,2688,RGB,dfc1909cefa41b8055720ace3e7c32e9,
835485143685646452,https://a0.muscache.com/pictures/hosting/Hosting-835485143685646452/original/7f59ae67-8ef3-421f-bf7a-14f4d0a15fd1.jpeg,success,200.0,c:\Prathik\MY DOCUMENTS\Rental_price_prediction\datasets\multimodal_v3\images\835485143685646452.jpg,83282,768,576,RGB,216d57608964fc22801e47dfd0677316,
803712476358119746,https://a0.muscache.com/pictures/miso/Hosting-803712476358119746/original/ad77b4b2-5714-4978-ad69-9d2dd987a50d.jpeg,success,200.0,c:\Prathik\MY DOCUMENTS\Rental_price_prediction\datasets\multimodal_v3\images\803712476358119746.jpg,1389715,4400,2929,RGB,3efb95007406cba8b9dc7b84991467ee,
839353043419162021,https://a0.muscache.com/pictures/miso/Hosting-839353043419162021/original/74116058-4a3f-4c6d-a043-6f8560f23af1.jpeg,success,200.0,c:\Prathik\MY DOCUMENTS\Rental_price_prediction\datasets\multimodal_v3\images\839353043419162021.jpg,724813,1600,1067,RGB,2c2b0ff4bfa19bcfaeacc3b043306244,
809333299428005644,https://a0.muscache.com/pictures/miso/Hosting-809333299428005644/original/50fec137-940c-4cd7-82af-da34800eb10c.jpeg,success,200.0,c:\Prathik\MY DOCUMENTS\Rental_price_prediction\datasets\multimodal_v3\images\809333299428005644.jpg,2128638,4032,3024,RGB,17a736962e581d5daa6f94d843b0b9e6,
841302116274633964,https://a0.muscache.com/pictures/45e9053d-90fc-4227-821a-5a214083ad07.jpg,success,200.0,c:\Prathik\MY DOCUMENTS\Rental_price_prediction\datasets\multimodal_v3\images\841302116274633964.jpg,142938,1640,924,RGB,08d34c613c48a5b31842e846e54f961d,
841455744807692982,https://a0.muscache.com/pictures/prohost-api/Hosting-841455744807692982/original/8ffd86fd-d118-46cb-8ff7-4856991e3283.jpeg,success,200.0,c:\Prathik\MY DOCUMENTS\Rental_price_prediction\datasets\multimodal_v3\images\841455744807692982.jpg,165188,1500,1000,RGB,c6b5d0a3e4c1c2e388a2bd6138327a6d,
831404997185459379,https://a0.muscache.com/pictures/miso/Hosting-831404997185459379/original/c7ff3b98-e5a8-4d80-85d5-b746f50a6953.jpeg,success,200.0,c:\Prathik\MY DOCUMENTS\Rental_price_prediction\datasets\multimodal_v3\images\831404997185459379.jpg,1521187,4032,3024,RGB,0eb82de39d2eefea6c02eb5ea85fabb8,
842651523753576308,https://a0.muscache.com/pictures/miso/Hosting-842651523753576308/original/10bb8b28-529a-4305-9532-8a9092064a38.jpeg,success,200.0,c:\Prathik\MY DOCUMENTS\Rental_price_prediction\datasets\multimodal_v3\images\842651523753576308.jpg,122674,665,536,RGB,2b995764ac623f0d129b99c47c157bdc,
844365634518032786,https://a0.muscache.com/pictures/miso/Hosting-715845302265452266/original/b316c3ba-ae66-4da8-8c17-cc40a9a77d3c.jpeg,failed_http_404,404.0,,0,0,0,,,HTTP 404
831978562322702951,https://a0.muscache.com/pictures/prohost-api/Hosting-831978562322702951/original/ffc3e5c6-7f81-45e0-b99c-bee2ec11bf3a.jpeg,success,200.0,c:\Prathik\MY DOCUMENTS\Rental_price_prediction\datasets\multimodal_v3\images\831978562322702951.jpg,809962,2000,1335,RGB,76cb7aa7042e22f9230377ce62c18fab,
789275713131287156,https://a0.muscache.com/pictures/miso/Hosting-789275713131287156/original/0550187f-9d1e-4ca9-8c06-b5d37dde8756.jpeg,success,200.0,c:\Prathik\MY DOCUMENTS\Rental_price_prediction\datasets\multimodal_v3\images\789275713131287156.jpg,4193345,5676,3789,RGB,7a1f19e467c7cfa04425c682e8894f86,
830546863527097176,https://a0.muscache.com/pictures/81c565e9-84a2-4435-b1af-d70b74fa392b.jpg,success,200.0,c:\Prathik\MY DOCUMENTS\Rental_price_prediction\datasets\multimodal_v3\images\830546863527097176.jpg,2227628,4080,3072,RGB,f6f0563a3737e528906e341141f509fa,
842577056486051421,https://a0.muscache.com/pictures/miso/Hosting-842577056486051421/original/50e2f164-265a-4793-871e-34ab9a04dcfa.jpeg,success,200.0,c:\Prathik\MY DOCUMENTS\Rental_price_prediction\datasets\multimodal_v3\images\842577056486051421.jpg,3009472,4032,3024,RGB,9c20961be220cdd3769cb805cadca351,
823075195848107845,https://a0.muscache.com/pictures/miso/Hosting-823075195848107845/original/6b137c0b-7923-4b92-a4ae-986352c71091.jpeg,success,200.0,c:\Prathik\MY DOCUMENTS\Rental_price_prediction\datasets\multimodal_v3\images\823075195848107845.jpg,6394718,8256,5503,RGB,46a62ad2122cb8b7680df1b11f56150d,
845585735787474631,https://a0.muscache.com/pictures/miso/Hosting-845585735787474631/original/c24c553a-16b3-4e43-b6a4-c3e5fe6c6539.jpeg,failed_http_404,404.0,,0,0,0,,,HTTP 404
814659769544419658,https://a0.muscache.com/pictures/prohost-api/Hosting-814659769544419658/original/2a3564fe-429d-48a8-bb86-9f32c4e3331f.jpeg,success,200.0,c:\Prathik\MY DOCUMENTS\Rental_price_prediction\datasets\multimodal_v3\images\814659769544419658.jpg,3165183,4287,2850,RGB,84f8331e7c1aa863471856ca1fcb1e50,
831980203296811461,https://a0.muscache.com/pictures/prohost-api/Hosting-831980203296811461/original/5696796c-d63d-4cd6-a1e8-3f5348fdf874.jpeg,success,200.0,c:\Prathik\MY DOCUMENTS\Rental_price_prediction\datasets\multimodal_v3\images\831980203296811461.jpg,1120457,2000,1335,RGB,1319ff9872b3b479ea93a9321da24be6,
840119666770919275,https://a0.muscache.com/pictures/1a0f6a91-6d02-48dc-94fb-1c23d2f3aa75.jpg,success,200.0,c:\Prathik\MY DOCUMENTS\Rental_price_prediction\datasets\multimodal_v3\images\840119666770919275.jpg,2148170,4032,3024,RGB,0da86558c3dd0673165808961ed4220b,
818359277182559055,https://a0.muscache.com/pictures/miso/Hosting-818359277182559055/original/4ac0881e-1901-43a8-93de-1ed8681bf416.jpeg,success,200.0,c:\Prathik\MY DOCUMENTS\Rental_price_prediction\datasets\multimodal_v3\images\818359277182559055.jpg,2364501,4032,3024,RGB,75594a5e5c6b08c8bdd30201c81f0126,
852162004910058932,https://a0.muscache.com/pictures/prohost-api/Hosting-852162004910058932/original/65933a61-b6c1-4687-b660-2de541200a07.jpeg,failed_http_404,404.0,,0,0,0,,,HTTP 404
852203626491264021,https://a0.muscache.com/pictures/prohost-api/Hosting-852203626491264021/original/826a7ce1-3a6c-4756-ac82-2d356ea0be26.jpeg,failed_http_404,404.0,,0,0,0,,,HTTP 404
840712325040919020,https://a0.muscache.com/pictures/miso/Hosting-840712325040919020/original/1d9a6ee8-d258-4acd-8a44-66c82574bf50.jpeg,success,200.0,c:\Prathik\MY DOCUMENTS\Rental_price_prediction\datasets\multimodal_v3\images\840712325040919020.jpg,514107,2048,1365,RGB,fc9b4a5566ee1f14539b7324ee030f35,
838442591755554297,https://a0.muscache.com/pictures/miso/Hosting-838442591755554297/original/3b7bb26b-a949-4345-be31-45d65d02c2b5.jpeg,success,200.0,c:\Prathik\MY DOCUMENTS\Rental_price_prediction\datasets\multimodal_v3\images\838442591755554297.jpg,435695,1920,1280,RGB,d6a8acd527138ddbd679dc7c901a8c74,
840607331908560244,https://a0.muscache.com/pictures/miso/Hosting-840607331908560244/original/fc62b4fd-1cc5-4084-9139-1d36495ced69.jpeg,success,200.0,c:\Prathik\MY DOCUMENTS\Rental_price_prediction\datasets\multimodal_v3\images\840607331908560244.jpg,1188599,2721,1814,RGB,ed51475a7972847faf46ca6cedb90470,
846986376815412901,https://a0.muscache.com/pictures/prohost-api/Hosting-846986376815412901/original/9dd20b5d-eaa7-4d24-83d8-5736c65b3acb.jpeg,success,200.0,c:\Prathik\MY DOCUMENTS\Rental_price_prediction\datasets\multimodal_v3\images\846986376815412901.jpg,3800110,3840,2561,RGB,8185589d4e131a115336019c3fa4d102,
755952376148639107,https://a0.muscache.com/pictures/miso/Hosting-755952376148639107/original/74cb305a-18bb-4f72-a682-399a5775ac0b.jpeg,success,200.0,c:\Prathik\MY DOCUMENTS\Rental_price_prediction\datasets\multimodal_v3\images\755952376148639107.jpg,2716986,5625,3725,RGB,1b1926eac79dad4155161bb8035f15b9,
847027036733024770,https://a0.muscache.com/pictures/miso/Hosting-847027036733024770/original/45342545-1d09-4a71-9788-93b8939db678.jpeg,success,200.0,c:\Prathik\MY DOCUMENTS\Rental_price_prediction\datasets\multimodal_v3\images\847027036733024770.jpg,3969318,6864,4578,RGB,08f79ad4d6b766361c33fa77714e9134,
856827826416481785,https://a0.muscache.com/pictures/miso/Hosting-856827826416481785/original/08aa9155-89e4-4c39-97bc-bcb087dd8168.jpeg,failed_http_404,404.0,,0,0,0,,,HTTP 404
828957064823370406,https://a0.muscache.com/pictures/miso/Hosting-828957064823370406/original/21544892-a8fc-4585-9a82-4b1ec77c9e9c.jpeg,success,200.0,c:\Prathik\MY DOCUMENTS\Rental_price_prediction\datasets\multimodal_v3\images\828957064823370406.jpg,2127912,4032,3024,RGB,b7b742a8bb97d502df6902136ffcd372,
831847179747729654,https://a0.muscache.com/pictures/miso/Hosting-831847179747729654/original/cda13ba1-f3af-46db-b031-4b2174dd1873.jpeg,success,200.0,c:\Prathik\MY DOCUMENTS\Rental_price_prediction\datasets\multimodal_v3\images\831847179747729654.jpg,2393042,4032,3024,RGB,a51134837aeceab00d8866881233957f,
857213438416779633,https://a0.muscache.com/pictures/8d9c7224-929d-420c-8e57-78ecb5c365df.jpg,failed_http_404,404.0,,0,0,0,,,HTTP 404
854464602254373850,https://a0.muscache.com/pictures/prohost-api/Hosting-854464602254373850/original/30656e9d-821e-4665-8ffc-d2cfbb1ce71a.png,success,200.0,c:\Prathik\MY DOCUMENTS\Rental_price_prediction\datasets\multimodal_v3\images\854464602254373850.jpg,435104,1280,959,RGB,f6685c17d41e273aa3e1ec99d8a56601,
857164271085722596,https://a0.muscache.com/pictures/prohost-api/Hosting-857164271085722596/original/3f67b964-ad4e-4b1e-8dde-676d93e55402.jpeg,success,200.0,c:\Prathik\MY DOCUMENTS\Rental_price_prediction\datasets\multimodal_v3\images\857164271085722596.jpg,478575,1530,1080,RGB,238abc0a81d1f4f16674fbebc9cf2786,
857287887558182649,https://a0.muscache.com/pictures/miso/Hosting-857287887558182649/original/2d255f84-2407-490e-ba45-3fffbdef9e81.jpeg,failed_http_404,404.0,,0,0,0,,,HTTP 404
836257564163931688,https://a0.muscache.com/pictures/miso/Hosting-836257564163931688/original/a2b6c231-3988-408e-997e-adb6db582c5c.jpeg,success,200.0,c:\Prathik\MY DOCUMENTS\Rental_price_prediction\datasets\multimodal_v3\images\836257564163931688.jpg,2922537,4032,3024,RGB,c5e5d6202e4411a651588793c6aa1fa7,
858068027873898251,https://a0.muscache.com/pictures/prohost-api/Hosting-858068027873898251/original/900711dc-fc5f-48dd-9f60-09a621456525.jpeg,success,200.0,c:\Prathik\MY DOCUMENTS\Rental_price_prediction\datasets\multimodal_v3\images\858068027873898251.jpg,254159,1080,720,RGB,6bf717ba02568fbfdc130dd4736794d8,
843579221824479246,https://a0.muscache.com/pictures/miso/Hosting-843579221824479246/original/069d8dc5-401e-4c18-ae5a-fea5f1be8244.jpeg,success,200.0,c:\Prathik\MY DOCUMENTS\Rental_price_prediction\datasets\multimodal_v3\images\843579221824479246.jpg,2278748,3024,4032,RGB,89639456381963c3cff66e094aaadbbc,
858685773045753003,https://a0.muscache.com/pictures/prohost-api/Hosting-858685773045753003/original/3fe7d5e3-6053-45a1-bcf8-f8b9cc69c48c.jpeg,failed_http_404,404.0,,0,0,0,,,HTTP 404
858646539415178136,https://a0.muscache.com/pictures/prohost-api/Hosting-858646539415178136/original/8cb08eb6-f06a-406a-99e4-ab491fad8452.jpeg,success,200.0,c:\Prathik\MY DOCUMENTS\Rental_price_prediction\datasets\multimodal_v3\images\858646539415178136.jpg,180398,1200,800,RGB,aab95e34b4e4531e99086aa0b9aa4499,
858751950790032008,https://a0.muscache.com/pictures/prohost-api/Hosting-858751950790032008/original/19d5672d-44ef-49b3-9f92-cf268d20bcfe.jpeg,failed_http_404,404.0,,0,0,0,,,HTTP 404
858751954080247352,https://a0.muscache.com/pictures/prohost-api/Hosting-858751954080247352/original/a7bd36ae-c67a-4947-bc2b-ea2cd20bcb02.jpeg,failed_http_404,404.0,,0,0,0,,,HTTP 404
831250943446647268,https://a0.muscache.com/pictures/miso/Hosting-831250943446647268/original/6517fdca-66af-4aa5-a778-ff1b266ffe3e.jpeg,success,200.0,c:\Prathik\MY DOCUMENTS\Rental_price_prediction\datasets\multimodal_v3\images\831250943446647268.jpg,2434130,4032,3024,RGB,8d9bae53061b80fb25f7c8e5dcaa7882,
844886538694387858,https://a0.muscache.com/pictures/miso/Hosting-844886538694387858/original/5840abb1-f27e-4404-be4a-058296851fbe.jpeg,success,200.0,c:\Prathik\MY DOCUMENTS\Rental_price_prediction\datasets\multimodal_v3\images\844886538694387858.jpg,1973993,4032,3024,RGB,5070e3b3277c1b3527cddf135d9fd375,
847297156579855046,https://a0.muscache.com/pictures/miso/Hosting-847297156579855046/original/6b5f88c3-d4cf-46e4-94a2-438d0ad23f9b.jpeg,success,200.0,c:\Prathik\MY DOCUMENTS\Rental_price_prediction\datasets\multimodal_v3\images\847297156579855046.jpg,1169213,2048,1368,RGB,ec69a401fd912ec8d88ef85f2871306f,
858778017596263853,https://a0.muscache.com/pictures/prohost-api/Hosting-858778017596263853/original/e0b1b437-34c8-487c-b028-25ec89651437.jpeg,success,200.0,c:\Prathik\MY DOCUMENTS\Rental_price_prediction\datasets\multimodal_v3\images\858778017596263853.jpg,171322,1200,628,RGB,4b9dd09fe42c99e92f371ff07a570d53,
857918213730778256,https://a0.muscache.com/pictures/miso/Hosting-857918213730778256/original/c61f5d1d-0d02-469b-a6c5-38181892e9cc.jpeg,success,200.0,c:\Prathik\MY DOCUMENTS\Rental_price_prediction\datasets\multimodal_v3\images\857918213730778256.jpg,3007907,4032,3024,RGB,8e3f18e04b3a386ffbe6f5c9a253f9e7,
858702635980096611,https://a0.muscache.com/pictures/prohost-api/Hosting-858702635980096611/original/87b17062-d743-4afd-83ef-5c1bb8dc841e.jpeg,success,200.0,c:\Prathik\MY DOCUMENTS\Rental_price_prediction\datasets\multimodal_v3\images\858702635980096611.jpg,585180,2310,1540,RGB,afac28b4069e9123de3bee6c81f025ec,
854269178753370152,https://a0.muscache.com/pictures/miso/Hosting-854269178753370152/original/d8fc4b0c-e5d1-4f8c-89b5-c3580bbd5c01.jpeg,success,200.0,c:\Prathik\MY DOCUMENTS\Rental_price_prediction\datasets\multimodal_v3\images\854269178753370152.jpg,1936512,4032,3024,RGB,7d5ce3708eac34b29b176580b57d6da2,
856550832635722499,https://a0.muscache.com/pictures/miso/Hosting-856550832635722499/original/a9591e09-3811-4283-a52e-43e5e714578d.jpeg,success,200.0,c:\Prathik\MY DOCUMENTS\Rental_price_prediction\datasets\multimodal_v3\images\856550832635722499.jpg,2065622,4032,3024,RGB,14df1511974aae927e9373e418560500,
859278740184118442,https://a0.muscache.com/pictures/prohost-api/Hosting-859278740184118442/original/aedc11d5-3a82-4ffd-a277-28900af33c5c.jpeg,success,200.0,c:\Prathik\MY DOCUMENTS\Rental_price_prediction\datasets\multimodal_v3\images\859278740184118442.jpg,400184,2048,1365,RGB,c97b18500c7901594ecf954400c1e40a,
857427415890334878,https://a0.muscache.com/pictures/miso/Hosting-857427415890334878/original/449016c1-a7b5-4256-90c9-5449ef4375e3.jpeg,success,200.0,c:\Prathik\MY DOCUMENTS\Rental_price_prediction\datasets\multimodal_v3\images\857427415890334878.jpg,412622,1920,1280,RGB,9b876c825038aae40d790d25231b992e,
860248606740825386,https://a0.muscache.com/pictures/hosting/Hosting-U3RheVN1cHBseUxpc3Rpbmc6ODYwMjQ4NjA2NzQwODI1Mzg2/original/e585f883-fdbc-4fa8-ab2a-2b265f4b3556.jpeg,failed_http_404,404.0,,0,0,0,,,HTTP 404
858924168933977089,https://a0.muscache.com/pictures/2b0837bc-6241-4d94-a773-07145182ecf5.jpg,success,200.0,c:\Prathik\MY DOCUMENTS\Rental_price_prediction\datasets\multimodal_v3\images\858924168933977089.jpg,541071,2016,1512,RGB,eeacf0a8a2fdefbc2594a75f569e5d27,
860118544528692769,https://a0.muscache.com/pictures/miso/Hosting-860118544528692769/original/ed0c0516-264e-4162-872c-7d4edd439986.jpeg,success,200.0,c:\Prathik\MY DOCUMENTS\Rental_price_prediction\datasets\multimodal_v3\images\860118544528692769.jpg,386399,2048,1365,RGB,9ea99befa4d082177e6e75572585a4a7,
852986934018677953,https://a0.muscache.com/pictures/miso/Hosting-852986934018677953/original/d871d436-fd4b-4e99-ad9d-ce63eccabb5b.jpeg,success,200.0,c:\Prathik\MY DOCUMENTS\Rental_price_prediction\datasets\multimodal_v3\images\852986934018677953.jpg,2005037,4032,3024,RGB,30943a8e959ff1b23d813e7e1370eb4d,
861621337723825671,https://a0.muscache.com/pictures/miso/Hosting-861621337723825671/original/4ecf3236-4453-4d3c-85cc-d453d99ab1e4.jpeg,failed_http_404,404.0,,0,0,0,,,HTTP 404
863031044490769468,https://a0.muscache.com/pictures/prohost-api/Hosting-863031044490769468/original/5b15933c-b798-4a6e-90b3-b516eb823148.jpeg,failed_http_404,404.0,,0,0,0,,,HTTP 404
815428632272085329,https://a0.muscache.com/pictures/miso/Hosting-815428632272085329/original/d589bcba-5c0f-4580-b106-20b033d46d50.jpeg,success,200.0,c:\Prathik\MY DOCUMENTS\Rental_price_prediction\datasets\multimodal_v3\images\815428632272085329.jpg,2054184,4000,2667,RGB,e9cf6b3e6950d9b3d1441d1f7aab8638,
863654247733503847,https://a0.muscache.com/pictures/bd2a7e47-542a-4836-9b21-873f3df599a1.jpg,failed_http_404,404.0,,0,0,0,,,HTTP 404
816841447039098290,https://a0.muscache.com/pictures/miso/Hosting-816841447039098290/original/6d925469-02e4-484d-a5c6-0246b3ce3c3c.jpeg,success,200.0,c:\Prathik\MY DOCUMENTS\Rental_price_prediction\datasets\multimodal_v3\images\816841447039098290.jpg,5569606,8192,5464,RGB,62c53d218913d4a42319c42db6e3f8a0,
850666818338598615,https://a0.muscache.com/pictures/miso/Hosting-850666818338598615/original/49c65aa2-aa22-4f5c-b6f8-ad3ed4ffee3d.jpeg,success,200.0,c:\Prathik\MY DOCUMENTS\Rental_price_prediction\datasets\multimodal_v3\images\850666818338598615.jpg,2144642,4032,3024,RGB,3c6176edf4c1247aa40309da5a6be7ad,
837617435139917268,https://a0.muscache.com/pictures/prohost-api/Hosting-837617435139917268/original/52d5740d-c23d-406a-812a-6a20f952101f.jpeg,success,200.0,c:\Prathik\MY DOCUMENTS\Rental_price_prediction\datasets\multimodal_v3\images\837617435139917268.jpg,845047,2048,1378,RGB,bbb749927b06934f57165d51766a9334,
858068395098620771,https://a0.muscache.com/pictures/prohost-api/Hosting-858068395098620771/original/e3723be4-9faa-437c-9815-f881ebefa9c0.jpeg,success,200.0,c:\Prathik\MY DOCUMENTS\Rental_price_prediction\datasets\multimodal_v3\images\858068395098620771.jpg,1607924,3000,2002,RGB,b035231b7828f69eed143e47384b6deb,
865361508560617025,https://a0.muscache.com/pictures/prohost-api/Hosting-865361508560617025/original/267ef438-b59c-4fe9-9410-3c1363064eb3.png,failed_http_404,404.0,,0,0,0,,,HTTP 404
834188475826652543,https://a0.muscache.com/pictures/miso/Hosting-834188475826652543/original/23ef336e-8e95-463f-9d23-440176b0bd43.jpeg,success,200.0,c:\Prathik\MY DOCUMENTS\Rental_price_prediction\datasets\multimodal_v3\images\834188475826652543.jpg,1146189,3000,2000,RGB,6651760ec0c0b466d955727b25296645,
791273631100844517,https://a0.muscache.com/pictures/65683884-49dd-4f63-a9d6-94ad967f351a.jpg,success,200.0,c:\Prathik\MY DOCUMENTS\Rental_price_prediction\datasets\multimodal_v3\images\791273631100844517.jpg,3784993,4080,3072,RGB,414d5605827d89e5f543824d8ca18f63,
852729234447441957,https://a0.muscache.com/pictures/miso/Hosting-852729234447441957/original/d4894ad1-ff8f-485a-b651-4f3a29eb3dba.jpeg,success,200.0,c:\Prathik\MY DOCUMENTS\Rental_price_prediction\datasets\multimodal_v3\images\852729234447441957.jpg,2306191,4032,3024,RGB,d2f86c6e6938e06b01452a5db150b7a9,
864375023222487366,https://a0.muscache.com/pictures/f46e8d44-2539-4bb6-b0cf-d41ba83d5403.jpg,success,200.0,c:\Prathik\MY DOCUMENTS\Rental_price_prediction\datasets\multimodal_v3\images\864375023222487366.jpg,1048507,4032,3024,RGB,24b3da300dba880035ec801d8a5e51cf,
742621627565951201,https://a0.muscache.com/pictures/miso/Hosting-742621627565951201/original/c4e40343-e4f7-4bbf-934f-32f87e7b6e80.jpeg,success,200.0,c:\Prathik\MY DOCUMENTS\Rental_price_prediction\datasets\multimodal_v3\images\742621627565951201.jpg,4425662,6714,4467,RGB,739d9a16e38fba5f2d019d75a46654e3,
863843775999116073,https://a0.muscache.com/pictures/miso/Hosting-863843775999116073/original/a45468fd-57a4-4b84-a34c-600e92b8da1d.jpeg,success,200.0,c:\Prathik\MY DOCUMENTS\Rental_price_prediction\datasets\multimodal_v3\images\863843775999116073.jpg,622631,1170,1528,RGB,9a5a62600969eb901002370df01b24ba,
867993338712158581,https://a0.muscache.com/pictures/miso/Hosting-867993338712158581/original/b44c042a-d38b-44f2-83dc-e4f6b6bc383b.jpeg,success,200.0,c:\Prathik\MY DOCUMENTS\Rental_price_prediction\datasets\multimodal_v3\images\867993338712158581.jpg,96699,800,534,RGB,1bd78e53365dd45cd9c959ea549f8ffc,
719605170711816265,https://a0.muscache.com/pictures/miso/Hosting-719605170711816265/original/a769e185-5ba6-49c6-a66c-051a3f7d8a44.jpeg,success,200.0,c:\Prathik\MY DOCUMENTS\Rental_price_prediction\datasets\multimodal_v3\images\719605170711816265.jpg,5969916,5634,3756,RGB,8356cee6367a988889a4767b39b52028,
863122077574641935,https://a0.muscache.com/pictures/miso/Hosting-863122077574641935/original/8ff1f0d6-cd1b-4666-9f1f-01fac22b1d5a.jpeg,success,200.0,c:\Prathik\MY DOCUMENTS\Rental_price_prediction\datasets\multimodal_v3\images\863122077574641935.jpg,1082970,2048,1364,RGB,357ca4871b81dc07d55c389c7e832261,
720952782993284483,https://a0.muscache.com/pictures/miso/Hosting-720952782993284483/original/9aacad0d-f402-4aa1-b9e1-a89ce935ef15.jpeg,success,200.0,c:\Prathik\MY DOCUMENTS\Rental_price_prediction\datasets\multimodal_v3\images\720952782993284483.jpg,5089069,6000,4000,RGB,15bab4f5683fee6e2a187421c92c26c4,
866570797047292576,https://a0.muscache.com/pictures/miso/Hosting-866570797047292576/original/d96595f9-8aee-4a1f-a75a-5fe037a49ae3.jpeg,success,200.0,c:\Prathik\MY DOCUMENTS\Rental_price_prediction\datasets\multimodal_v3\images\866570797047292576.jpg,513300,2048,1365,RGB,d43a7011706cca59661283fb2be3efdc,
861784147951896334,https://a0.muscache.com/pictures/miso/Hosting-861784147951896334/original/507713eb-0e81-491e-9550-e9d4fc9152d8.jpeg,success,200.0,c:\Prathik\MY DOCUMENTS\Rental_price_prediction\datasets\multimodal_v3\images\861784147951896334.jpg,407839,1920,1280,RGB,31906d596f16bdadef74f85f77bd092b,
862395904656281056,https://a0.muscache.com/pictures/c1378529-58c0-45fe-a676-ea4502e864df.jpg,success,200.0,c:\Prathik\MY DOCUMENTS\Rental_price_prediction\datasets\multimodal_v3\images\862395904656281056.jpg,2779195,4032,3024,RGB,8cb8233379df378881ae0058268f32e7,
873745990637321415,https://a0.muscache.com/pictures/92a00f5c-5dc3-4b70-9667-149c8ed34bb0.jpg,success,200.0,c:\Prathik\MY DOCUMENTS\Rental_price_prediction\datasets\multimodal_v3\images\873745990637321415.jpg,95614,739,494,RGB,187333c049fbf5a26910910d4c158337,
873836358463575073,https://a0.muscache.com/pictures/miso/Hosting-873836358463575073/original/f9c16b73-c1c2-4ee9-ae77-dd455ff8ed1e.jpeg,failed_http_404,404.0,,0,0,0,,,HTTP 404
839701869911797731,https://a0.muscache.com/pictures/miso/Hosting-839701869911797731/original/17546507-ec75-411b-beaa-002615311a62.jpeg,success,200.0,c:\Prathik\MY DOCUMENTS\Rental_price_prediction\datasets\multimodal_v3\images\839701869911797731.jpg,3254769,6000,4000,RGB,648aa3146ba8f7ec806af454e7d1bbdb,
853531231228833355,https://a0.muscache.com/pictures/miso/Hosting-853531231228833355/original/e7475d9b-704f-4336-8892-00da69b64254.jpeg,success,200.0,c:\Prathik\MY DOCUMENTS\Rental_price_prediction\datasets\multimodal_v3\images\853531231228833355.jpg,2296938,4032,3024,RGB,f66a5aac5871404e4737d789e09e6405,
870889896669576615,https://a0.muscache.com/pictures/miso/Hosting-870889896669576615/original/9cfb7a33-2fe4-4615-87cc-f0a13e640585.jpeg,success,200.0,c:\Prathik\MY DOCUMENTS\Rental_price_prediction\datasets\multimodal_v3\images\870889896669576615.jpg,555431,2049,1536,RGB,91e13998d450765e9a0dfbb63ecea3df,
858889058897346588,https://a0.muscache.com/pictures/miso/Hosting-858889058897346588/original/178af25b-b0be-43c5-8dab-3b0ae868192c.jpeg,success,200.0,c:\Prathik\MY DOCUMENTS\Rental_price_prediction\datasets\multimodal_v3\images\858889058897346588.jpg,532212,2000,1599,RGB,e74eaf586b7f14e8da829d2d377fd5b0,
864662791083152036,https://a0.muscache.com/pictures/miso/Hosting-864662791083152036/original/a38b9f4c-013e-4bc1-b827-f25639690948.jpeg,success,200.0,c:\Prathik\MY DOCUMENTS\Rental_price_prediction\datasets\multimodal_v3\images\864662791083152036.jpg,1442562,4032,3024,RGB,e13fe7111089035359b5f2ca6bda0899,
859272629345608670,https://a0.muscache.com/pictures/miso/Hosting-859272629345608670/original/820736bd-8693-455a-9f36-973dcd9e2552.jpeg,success,200.0,c:\Prathik\MY DOCUMENTS\Rental_price_prediction\datasets\multimodal_v3\images\859272629345608670.jpg,498024,2301,1536,RGB,f4916484a0ad4c80f4d1af67ac5c6427,
861562729483207247,https://a0.muscache.com/pictures/miso/Hosting-861562729483207247/original/95d89034-a60a-429e-9582-a6dc010c0716.jpeg,success,200.0,c:\Prathik\MY DOCUMENTS\Rental_price_prediction\datasets\multimodal_v3\images\861562729483207247.jpg,3134045,3899,2924,RGB,8d243940c5083e106f7d42e1ffc0a8a4,
864330520311480547,https://a0.muscache.com/pictures/miso/Hosting-864330520311480547/original/90748270-c432-4b9b-b722-fa4639633da4.jpeg,success,200.0,c:\Prathik\MY DOCUMENTS\Rental_price_prediction\datasets\multimodal_v3\images\864330520311480547.jpg,2345897,3024,4032,RGB,d74171f60d675d59df48bbdf67c327d5,
868110638120292455,https://a0.muscache.com/pictures/miso/Hosting-868110638120292455/original/4be762b3-386e-4861-9139-50f639e18414.jpeg,success,200.0,c:\Prathik\MY DOCUMENTS\Rental_price_prediction\datasets\multimodal_v3\images\868110638120292455.jpg,1990535,4032,3024,RGB,5f24653db40da01a3ffc00e92ad4f5ca,
874726602931216913,https://a0.muscache.com/pictures/prohost-api/Hosting-874726602931216913/original/a6115a88-6a97-4069-b816-7e552bedb091.jpeg,failed_http_404,404.0,,0,0,0,,,HTTP 404
874727281081505772,https://a0.muscache.com/pictures/prohost-api/Hosting-874727281081505772/original/a447ae07-073a-49e4-9f4e-750b5902e265.jpeg,failed_http_404,404.0,,0,0,0,,,HTTP 404
871730633283379525,https://a0.muscache.com/pictures/miso/Hosting-871730633283379525/original/1b993488-770b-4995-9b6f-31ee0fd22f43.jpeg,success,200.0,c:\Prathik\MY DOCUMENTS\Rental_price_prediction\datasets\multimodal_v3\images\871730633283379525.jpg,354064,2016,1512,RGB,2eafc19745effafb620785e24ffb77b9,
874725103753806598,https://a0.muscache.com/pictures/prohost-api/Hosting-874725103753806598/original/6354dd81-0841-4004-a840-3240c25a796c.jpeg,success,200.0,c:\Prathik\MY DOCUMENTS\Rental_price_prediction\datasets\multimodal_v3\images\874725103753806598.jpg,370226,1620,1080,RGB,457a83287c926bb58b7cd3f9833c76a8,
813099815984205443,https://a0.muscache.com/pictures/f3283abb-b1ce-419a-8a68-d9deb90564c0.jpg,success,200.0,c:\Prathik\MY DOCUMENTS\Rental_price_prediction\datasets\multimodal_v3\images\813099815984205443.jpg,3495900,4160,3120,RGB,563bddde1d41df9d9065f23d78e214f9,
869381635977129108,https://a0.muscache.com/pictures/miso/Hosting-869381635977129108/original/f25bfdaa-a1bc-4148-90ac-24b54594ca84.jpeg,success,200.0,c:\Prathik\MY DOCUMENTS\Rental_price_prediction\datasets\multimodal_v3\images\869381635977129108.jpg,2023836,4032,3024,RGB,d7466b5125645769b22be4226c6a6141,
873874443853153665,https://a0.muscache.com/pictures/miso/Hosting-873874443853153665/original/81f16307-2e34-47f9-be3c-ccd8cf27e0f0.jpeg,success,200.0,c:\Prathik\MY DOCUMENTS\Rental_price_prediction\datasets\multimodal_v3\images\873874443853153665.jpg,1039392,2048,1365,RGB,ac60aff15941f314df2ed4b51c1599fd,
875400629375636096,https://a0.muscache.com/pictures/miso/Hosting-875400629375636096/original/c0aedf5c-1331-44c7-a18b-4bd280eb2a3e.jpeg,success,200.0,c:\Prathik\MY DOCUMENTS\Rental_price_prediction\datasets\multimodal_v3\images\875400629375636096.jpg,362820,768,1024,RGB,9644c123fe9cac5b5fe499e5abb788b3,
843025015795756302,https://a0.muscache.com/pictures/miso/Hosting-790816914345274713/original/71238ac6-55ad-4cc3-ba1e-da4190799497.jpeg,success,200.0,c:\Prathik\MY DOCUMENTS\Rental_price_prediction\datasets\multimodal_v3\images\843025015795756302.jpg,3854122,4032,3024,RGB,3c6b4fb4cbf6e365ce8a33ef4c4f2f51,
870527312327340177,https://a0.muscache.com/pictures/19c96f54-f4b9-4446-8685-575a3f0a97fe.jpg,success,200.0,c:\Prathik\MY DOCUMENTS\Rental_price_prediction\datasets\multimodal_v3\images\870527312327340177.jpg,2034455,4032,2268,RGB,239fd042093bc68a732caa7b91c72d5a,
807354529237189568,https://a0.muscache.com/pictures/prohost-api/Hosting-807354529237189568/original/f5942860-98c0-44a4-93e0-1eb7ad1d282d.jpeg,success,200.0,c:\Prathik\MY DOCUMENTS\Rental_price_prediction\datasets\multimodal_v3\images\807354529237189568.jpg,2240655,3840,2582,RGB,f216044456b63c9705f29e4341dc927f,
863668175659514649,https://a0.muscache.com/pictures/1b429e2d-bfc8-4dd1-8e6e-4503e8fd0ec0.jpg,success,200.0,c:\Prathik\MY DOCUMENTS\Rental_price_prediction\datasets\multimodal_v3\images\863668175659514649.jpg,1185796,2000,1333,RGB,645e0212dbb044abe1c914f80f550f2b,
876689830803378456,https://a0.muscache.com/pictures/prohost-api/Hosting-876689830803378456/original/b801440e-bf95-4cfc-9273-b519dd37ac33.jpeg,success,200.0,c:\Prathik\MY DOCUMENTS\Rental_price_prediction\datasets\multimodal_v3\images\876689830803378456.jpg,635101,1620,1080,RGB,d01a834b388d887b1bf4c05b6fa37254,
874725704041286705,https://a0.muscache.com/pictures/prohost-api/Hosting-874725704041286705/original/22b0c75a-703d-46f8-9159-f86487ed6d1b.jpeg,success,200.0,c:\Prathik\MY DOCUMENTS\Rental_price_prediction\datasets\multimodal_v3\images\874725704041286705.jpg,709482,2048,1365,RGB,959cff209b215c61bd4587e4dafabfb1,
879089619430556360,https://a0.muscache.com/pictures/45a8c23c-1bd3-42a8-8dca-37b5d69ac76f.jpg,failed_http_404,404.0,,0,0,0,,,HTTP 404
878347515773688545,https://a0.muscache.com/pictures/miso/Hosting-878347515773688545/original/e86bdba3-6e98-47b2-8d6d-8319f2e0ab20.jpeg,success,200.0,c:\Prathik\MY DOCUMENTS\Rental_price_prediction\datasets\multimodal_v3\images\878347515773688545.jpg,58332,567,423,RGB,40a28b20063c12dfbd7d04ce8e8a1d3a,
881126631375398353,https://a0.muscache.com/pictures/miso/Hosting-881126631375398353/original/225e613e-3ea8-4f0c-b755-5a3afd664a52.jpeg,failed_http_404,404.0,,0,0,0,,,HTTP 404
866760195768806468,https://a0.muscache.com/pictures/miso/Hosting-866760195768806468/original/baed4263-66ef-4d41-95ee-7bb88729bc0e.jpeg,success,200.0,c:\Prathik\MY DOCUMENTS\Rental_price_prediction\datasets\multimodal_v3\images\866760195768806468.jpg,521532,1506,1125,RGB,7eb8e97302039d1296fe53c5e5e60fee,
882231204858720055,https://a0.muscache.com/pictures/miso/Hosting-882231204858720055/original/fb257b1d-8bce-4a05-a71f-59666ec32cf1.jpeg,failed_http_404,404.0,,0,0,0,,,HTTP 404
879677616363290344,https://a0.muscache.com/pictures/b37c5360-533e-4121-8a37-c9fd25b0a4de.jpg,success,200.0,c:\Prathik\MY DOCUMENTS\Rental_price_prediction\datasets\multimodal_v3\images\879677616363290344.jpg,778149,3024,2420,RGB,d4bdffb12d48f408d4e212a4fe4ecc9f,
878869172354794212,https://a0.muscache.com/pictures/054f4495-757e-4bfe-b708-0408fce844ba.jpg,success,200.0,c:\Prathik\MY DOCUMENTS\Rental_price_prediction\datasets\multimodal_v3\images\878869172354794212.jpg,861173,2594,1729,RGB,7dbd1bcaa880023e73d49bfb5b3d36dc,
882561956783087793,https://a0.muscache.com/pictures/prohost-api/Hosting-882561956783087793/original/f64b5bed-c67d-4b0e-9787-4eabbfc761f7.jpeg,success,200.0,c:\Prathik\MY DOCUMENTS\Rental_price_prediction\datasets\multimodal_v3\images\882561956783087793.jpg,378564,1500,1000,RGB,2e9bf4c68f6fa8b63efe906f41e0616f,
886196475124925510,https://a0.muscache.com/pictures/miso/Hosting-886196475124925510/original/13bc3049-5ee3-4b35-8790-b190a6887f38.jpeg,failed_http_404,404.0,,0,0,0,,,HTTP 404
881292284505709001,https://a0.muscache.com/pictures/miso/Hosting-881292284505709001/original/d09db173-94be-490a-9ae0-26298cb4fbf8.jpeg,success,200.0,c:\Prathik\MY DOCUMENTS\Rental_price_prediction\datasets\multimodal_v3\images\881292284505709001.jpg,211381,1024,681,RGB,b324ea2722be69f2ba775c6e37ead127,
860214814961263869,https://a0.muscache.com/pictures/miso/Hosting-860214814961263869/original/b173e1e3-bb13-4211-afb1-49984e44fd32.jpeg,success,200.0,c:\Prathik\MY DOCUMENTS\Rental_price_prediction\datasets\multimodal_v3\images\860214814961263869.jpg,2578278,4032,3024,RGB,a51b311f3b5c18aeda9f67e5c7c54734,
865225666104756420,https://a0.muscache.com/pictures/miso/Hosting-865225666104756420/original/d63b1263-6972-444d-9aff-92af4163ca64.jpeg,success,200.0,c:\Prathik\MY DOCUMENTS\Rental_price_prediction\datasets\multimodal_v3\images\865225666104756420.jpg,421973,2400,1601,RGB,9be330ba6e18dadb77801009c6c7ca18,
887010558188010995,https://a0.muscache.com/pictures/miso/Hosting-887010558188010995/original/70d9c1e5-93fb-4d17-a7a1-50327b8f17f3.jpeg,failed_http_404,404.0,,0,0,0,,,HTTP 404
886378373066837454,https://a0.muscache.com/pictures/miso/Hosting-886378373066837454/original/d9dc3f2c-ee60-4ba2-82c2-b071f5de8884.jpeg,success,200.0,c:\Prathik\MY DOCUMENTS\Rental_price_prediction\datasets\multimodal_v3\images\886378373066837454.jpg,446597,2048,1365,RGB,fe7fc8b70ab0a0f4fff9945a3eecd70e,
841304513878963200,https://a0.muscache.com/pictures/miso/Hosting-841304513878963200/original/b12f3d44-fda0-4371-abf9-ab4bb6c9b202.png,success,200.0,c:\Prathik\MY DOCUMENTS\Rental_price_prediction\datasets\multimodal_v3\images\841304513878963200.jpg,356072,1952,1301,RGB,bfd01de7beab6348ea0f7ec68ccf313a,
872328403142933403,https://a0.muscache.com/pictures/miso/Hosting-872328403142933403/original/5f84207f-8ef0-4532-ac2d-e74e012c586f.jpeg,success,200.0,c:\Prathik\MY DOCUMENTS\Rental_price_prediction\datasets\multimodal_v3\images\872328403142933403.jpg,2017412,4032,3024,RGB,cff5d81ba55245b605cce04959197a50,
888656865890341217,https://a0.muscache.com/pictures/15f38e92-855d-4b6d-865e-2bd0861936af.jpg,success,200.0,c:\Prathik\MY DOCUMENTS\Rental_price_prediction\datasets\multimodal_v3\images\888656865890341217.jpg,177663,1500,998,RGB,a5369dd7f814d4cc0130408f238c0625,
847122003938479347,https://a0.muscache.com/pictures/miso/Hosting-847122003938479347/original/e10f1a1a-c6e0-4a63-9e49-e8e586e2f002.jpeg,success,200.0,c:\Prathik\MY DOCUMENTS\Rental_price_prediction\datasets\multimodal_v3\images\847122003938479347.jpg,1806735,4000,2667,RGB,8fbd7052c57dea2eb5426720b70ed31d,
889121682838326010,https://a0.muscache.com/pictures/prohost-api/Hosting-889121682838326010/original/bf5f1773-1c27-4c01-a0e9-3d00d4cf4d13.jpeg,failed_http_404,404.0,,0,0,0,,,HTTP 404
877423132566054942,https://a0.muscache.com/pictures/miso/Hosting-877423132566054942/original/412e2f7a-6066-4a9c-a648-550f1fd3e792.jpeg,success,200.0,c:\Prathik\MY DOCUMENTS\Rental_price_prediction\datasets\multimodal_v3\images\877423132566054942.jpg,988035,2560,1920,RGB,03e1c2e685fb431d823b1c3bc04fbfae,
889025015578616597,https://a0.muscache.com/pictures/miso/Hosting-889025015578616597/original/8a45a134-6382-4864-b86e-238ad6199f20.png,success,200.0,c:\Prathik\MY DOCUMENTS\Rental_price_prediction\datasets\multimodal_v3\images\889025015578616597.jpg,108223,732,566,RGB,97c0e30562e3df4557a46514c09a7aa5,
887061719314888767,https://a0.muscache.com/pictures/71be1583-5afa-43cc-976f-88cece54ef77.jpg,success,200.0,c:\Prathik\MY DOCUMENTS\Rental_price_prediction\datasets\multimodal_v3\images\887061719314888767.jpg,1505541,4032,3024,RGB,416b48c32754d5a39f91fb627c762dc8,
891353208032146142,https://a0.muscache.com/pictures/miso/Hosting-891353208032146142/original/34716f21-52e1-4b03-a572-d268156d2d70.jpeg,success,200.0,c:\Prathik\MY DOCUMENTS\Rental_price_prediction\datasets\multimodal_v3\images\891353208032146142.jpg,118925,640,480,RGB,2594bb33f60b8c22549a92a08f48ada5,
891864428830572687,https://a0.muscache.com/pictures/miso/Hosting-891864428830572687/original/89d6f6e4-b03f-4931-9722-86df43c82127.jpeg,failed_http_404,404.0,,0,0,0,,,HTTP 404
890084442453802553,https://a0.muscache.com/pictures/9fd5ef1c-3903-412f-8e4a-9aa711cefc08.jpg,success,200.0,c:\Prathik\MY DOCUMENTS\Rental_price_prediction\datasets\multimodal_v3\images\890084442453802553.jpg,686858,4032,3024,RGB,49f1d093c2a1e18c0fe7c8a0f596b12b,
869384351246628871,https://a0.muscache.com/pictures/miso/Hosting-869384351246628871/original/46915a66-68ab-4678-9b8f-531b84b839b2.jpeg,success,200.0,c:\Prathik\MY DOCUMENTS\Rental_price_prediction\datasets\multimodal_v3\images\869384351246628871.jpg,1917658,4032,3024,RGB,1809d66f877dbc9aacc5ffc553aa9858,
823143613030338927,https://a0.muscache.com/pictures/miso/Hosting-823143613030338927/original/83d6e77a-4891-4d6d-8ec9-d58715c9fc24.jpeg,success,200.0,c:\Prathik\MY DOCUMENTS\Rental_price_prediction\datasets\multimodal_v3\images\823143613030338927.jpg,2953204,5610,3740,RGB,89f30112476248177e9615c3a78e6600,
884908539438212086,https://a0.muscache.com/pictures/prohost-api/Hosting-884908539438212086/original/cc3d1dda-6fa5-42f1-9e08-36499e792ce8.jpeg,success,200.0,c:\Prathik\MY DOCUMENTS\Rental_price_prediction\datasets\multimodal_v3\images\884908539438212086.jpg,1705662,3839,2560,RGB,e7afa37f960d597b5012f7febc2ef355,
892716929803333450,https://a0.muscache.com/pictures/miso/Hosting-892716929803333450/original/7bdd305a-3008-48cb-830e-01afaa008922.jpeg,success_cached,200.0,c:\Prathik\MY DOCUMENTS\Rental_price_prediction\datasets\multimodal_v3\images\892716929803333450.jpg,237333,1440,960,RGB,9d0dd2443ef650d68a24dd8429b8b376,
851360751521617609,https://a0.muscache.com/pictures/prohost-api/Hosting-851360751521617609/original/49340dc6-b366-4f2a-b08c-ba36e58bd4d1.jpeg,success,200.0,c:\Prathik\MY DOCUMENTS\Rental_price_prediction\datasets\multimodal_v3\images\851360751521617609.jpg,1183262,2975,2000,RGB,aeaf30c6c273a6f94c3134c81613065e,
892020508004232135,https://a0.muscache.com/pictures/1810fa86-7a78-4fb4-9edf-448676ecf721.jpg,success,200.0,c:\Prathik\MY DOCUMENTS\Rental_price_prediction\datasets\multimodal_v3\images\892020508004232135.jpg,309132,1024,684,RGB,d731d3e0100d85c7408528b0a82a1eaf,
892249126068143189,https://a0.muscache.com/pictures/miso/Hosting-892249126068143189/original/02221bc9-eb07-4eca-ab1e-383a5297f32a.jpeg,failed_http_404,404.0,,0,0,0,,,HTTP 404
886871167668195765,https://a0.muscache.com/pictures/prohost-api/Hosting-886871167668195765/original/b32f37e2-a211-45ad-87be-23b881458c36.jpeg,success,200.0,c:\Prathik\MY DOCUMENTS\Rental_price_prediction\datasets\multimodal_v3\images\886871167668195765.jpg,1782201,3839,2560,RGB,5a1b3bc74174977efcbd9565bfd1034b,
890768353337358362,https://a0.muscache.com/pictures/miso/Hosting-890768353337358362/original/0b6cd702-902f-4dfb-9f2d-32afc67a215b.jpeg,success,200.0,c:\Prathik\MY DOCUMENTS\Rental_price_prediction\datasets\multimodal_v3\images\890768353337358362.jpg,217796,1444,963,RGB,dc1e78bf2963ff91fc67ad293616e574,
879184902656869741,https://a0.muscache.com/pictures/miso/Hosting-802824801000979408/original/1f1b7e63-d469-40dc-b470-f3663d6b056b.jpeg,success,200.0,c:\Prathik\MY DOCUMENTS\Rental_price_prediction\datasets\multimodal_v3\images\879184902656869741.jpg,301383,1600,1068,RGB,8e33fb8ca0cd9462e3a1347aac16349d,
893438632455160707,https://a0.muscache.com/pictures/prohost-api/Hosting-893438632455160707/original/b47e97ee-5db9-4962-a4cf-ff51c1644eed.jpeg,success,200.0,c:\Prathik\MY DOCUMENTS\Rental_price_prediction\datasets\multimodal_v3\images\893438632455160707.jpg,646623,1980,1320,RGB,bec68355a19bf44c5745379d61bc6233,
892160900085713443,https://a0.muscache.com/pictures/73cf287e-cfa3-4a8e-801d-c7a5e6c44d06.jpg,success,200.0,c:\Prathik\MY DOCUMENTS\Rental_price_prediction\datasets\multimodal_v3\images\892160900085713443.jpg,1481077,4032,3024,RGB,46724a814f269145d178d34742042916,
881166181186050929,https://a0.muscache.com/pictures/miso/Hosting-881166181186050929/original/fbe5b8dc-591b-4d5f-bda4-5cf2f0c81fb0.jpeg,success,200.0,c:\Prathik\MY DOCUMENTS\Rental_price_prediction\datasets\multimodal_v3\images\881166181186050929.jpg,1287910,3600,2400,RGB,e952d600c4b2315b809768393da19a00,
896899207791125247,https://a0.muscache.com/pictures/dee0321c-20ac-4514-b1d1-568828a0b8d9.jpg,success_cached,200.0,c:\Prathik\MY DOCUMENTS\Rental_price_prediction\datasets\multimodal_v3\images\896899207791125247.jpg,2318410,4032,3024,RGB,d64f86391f36fe39db283e6b674bfcb4,
889694157859022963,https://a0.muscache.com/pictures/miso/Hosting-889694157859022963/original/0ad8b654-1b93-4dbb-aa9e-8ee78bb91938.jpeg,success,200.0,c:\Prathik\MY DOCUMENTS\Rental_price_prediction\datasets\multimodal_v3\images\889694157859022963.jpg,327698,1920,1280,RGB,62e3f2d05840df489fe7bb5417444a8a,
868082230911607347,https://a0.muscache.com/pictures/miso/Hosting-868082230911607347/original/1c88d446-7aa6-4dba-9348-1d3aa7e9f8e4.jpeg,success,200.0,c:\Prathik\MY DOCUMENTS\Rental_price_prediction\datasets\multimodal_v3\images\868082230911607347.jpg,3975625,4000,2665,RGB,517739fd6cfc9307812a717cd7734e6b,
852753902699444231,https://a0.muscache.com/pictures/prohost-api/Hosting-852753902699444231/original/7ebadb10-9c0e-465b-8e66-10a1d84bb953.jpeg,success,200.0,c:\Prathik\MY DOCUMENTS\Rental_price_prediction\datasets\multimodal_v3\images\852753902699444231.jpg,2292121,3840,2572,RGB,0b92f896ffa74019b5bc9a3e5d9d7ebc,
897012842531200206,https://a0.muscache.com/pictures/prohost-api/Hosting-897012842531200206/original/a57a1dfb-43b3-4aa8-8806-30d1d8947e77.jpeg,failed_http_404,404.0,,0,0,0,,,HTTP 404
897695859157442796,https://a0.muscache.com/pictures/miso/Hosting-897695859157442796/original/d3a32cee-1cc9-479d-8cfd-7fd5ad67faef.jpeg,failed_http_404,404.0,,0,0,0,,,HTTP 404
884013514535350819,https://a0.muscache.com/pictures/miso/Hosting-884013514535350819/original/686ed55e-45df-4aa3-9313-9f1c762cccaf.jpeg,success,200.0,c:\Prathik\MY DOCUMENTS\Rental_price_prediction\datasets\multimodal_v3\images\884013514535350819.jpg,2987200,4032,3024,RGB,f85abbc5b3818759d74725a83870ec49,
896232345865509396,https://a0.muscache.com/pictures/0ec982df-58c4-456d-ba44-ad446e1736d9.jpg,success,200.0,c:\Prathik\MY DOCUMENTS\Rental_price_prediction\datasets\multimodal_v3\images\896232345865509396.jpg,460609,2766,2100,RGB,1a48af0bd02ccf12410a8b1c03bd2637,
897855294734413073,https://a0.muscache.com/pictures/582f6aa5-4e2b-46ec-863b-62924d862094.jpg,failed_http_404,404.0,,0,0,0,,,HTTP 404
892761823089767349,https://a0.muscache.com/pictures/miso/Hosting-892761823089767349/original/67a36d9e-6d84-419d-a766-11f536b4d59c.jpeg,success,200.0,c:\Prathik\MY DOCUMENTS\Rental_price_prediction\datasets\multimodal_v3\images\892761823089767349.jpg,1097259,2730,1820,RGB,d723563bd5bd4231e18dd2a4c935a30b,
874724845616921931,https://a0.muscache.com/pictures/prohost-api/Hosting-874724845616921931/original/fb3efcab-c458-4abf-8731-423372b7d7dc.jpeg,success,200.0,c:\Prathik\MY DOCUMENTS\Rental_price_prediction\datasets\multimodal_v3\images\874724845616921931.jpg,769854,1500,996,RGB,db71a59090b83179f252e5f4347c0b87,
897053305111664749,https://a0.muscache.com/pictures/7e23c2c3-929a-4bee-99fe-675d9715fab9.jpg,success,200.0,c:\Prathik\MY DOCUMENTS\Rental_price_prediction\datasets\multimodal_v3\images\897053305111664749.jpg,745528,4032,3024,RGB,77613c7b45b32ee45ea1381c888e676e,
876812545083823268,https://a0.muscache.com/pictures/miso/Hosting-876812545083823268/original/2d477ba5-6eb1-4e95-908b-f6d6395ab252.jpeg,success,200.0,c:\Prathik\MY DOCUMENTS\Rental_price_prediction\datasets\multimodal_v3\images\876812545083823268.jpg,1161477,3600,2401,RGB,a4c2c1856e56c6d66a2cca8637277ba8,
892707629310422246,https://a0.muscache.com/pictures/prohost-api/Hosting-892707629310422246/original/bfcf8fee-0a3d-49c3-8c54-bcd50582e782.jpeg,success,200.0,c:\Prathik\MY DOCUMENTS\Rental_price_prediction\datasets\multimodal_v3\images\892707629310422246.jpg,2713044,3840,2560,RGB,e92df7ef8dbde28a08d833f966ddd0db,
889935277414203190,https://a0.muscache.com/pictures/miso/Hosting-889935277414203190/original/3b6a17ae-cb6c-4a93-ac9f-765d80311040.jpeg,success,200.0,c:\Prathik\MY DOCUMENTS\Rental_price_prediction\datasets\multimodal_v3\images\889935277414203190.jpg,3110212,6188,3452,RGB,1236d213877cc3beedeb74bd7b8e7c19,
901413315391106005,https://a0.muscache.com/pictures/e0b9bd54-e283-49d3-89cd-1d1ea2f3b971.jpg,success,200.0,c:\Prathik\MY DOCUMENTS\Rental_price_prediction\datasets\multimodal_v3\images\901413315391106005.jpg,466065,2873,1786,RGB,da48f8b17ac07896e3369696b51f902f,
868699412050432804,https://a0.muscache.com/pictures/miso/Hosting-868699412050432804/original/2e9afc6e-fe20-4995-8c18-2df17054d4fb.jpeg,success,200.0,c:\Prathik\MY DOCUMENTS\Rental_price_prediction\datasets\multimodal_v3\images\868699412050432804.jpg,8042863,8256,5504,RGB,219efab1bf7da48480454d3d0aedb200,
903072595055952281,https://a0.muscache.com/pictures/miso/Hosting-903072595055952281/original/c30c5f4a-a127-4d6b-901e-7f865a7b30c5.jpeg,failed_http_404,404.0,,0,0,0,,,HTTP 404
899212092415626033,https://a0.muscache.com/pictures/3c4c0a35-6a35-4377-851c-9661f82e3bff.jpg,success,200.0,c:\Prathik\MY DOCUMENTS\Rental_price_prediction\datasets\multimodal_v3\images\899212092415626033.jpg,1828125,4032,3024,RGB,199128cd06efdb74ccedce078caec839,
896992738466574153,https://a0.muscache.com/pictures/hosting/Hosting-U3RheVN1cHBseUxpc3Rpbmc6ODk2OTkyNzM4NDY2NTc0MTUz/original/9f92b736-9b77-4d2c-aba4-68f961e29276.jpeg,success,200.0,c:\Prathik\MY DOCUMENTS\Rental_price_prediction\datasets\multimodal_v3\images\896992738466574153.jpg,668929,2048,1365,RGB,ce028d41036d3e537d3b4e359f9cde47,
903486801540157597,https://a0.muscache.com/pictures/prohost-api/Hosting-903486801540157597/original/e620037a-de15-4328-afdf-762417b0dc6b.jpeg,success,200.0,c:\Prathik\MY DOCUMENTS\Rental_price_prediction\datasets\multimodal_v3\images\903486801540157597.jpg,170971,1024,683,RGB,68dc2244910298d8e8924d5ae2f25eb7,
903828418284489253,https://a0.muscache.com/pictures/miso/Hosting-903828418284489253/original/7d0c752b-ed69-46c5-9c64-dd2e4f84cd1f.jpeg,failed_http_404,404.0,,0,0,0,,,HTTP 404
901439717910084309,https://a0.muscache.com/pictures/miso/Hosting-901439717910084309/original/2e85ea98-3c18-4361-ad7c-be2970765e58.jpeg,success,200.0,c:\Prathik\MY DOCUMENTS\Rental_price_prediction\datasets\multimodal_v3\images\901439717910084309.jpg,591848,1536,1152,RGB,ffe3af4e49ee7a0cf48a800fddad08c9,
891567522553682064,https://a0.muscache.com/pictures/miso/Hosting-891567522553682064/original/2e46997f-d767-431b-ae5f-743351358e84.jpeg,success,200.0,c:\Prathik\MY DOCUMENTS\Rental_price_prediction\datasets\multimodal_v3\images\891567522553682064.jpg,7653347,8165,5446,RGB,0d08395db377a4d0040908bb3198f10e,
904517807592286100,https://a0.muscache.com/pictures/prohost-api/Hosting-904517807592286100/original/11eb5fc7-52ca-4915-9bd8-53d54227580a.jpeg,failed_http_404,404.0,,0,0,0,,,HTTP 404
903740397501549075,https://a0.muscache.com/pictures/a30870e2-2926-4d75-b13b-a91e3f853232.jpg,success,200.0,c:\Prathik\MY DOCUMENTS\Rental_price_prediction\datasets\multimodal_v3\images\903740397501549075.jpg,976969,4032,3024,RGB,375eef7abfb44a208e8aef50ef9c7a92,
888296287022908459,https://a0.muscache.com/pictures/e1011c3f-c632-48c7-a2dc-28654b8af599.jpg,success,200.0,c:\Prathik\MY DOCUMENTS\Rental_price_prediction\datasets\multimodal_v3\images\888296287022908459.jpg,1121408,4032,2268,RGB,6700e47a79af910b39ca29a66cd51fd9,
879109424040368993,https://a0.muscache.com/pictures/miso/Hosting-879109424040368993/original/7b645c1d-62db-476e-b382-b96575ccd403.jpeg,success,200.0,c:\Prathik\MY DOCUMENTS\Rental_price_prediction\datasets\multimodal_v3\images\879109424040368993.jpg,2237340,4032,3024,RGB,1d81bb255c6801477bd2061a3318092f,
905154432097807523,https://a0.muscache.com/pictures/prohost-api/Hosting-905154432097807523/original/03fd67bc-79fd-465e-8082-af7f46a372fe.jpeg,failed_http_404,404.0,,0,0,0,,,HTTP 404
896399886172098431,https://a0.muscache.com/pictures/hosting/Hosting-896399886172098431/original/3ae1cdf8-d4db-4b33-85a1-d075cd9f662d.jpeg,success,200.0,c:\Prathik\MY DOCUMENTS\Rental_price_prediction\datasets\multimodal_v3\images\896399886172098431.jpg,2130048,4032,3024,RGB,b9f8587b5b43e84db78ce57966313632,
906558735828371317,https://a0.muscache.com/pictures/2852720e-43a9-44fc-b0a3-2f763305fcd8.jpg,success_cached,200.0,c:\Prathik\MY DOCUMENTS\Rental_price_prediction\datasets\multimodal_v3\images\906558735828371317.jpg,261770,1512,1145,RGB,305f4290bf4daaec211b0526ba952006,
905154484554673235,https://a0.muscache.com/pictures/prohost-api/Hosting-905154484554673235/original/23bc48ac-3a8a-4d57-b117-4892a6190de1.jpeg,failed_http_404,404.0,,0,0,0,,,HTTP 404
895837214785840282,https://a0.muscache.com/pictures/f1773ef9-178d-4783-998d-5f7ba0ad799f.jpg,success,200.0,c:\Prathik\MY DOCUMENTS\Rental_price_prediction\datasets\multimodal_v3\images\895837214785840282.jpg,2629249,5464,3640,RGB,5a5492590b02eb1f7f5af6af96fe3169,
893716421577154531,https://a0.muscache.com/pictures/miso/Hosting-893716421577154531/original/4a6707cc-5fe0-4452-9fd6-620fba5a0f73.jpeg,success,200.0,c:\Prathik\MY DOCUMENTS\Rental_price_prediction\datasets\multimodal_v3\images\893716421577154531.jpg,3627742,4500,3000,RGB,537001c5a2c56f16d23fcc7623c72661,
878342497859586024,https://a0.muscache.com/pictures/miso/Hosting-878342497859586024/original/d0828cff-ce06-45eb-bb70-79a3f5e8439a.jpeg,success,200.0,c:\Prathik\MY DOCUMENTS\Rental_price_prediction\datasets\multimodal_v3\images\878342497859586024.jpg,4805060,5894,3935,RGB,d330ecfe6e87a736361d80b35b31cdf4,
888360812984921293,https://a0.muscache.com/pictures/prohost-api/Hosting-888360812984921293/original/6838ab3a-2165-4cd0-b70f-7f7af166f703.png,success,200.0,c:\Prathik\MY DOCUMENTS\Rental_price_prediction\datasets\multimodal_v3\images\888360812984921293.jpg,536467,2000,1501,RGB,acc43dc5681dd361e3887e71cdb95d94,
908463326021223147,https://a0.muscache.com/pictures/3a157e16-b769-4e02-bbe9-9a0be2115cb0.jpg,success_cached,200.0,c:\Prathik\MY DOCUMENTS\Rental_price_prediction\datasets\multimodal_v3\images\908463326021223147.jpg,460744,2000,1500,RGB,6bbd010a6e0554d6202c6dc119199520,
908515528408361637,https://a0.muscache.com/pictures/miso/Hosting-908515528408361637/original/f8d7c48d-1a27-4c20-894e-3c0e5ea68cea.jpeg,success_cached,200.0,c:\Prathik\MY DOCUMENTS\Rental_price_prediction\datasets\multimodal_v3\images\908515528408361637.jpg,170861,1170,783,RGB,e782ca4e837eb51ed8182dba1e3295ef,
908754851232618664,https://a0.muscache.com/pictures/miso/Hosting-908754851232618664/original/020394d3-92d7-4ed1-8e03-7599a8f6b930.jpeg,success_cached,200.0,c:\Prathik\MY DOCUMENTS\Rental_price_prediction\datasets\multimodal_v3\images\908754851232618664.jpg,14927,220,147,RGB,9279e96df74d78a7b431945b2778e63b,
907933203969939408,https://a0.muscache.com/pictures/miso/Hosting-907933203969939408/original/fe6114e2-7c9a-49b8-93da-3358aa36209b.jpeg,failed_http_404,404.0,,0,0,0,,,HTTP 404
897738408951536733,https://a0.muscache.com/pictures/miso/Hosting-897738408951536733/original/e1ccde3b-ee58-4087-bf82-5973cdc255fd.jpeg,success,200.0,c:\Prathik\MY DOCUMENTS\Rental_price_prediction\datasets\multimodal_v3\images\897738408951536733.jpg,2156592,4032,3024,RGB,adc6f7d14a5371aa066648fa1bf2cf97,
735578419438653716,https://a0.muscache.com/pictures/miso/Hosting-735578419438653716/original/c1fd363c-e0d0-49e7-88ac-a49ee9331853.jpeg,success,200.0,c:\Prathik\MY DOCUMENTS\Rental_price_prediction\datasets\multimodal_v3\images\735578419438653716.jpg,4980631,4032,3024,RGB,4dcc7b02e1c16158260715a30bfb820b,
908919606210497954,https://a0.muscache.com/pictures/35aaf932-5e04-40bb-9c80-9628f56eeb11.jpg,failed_http_404,404.0,,0,0,0,,,HTTP 404
897161803755787752,https://a0.muscache.com/pictures/prohost-api/Hosting-897161803755787752/original/2099cfd2-6f45-4bab-9054-7a7e6ef6fc79.jpeg,success,200.0,c:\Prathik\MY DOCUMENTS\Rental_price_prediction\datasets\multimodal_v3\images\897161803755787752.jpg,1149444,2310,1540,RGB,475b8349234a721020f2f039d7c63f4c,
897714614763558618,https://a0.muscache.com/pictures/miso/Hosting-897714614763558618/original/25f059a5-731e-4c77-b279-dfdd39264383.jpeg,success,200.0,c:\Prathik\MY DOCUMENTS\Rental_price_prediction\datasets\multimodal_v3\images\897714614763558618.jpg,2621955,4032,3024,RGB,837cc70556f2e0678ae03f25c0f24af1,
909492953296070572,https://a0.muscache.com/pictures/prohost-api/Hosting-909492953296070572/original/051bb960-6443-42b4-b347-b4609f08148e.jpeg,failed_http_404,404.0,,0,0,0,,,HTTP 404
892744973488950593,https://a0.muscache.com/pictures/miso/Hosting-892744973488950593/original/b6c2700a-9551-4141-a549-e1b1d982609d.jpeg,success,200.0,c:\Prathik\MY DOCUMENTS\Rental_price_prediction\datasets\multimodal_v3\images\892744973488950593.jpg,5160717,5464,3640,RGB,2765d1ace166b71b9ee4153890ae085d,
910228209767178786,https://a0.muscache.com/pictures/prohost-api/Hosting-910228209767178786/original/06ee6553-135d-4ed8-af66-7e7ee0016405.png,failed_http_404,404.0,,0,0,0,,,HTTP 404
873800024931120764,https://a0.muscache.com/pictures/hosting/Hosting-873800024931120764/original/1e98c4dd-72c0-4975-920e-eee7850839a3.jpeg,success,200.0,c:\Prathik\MY DOCUMENTS\Rental_price_prediction\datasets\multimodal_v3\images\873800024931120764.jpg,5486959,4899,3265,RGB,b44cbae57b1be18811d611717c56ed01,
905061136653144135,https://a0.muscache.com/pictures/miso/Hosting-905061136653144135/original/da51f6a2-004f-4638-9ee8-b649fef75427.jpeg,success,200.0,c:\Prathik\MY DOCUMENTS\Rental_price_prediction\datasets\multimodal_v3\images\905061136653144135.jpg,2876807,6000,4000,RGB,4406e40dcac3e667dc1b3c636ea640dd,
844068528153943411,https://a0.muscache.com/pictures/miso/Hosting-844068528153943411/original/2ff10747-a64a-4749-ac40-43d61c414991.jpeg,success,200.0,c:\Prathik\MY DOCUMENTS\Rental_price_prediction\datasets\multimodal_v3\images\844068528153943411.jpg,3525606,5645,3763,RGB,ad50e9a99b9052678c26e75754cca432,
910907854763657276,https://a0.muscache.com/pictures/140d199b-7a53-466b-9b30-3059cb3830f8.jpg,success,200.0,c:\Prathik\MY DOCUMENTS\Rental_price_prediction\datasets\multimodal_v3\images\910907854763657276.jpg,746922,4032,3024,RGB,838a0b754b71ea2440ff29d8e1b15c97,
907970414270132974,https://a0.muscache.com/pictures/miso/Hosting-907970414270132974/original/fe221fb5-5453-4b78-a5c6-9d6b70535914.jpeg,success,200.0,c:\Prathik\MY DOCUMENTS\Rental_price_prediction\datasets\multimodal_v3\images\907970414270132974.jpg,466873,2048,1365,RGB,fa44ba89e676206ba5476da1f45164b6,
907136929576085999,https://a0.muscache.com/pictures/hosting/Hosting-U3RheVN1cHBseUxpc3Rpbmc6OTA3MTM2OTI5NTc2MDg1OTk5/original/c48915e3-2c67-40ce-b909-456110729f2f.jpeg,success,200.0,c:\Prathik\MY DOCUMENTS\Rental_price_prediction\datasets\multimodal_v3\images\907136929576085999.jpg,1934628,3000,4000,RGB,9a30c6436a0cd7942ea4d64e3c671fd5,
912548857441480143,https://a0.muscache.com/pictures/miso/Hosting-912548857441480143/original/2af1922a-33fd-40ce-b6c1-f201daab54c1.jpeg,success,200.0,c:\Prathik\MY DOCUMENTS\Rental_price_prediction\datasets\multimodal_v3\images\912548857441480143.jpg,509319,2048,1365,RGB,61907f8f084fd189c764a5b1b6814b53,
913155025675993877,https://a0.muscache.com/pictures/d6a96113-ff47-455e-a7c7-d8cbcffe1ece.jpg,success_cached,200.0,c:\Prathik\MY DOCUMENTS\Rental_price_prediction\datasets\multimodal_v3\images\913155025675993877.jpg,176469,1242,816,RGB,9e8eebe112daf99c85851760bf280aa1,
900105062585449125,https://a0.muscache.com/pictures/miso/Hosting-900105062585449125/original/db5830ba-4b40-4da3-a5b2-670a6cdbcfd0.jpeg,success,200.0,c:\Prathik\MY DOCUMENTS\Rental_price_prediction\datasets\multimodal_v3\images\900105062585449125.jpg,2227368,4128,2322,RGB,fe468f09f06228eba7d7052ecb592e7c,
892113107850098005,https://a0.muscache.com/pictures/miso/Hosting-892113107850098005/original/abe11ae2-cee6-4250-90a5-f4051bd03b69.jpeg,success,200.0,c:\Prathik\MY DOCUMENTS\Rental_price_prediction\datasets\multimodal_v3\images\892113107850098005.jpg,1710955,4032,2688,RGB,b82fc33fb3adb32728ca54dc835b690c,
913639609236218890,https://a0.muscache.com/pictures/miso/Hosting-913639609236218890/original/cb3aaa9e-aaa6-411c-a33b-a91f406a3509.jpeg,success_cached,200.0,c:\Prathik\MY DOCUMENTS\Rental_price_prediction\datasets\multimodal_v3\images\913639609236218890.jpg,706858,2048,1365,RGB,34dd133a83809149849c4244272518c9,
859477116752256153,https://a0.muscache.com/pictures/miso/Hosting-859477116752256153/original/effd1714-046c-4e00-81cb-b2ed86fbcd6c.jpeg,success,200.0,c:\Prathik\MY DOCUMENTS\Rental_price_prediction\datasets\multimodal_v3\images\859477116752256153.jpg,9073101,7845,5230,RGB,1a0e537b1897f10c9184f5b543e47136,
878345113794797280,https://a0.muscache.com/pictures/prohost-api/Hosting-878345113794797280/original/473f2770-87ed-4a05-b661-939882942766.jpeg,success,200.0,c:\Prathik\MY DOCUMENTS\Rental_price_prediction\datasets\multimodal_v3\images\878345113794797280.jpg,1405681,3778,2540,RGB,9abe8c14a0f1339da2850e9e4fca9f8c,
912556709616696491,https://a0.muscache.com/pictures/miso/Hosting-912556709616696491/original/a1ecd6eb-e050-49bb-ba39-466511ee4df0.jpeg,success,200.0,c:\Prathik\MY DOCUMENTS\Rental_price_prediction\datasets\multimodal_v3\images\912556709616696491.jpg,1633610,4032,3024,RGB,213e604206e7b1c2e36b07916ca2fc79,
914559574241378585,https://a0.muscache.com/pictures/31a16c75-2be9-42c7-9bd5-85c7ffef4cb5.jpg,failed_http_404,404.0,,0,0,0,,,HTTP 404
900137614649229914,https://a0.muscache.com/pictures/miso/Hosting-900137614649229914/original/315d0e73-e84a-40f9-acba-e8cdfa8b62a9.jpeg,success,200.0,c:\Prathik\MY DOCUMENTS\Rental_price_prediction\datasets\multimodal_v3\images\900137614649229914.jpg,853422,2048,1365,RGB,5f653c215bae33c65a057d5d439b1553,
910246575940347861,https://a0.muscache.com/pictures/miso/Hosting-910246575940347861/original/2198cf86-8362-404f-a1d0-82bff30b81d6.jpeg,success,200.0,c:\Prathik\MY DOCUMENTS\Rental_price_prediction\datasets\multimodal_v3\images\910246575940347861.jpg,1855644,3024,4032,RGB,4346acddd31e180c954fe1b3a047983e,
905154408774749090,https://a0.muscache.com/pictures/prohost-api/Hosting-905154408774749090/original/0687fd9a-a872-445b-a88a-0ed0f893a601.jpeg,success,200.0,c:\Prathik\MY DOCUMENTS\Rental_price_prediction\datasets\multimodal_v3\images\905154408774749090.jpg,1819823,4928,3280,RGB,edf2b22cf1660caa85247d63243ca4c4,
913558500955052687,https://a0.muscache.com/pictures/miso/Hosting-913558500955052687/original/a8b384c7-d664-4a08-b6c4-bfa30d734084.jpeg,success,200.0,c:\Prathik\MY DOCUMENTS\Rental_price_prediction\datasets\multimodal_v3\images\913558500955052687.jpg,2166898,4032,3024,RGB,d7cbf7ecea63f94b41f99cf2e736564c,
916890386805703130,https://a0.muscache.com/pictures/miso/Hosting-916890386805703130/original/18b40d28-a9bf-4562-bf8a-b29e9244ff54.jpeg,success_cached,200.0,c:\Prathik\MY DOCUMENTS\Rental_price_prediction\datasets\multimodal_v3\images\916890386805703130.jpg,116624,640,480,RGB,c2d9f09311a9fb7fc7617ccad94a6cff,
874686282814242987,https://a0.muscache.com/pictures/miso/Hosting-874686282814242987/original/06fc4632-e854-4d50-b6f7-46bc6aac5e64.jpeg,success,200.0,c:\Prathik\MY DOCUMENTS\Rental_price_prediction\datasets\multimodal_v3\images\874686282814242987.jpg,2618407,5583,3641,RGB,a8839fbd65d0aaf6c507d967f7cdafa9,
911446741074991676,https://a0.muscache.com/pictures/miso/Hosting-911446741074991676/original/edc396c5-79cd-4b9c-8f14-176c946085dc.jpeg,success,200.0,c:\Prathik\MY DOCUMENTS\Rental_price_prediction\datasets\multimodal_v3\images\911446741074991676.jpg,1018758,3000,2000,RGB,90f00583be454931bd430a4dca9138b4,
917403805499746391,https://a0.muscache.com/pictures/miso/Hosting-917403805499746391/original/324cf234-2ef4-4f49-b624-455d2175433e.jpeg,success,200.0,c:\Prathik\MY DOCUMENTS\Rental_price_prediction\datasets\multimodal_v3\images\917403805499746391.jpg,1003733,2048,1534,RGB,54a09945afcded2c4bf74a0f367e7ebc,
912519329404994614,https://a0.muscache.com/pictures/miso/Hosting-912519329404994614/original/dfc94835-efc0-460b-863a-0769e2087901.jpeg,success,200.0,c:\Prathik\MY DOCUMENTS\Rental_price_prediction\datasets\multimodal_v3\images\912519329404994614.jpg,1448167,2048,1365,RGB,cb0eebeec068bdccf4d9a9e85364ccc4,
920157313941291970,https://a0.muscache.com/pictures/9214c1eb-62f7-468e-8527-3f21b5198e73.jpg,success_cached,200.0,c:\Prathik\MY DOCUMENTS\Rental_price_prediction\datasets\multimodal_v3\images\920157313941291970.jpg,752215,4032,3024,RGB,edef114109c278b84cfe19555c25b0c4,
912533177289891560,https://a0.muscache.com/pictures/miso/Hosting-912533177289891560/original/a597aa56-1f39-4956-90b4-0c82ddae3c40.jpeg,success,200.0,c:\Prathik\MY DOCUMENTS\Rental_price_prediction\datasets\multimodal_v3\images\912533177289891560.jpg,996890,2048,1365,RGB,990678640f0015baa0e76316c7480370,
856678083000821060,https://a0.muscache.com/pictures/miso/Hosting-856678083000821060/original/88785155-d773-4701-8d03-af5acd661c68.jpeg,success,200.0,c:\Prathik\MY DOCUMENTS\Rental_price_prediction\datasets\multimodal_v3\images\856678083000821060.jpg,7972075,6687,4458,RGB,fbda80d7e023b5c3b93c1421068daf99,
902039232279530268,https://a0.muscache.com/pictures/miso/Hosting-902039232279530268/original/35ed92ba-015d-4a46-aff0-0370e574ad00.jpeg,success,200.0,c:\Prathik\MY DOCUMENTS\Rental_price_prediction\datasets\multimodal_v3\images\902039232279530268.jpg,2490731,3811,2541,RGB,9427bc0d8e10610c7392bbfcde7cdadf,
915084960312092772,https://a0.muscache.com/pictures/miso/Hosting-915084960312092772/original/635f198e-0fd6-44af-8414-d1d55c1fddb1.jpeg,success,200.0,c:\Prathik\MY DOCUMENTS\Rental_price_prediction\datasets\multimodal_v3\images\915084960312092772.jpg,6001293,6720,4480,RGB,2667d1e1c5048d174848484fe62b063c,
917522748571398471,https://a0.muscache.com/pictures/prohost-api/Hosting-917522748571398471/original/0b6089b9-ab21-40da-b0af-9226a1c2dc6a.jpeg,success,200.0,c:\Prathik\MY DOCUMENTS\Rental_price_prediction\datasets\multimodal_v3\images\917522748571398471.jpg,334757,1920,1080,RGB,a7f1b9a7b1c296f865e6f510f90be2ca,
894851798212440384,https://a0.muscache.com/pictures/miso/Hosting-894851798212440384/original/75ca8a42-2cfc-4967-a8c4-6c2d0665b038.jpeg,success,200.0,c:\Prathik\MY DOCUMENTS\Rental_price_prediction\datasets\multimodal_v3\images\894851798212440384.jpg,2540332,3600,2400,RGB,d9729e98d8d8395c297a901a35389fbe,
914459090622383604,https://a0.muscache.com/pictures/miso/Hosting-914459090622383604/original/9e4a0507-8369-426c-88b4-8a322d03dfd6.jpeg,success,200.0,c:\Prathik\MY DOCUMENTS\Rental_price_prediction\datasets\multimodal_v3\images\914459090622383604.jpg,996178,2048,1365,RGB,802a7776638270d873b772dc4f3e65db,
913737146291379712,https://a0.muscache.com/pictures/prohost-api/Hosting-913737146291379712/original/b59f3c2c-6eeb-4f35-82b7-a9a158bf3906.jpeg,success,200.0,c:\Prathik\MY DOCUMENTS\Rental_price_prediction\datasets\multimodal_v3\images\913737146291379712.jpg,1819860,3840,2560,RGB,1751514169d4f674c75e445290f0f3f5,
913626566578064722,https://a0.muscache.com/pictures/miso/Hosting-913626566578064722/original/a9e18f53-a8a4-4fd0-ac1a-e51a0bcbb9ae.jpeg,success,200.0,c:\Prathik\MY DOCUMENTS\Rental_price_prediction\datasets\multimodal_v3\images\913626566578064722.jpg,1757783,3058,2786,RGB,4859e55030ba522ae35033d4949c33b2,
916716228670191811,https://a0.muscache.com/pictures/miso/Hosting-916716228670191811/original/153474d2-9571-47db-a5b6-4740b0a1bffd.jpeg,success,200.0,c:\Prathik\MY DOCUMENTS\Rental_price_prediction\datasets\multimodal_v3\images\916716228670191811.jpg,2587257,4080,3072,RGB,13c48fe727097e3b19d08d732aa6bbef,
898803034016367682,https://a0.muscache.com/pictures/miso/Hosting-898803034016367682/original/33dcb2ab-889e-4231-bb2b-6a978752d4f8.png,success,200.0,c:\Prathik\MY DOCUMENTS\Rental_price_prediction\datasets\multimodal_v3\images\898803034016367682.jpg,613206,1898,1426,RGB,ce86498e2dd29cbfff9c808659b1c355,
920413920053955949,https://a0.muscache.com/pictures/miso/Hosting-920413920053955949/original/1aea77e4-87de-49c8-b52d-bc40fbb52b34.jpeg,success,200.0,c:\Prathik\MY DOCUMENTS\Rental_price_prediction\datasets\multimodal_v3\images\920413920053955949.jpg,363143,2048,1365,RGB,b78ccbe42b2d454f12a3d330130e590b,
925281327366164699,https://a0.muscache.com/pictures/prohost-api/Hosting-925281327366164699/original/265eea62-1285-4c5a-bae3-bd09fddc6a7a.jpeg,failed_http_404,404.0,,0,0,0,,,HTTP 404
914485386467874668,https://a0.muscache.com/pictures/miso/Hosting-914485386467874668/original/9c77addf-ae39-4e9c-b2d9-ac20e4bcaa5e.jpeg,success,200.0,c:\Prathik\MY DOCUMENTS\Rental_price_prediction\datasets\multimodal_v3\images\914485386467874668.jpg,1560125,3024,2016,RGB,0ff11e28ce8a47cbb59656998d993ce1,
925968228721793207,https://a0.muscache.com/pictures/prohost-api/Hosting-925968228721793207/original/8759b0d0-2445-496a-874b-0b206ead5251.jpeg,failed_http_404,404.0,,0,0,0,,,HTTP 404
926674700646385055,https://a0.muscache.com/pictures/prohost-api/Hosting-926674700646385055/original/4e44fb84-167d-4d75-91b8-2deb950fa613.jpeg,failed_http_404,404.0,,0,0,0,,,HTTP 404
926832854595626519,https://a0.muscache.com/pictures/miso/Hosting-926832854595626519/original/7cb5deb6-1147-4bcc-a87f-31830b032bd9.jpeg,failed_http_404,404.0,,0,0,0,,,HTTP 404
929106155344380274,https://a0.muscache.com/pictures/prohost-api/Hosting-929106155344380274/original/10f51746-a763-4d1d-bcd8-91a7ce24250e.jpeg,success,200.0,c:\Prathik\MY DOCUMENTS\Rental_price_prediction\datasets\multimodal_v3\images\929106155344380274.jpg,58384,720,480,RGB,b1a2496633450d0e209922de5d2b29d7,
929228082299378218,https://a0.muscache.com/pictures/miso/Hosting-929228082299378218/original/84757f94-dab2-4d3f-b5e0-48a566243f19.jpeg,success_cached,200.0,c:\Prathik\MY DOCUMENTS\Rental_price_prediction\datasets\multimodal_v3\images\929228082299378218.jpg,499381,2048,1365,RGB,cdcd901b7f8ca7467225bbb0d453f33e,
931228431205741838,https://a0.muscache.com/pictures/miso/Hosting-931228431205741838/original/08e1fc0c-5c7c-4f21-aa10-59843d6e9b28.jpeg,success_cached,200.0,c:\Prathik\MY DOCUMENTS\Rental_price_prediction\datasets\multimodal_v3\images\931228431205741838.jpg,190586,1024,681,RGB,4c03f36c440cd5e829d5c1605f8573dd,
905154358245611560,https://a0.muscache.com/pictures/prohost-api/Hosting-905154358245611560/original/9b21f827-9b08-4929-bab3-b44fde3496e0.jpeg,success,200.0,c:\Prathik\MY DOCUMENTS\Rental_price_prediction\datasets\multimodal_v3\images\905154358245611560.jpg,2103791,4928,3280,RGB,e368a5992eeb5f4b5070a111bfef63a1,
825357042765109909,https://a0.muscache.com/pictures/miso/Hosting-825357042765109909/original/14cf47f4-7324-4141-b3a4-74f6260129da.jpeg,success,200.0,c:\Prathik\MY DOCUMENTS\Rental_price_prediction\datasets\multimodal_v3\images\825357042765109909.jpg,6629384,5760,3840,RGB,5a19a83c621bacaa245757504636f6b2,
929079995393281579,https://a0.muscache.com/pictures/miso/Hosting-929079995393281579/original/b0a9bd76-0206-4caa-8e2e-6524ab332dfc.jpeg,success,200.0,c:\Prathik\MY DOCUMENTS\Rental_price_prediction\datasets\multimodal_v3\images\929079995393281579.jpg,111307,600,400,RGB,26f071be2f446afcbf7156b4b2a33957,
902043056459773980,https://a0.muscache.com/pictures/miso/Hosting-902043056459773980/original/0036d991-0f2f-44b8-9800-114f72249801.jpeg,success,200.0,c:\Prathik\MY DOCUMENTS\Rental_price_prediction\datasets\multimodal_v3\images\902043056459773980.jpg,2796523,4000,2667,RGB,c5465e1945431fa1db4b014aa17bc023,
933834867254845799,https://a0.muscache.com/pictures/prohost-api/Hosting-933834867254845799/original/c13aebad-5f61-4bcd-ad71-eaafd5c6a2e0.png,failed_http_404,404.0,,0,0,0,,,HTTP 404
919001786154332854,https://a0.muscache.com/pictures/airflow/Hosting-919001786154332854/original/98229ecd-c724-4d77-8efd-c689efd7e1c7.jpg,success,200.0,c:\Prathik\MY DOCUMENTS\Rental_price_prediction\datasets\multimodal_v3\images\919001786154332854.jpg,2502092,4200,2800,RGB,bc04a0975890d1ac0541fa2ffd4e41d6,
878022456989537209,https://a0.muscache.com/pictures/miso/Hosting-878022456989537209/original/61aeada6-761b-42a7-93f2-de9751aaf9e8.jpeg,success,200.0,c:\Prathik\MY DOCUMENTS\Rental_price_prediction\datasets\multimodal_v3\images\878022456989537209.jpg,2983434,5760,3840,RGB,f29429143928ea7cd02e8963f0b46d6b,
934254553856369722,https://a0.muscache.com/pictures/prohost-api/Hosting-934254553856369722/original/df77c57d-448f-45d9-b368-9e929660d7af.jpeg,success_cached,200.0,c:\Prathik\MY DOCUMENTS\Rental_price_prediction\datasets\multimodal_v3\images\934254553856369722.jpg,1713517,3923,2456,RGB,ccf8c712c6df84e681d98ce901cd63f5,
934254685608009725,https://a0.muscache.com/pictures/prohost-api/Hosting-934254685608009725/original/ab80319b-414f-436b-bc3a-2c2c9032d987.jpeg,success_cached,200.0,c:\Prathik\MY DOCUMENTS\Rental_price_prediction\datasets\multimodal_v3\images\934254685608009725.jpg,1713517,3923,2456,RGB,ccf8c712c6df84e681d98ce901cd63f5,
934236001272003289,https://a0.muscache.com/pictures/prohost-api/Hosting-934236001272003289/original/604d3eb9-a759-4627-8afa-4e9f03ec25b7.jpeg,failed_http_404,404.0,,0,0,0,,,HTTP 404
919679227749204195,https://a0.muscache.com/pictures/miso/Hosting-919679227749204195/original/9bd255c7-8500-4b54-9460-ff2cda5b5f91.jpeg,success,200.0,c:\Prathik\MY DOCUMENTS\Rental_price_prediction\datasets\multimodal_v3\images\919679227749204195.jpg,2085197,4032,3024,RGB,76bec5dc9e74eafe58074d9da85cee40,
934275202717613061,https://a0.muscache.com/pictures/miso/Hosting-934275202717613061/original/9bf01ac1-0597-4efe-9f45-5ddde66b808d.jpeg,success_cached,200.0,c:\Prathik\MY DOCUMENTS\Rental_price_prediction\datasets\multimodal_v3\images\934275202717613061.jpg,320684,2048,1365,RGB,b397f40dc6593fe2af94e2c9040610d8,
935567410171977529,https://a0.muscache.com/pictures/prohost-api/Hosting-935567410171977529/original/8a3237cc-1751-4e4e-ba94-7d1adbd38922.jpeg,failed_http_404,404.0,,0,0,0,,,HTTP 404
921976393482779982,https://a0.muscache.com/pictures/miso/Hosting-921976393482779982/original/860acce7-6511-4104-9619-f5136e03c1b8.png,success,200.0,c:\Prathik\MY DOCUMENTS\Rental_price_prediction\datasets\multimodal_v3\images\921976393482779982.jpg,192358,1052,692,RGB,ab90d67773fe6226c0ca6ca45c4d90d0,
934254178274913102,https://a0.muscache.com/pictures/prohost-api/Hosting-934254178274913102/original/09c39e8b-4163-4b59-8c25-5d8d03580326.jpeg,success,200.0,c:\Prathik\MY DOCUMENTS\Rental_price_prediction\datasets\multimodal_v3\images\934254178274913102.jpg,197435,1322,746,RGB,ac66c0e51e164a9be20a704301c5024d,
937765096957535160,https://a0.muscache.com/pictures/21265699-1d44-4343-b3c3-47e67c04f826.jpg,success_cached,200.0,c:\Prathik\MY DOCUMENTS\Rental_price_prediction\datasets\multimodal_v3\images\937765096957535160.jpg,700396,3749,2437,RGB,e513dcc0ea0b9f49938be177fd603ed0,
910075730457319527,https://a0.muscache.com/pictures/miso/Hosting-910075730457319527/original/699577b0-c51b-4ece-afaa-73bfaecbaeea.jpeg,success,200.0,c:\Prathik\MY DOCUMENTS\Rental_price_prediction\datasets\multimodal_v3\images\910075730457319527.jpg,4279761,4032,3024,RGB,15d27c623e035c03c6a079eecdf289f4,
921731934713652513,https://a0.muscache.com/pictures/miso/Hosting-921731934713652513/original/a8ccf43a-23a0-47a6-9c53-38b6f8005ae6.jpeg,success,200.0,c:\Prathik\MY DOCUMENTS\Rental_price_prediction\datasets\multimodal_v3\images\921731934713652513.jpg,475559,2048,1365,RGB,b08694187a2a302a9de814ae98e1e236,
877551972813715839,https://a0.muscache.com/pictures/miso/Hosting-877551972813715839/original/c6415534-edba-4c8a-9e06-b1785804d8ad.jpeg,success,200.0,c:\Prathik\MY DOCUMENTS\Rental_price_prediction\datasets\multimodal_v3\images\877551972813715839.jpg,4049678,6953,5562,RGB,78958779853d11c2021062c7a7e00e4b,
937963438200169329,https://a0.muscache.com/pictures/76fbcc3d-3fd3-49d7-9430-255a2d01f3da.jpg,failed_http_404,404.0,,0,0,0,,,HTTP 404
940440797741865839,https://a0.muscache.com/pictures/miso/Hosting-940440797741865839/original/58fc7558-4da6-4709-ba08-06e510ac13ff.jpeg,success_cached,200.0,c:\Prathik\MY DOCUMENTS\Rental_price_prediction\datasets\multimodal_v3\images\940440797741865839.jpg,149979,1125,740,RGB,cb347193ddbeab614ffb9b8cbaac3bce,
924646883925954105,https://a0.muscache.com/pictures/miso/Hosting-924646883925954105/original/e56b0341-4b27-4b79-9423-7eaf6b99f4f9.png,success,200.0,c:\Prathik\MY DOCUMENTS\Rental_price_prediction\datasets\multimodal_v3\images\924646883925954105.jpg,276364,1442,982,RGB,ac76c75a0b309fb8df7e16346d119f8f,
940492283292597065,https://a0.muscache.com/pictures/miso/Hosting-940492283292597065/original/a0c6d725-9655-466d-a477-e27746a123c9.jpeg,success,200.0,c:\Prathik\MY DOCUMENTS\Rental_price_prediction\datasets\multimodal_v3\images\940492283292597065.jpg,157133,1024,683,RGB,671075d540db98e57759680da5a10acd,
941362749329597296,https://a0.muscache.com/pictures/hosting/Hosting-941362749329597296/original/05d93084-f540-43ae-bd7a-b33352d88da8.jpeg,failed_http_404,404.0,,0,0,0,,,HTTP 404
938262848303063581,https://a0.muscache.com/pictures/4d7f8ba7-7f4d-45ab-abeb-d8c98ca8c214.jpg,success,200.0,c:\Prathik\MY DOCUMENTS\Rental_price_prediction\datasets\multimodal_v3\images\938262848303063581.jpg,1843327,3457,2593,RGB,ab965cd74a5924d97dde9ce493305d05,
941986228114776472,https://a0.muscache.com/pictures/miso/Hosting-941986228114776472/original/be46e692-035c-4122-b23c-def9dd5745fe.jpeg,success_cached,200.0,c:\Prathik\MY DOCUMENTS\Rental_price_prediction\datasets\multimodal_v3\images\941986228114776472.jpg,491710,1440,960,RGB,ec2fa910671d3fcf5b2d20bb8ccaf0c2,
942059132905756376,https://a0.muscache.com/pictures/miso/Hosting-942059132905756376/original/b64214f4-d66e-4769-9eac-8a321d8fdc57.jpeg,success_cached,200.0,c:\Prathik\MY DOCUMENTS\Rental_price_prediction\datasets\multimodal_v3\images\942059132905756376.jpg,231494,1200,800,RGB,8916b07e62a905c58c06916d077e3fca,
942157457050611710,https://a0.muscache.com/pictures/miso/Hosting-942157457050611710/original/881e148e-08bd-44d7-9ab4-ade972dcd2b2.jpeg,success_cached,200.0,c:\Prathik\MY DOCUMENTS\Rental_price_prediction\datasets\multimodal_v3\images\942157457050611710.jpg,427175,2048,1365,RGB,febd5e6c6cfdcf78293ba9bcaeb1b60c,
942757778590638140,https://a0.muscache.com/pictures/miso/Hosting-942757778590638140/original/f165e539-fcbe-4530-9574-5e22c3ca8337.jpeg,failed_http_404,404.0,,0,0,0,,,HTTP 404
915365547791555861,https://a0.muscache.com/pictures/miso/Hosting-915365547791555861/original/ed01f678-cedf-40aa-9b8a-d4229c954984.jpeg,success,200.0,c:\Prathik\MY DOCUMENTS\Rental_price_prediction\datasets\multimodal_v3\images\915365547791555861.jpg,6001293,6720,4480,RGB,2667d1e1c5048d174848484fe62b063c,
907311721592352305,https://a0.muscache.com/pictures/miso/Hosting-907311721592352305/original/e19bf738-6cf1-48d8-a5c1-72b45ff5312a.jpeg,success,200.0,c:\Prathik\MY DOCUMENTS\Rental_price_prediction\datasets\multimodal_v3\images\907311721592352305.jpg,3271717,4032,3024,RGB,5430643195dfd763b7ca55f08eebd6e0,
939852912388913682,https://a0.muscache.com/pictures/miso/Hosting-939852912388913682/original/75f7b9fe-ad37-40c9-94cb-2a34da263cc4.jpeg,success,200.0,c:\Prathik\MY DOCUMENTS\Rental_price_prediction\datasets\multimodal_v3\images\939852912388913682.jpg,361907,1200,801,RGB,fb3a3a213ba0c00dc98a795425f1a41c,
943578343906663323,https://a0.muscache.com/pictures/miso/Hosting-943578343906663323/original/4b889b66-c206-4bfd-9a67-9bb8308110b8.jpeg,success_cached,200.0,c:\Prathik\MY DOCUMENTS\Rental_price_prediction\datasets\multimodal_v3\images\943578343906663323.jpg,292326,960,720,RGB,842a7af4bb219861a30191f8911a8b74,
925223043414842459,https://a0.muscache.com/pictures/prohost-api/Hosting-925223043414842459/original/1fe3f7b8-7b3f-4a74-9d3e-fdb7e6d35130.png,success,200.0,c:\Prathik\MY DOCUMENTS\Rental_price_prediction\datasets\multimodal_v3\images\925223043414842459.jpg,418732,2000,1337,RGB,c07f7bebb5cf98262fb71a08cdddcc81,
934255592855102634,https://a0.muscache.com/pictures/prohost-api/Hosting-934255592855102634/original/a35176db-1d29-4d92-be8f-5898203e50b6.jpeg,success,200.0,c:\Prathik\MY DOCUMENTS\Rental_price_prediction\datasets\multimodal_v3\images\934255592855102634.jpg,3355426,4928,3280,RGB,fe5bffe757b7b8215a119863bce72591,
944339687971561205,https://a0.muscache.com/pictures/miso/Hosting-944339687971561205/original/04ad72be-5ef7-4f42-b7c5-d8c193e7b148.jpeg,failed_http_404,404.0,,0,0,0,,,HTTP 404
907246055069667619,https://a0.muscache.com/pictures/miso/Hosting-907246055069667619/original/3c93993a-031b-4825-bb2d-d5715179e57d.jpeg,success,200.0,c:\Prathik\MY DOCUMENTS\Rental_price_prediction\datasets\multimodal_v3\images\907246055069667619.jpg,4192831,6000,4000,RGB,2994c043919d8c7f9762a64240425be4,
942839218482237117,https://a0.muscache.com/pictures/miso/Hosting-942839218482237117/original/9ece3a6e-68e5-40e9-85a4-05d589476d6b.jpeg,success,200.0,c:\Prathik\MY DOCUMENTS\Rental_price_prediction\datasets\multimodal_v3\images\942839218482237117.jpg,195690,1136,758,RGB,ee2964dffc5192c8bb96e80473a4947a,
943631586247465070,https://a0.muscache.com/pictures/5121d68b-ff08-4d92-8a45-a6d9ce43aa41.jpg,success,200.0,c:\Prathik\MY DOCUMENTS\Rental_price_prediction\datasets\multimodal_v3\images\943631586247465070.jpg,288485,1773,1170,RGB,bb6ced75a345e3c2fda6e4c8753a5820,
945648970226298157,https://a0.muscache.com/pictures/869fd47e-059c-4793-9c5c-5dd25ecc83a2.jpg,success_cached,200.0,c:\Prathik\MY DOCUMENTS\Rental_price_prediction\datasets\multimodal_v3\images\945648970226298157.jpg,891392,4032,2688,RGB,ae396dee2cf7164e36bda86439203d58,
908883275096331436,https://a0.muscache.com/pictures/miso/Hosting-908883275096331436/original/fbf928d2-fecf-4949-b7d4-ad6066b661b8.jpeg,success,200.0,c:\Prathik\MY DOCUMENTS\Rental_price_prediction\datasets\multimodal_v3\images\908883275096331436.jpg,2877065,3600,2400,RGB,e2560ceaa55a19f23c8f9bc28a6f9555,
945593472202424241,https://a0.muscache.com/pictures/prohost-api/Hosting-945593472202424241/original/f6ed13eb-6c19-447d-b187-3d1d03888464.jpeg,failed_http_404,404.0,,0,0,0,,,HTTP 404
945632598248985674,https://a0.muscache.com/pictures/miso/Hosting-945632598248985674/original/ed703dd6-a182-4550-be27-9f7708334795.jpeg,failed_http_404,404.0,,0,0,0,,,HTTP 404
934256042476670989,https://a0.muscache.com/pictures/prohost-api/Hosting-934256042476670989/original/ea85bb41-8baf-4ecb-b42e-bcdc3c0a6e05.jpeg,success,200.0,c:\Prathik\MY DOCUMENTS\Rental_price_prediction\datasets\multimodal_v3\images\934256042476670989.jpg,3355426,4928,3280,RGB,fe5bffe757b7b8215a119863bce72591,
947886864973950635,https://a0.muscache.com/pictures/8042b84a-7adb-4147-9324-4862eaf14abf.jpg,success_cached,200.0,c:\Prathik\MY DOCUMENTS\Rental_price_prediction\datasets\multimodal_v3\images\947886864973950635.jpg,1097043,4032,3024,RGB,994e35895880675eaa6224d277f2b7ef,
921849366931019999,https://a0.muscache.com/pictures/miso/Hosting-921849366931019999/original/306b1ebc-eb8d-49d4-97db-c1ad9a0f718d.jpeg,success,200.0,c:\Prathik\MY DOCUMENTS\Rental_price_prediction\datasets\multimodal_v3\images\921849366931019999.jpg,2620011,4032,3024,RGB,e9c99a63514363a3ef3d9aff4f11b3cc,
949142116052615875,https://a0.muscache.com/pictures/prohost-api/Hosting-949142116052615875/original/3b1a51e6-57ec-4036-a4a8-b861a75ad923.jpeg,success_cached,200.0,c:\Prathik\MY DOCUMENTS\Rental_price_prediction\datasets\multimodal_v3\images\949142116052615875.jpg,167375,911,683,RGB,7b57f98263b40c662c001c534fe42085,
949160817922917345,https://a0.muscache.com/pictures/miso/Hosting-949160817922917345/original/ad3b7a35-c921-4dcd-83d8-5c8cc7d4b284.png,success_cached,200.0,c:\Prathik\MY DOCUMENTS\Rental_price_prediction\datasets\multimodal_v3\images\949160817922917345.jpg,90925,828,619,RGB,cad1e7dda1de79dcf7b8ae24e5228ff2,
909430637865426557,https://a0.muscache.com/pictures/prohost-api/Hosting-909430637865426557/original/252b483c-2613-48d3-83ce-ed72666eab9f.jpeg,success,200.0,c:\Prathik\MY DOCUMENTS\Rental_price_prediction\datasets\multimodal_v3\images\909430637865426557.jpg,1437635,2400,1600,RGB,efa5528f72cbe2a680290101ecc4f0cd,
942858349908946356,https://a0.muscache.com/pictures/106d1878-f3b4-4eb1-b88a-98600d441036.jpg,success,200.0,c:\Prathik\MY DOCUMENTS\Rental_price_prediction\datasets\multimodal_v3\images\942858349908946356.jpg,1449946,4032,3024,RGB,8bebd8095d2e612510858f6b162d9789,
949958386396884561,https://a0.muscache.com/pictures/miso/Hosting-949958386396884561/original/f3fd5f2e-8c2f-4f88-828d-84b4f6ce4f26.jpeg,success_cached,200.0,c:\Prathik\MY DOCUMENTS\Rental_price_prediction\datasets\multimodal_v3\images\949958386396884561.jpg,70926,640,480,RGB,696897bd3d787c4035ce3756a3ec63e3,
950016635621275606,https://a0.muscache.com/pictures/miso/Hosting-950016635621275606/original/61952bd4-0f34-46a0-b41f-7f094ab83dda.jpeg,success_cached,200.0,c:\Prathik\MY DOCUMENTS\Rental_price_prediction\datasets\multimodal_v3\images\950016635621275606.jpg,677809,2048,1365,RGB,147cb7e20be91277e1eeb4095e4f9b1e,
950041853346200508,https://a0.muscache.com/pictures/miso/Hosting-950041853346200508/original/51112891-06aa-4fd0-8750-baefbb77a823.png,success_cached,200.0,c:\Prathik\MY DOCUMENTS\Rental_price_prediction\datasets\multimodal_v3\images\950041853346200508.jpg,137039,810,609,RGB,b1839fef94c0b302e2c5c79581ee1e3a,
937739898532382078,https://a0.muscache.com/pictures/miso/Hosting-937739898532382078/original/8c82b2dc-1a9c-4c85-bcb9-9000fc7d0cd7.jpeg,success,200.0,c:\Prathik\MY DOCUMENTS\Rental_price_prediction\datasets\multimodal_v3\images\937739898532382078.jpg,206501,1344,892,RGB,6946ce234069b39f4e8af4be2762184f,
949359350190076397,https://a0.muscache.com/pictures/30ac69da-2e09-4ffe-85bf-887dabc2e9d4.jpg,failed_http_404,404.0,,0,0,0,,,HTTP 404
947603156471550068,https://a0.muscache.com/pictures/miso/Hosting-947603156471550068/original/d52c1925-e7ca-4f10-a4c3-665637b8d41c.jpeg,success,200.0,c:\Prathik\MY DOCUMENTS\Rental_price_prediction\datasets\multimodal_v3\images\947603156471550068.jpg,361222,2048,1365,RGB,7246c186765c4b55faaff916b869c60d,
949938972628207213,https://a0.muscache.com/pictures/miso/Hosting-949938972628207213/original/9ba000f4-2696-412f-821b-4668db145347.jpeg,success,200.0,c:\Prathik\MY DOCUMENTS\Rental_price_prediction\datasets\multimodal_v3\images\949938972628207213.jpg,446597,2048,1365,RGB,fe7fc8b70ab0a0f4fff9945a3eecd70e,
944814894478944448,https://a0.muscache.com/pictures/miso/Hosting-944814894478944448/original/a3b87dab-5a83-4e33-b04b-720f056e7477.jpeg,success,200.0,c:\Prathik\MY DOCUMENTS\Rental_price_prediction\datasets\multimodal_v3\images\944814894478944448.jpg,1952169,2448,3264,RGB,37f0d342be194769c0baf1c3033812f5,
905154333114072297,https://a0.muscache.com/pictures/prohost-api/Hosting-905154333114072297/original/b3f97060-eccf-4219-ae71-721267364561.jpeg,success,200.0,c:\Prathik\MY DOCUMENTS\Rental_price_prediction\datasets\multimodal_v3\images\905154333114072297.jpg,2874018,6481,4321,RGB,406791c6cc5bb3f391be58e77d44e925,
950052276023928506,https://a0.muscache.com/pictures/f041bfca-3072-49d4-b339-6bc98897dee5.jpg,success,200.0,c:\Prathik\MY DOCUMENTS\Rental_price_prediction\datasets\multimodal_v3\images\950052276023928506.jpg,1349382,3758,2818,RGB,27a48b8f08b67a6e0726ed1db7b91d0c,
927578061672342952,https://a0.muscache.com/pictures/miso/Hosting-927578061672342952/original/8b2e5db1-9837-4dbf-bfa1-d7d59e9fec10.jpeg,success,200.0,c:\Prathik\MY DOCUMENTS\Rental_price_prediction\datasets\multimodal_v3\images\927578061672342952.jpg,2063764,4032,3024,RGB,dfe0903c11e1863dbb6851077aef222a,
944099436117551075,https://a0.muscache.com/pictures/miso/Hosting-944099436117551075/original/a6e17288-5290-47ae-934e-9ed1e5152d62.jpeg,success,200.0,c:\Prathik\MY DOCUMENTS\Rental_price_prediction\datasets\multimodal_v3\images\944099436117551075.jpg,2582866,4000,3000,RGB,6745cb000a6c0936f481764a6292045f,
905154307076447568,https://a0.muscache.com/pictures/prohost-api/Hosting-905154307076447568/original/3deb8c24-6ba3-41b9-a1e2-a9ed444d7ad9.jpeg,failed_timeout_or_error,,,0,0,0,,,"('Connection broken: IncompleteRead(13606939 bytes read, 2679280 more expected)', IncompleteRead(13606939 bytes read, 2679280 more expected))"
950175437910794894,https://a0.muscache.com/pictures/hosting/Hosting-950175437910794894/original/892eb7e2-a5a8-4500-8e4e-ba839bc92b46.jpeg,success,200.0,c:\Prathik\MY DOCUMENTS\Rental_price_prediction\datasets\multimodal_v3\images\950175437910794894.jpg,1002982,4032,3024,RGB,031e5bb6f71d90f42018c1d4c829ca34,
918907030463472865,https://a0.muscache.com/pictures/miso/Hosting-918907030463472865/original/55febea9-8163-40bf-8daa-470a5a5c01fc.jpeg,success,200.0,c:\Prathik\MY DOCUMENTS\Rental_price_prediction\datasets\multimodal_v3\images\918907030463472865.jpg,7472136,8209,5472,RGB,62ce4e7e6fd1dc711a2d1e0e8c4fec1a,
955773692130383763,https://a0.muscache.com/pictures/miso/Hosting-955773692130383763/original/4b79dbab-7bfc-4e58-9064-00aaf043d4ce.jpeg,success_cached,200.0,c:\Prathik\MY DOCUMENTS\Rental_price_prediction\datasets\multimodal_v3\images\955773692130383763.jpg,935270,2048,1362,RGB,5f9347763172c0d4f035d6ded9c23f44,
954199869409361501,https://a0.muscache.com/pictures/d7aa9bb4-dc36-48c9-9e33-27f71f8b95ef.jpg,success,200.0,c:\Prathik\MY DOCUMENTS\Rental_price_prediction\datasets\multimodal_v3\images\954199869409361501.jpg,692410,3000,2000,RGB,a999687cb37de909c3e355244cac9d21,
884613041906381054,https://a0.muscache.com/pictures/prohost-api/Hosting-884613041906381054/original/8ee4647c-84df-4088-a00b-b018612f2504.jpeg,success,200.0,c:\Prathik\MY DOCUMENTS\Rental_price_prediction\datasets\multimodal_v3\images\884613041906381054.jpg,2741735,3840,2563,RGB,003779db442f4e011bc7daee485d3d7b,
955256297236854785,https://a0.muscache.com/pictures/de010001-078c-4ccd-9a50-8a8b66537e7f.jpg,success,200.0,c:\Prathik\MY DOCUMENTS\Rental_price_prediction\datasets\multimodal_v3\images\955256297236854785.jpg,273108,1500,2000,RGB,524de86111b2684afebac4cfdb5820bd,
938308796750327498,https://a0.muscache.com/pictures/miso/Hosting-938308796750327498/original/4c186fb3-c614-4ea1-9ba1-7e6acd6f901f.jpeg,success,200.0,c:\Prathik\MY DOCUMENTS\Rental_price_prediction\datasets\multimodal_v3\images\938308796750327498.jpg,1147522,2048,1365,RGB,59c167a5ebf8de8de55a32e32d4df909,
958536556489455533,https://a0.muscache.com/pictures/miso/Hosting-958536556489455533/original/da0bf9a5-3664-477b-babb-ea8c54bb67e7.jpeg,success,200.0,c:\Prathik\MY DOCUMENTS\Rental_price_prediction\datasets\multimodal_v3\images\958536556489455533.jpg,436263,2301,1536,RGB,0863481e933c750351c96355af614f98,
956737871290842094,https://a0.muscache.com/pictures/miso/Hosting-956737871290842094/original/783dbab7-881b-4915-8e7f-5095d800dc54.jpeg,success,200.0,c:\Prathik\MY DOCUMENTS\Rental_price_prediction\datasets\multimodal_v3\images\956737871290842094.jpg,465326,1200,900,RGB,b3b92eb590fd4cf50d70f2bfcb5523c2,
946942152314059431,https://a0.muscache.com/pictures/miso/Hosting-946942152314059431/original/c8cc73df-23a9-48f6-8b02-b1c3d9bc57ef.jpeg,success,200.0,c:\Prathik\MY DOCUMENTS\Rental_price_prediction\datasets\multimodal_v3\images\946942152314059431.jpg,1820609,3304,2204,RGB,4e271baecd38c52e19d1f9a207813db8,
952876845906063521,https://a0.muscache.com/pictures/bbbf254c-58dd-4665-81fa-c29733ed7f09.jpg,success,200.0,c:\Prathik\MY DOCUMENTS\Rental_price_prediction\datasets\multimodal_v3\images\952876845906063521.jpg,3506255,6016,4016,RGB,ee86b9408fbb4afbd1259ac59ae89e72,
958858441383979161,https://a0.muscache.com/pictures/d2085f06-f0cc-4708-8f30-1d08b0cb22da.jpg,failed_http_404,404.0,,0,0,0,,,HTTP 404
959431087080377518,https://a0.muscache.com/pictures/miso/Hosting-959431087080377518/original/739b9a8b-8a28-4e73-8721-15a7ecfc0a7b.jpeg,success_cached,200.0,c:\Prathik\MY DOCUMENTS\Rental_price_prediction\datasets\multimodal_v3\images\959431087080377518.jpg,134518,1024,683,RGB,e9aad904363ce253029bbbc820670e4a,
955272334235306587,https://a0.muscache.com/pictures/38d0266d-fe47-4db1-977e-1d95b569d1e2.jpg,success,200.0,c:\Prathik\MY DOCUMENTS\Rental_price_prediction\datasets\multimodal_v3\images\955272334235306587.jpg,2789210,4032,3024,RGB,0ba6fbef5f5a6d92a1eb0a4837d7c8e0,
962165832798178895,https://a0.muscache.com/pictures/4f9f76c3-79c9-4172-aeb3-79ba5f5d565e.jpg,success_cached,200.0,c:\Prathik\MY DOCUMENTS\Rental_price_prediction\datasets\multimodal_v3\images\962165832798178895.jpg,1849681,3600,2400,RGB,273c4899bb991b3b65216cfeca980856,
962421606426356360,https://a0.muscache.com/pictures/11ee9e43-0d51-4381-bdfb-784bf2ebc2bc.jpg,success_cached,200.0,c:\Prathik\MY DOCUMENTS\Rental_price_prediction\datasets\multimodal_v3\images\962421606426356360.jpg,302346,2000,1500,RGB,92ee819d9993d8650232f6d0240c1586,
934028935925276594,https://a0.muscache.com/pictures/miso/Hosting-847122003938479347/original/70f77621-278e-4cf2-aa75-5dce3fc5c7a9.jpeg,success,200.0,c:\Prathik\MY DOCUMENTS\Rental_price_prediction\datasets\multimodal_v3\images\934028935925276594.jpg,1616099,4000,2667,RGB,bf4ea431022c7c5db44c50097a3d74bd,
963721505306368285,https://a0.muscache.com/pictures/prohost-api/Hosting-963721505306368285/original/e2b98da4-d843-48c8-874d-c49d7176cd97.jpeg,success_cached,200.0,c:\Prathik\MY DOCUMENTS\Rental_price_prediction\datasets\multimodal_v3\images\963721505306368285.jpg,326430,1280,853,RGB,54cb1ad48c89e76640c01b0c3c5a5564,
963058466309364460,https://a0.muscache.com/pictures/prohost-api/Hosting-963058466309364460/original/e1d28a6f-2256-4450-92a6-d92d6909dfc7.jpeg,failed_http_404,404.0,,0,0,0,,,HTTP 404
963824260733841709,https://a0.muscache.com/pictures/79e84338-6f0d-4568-a887-745444be5daa.jpg,success,200.0,c:\Prathik\MY DOCUMENTS\Rental_price_prediction\datasets\multimodal_v3\images\963824260733841709.jpg,150416,1513,953,RGB,9e100b648658c79e2ed09dc3c067ac2e,
910236251610012703,https://a0.muscache.com/pictures/miso/Hosting-910236251610012703/original/829505c3-aef9-443b-af7e-cb582d5b2604.jpeg,success,200.0,c:\Prathik\MY DOCUMENTS\Rental_price_prediction\datasets\multimodal_v3\images\910236251610012703.jpg,3500892,6281,4187,RGB,05b8941d91a1b84254cb5d8c5a60f32c,
946245466416766945,https://a0.muscache.com/pictures/miso/Hosting-946245466416766945/original/679b3e48-bfb1-4dce-93cb-6e183896783f.png,success,200.0,c:\Prathik\MY DOCUMENTS\Rental_price_prediction\datasets\multimodal_v3\images\946245466416766945.jpg,513775,3047,2244,RGB,4088b0a85c8e7cd3ff318c20a45954dc,
905154459106096953,https://a0.muscache.com/pictures/prohost-api/Hosting-905154459106096953/original/4fd811fd-2152-4c58-a211-7d63a2d22178.jpeg,success,200.0,c:\Prathik\MY DOCUMENTS\Rental_price_prediction\datasets\multimodal_v3\images\905154459106096953.jpg,2817983,6501,4331,RGB,39a490c08836e7366e7273fc8a02ca84,
959293048175371033,https://a0.muscache.com/pictures/e253d08a-9beb-48b3-8cb2-ec9a4229526f.jpg,success,200.0,c:\Prathik\MY DOCUMENTS\Rental_price_prediction\datasets\multimodal_v3\images\959293048175371033.jpg,1721173,6016,4016,RGB,f4e00bcfb63e0f50352eb905e9df4f1c,
920404826869152671,https://a0.muscache.com/pictures/prohost-api/Hosting-920404826869152671/original/3f07eaf5-b050-4094-a8c2-acafb4b81199.jpeg,success,200.0,c:\Prathik\MY DOCUMENTS\Rental_price_prediction\datasets\multimodal_v3\images\920404826869152671.jpg,3220138,4928,3280,RGB,bd98860580d8535392c81a4573eb38c2,
905154383393409495,https://a0.muscache.com/pictures/prohost-api/Hosting-905154383393409495/original/37cf2fc4-3139-42ac-afb0-62134a71af4f.jpeg,success,200.0,c:\Prathik\MY DOCUMENTS\Rental_price_prediction\datasets\multimodal_v3\images\905154383393409495.jpg,2723653,4928,3280,RGB,a302028ecd5e9a296049370c72c771be,
964677706441318207,https://a0.muscache.com/pictures/miso/Hosting-964677706441318207/original/c1a386b4-1b5d-4fd5-a440-53453f8fcb0d.jpeg,success,200.0,c:\Prathik\MY DOCUMENTS\Rental_price_prediction\datasets\multimodal_v3\images\964677706441318207.jpg,587567,2048,1365,RGB,b66966e7d880b4e73f8f4997593b24a3,
966666297101138788,https://a0.muscache.com/pictures/hosting/Hosting-966666297101138788/original/7a637a6f-3f24-4f2c-b4ed-8e319787378b.jpeg,success,200.0,c:\Prathik\MY DOCUMENTS\Rental_price_prediction\datasets\multimodal_v3\images\966666297101138788.jpg,432003,1094,1463,RGB,0bd863dbe626a2d79920783e3a5c171b,
941181143521798221,https://a0.muscache.com/pictures/miso/Hosting-941181143521798221/original/155149db-b1c7-4916-9d17-d630bdb24a7c.jpeg,success,200.0,c:\Prathik\MY DOCUMENTS\Rental_price_prediction\datasets\multimodal_v3\images\941181143521798221.jpg,3890142,5382,3588,RGB,9c41c8c4564608525989411454751bec,
967615701891020277,https://a0.muscache.com/pictures/4d0f2a27-4a48-4e27-8b39-40c326105f97.jpg,success,200.0,c:\Prathik\MY DOCUMENTS\Rental_price_prediction\datasets\multimodal_v3\images\967615701891020277.jpg,785337,4032,3024,RGB,c5c8f2b83f15ce3197f1e19d8cf6516c,
958541071883618998,https://a0.muscache.com/pictures/miso/Hosting-958541071883618998/original/99fc6b9b-cf1c-4a19-9f37-c30aa48fc076.jpeg,success,200.0,c:\Prathik\MY DOCUMENTS\Rental_price_prediction\datasets\multimodal_v3\images\958541071883618998.jpg,463868,2301,1536,RGB,67b4509396faa79871e208bb1ebc2c13,
920404797652866756,https://a0.muscache.com/pictures/prohost-api/Hosting-920404797652866756/original/14299678-c73a-42ae-b63c-8573e7e1ffa1.jpeg,success,200.0,c:\Prathik\MY DOCUMENTS\Rental_price_prediction\datasets\multimodal_v3\images\920404797652866756.jpg,3988592,5272,3948,RGB,351da13cb4bf1a1c644f291d9f7b44e1,
912266648636837241,https://a0.muscache.com/pictures/miso/Hosting-912266648636837241/original/a3ee16b5-156d-4678-ab73-e6c6f6183045.jpeg,success,200.0,c:\Prathik\MY DOCUMENTS\Rental_price_prediction\datasets\multimodal_v3\images\912266648636837241.jpg,3077645,6000,4000,RGB,7ebfc61e2917112784c942c82949c218,
941405417225779197,https://a0.muscache.com/pictures/miso/Hosting-941405417225779197/original/365200c2-9358-4310-bdfc-2ba31062baf1.jpeg,success,200.0,c:\Prathik\MY DOCUMENTS\Rental_price_prediction\datasets\multimodal_v3\images\941405417225779197.jpg,2248365,3600,2700,RGB,bcee0859ce3ada3668474be816b0fd5b,
968211839647559972,https://a0.muscache.com/pictures/miso/Hosting-968211839647559972/original/035be78e-148a-4537-b7a2-3602d889b8c3.jpeg,success,200.0,c:\Prathik\MY DOCUMENTS\Rental_price_prediction\datasets\multimodal_v3\images\968211839647559972.jpg,130207,1024,683,RGB,5a9e1b8dbd3149a7aab1ecbed9ae2916,
968770924518536928,https://a0.muscache.com/pictures/miso/Hosting-968770924518536928/original/811d1fa7-6940-4462-8c4e-f6ed94ee163c.jpeg,success,200.0,c:\Prathik\MY DOCUMENTS\Rental_price_prediction\datasets\multimodal_v3\images\968770924518536928.jpg,197686,1124,836,RGB,29e57ad604f6dfdba24109c68ced1355,
969525788706336177,https://a0.muscache.com/pictures/miso/Hosting-969525788706336177/original/553af560-d699-49a8-82ca-022af9253873.jpeg,success,200.0,c:\Prathik\MY DOCUMENTS\Rental_price_prediction\datasets\multimodal_v3\images\969525788706336177.jpg,66900,640,480,RGB,f734cb5a4ca53d1a4986d9fefc8b8905,
956404664058927153,https://a0.muscache.com/pictures/hosting/Hosting-956404664058927153/original/4df05d5a-0d9e-4e1e-9080-cd5add098dfe.jpeg,success,200.0,c:\Prathik\MY DOCUMENTS\Rental_price_prediction\datasets\multimodal_v3\images\956404664058927153.jpg,2086381,4032,3024,RGB,6c002f70c90b2cb65cf22a2ff7299e95,
951995612084594204,https://a0.muscache.com/pictures/hosting/Hosting-951995612084594204/original/45f30054-f927-494c-bbbd-167fdf8d0cdb.jpeg,success,200.0,c:\Prathik\MY DOCUMENTS\Rental_price_prediction\datasets\multimodal_v3\images\951995612084594204.jpg,2194018,3024,4032,RGB,7cf99687d8649f734b92158e8c6106fe,
955233639796735067,https://a0.muscache.com/pictures/miso/Hosting-955233639796735067/original/75d895d0-ee76-489a-a5ea-134f7e832e6e.jpeg,success,200.0,c:\Prathik\MY DOCUMENTS\Rental_price_prediction\datasets\multimodal_v3\images\955233639796735067.jpg,1756695,4032,3024,RGB,7e51906ed272b37a35e1a42e4acd4d66,
958767950041380450,https://a0.muscache.com/pictures/miso/Hosting-958767950041380450/original/85093ce6-3d34-48bc-ae13-b7d2db81b2ef.jpeg,success,200.0,c:\Prathik\MY DOCUMENTS\Rental_price_prediction\datasets\multimodal_v3\images\958767950041380450.jpg,6227633,5464,3640,RGB,064cf5e82572f4667abb3512ce41a2d7,
970203919819096564,https://a0.muscache.com/pictures/miso/Hosting-970203919819096564/original/ff8537bf-cf68-4b8a-90a5-45889fcb6ea2.jpeg,success,200.0,c:\Prathik\MY DOCUMENTS\Rental_price_prediction\datasets\multimodal_v3\images\970203919819096564.jpg,236033,1179,2556,RGB,5c580d36bd1a6ffdcb99f1089834d5fc,
973334824801123207,https://a0.muscache.com/pictures/prohost-api/Hosting-973334824801123207/original/6d989593-f262-4060-872a-68e6070d0ebb.png,failed_http_404,404.0,,0,0,0,,,HTTP 404
920404877481860676,https://a0.muscache.com/pictures/prohost-api/Hosting-920404877481860676/original/c0629ed1-af30-40c9-ab65-08ed2bfcdf52.jpeg,success,200.0,c:\Prathik\MY DOCUMENTS\Rental_price_prediction\datasets\multimodal_v3\images\920404877481860676.jpg,3004149,4928,3280,RGB,cbd429cc503815746001606d20e594ad,
970921559496889488,https://a0.muscache.com/pictures/prohost-api/Hosting-970921559496889488/original/3e7b9f1f-22d0-42d1-997e-d9589a45eb15.jpeg,success,200.0,c:\Prathik\MY DOCUMENTS\Rental_price_prediction\datasets\multimodal_v3\images\970921559496889488.jpg,174380,1280,853,RGB,94dfe076e0dc9a6aa4aa0e46dea18c80,
951570314211277930,https://a0.muscache.com/pictures/hosting/Hosting-951570314211277930/original/865ba6f6-ce91-4192-b3ba-b28bbb98ab25.jpeg,success,200.0,c:\Prathik\MY DOCUMENTS\Rental_price_prediction\datasets\multimodal_v3\images\951570314211277930.jpg,1922905,4032,3024,RGB,07f789880b5aa79aca2fcd2c64756a3a,
973945946707624089,https://a0.muscache.com/pictures/miso/Hosting-973945946707624089/original/8972072b-948c-4eb8-8a29-2152e34480f7.jpeg,success,200.0,c:\Prathik\MY DOCUMENTS\Rental_price_prediction\datasets\multimodal_v3\images\973945946707624089.jpg,454964,2048,1365,RGB,be79445b7e7c944969d8a0091d93af5b,
974633354076328901,https://a0.muscache.com/pictures/miso/Hosting-974633354076328901/original/adc963fa-7b31-455a-94d0-6bfa034b5a1a.jpeg,failed_http_404,404.0,,0,0,0,,,HTTP 404
974702620948321179,https://a0.muscache.com/pictures/prohost-api/Hosting-974702620948321179/original/4c1f46e7-21a3-41e8-91f0-3e4af55a4935.jpeg,failed_http_404,404.0,,0,0,0,,,HTTP 404
968006354295930995,https://a0.muscache.com/pictures/prohost-api/Hosting-968006354295930995/original/54b138a6-f397-4e5f-917c-c41d3ef436b1.jpeg,success,200.0,c:\Prathik\MY DOCUMENTS\Rental_price_prediction\datasets\multimodal_v3\images\968006354295930995.jpg,1347706,3000,1996,RGB,27dfbbc9ee8881b4529c3aecd5dbb1c9,
974702800945736173,https://a0.muscache.com/pictures/prohost-api/Hosting-974702800945736173/original/d34d2df2-1868-4828-a7c3-a32ba11a02db.jpeg,failed_http_404,404.0,,0,0,0,,,HTTP 404
974702865678393475,https://a0.muscache.com/pictures/prohost-api/Hosting-974702865678393475/original/6691fd02-711a-4f68-a364-ff258b828a82.jpeg,failed_http_404,404.0,,0,0,0,,,HTTP 404
974702983897728033,https://a0.muscache.com/pictures/prohost-api/Hosting-974702983897728033/original/1c6c7c1f-5397-4cff-beb1-b0747e5c411d.jpeg,failed_http_404,404.0,,0,0,0,,,HTTP 404
974702927031905040,https://a0.muscache.com/pictures/prohost-api/Hosting-974702927031905040/original/228cc95a-73cf-4e81-b39d-584ba6dded4a.jpeg,failed_http_404,404.0,,0,0,0,,,HTTP 404
974732770048344636,https://a0.muscache.com/pictures/prohost-api/Hosting-974732770048344636/original/3392b1e8-3c36-433a-bfc6-cda441f00384.jpeg,failed_http_404,404.0,,0,0,0,,,HTTP 404
937635084114386852,https://a0.muscache.com/pictures/miso/Hosting-937635084114386852/original/db074b26-5266-465d-87a3-03a6bfa4246d.jpeg,success,200.0,c:\Prathik\MY DOCUMENTS\Rental_price_prediction\datasets\multimodal_v3\images\937635084114386852.jpg,3141426,5472,3648,RGB,41e28e38f9eb4ce6de59e3783c3e0488,
974732919722285986,https://a0.muscache.com/pictures/prohost-api/Hosting-974732919722285986/original/b8eab9cb-82df-4852-968b-50a37aee220f.jpeg,failed_http_404,404.0,,0,0,0,,,HTTP 404
951643829875487371,https://a0.muscache.com/pictures/hosting/Hosting-951643829875487371/original/945812dd-ed8a-48ac-8de9-d9018d37e5d6.jpeg,success,200.0,c:\Prathik\MY DOCUMENTS\Rental_price_prediction\datasets\multimodal_v3\images\951643829875487371.jpg,2062533,3024,4032,RGB,df51c627bf707528b219d918405c16f2,
923210724512697789,https://a0.muscache.com/pictures/miso/Hosting-923210724512697789/original/f975a001-44b9-4e82-ac46-9e127c525adb.jpeg,success,200.0,c:\Prathik\MY DOCUMENTS\Rental_price_prediction\datasets\multimodal_v3\images\923210724512697789.jpg,7732385,8090,5393,RGB,98700eb8d712c0f86ddb83f118562f77,
933290625920870944,https://a0.muscache.com/pictures/miso/Hosting-933290625920870944/original/92290b9c-e781-4d23-aba6-53456e305aa8.jpeg,success,200.0,c:\Prathik\MY DOCUMENTS\Rental_price_prediction\datasets\multimodal_v3\images\933290625920870944.jpg,3814284,4032,3024,RGB,639b2bb89651cb2cd4ff0d6ff48cc471,
975271192219936936,https://a0.muscache.com/pictures/prohost-api/Hosting-975271192219936936/original/099ab64d-3cee-4b4d-bc07-2c16e690a133.jpeg,failed_http_404,404.0,,0,0,0,,,HTTP 404
975267360115953090,https://a0.muscache.com/pictures/prohost-api/Hosting-975267360115953090/original/8a58f21e-552e-44eb-b33d-d5fc9568de5c.jpeg,failed_http_404,404.0,,0,0,0,,,HTTP 404
974302574899708640,https://a0.muscache.com/pictures/miso/Hosting-974302574899708640/original/17848a44-5e84-4fe4-9e79-f19657f3e22b.jpeg,success,200.0,c:\Prathik\MY DOCUMENTS\Rental_price_prediction\datasets\multimodal_v3\images\974302574899708640.jpg,630167,2048,1536,RGB,b9532c82382d5e0fe62d5a6a22adb447,
975211414909665659,https://a0.muscache.com/pictures/815737e0-806e-43b1-9077-334347b5b59a.jpg,success,200.0,c:\Prathik\MY DOCUMENTS\Rental_price_prediction\datasets\multimodal_v3\images\975211414909665659.jpg,855616,2048,1536,RGB,18ec8798c672eed81b39a92ca8fc3b5a,
978852999401422461,https://a0.muscache.com/pictures/miso/Hosting-978852999401422461/original/b803ccb3-c63e-428c-bda1-b2e172dc0b3c.jpeg,failed_http_404,404.0,,0,0,0,,,HTTP 404
952889664707070763,https://a0.muscache.com/pictures/miso/Hosting-952889664707070763/original/98c32eb0-65ef-42cf-b5e9-0749c7aa160b.jpeg,success,200.0,c:\Prathik\MY DOCUMENTS\Rental_price_prediction\datasets\multimodal_v3\images\952889664707070763.jpg,3113564,4032,3024,RGB,e69cb954c68ee8a634dbe67089f59083,
968751336227474963,https://a0.muscache.com/pictures/miso/Hosting-968751336227474963/original/d717bd77-2930-424e-b77d-6cf58c34b551.png,success,200.0,c:\Prathik\MY DOCUMENTS\Rental_price_prediction\datasets\multimodal_v3\images\968751336227474963.jpg,226715,1352,978,RGB,e39a9b873dbb4209ce2c5b65d4e8ba27,
858787369223286951,https://a0.muscache.com/pictures/miso/Hosting-858787369223286951/original/9950706a-cd6c-4760-8675-ce1643d620ed.jpeg,failed_timeout_or_error,,,0,0,0,,,"('Connection broken: IncompleteRead(21313537 bytes read, 28430551 more expected)', IncompleteRead(21313537 bytes read, 28430551 more expected))"
978973990911199880,https://a0.muscache.com/pictures/miso/Hosting-978973990911199880/original/370dc3f1-5b7e-4b80-b3b7-6aa4da3c1db1.jpeg,failed_http_404,404.0,,0,0,0,,,HTTP 404
979699801443079761,https://a0.muscache.com/pictures/miso/Hosting-979699801443079761/original/930a5059-145d-4ff3-bdc5-cfdba5fde070.jpeg,success,200.0,c:\Prathik\MY DOCUMENTS\Rental_price_prediction\datasets\multimodal_v3\images\979699801443079761.jpg,60249,720,480,RGB,71356e264675e6aa9cae45b1d155d3e8,
961534676926744397,https://a0.muscache.com/pictures/miso/Hosting-961534676926744397/original/31f52e85-ed0c-496e-bbde-b1b921cf5677.jpeg,success,200.0,c:\Prathik\MY DOCUMENTS\Rental_price_prediction\datasets\multimodal_v3\images\961534676926744397.jpg,2125097,4032,3024,RGB,a169047b971746b85c8f4e4b286ee9f7,
980740092749473740,https://a0.muscache.com/pictures/7781d6b9-9594-461a-a684-c64eaf2a4eb9.jpg,success,200.0,c:\Prathik\MY DOCUMENTS\Rental_price_prediction\datasets\multimodal_v3\images\980740092749473740.jpg,1029669,4032,3024,RGB,d7718197d0158a44c7480007ff5acda4,
965271264541734186,https://a0.muscache.com/pictures/miso/Hosting-965271264541734186/original/fe5720a2-00b0-4142-9d73-404ed7554900.jpeg,success,200.0,c:\Prathik\MY DOCUMENTS\Rental_price_prediction\datasets\multimodal_v3\images\965271264541734186.jpg,1915924,4032,3024,RGB,adf59321a925dd808ef7ac70a64939c4,
974703050666653931,https://a0.muscache.com/pictures/prohost-api/Hosting-974703050666653931/original/2e4bc804-9ad5-4ab0-b22f-6450a1eb6683.jpeg,success,200.0,c:\Prathik\MY DOCUMENTS\Rental_price_prediction\datasets\multimodal_v3\images\974703050666653931.jpg,748959,2880,1920,RGB,39c9ee48d287dc5541c2a8610b2f7808,
982545032402908815,https://a0.muscache.com/pictures/miso/Hosting-981764279640506226/original/fcb971cb-6655-489d-a30d-dad11735eef6.jpeg,success,200.0,c:\Prathik\MY DOCUMENTS\Rental_price_prediction\datasets\multimodal_v3\images\982545032402908815.jpg,273879,1024,768,RGB,2dcf9cea64b3f2e9a92331754ca0df53,
978886552213942803,https://a0.muscache.com/pictures/4e2f8c4e-3dfc-46d3-8928-70be1c3c8c10.jpg,success,200.0,c:\Prathik\MY DOCUMENTS\Rental_price_prediction\datasets\multimodal_v3\images\978886552213942803.jpg,842637,4032,2268,RGB,b457bc701138051306cb63a1b1789ea3,
981196268342208181,https://a0.muscache.com/pictures/miso/Hosting-981196268342208181/original/4f34ed61-1d52-4dde-a4c7-4529c5e09321.jpeg,success,200.0,c:\Prathik\MY DOCUMENTS\Rental_price_prediction\datasets\multimodal_v3\images\981196268342208181.jpg,1308554,2740,2316,RGB,bef5a7855d3de4749c7880bfa3800e56,
984810272396820466,https://a0.muscache.com/pictures/prohost-api/Hosting-984810272396820466/original/25ecba19-aea2-4a9c-8668-6bffad2c52e4.jpeg,failed_http_404,404.0,,0,0,0,,,HTTP 404
968019910571732803,https://a0.muscache.com/pictures/hosting/Hosting-968019910571732803/original/902b8382-af3d-49de-8f80-bb138a056f5d.jpeg,success,200.0,c:\Prathik\MY DOCUMENTS\Rental_price_prediction\datasets\multimodal_v3\images\968019910571732803.jpg,1526054,4032,3024,RGB,8b2e0b426f2aa5dbb49d7b8fdfa9e2c6,
970362065191933500,https://a0.muscache.com/pictures/miso/Hosting-970362065191933500/original/247c22c1-04e6-4a2c-81e1-80cb9dd66edc.png,success,200.0,c:\Prathik\MY DOCUMENTS\Rental_price_prediction\datasets\multimodal_v3\images\970362065191933500.jpg,231289,1600,1600,RGB,2173d72419506c59d7538b97385168f2,
985475537758698607,https://a0.muscache.com/pictures/miso/Hosting-985475537758698607/original/352701ce-95cd-424b-a02d-214a957bc009.jpeg,failed_http_404,404.0,,0,0,0,,,HTTP 404
952756503328038675,https://a0.muscache.com/pictures/miso/Hosting-952756503328038675/original/8b8865fb-23f1-4215-a213-9a66fb611b54.jpeg,success,200.0,c:\Prathik\MY DOCUMENTS\Rental_price_prediction\datasets\multimodal_v3\images\952756503328038675.jpg,5196967,7008,4672,RGB,bc3a32e9607d183cc4448932197ac3a6,
982844657289641009,https://a0.muscache.com/pictures/miso/Hosting-982844657289641009/original/285d1f5b-9f3a-4402-a25d-e3545fff502e.jpeg,success,200.0,c:\Prathik\MY DOCUMENTS\Rental_price_prediction\datasets\multimodal_v3\images\982844657289641009.jpg,1077848,2048,1365,RGB,41dd8159f0ed0ef940141441b3dd452a,
986200452120333347,https://a0.muscache.com/pictures/cc318769-7584-4714-b203-3e169291bf98.jpg,success_cached,200.0,c:\Prathik\MY DOCUMENTS\Rental_price_prediction\datasets\multimodal_v3\images\986200452120333347.jpg,610297,4032,3024,RGB,53063323ba01071a975eae83f4a0c0a4,
984132157349204072,https://a0.muscache.com/pictures/miso/Hosting-613153352121668654/original/92b196bb-1985-40a5-9310-94a38ebdc007.jpeg,success,200.0,c:\Prathik\MY DOCUMENTS\Rental_price_prediction\datasets\multimodal_v3\images\984132157349204072.jpg,469608,1920,1244,RGB,884156784f7876693dc74bd261a99050,
985733574075227409,https://a0.muscache.com/pictures/9db7de2a-3e0c-41f7-b7fc-864b68a49c61.jpg,failed_http_404,404.0,,0,0,0,,,HTTP 404
981041698709597947,https://a0.muscache.com/pictures/0541cb7d-1c5d-49cd-9856-abbe18e08a2d.jpg,success,200.0,c:\Prathik\MY DOCUMENTS\Rental_price_prediction\datasets\multimodal_v3\images\981041698709597947.jpg,1340619,1500,2000,RGB,d3e78db3792e7b38a81cd1327ffce712,
988320001377955641,https://a0.muscache.com/pictures/miso/Hosting-988320001377955641/original/4e61724d-afde-4c98-b744-7b81ed1d9fc5.jpeg,failed_http_404,404.0,,0,0,0,,,HTTP 404
964563614460941938,https://a0.muscache.com/pictures/miso/Hosting-964563614460941938/original/0d49439c-0314-47d6-8772-f5a349888426.jpeg,success,200.0,c:\Prathik\MY DOCUMENTS\Rental_price_prediction\datasets\multimodal_v3\images\964563614460941938.jpg,3217296,4032,3024,RGB,9a4752d6473b9d4d3cb0bd5b157934cd,
988414333535438539,https://a0.muscache.com/pictures/miso/Hosting-988414333535438539/original/85a1644f-1809-4df3-b598-7955f4a77e76.jpeg,failed_http_404,404.0,,0,0,0,,,HTTP 404
989824435216148231,https://a0.muscache.com/pictures/27a523e3-01f2-43f5-b146-11f4b581be53.jpg,success_cached,200.0,c:\Prathik\MY DOCUMENTS\Rental_price_prediction\datasets\multimodal_v3\images\989824435216148231.jpg,730033,4032,3024,RGB,fb7d8788121d9d28fa2d7eb73b65684e,
988994884451649697,https://a0.muscache.com/pictures/miso/Hosting-988994884451649697/original/914b5054-970b-4428-8f24-ca7000a68566.jpeg,failed_http_404,404.0,,0,0,0,,,HTTP 404
964576233970271176,https://a0.muscache.com/pictures/miso/Hosting-964576233970271176/original/5a0037cc-5a42-4cd6-9a24-b944e7e0e40f.jpeg,success,200.0,c:\Prathik\MY DOCUMENTS\Rental_price_prediction\datasets\multimodal_v3\images\964576233970271176.jpg,3898791,5840,3893,RGB,1f7b572b0aff0f0d4fb2db3782dd0814,
956136699566538884,https://a0.muscache.com/pictures/miso/Hosting-956136699566538884/original/f77df6a5-d29c-447d-882d-3c45e356efb1.jpeg,success,200.0,c:\Prathik\MY DOCUMENTS\Rental_price_prediction\datasets\multimodal_v3\images\956136699566538884.jpg,1709085,3936,2624,RGB,004ce2865d16cb6c6d4d8646f7e95570,
974142170166439131,https://a0.muscache.com/pictures/miso/Hosting-974142170166439131/original/91f710ce-bca0-4592-80ab-bb9aa2df0ec4.jpeg,success,200.0,c:\Prathik\MY DOCUMENTS\Rental_price_prediction\datasets\multimodal_v3\images\974142170166439131.jpg,2094236,4032,3024,RGB,3ca50f53810654aa10e4bb48a5f6ee87,
983937204393341862,https://a0.muscache.com/pictures/miso/Hosting-983937204393341862/original/3242ae89-3052-4911-b173-b7ffac0be2dc.jpeg,success,200.0,c:\Prathik\MY DOCUMENTS\Rental_price_prediction\datasets\multimodal_v3\images\983937204393341862.jpg,1745547,3630,2722,RGB,18213521578cf272c75a6601ca9770c2,
970174092615153471,https://a0.muscache.com/pictures/miso/Hosting-970174092615153471/original/353d1904-082c-424b-b112-5218dbec2d5d.jpeg,success,200.0,c:\Prathik\MY DOCUMENTS\Rental_price_prediction\datasets\multimodal_v3\images\970174092615153471.jpg,1473807,3600,2401,RGB,a99b74468073b797fac9cbd497106826,
973228266529164041,https://a0.muscache.com/pictures/miso/Hosting-973228266529164041/original/37ceca13-c8a5-43f3-befe-509c1294d5d6.jpeg,success,200.0,c:\Prathik\MY DOCUMENTS\Rental_price_prediction\datasets\multimodal_v3\images\973228266529164041.jpg,2801792,4032,3024,RGB,d852c12362ea3ccebe0050c0a86480c4,
987497194203671899,https://a0.muscache.com/pictures/miso/Hosting-987497194203671899/original/2b0805e4-2739-4b16-bbe6-3475e78c2865.jpeg,success,200.0,c:\Prathik\MY DOCUMENTS\Rental_price_prediction\datasets\multimodal_v3\images\987497194203671899.jpg,2023836,4032,3024,RGB,d7466b5125645769b22be4226c6a6141,
983418681697230401,https://a0.muscache.com/pictures/hosting/Hosting-983418681697230401/original/60b3ee91-aced-4c69-b5e0-b3148d7967bb.jpeg,success,200.0,c:\Prathik\MY DOCUMENTS\Rental_price_prediction\datasets\multimodal_v3\images\983418681697230401.jpg,2199034,4032,3024,RGB,5af903a075cf99ec9ff75f81f81e6fde,
985751848271531215,https://a0.muscache.com/pictures/miso/Hosting-985751848271531215/original/50a3ba9f-3ae3-4a2a-bfd5-984b43ea5ce9.jpeg,success,200.0,c:\Prathik\MY DOCUMENTS\Rental_price_prediction\datasets\multimodal_v3\images\985751848271531215.jpg,2984063,6000,4000,RGB,11bea8ced6b3eda4e35ef056fe1ea4e7,
995088706348537572,https://a0.muscache.com/pictures/hosting/Hosting-995088706348537572/original/580aa21c-0e5b-4125-bdf2-4f4cf6c404bb.jpeg,success_cached,200.0,c:\Prathik\MY DOCUMENTS\Rental_price_prediction\datasets\multimodal_v3\images\995088706348537572.jpg,948792,2000,1500,RGB,7c2cec74c4c5ea8ec35f759abc120764,
978965916068667978,https://a0.muscache.com/pictures/miso/Hosting-978965916068667978/original/915c37eb-2f03-4da9-b905-4ff6878e66d9.jpeg,success,200.0,c:\Prathik\MY DOCUMENTS\Rental_price_prediction\datasets\multimodal_v3\images\978965916068667978.jpg,6475186,5472,3648,RGB,f8519460c6118210640fb6b700f8ce7f,
971943099569006967,https://a0.muscache.com/pictures/miso/Hosting-971943099569006967/original/0007d4fb-e33e-4f4f-9103-2ca2117587b1.jpeg,success,200.0,c:\Prathik\MY DOCUMENTS\Rental_price_prediction\datasets\multimodal_v3\images\971943099569006967.jpg,6741912,7892,5261,RGB,b4ff705288d10865021c6532830b34ea,
995911712178669545,https://a0.muscache.com/pictures/miso/Hosting-995911712178669545/original/97157f9e-2ad2-415d-8efa-0423fffb0381.jpeg,failed_http_404,404.0,,0,0,0,,,HTTP 404
995250968805613866,https://a0.muscache.com/pictures/b6ed4f17-5fd6-4600-881e-d519c79f9617.jpg,failed_http_404,404.0,,0,0,0,,,HTTP 404
974639965200999024,https://a0.muscache.com/pictures/hosting/Hosting-U3RheVN1cHBseUxpc3Rpbmc6OTc0NjM5OTY1MjAwOTk5MDI0/original/8a7781b5-2e86-4670-badf-0ed4a43ef1c5.jpeg,success,200.0,c:\Prathik\MY DOCUMENTS\Rental_price_prediction\datasets\multimodal_v3\images\974639965200999024.jpg,4596123,4032,3024,RGB,371855151cb683a3185bce0021321731,
985362187058829435,https://a0.muscache.com/pictures/hosting/Hosting-985362187058829435/original/81d3a0e5-3440-43bc-a999-0142aad73088.jpeg,success,200.0,c:\Prathik\MY DOCUMENTS\Rental_price_prediction\datasets\multimodal_v3\images\985362187058829435.jpg,4665936,5472,3648,RGB,180e72e9368a2922b7253ef27ebc65a2,
996185947198254167,https://a0.muscache.com/pictures/miso/Hosting-996185947198254167/original/f8424c8d-5e9e-432f-9d68-d30b6d679bf5.jpeg,failed_http_404,404.0,,0,0,0,,,HTTP 404
992721286990282291,https://a0.muscache.com/pictures/hosting/Hosting-992721286990282291/original/29d0afc1-8a11-4275-9c70-8c2bfa4d4de5.jpeg,success,200.0,c:\Prathik\MY DOCUMENTS\Rental_price_prediction\datasets\multimodal_v3\images\992721286990282291.jpg,1224159,4032,3024,RGB,563b0b021a64ef934b82fa12e39dba3c,
983342780207894845,https://a0.muscache.com/pictures/miso/Hosting-983342780207894845/original/ed214531-523b-4e05-81e8-6ed7a95867d6.jpeg,success,200.0,c:\Prathik\MY DOCUMENTS\Rental_price_prediction\datasets\multimodal_v3\images\983342780207894845.jpg,2620011,4032,3024,RGB,e9c99a63514363a3ef3d9aff4f11b3cc,
999943947740090590,https://a0.muscache.com/pictures/bc1c4425-dfa9-4189-a403-6347f325bd93.jpg,success_cached,200.0,c:\Prathik\MY DOCUMENTS\Rental_price_prediction\datasets\multimodal_v3\images\999943947740090590.jpg,587121,4032,3024,RGB,b0e14787f69af2d770addd7f3f710785,
994843430152161095,https://a0.muscache.com/pictures/e41fa669-56dc-4ac4-8121-9cb112b4f85c.jpg,success,200.0,c:\Prathik\MY DOCUMENTS\Rental_price_prediction\datasets\multimodal_v3\images\994843430152161095.jpg,974230,3092,1826,RGB,82cf8920ccf6899be6423509e776edd5,
998897282822795590,https://a0.muscache.com/pictures/9f8e140b-a31e-4fac-b63b-487f4550ab3f.jpg,failed_http_404,404.0,,0,0,0,,,HTTP 404
1001660376867267583,https://a0.muscache.com/pictures/miso/Hosting-988994884451649697/original/914b5054-970b-4428-8f24-ca7000a68566.jpeg,failed_http_404,404.0,,0,0,0,,,HTTP 404
948712417630720639,https://a0.muscache.com/pictures/miso/Hosting-948712417630720639/original/4db04d95-8a31-4f53-9951-2483e86ee413.jpeg,success,200.0,c:\Prathik\MY DOCUMENTS\Rental_price_prediction\datasets\multimodal_v3\images\948712417630720639.jpg,2638606,6505,4346,RGB,d901f2fce424c8efd73d8c74ed6a1551,
986269517200371365,https://a0.muscache.com/pictures/prohost-api/Hosting-986269517200371365/original/1e3a137d-d40e-42a0-8390-9389d375890e.jpeg,success,200.0,c:\Prathik\MY DOCUMENTS\Rental_price_prediction\datasets\multimodal_v3\images\986269517200371365.jpg,2078546,3840,2560,RGB,ff94f266c05729b42679d9e38f1eadab,
973321525115852267,https://a0.muscache.com/pictures/hosting/Hosting-973321525115852267/original/c364a572-8dee-4aaf-a35c-688766c4b016.jpeg,success,200.0,c:\Prathik\MY DOCUMENTS\Rental_price_prediction\datasets\multimodal_v3\images\973321525115852267.jpg,2199458,3024,4032,RGB,9bb0f84d36e10857d3314e61ed32233c,
985603215386469690,https://a0.muscache.com/pictures/miso/Hosting-985603215386469690/original/e17af6b2-2dde-485d-ab64-ce25b4957e25.jpeg,success,200.0,c:\Prathik\MY DOCUMENTS\Rental_price_prediction\datasets\multimodal_v3\images\985603215386469690.jpg,3595960,6000,4000,RGB,77c591165b180c97826b494104aaca62,
947655534552526991,https://a0.muscache.com/pictures/miso/Hosting-947655534552526991/original/0355c2b0-2e3b-4482-836e-b3140390d0eb.jpeg,success,200.0,c:\Prathik\MY DOCUMENTS\Rental_price_prediction\datasets\multimodal_v3\images\947655534552526991.jpg,3131167,6000,4000,RGB,36bbe28e49a89c6f255fb31fd0a7e558,
977519015726399290,https://a0.muscache.com/pictures/miso/Hosting-977519015726399290/original/9d70c1e7-01c6-484a-a5c0-ba6b8ac5305d.jpeg,success,200.0,c:\Prathik\MY DOCUMENTS\Rental_price_prediction\datasets\multimodal_v3\images\977519015726399290.jpg,4818201,3024,4032,RGB,1e61867e9515b9c16ecfc80a209ecf31,
1003199406895296914,https://a0.muscache.com/pictures/prohost-api/Hosting-1003199406895296914/original/4ae31a5c-0c2e-4fda-b034-fb5fc9573639.png,failed_http_404,404.0,,0,0,0,,,HTTP 404
992627417330266479,https://a0.muscache.com/pictures/miso/Hosting-992627417330266479/original/69d661c2-2c19-4c17-9ef7-5abc1f80088e.jpeg,success,200.0,c:\Prathik\MY DOCUMENTS\Rental_price_prediction\datasets\multimodal_v3\images\992627417330266479.jpg,1896944,4032,3024,RGB,09bd54166a690398cb67bc18f13e1871,
987729274107863972,https://a0.muscache.com/pictures/miso/Hosting-987729274107863972/original/ab11f5ac-79de-4b84-ab71-e8f611280dfe.jpeg,success,200.0,c:\Prathik\MY DOCUMENTS\Rental_price_prediction\datasets\multimodal_v3\images\987729274107863972.jpg,1404005,2301,1534,RGB,fb7956ab4ca3802cc63b7740e70eacef,
1005015822315226039,https://a0.muscache.com/pictures/miso/Hosting-1005015822315226039/original/43e32c4b-4ba7-48bc-9c14-df79f3279e98.jpeg,failed_http_404,404.0,,0,0,0,,,HTTP 404
1005201460767370712,https://a0.muscache.com/pictures/miso/Hosting-1005201460767370712/original/35e08799-c67a-4559-99cc-19818a733f0f.jpeg,failed_http_404,404.0,,0,0,0,,,HTTP 404
997886868932295020,https://a0.muscache.com/pictures/miso/Hosting-997886868932295020/original/c04f8085-f306-4902-89a9-ea76f92b9815.jpeg,success,200.0,c:\Prathik\MY DOCUMENTS\Rental_price_prediction\datasets\multimodal_v3\images\997886868932295020.jpg,777373,2016,1512,RGB,fc72d486ce4d385b557d969fef29ed11,
1009690618237475245,https://a0.muscache.com/pictures/miso/Hosting-1009690618237475245/original/6860c348-b804-4624-a157-490265415c72.jpeg,success_cached,200.0,c:\Prathik\MY DOCUMENTS\Rental_price_prediction\datasets\multimodal_v3\images\1009690618237475245.jpg,351877,2048,1365,RGB,adfd7018d2d7500e13719a5441652dbf,
1009696350646566156,https://a0.muscache.com/pictures/miso/Hosting-1009696350646566156/original/985fb8bd-bd3f-4a4c-93cc-6ddc05e00d7b.jpeg,success_cached,200.0,c:\Prathik\MY DOCUMENTS\Rental_price_prediction\datasets\multimodal_v3\images\1009696350646566156.jpg,611743,2048,1365,RGB,a4ef823f493f42f232a3117dc45fe7e5,
989858144273012695,https://a0.muscache.com/pictures/miso/Hosting-989858144273012695/original/48e6dd7d-7d19-4f0b-b3d0-f7ca2e48227d.jpeg,success,200.0,c:\Prathik\MY DOCUMENTS\Rental_price_prediction\datasets\multimodal_v3\images\989858144273012695.jpg,1142607,2048,1365,RGB,4866df45a8264a0129001019db2d54cf,
1008602245645418552,https://a0.muscache.com/pictures/prohost-api/Hosting-1008602245645418552/original/633579e1-695e-4922-991c-d3c46deca1f0.jpeg,failed_http_404,404.0,,0,0,0,,,HTTP 404
1011539622945987023,https://a0.muscache.com/pictures/3661ce31-986d-4e4d-a89c-2b674e251b0e.jpg,success_cached,200.0,c:\Prathik\MY DOCUMENTS\Rental_price_prediction\datasets\multimodal_v3\images\1011539622945987023.jpg,694237,3899,3024,RGB,526b4aa879a0d3270dc931bec7e7bb26,
920404851897057844,https://a0.muscache.com/pictures/prohost-api/Hosting-920404851897057844/original/53b19734-779d-4e46-b868-1b2bae3016e8.jpeg,success,200.0,c:\Prathik\MY DOCUMENTS\Rental_price_prediction\datasets\multimodal_v3\images\920404851897057844.jpg,4949402,6480,4320,RGB,54e809ec70308ad5cf722560fcb727da,
1010138355922333270,https://a0.muscache.com/pictures/miso/Hosting-1010138355922333270/original/d561a7b8-fcb5-47d6-a047-1b6839771c01.jpeg,failed_http_404,404.0,,0,0,0,,,HTTP 404
998492904314504741,https://a0.muscache.com/pictures/miso/Hosting-998492904314504741/original/afaa8c4b-5f5c-4621-bcd6-1c16dc14a92e.jpeg,success,200.0,c:\Prathik\MY DOCUMENTS\Rental_price_prediction\datasets\multimodal_v3\images\998492904314504741.jpg,303650,2301,1536,RGB,b6e60767883372fab48ce051655e80b7,
1011574313403421518,https://a0.muscache.com/pictures/prohost-api/Hosting-1011574313403421518/original/204f6af3-63f4-493a-80fb-a4d072424900.png,failed_http_404,404.0,,0,0,0,,,HTTP 404
994811812813340129,https://a0.muscache.com/pictures/miso/Hosting-994811812813340129/original/ceb8c020-9199-4e66-840d-ca987b6c84eb.jpeg,success,200.0,c:\Prathik\MY DOCUMENTS\Rental_price_prediction\datasets\multimodal_v3\images\994811812813340129.jpg,6095456,6720,4480,RGB,9624d2a78049bf271aa5a63cff2caab4,
1000762258749813139,https://a0.muscache.com/pictures/miso/Hosting-1000762258749813139/original/28e70a25-b2dd-4b08-8dac-fc69904b6c9f.png,success,200.0,c:\Prathik\MY DOCUMENTS\Rental_price_prediction\datasets\multimodal_v3\images\1000762258749813139.jpg,271692,1400,1000,RGB,8695f9e857457ad044c0ed95d69ebe01,
994024778784420460,https://a0.muscache.com/pictures/hosting/Hosting-994024778784420460/original/119b08df-5de5-4729-9fce-68aba035cbc0.jpeg,success,200.0,c:\Prathik\MY DOCUMENTS\Rental_price_prediction\datasets\multimodal_v3\images\994024778784420460.jpg,2469150,4032,3024,RGB,d7e0c6f3694a0d1fb5b18dfb81f90a10,
1003167972548646535,https://a0.muscache.com/pictures/miso/Hosting-1003167972548646535/original/9da78326-0483-4b48-966b-3363b9d214db.jpeg,success,200.0,c:\Prathik\MY DOCUMENTS\Rental_price_prediction\datasets\multimodal_v3\images\1003167972548646535.jpg,504849,2048,1365,RGB,5223c9f683e92897b684411f225caf9b,
998408541452672847,https://a0.muscache.com/pictures/miso/Hosting-998408541452672847/original/f3ec9836-80f9-4163-8de0-d6a9f27ce0c3.jpeg,success,200.0,c:\Prathik\MY DOCUMENTS\Rental_price_prediction\datasets\multimodal_v3\images\998408541452672847.jpg,2240170,4032,2688,RGB,c45b951fbf99f5c4bc8eed48d9f60832,
975268861656323863,https://a0.muscache.com/pictures/prohost-api/Hosting-975268861656323863/original/3d3756e0-15f0-41a1-8e38-11e7394fe9ba.jpeg,success,200.0,c:\Prathik\MY DOCUMENTS\Rental_price_prediction\datasets\multimodal_v3\images\975268861656323863.jpg,1279289,2671,1796,RGB,a52e211787a28104a97757f98e4f7bb3,
1013949858008669237,https://a0.muscache.com/pictures/miso/Hosting-1013949858008669237/original/bc9b645c-5a41-42dd-90de-9d0ad5eb76d3.jpeg,success,200.0,c:\Prathik\MY DOCUMENTS\Rental_price_prediction\datasets\multimodal_v3\images\1013949858008669237.jpg,676411,2048,1365,RGB,2edaef2951a38fcffcfe7ad8c0e0cd3a,
934235942108626439,https://a0.muscache.com/pictures/prohost-api/Hosting-934235942108626439/original/89cfd162-2163-4e88-85e3-2a4419e424b3.jpeg,success,200.0,c:\Prathik\MY DOCUMENTS\Rental_price_prediction\datasets\multimodal_v3\images\934235942108626439.jpg,5116522,5464,3070,RGB,4360d7242ec81a8c4380a1f6deddd17f,
993577781842464127,https://a0.muscache.com/pictures/miso/Hosting-993577781842464127/original/a19c4ae8-57ff-4a22-bbf0-6ccc35ab885b.jpeg,success,200.0,c:\Prathik\MY DOCUMENTS\Rental_price_prediction\datasets\multimodal_v3\images\993577781842464127.jpg,1827156,4032,3024,RGB,4513e04019d32f56e47054619ebd48f5,
1017503562207553626,https://a0.muscache.com/pictures/hosting/Hosting-1017503562207553626/original/8d86c4d3-4364-4277-be46-95247ab74a7a.jpeg,failed_http_404,404.0,,0,0,0,,,HTTP 404
1018982479207111681,https://a0.muscache.com/pictures/miso/Hosting-1018982479207111681/original/ac8eba91-9853-4570-80cb-2aee8f52e3d3.jpeg,success_cached,200.0,c:\Prathik\MY DOCUMENTS\Rental_price_prediction\datasets\multimodal_v3\images\1018982479207111681.jpg,388105,1866,839,RGB,28416f408399f70836450feddac3b68b,
1016772149105908996,https://a0.muscache.com/pictures/prohost-api/Hosting-1016772149105908996/original/d03b5bd4-279d-4b80-97a1-6f876a717148.jpeg,success,200.0,c:\Prathik\MY DOCUMENTS\Rental_price_prediction\datasets\multimodal_v3\images\1016772149105908996.jpg,364127,1024,768,RGB,845ec41f0cd4c09d821e7248333ebdc7,
1018872416436325829,https://a0.muscache.com/pictures/prohost-api/Hosting-1018872416436325829/original/f2ba36d1-db6c-423b-aef6-b18ccc284b6a.png,failed_http_404,404.0,,0,0,0,,,HTTP 404
1000942001277060951,https://a0.muscache.com/pictures/miso/Hosting-1000942001277060951/original/c1c31cf8-d4c6-4ba7-bfbd-16e0f008ddf9.jpeg,success,200.0,c:\Prathik\MY DOCUMENTS\Rental_price_prediction\datasets\multimodal_v3\images\1000942001277060951.jpg,1909688,4032,3024,RGB,9868f7dc977cbc89ad6ed74313290863,
912556149336364754,https://a0.muscache.com/pictures/miso/Hosting-912556149336364754/original/0e072615-23bf-4acd-8857-c290fc1fae9c.jpeg,success,200.0,c:\Prathik\MY DOCUMENTS\Rental_price_prediction\datasets\multimodal_v3\images\912556149336364754.jpg,3268617,7952,4761,RGB,9c65d5b8909b66469814bfb39682cfdb,
1021620037926112815,https://a0.muscache.com/pictures/miso/Hosting-1021620037926112815/original/4f58d14c-d3ec-4539-9955-cdfdff0c361e.jpeg,success_cached,200.0,c:\Prathik\MY DOCUMENTS\Rental_price_prediction\datasets\multimodal_v3\images\1021620037926112815.jpg,51856,640,334,RGB,e06da08338e318a0982ebe781c7523f3,
1020376087121484571,https://a0.muscache.com/pictures/miso/Hosting-1020376087121484571/original/db4f5763-7012-42ca-8e37-4022466f364b.jpeg,failed_http_404,404.0,,0,0,0,,,HTTP 404
1002955022936612156,https://a0.muscache.com/pictures/10ee32fb-24fe-45f2-b2e9-94004a22350f.jpg,success,200.0,c:\Prathik\MY DOCUMENTS\Rental_price_prediction\datasets\multimodal_v3\images\1002955022936612156.jpg,4328830,5712,4284,RGB,3cce82163a4d55a74e3257cad6f25cdb,
1013940615100135123,https://a0.muscache.com/pictures/miso/Hosting-1013940615100135123/original/f77a75e1-94b1-4a73-a4ea-c2e4a2b2be2e.png,success,200.0,c:\Prathik\MY DOCUMENTS\Rental_price_prediction\datasets\multimodal_v3\images\1013940615100135123.jpg,80081,906,908,RGB,b0392247449d4dd77b284537b696a13e,
1021942435413968318,https://a0.muscache.com/pictures/miso/Hosting-1021942435413968318/original/7a641c9f-48f8-4af8-acf3-336e5152451e.jpeg,success_cached,200.0,c:\Prathik\MY DOCUMENTS\Rental_price_prediction\datasets\multimodal_v3\images\1021942435413968318.jpg,857610,2048,1365,RGB,3fcd23fc990123f3c20b535dd4269de5,
1021679083453610936,https://a0.muscache.com/pictures/prohost-api/Hosting-1021679083453610936/original/93ec8e6b-0fab-4d2e-9b33-d639f0f7ea6d.jpeg,failed_http_404,404.0,,0,0,0,,,HTTP 404
1021740978026768033,https://a0.muscache.com/pictures/miso/Hosting-1021740978026768033/original/bd43a0e5-1832-4c83-9c4f-f7d6e3c4b249.jpeg,failed_http_404,404.0,,0,0,0,,,HTTP 404
996270414184195438,https://a0.muscache.com/pictures/miso/Hosting-996270414184195438/original/1fc0f0ec-204e-4120-a732-89746117a90d.png,success,200.0,c:\Prathik\MY DOCUMENTS\Rental_price_prediction\datasets\multimodal_v3\images\996270414184195438.jpg,762538,1536,1023,RGB,d808fbadb1912c8aa52325de668a0e0a,
1022338815581295152,https://a0.muscache.com/pictures/miso/Hosting-1011109523340156167/original/ea2efed3-93ae-42a9-bc79-3bf0a0c4b44a.jpeg,success,200.0,c:\Prathik\MY DOCUMENTS\Rental_price_prediction\datasets\multimodal_v3\images\1022338815581295152.jpg,85446,639,426,RGB,848694680767dcfe474213626a864574,
1015882706603299147,https://a0.muscache.com/pictures/miso/Hosting-1015882706603299147/original/8137b041-f652-4377-aa32-202699549dfd.jpeg,success,200.0,c:\Prathik\MY DOCUMENTS\Rental_price_prediction\datasets\multimodal_v3\images\1015882706603299147.jpg,2410135,4032,3024,RGB,e22162302672a824b2f6b993f402b9c1,
1024008343348248280,https://a0.muscache.com/pictures/miso/Hosting-1024008343348248280/original/0d31a24b-83ef-45c3-ab5b-9bdc981e6870.jpeg,success_cached,200.0,c:\Prathik\MY DOCUMENTS\Rental_price_prediction\datasets\multimodal_v3\images\1024008343348248280.jpg,2435601,4032,2268,RGB,ff99eae33dfd5e819144e47b34e34089,
971071205108257107,https://a0.muscache.com/pictures/miso/Hosting-971071205108257107/original/54067470-c4e2-416f-8547-1014bfd905fd.jpeg,success,200.0,c:\Prathik\MY DOCUMENTS\Rental_price_prediction\datasets\multimodal_v3\images\971071205108257107.jpg,2487347,4928,3280,RGB,b19916f88ad05df785ee73357546b8a4,
993383922351576836,https://a0.muscache.com/pictures/miso/Hosting-993383922351576836/original/b8e18ddb-c8c4-4665-942d-9ab338a9f91d.jpeg,success,200.0,c:\Prathik\MY DOCUMENTS\Rental_price_prediction\datasets\multimodal_v3\images\993383922351576836.jpg,2736857,4032,2688,RGB,cb162d3684fe384d641506e0eaf335fb,
1025273862003028720,https://a0.muscache.com/pictures/miso/Hosting-1025273862003028720/original/7ebc23f1-8e23-4b4b-b3fb-fc88e54c4f8d.jpeg,success_cached,200.0,c:\Prathik\MY DOCUMENTS\Rental_price_prediction\datasets\multimodal_v3\images\1025273862003028720.jpg,2470642,4032,3024,RGB,b68ad66d8a608b6cb472c4f93463e3e4,
981163890605149741,https://a0.muscache.com/pictures/prohost-api/Hosting-981163890605149741/original/aad090fe-6d9e-408f-a0c8-cbe50871c3a9.jpeg,success,200.0,c:\Prathik\MY DOCUMENTS\Rental_price_prediction\datasets\multimodal_v3\images\981163890605149741.jpg,2134696,3717,2498,RGB,e43e8eb617607604b292921dde36ef6f,
943254648335275963,https://a0.muscache.com/pictures/miso/Hosting-829809639717124427/original/85cc0270-8e73-466f-ab8d-d462e253b576.jpeg,success,200.0,c:\Prathik\MY DOCUMENTS\Rental_price_prediction\datasets\multimodal_v3\images\943254648335275963.jpg,3327778,3600,2700,RGB,3a6edf101aea2d19fd880bb3017823d9,
1019645896631068005,https://a0.muscache.com/pictures/miso/Hosting-1019645896631068005/original/fb9573b8-ce18-44a8-b66f-72307d7e7ebd.jpeg,success,200.0,c:\Prathik\MY DOCUMENTS\Rental_price_prediction\datasets\multimodal_v3\images\1019645896631068005.jpg,1386036,3072,4080,RGB,57397d7da98cf6655cfdbcd355a9da91,
1027469258600133330,https://a0.muscache.com/pictures/prohost-api/Hosting-1027469258600133330/original/e78c041a-ce6c-4de4-9789-a1c9602af5da.jpeg,failed_http_404,404.0,,0,0,0,,,HTTP 404
1015866415059077760,https://a0.muscache.com/pictures/miso/Hosting-1015866415059077760/original/0703ac2e-695d-4261-980a-e7f5ce9e6e6c.jpeg,success,200.0,c:\Prathik\MY DOCUMENTS\Rental_price_prediction\datasets\multimodal_v3\images\1015866415059077760.jpg,1732496,4000,3000,RGB,ea271778e9c2df4694b84f5ed553091b,
1029022545889038824,https://a0.muscache.com/pictures/miso/Hosting-1029022545889038824/original/f03dec74-380c-4da4-8715-dfa533bc6ad5.jpeg,success_cached,200.0,c:\Prathik\MY DOCUMENTS\Rental_price_prediction\datasets\multimodal_v3\images\1029022545889038824.jpg,1449901,3264,1836,RGB,0ec36856ed6230d9985750e2d8c509e1,
1029934508668716956,https://a0.muscache.com/pictures/273772ae-9375-41bb-a34f-1eccab1a4b91.jpg,success_cached,200.0,c:\Prathik\MY DOCUMENTS\Rental_price_prediction\datasets\multimodal_v3\images\1029934508668716956.jpg,948288,3024,4032,RGB,d066a90b5031429c23f7efbeac6ae5b3,
1028373519062345783,https://a0.muscache.com/pictures/miso/Hosting-1028373519062345783/original/640e3b66-da4d-4b61-aff0-8088c12f2fb4.jpeg,failed_http_404,404.0,,0,0,0,,,HTTP 404
1001745417774843643,https://a0.muscache.com/pictures/hosting/Hosting-1001745417774843643/original/6c554e33-321a-4028-82fb-661b3d08b538.jpeg,success,200.0,c:\Prathik\MY DOCUMENTS\Rental_price_prediction\datasets\multimodal_v3\images\1001745417774843643.jpg,2598550,3024,4032,RGB,873c4ab5d75f49933295c883f45abd4a,
985472399990254110,https://a0.muscache.com/pictures/hosting/Hosting-985472399990254110/original/c38abe23-b88b-4de9-b3ac-c36778d2afc5.jpeg,success,200.0,c:\Prathik\MY DOCUMENTS\Rental_price_prediction\datasets\multimodal_v3\images\985472399990254110.jpg,2836466,3024,4032,RGB,2a958c205f653f98b6c02b26accaeed6,
1031675507236706203,https://a0.muscache.com/pictures/miso/Hosting-1031675507236706203/original/4d389263-2f3c-4a4f-9b14-eed161b97d1e.jpeg,failed_http_404,404.0,,0,0,0,,,HTTP 404
1034333306104698250,https://a0.muscache.com/pictures/hosting/Hosting-1034333306104698250/original/e6ea010e-e266-40af-84a3-e8a54c18fd8b.jpeg,success_cached,200.0,c:\Prathik\MY DOCUMENTS\Rental_price_prediction\datasets\multimodal_v3\images\1034333306104698250.jpg,3343785,4032,3024,RGB,9a3edfbbc27d2b81a373f3df3e348b7f,
1033925565822325233,https://a0.muscache.com/pictures/hosting/Hosting-1033925565822325233/original/3f349155-0131-4ca2-bc4b-a5797d84ec46.jpeg,failed_http_404,404.0,,0,0,0,,,HTTP 404
994449417374523129,https://a0.muscache.com/pictures/miso/Hosting-994449417374523129/original/d65de359-f6ce-47b4-85ce-d8bcfb14ad10.jpeg,success,200.0,c:\Prathik\MY DOCUMENTS\Rental_price_prediction\datasets\multimodal_v3\images\994449417374523129.jpg,1401432,3072,2048,RGB,46b70b7a0dcfe045fd4206242aba942f,
1031377966614697036,https://a0.muscache.com/pictures/miso/Hosting-1031377966614697036/original/577f0477-2818-49f9-a1f8-94fdf8d57611.jpeg,success,200.0,c:\Prathik\MY DOCUMENTS\Rental_price_prediction\datasets\multimodal_v3\images\1031377966614697036.jpg,346082,1344,1008,RGB,77d86fda5cef820e9ed9c3e2e8530e02,
1037137838814503708,https://a0.muscache.com/pictures/prohost-api/Hosting-1037137838814503708/original/e8d2639c-cd9e-423b-9169-f0165f26b0cf.jpeg,success_cached,200.0,c:\Prathik\MY DOCUMENTS\Rental_price_prediction\datasets\multimodal_v3\images\1037137838814503708.jpg,1102653,3690,2460,RGB,6d79ee0f5253835af91fe462534a89bd,
1033176414550850101,https://a0.muscache.com/pictures/35e97b1d-d657-4272-a693-53d1c3f33693.jpg,failed_http_404,404.0,,0,0,0,,,HTTP 404
1034749347600878501,https://a0.muscache.com/pictures/miso/Hosting-1034749347600878501/original/380a6ca0-89c9-4e33-9cca-93a4fe2f9ca6.jpeg,failed_http_404,404.0,,0,0,0,,,HTTP 404
1026011586961386844,https://a0.muscache.com/pictures/7ac5093e-f1aa-4982-a640-519af73332c8.jpg,success,200.0,c:\Prathik\MY DOCUMENTS\Rental_price_prediction\datasets\multimodal_v3\images\1026011586961386844.jpg,1727654,6016,4016,RGB,96cbb66a30d2de7be092a346b67dfd5c,
1011756765325293519,https://a0.muscache.com/pictures/prohost-api/Hosting-1011756765325293519/original/97443493-b7f1-4d92-9067-324697f025f8.jpeg,success,200.0,c:\Prathik\MY DOCUMENTS\Rental_price_prediction\datasets\multimodal_v3\images\1011756765325293519.jpg,768237,3072,2048,RGB,e2feb066861891eed7a076632497c530,
1042076183667479199,https://a0.muscache.com/pictures/prohost-api/Hosting-1042076183667479199/original/b4da5800-8ac2-4960-8d46-ac8e4d75ae7a.jpeg,success_cached,200.0,c:\Prathik\MY DOCUMENTS\Rental_price_prediction\datasets\multimodal_v3\images\1042076183667479199.jpg,1856380,3840,2560,RGB,6896c16e4ce40c895d7a67212b1d61ff,
1037022998804833297,https://a0.muscache.com/pictures/miso/Hosting-1037022998804833297/original/68445a57-800d-4706-9f52-295197e4dd38.jpeg,failed_http_404,404.0,,0,0,0,,,HTTP 404
1040758670941491183,https://a0.muscache.com/pictures/prohost-api/Hosting-1040758670941491183/original/adb50147-0cb9-4121-88a5-5bffaf0a8fdc.jpeg,failed_http_404,404.0,,0,0,0,,,HTTP 404
1045930442276845410,https://a0.muscache.com/pictures/hosting/Hosting-1045930442276845410/original/64d9db6e-8acd-462d-b4f6-f5c818d14826.jpeg,success_cached,200.0,c:\Prathik\MY DOCUMENTS\Rental_price_prediction\datasets\multimodal_v3\images\1045930442276845410.jpg,2027359,3024,4032,RGB,e07712a4a0c0365fef25fbb8f3ef6f27,
1008170341907074842,https://a0.muscache.com/pictures/miso/Hosting-1008170341907074842/original/92214490-436e-4334-9f51-a4fc67c936e0.jpeg,success,200.0,c:\Prathik\MY DOCUMENTS\Rental_price_prediction\datasets\multimodal_v3\images\1008170341907074842.jpg,2563117,3600,2700,RGB,81f500863144882c8ffe55edb32f9c8f,
1002329555901600444,https://a0.muscache.com/pictures/hosting/Hosting-1002329555901600444/original/0ab1a48d-cd67-4ad5-9d3e-bec87293f5b8.jpeg,success,200.0,c:\Prathik\MY DOCUMENTS\Rental_price_prediction\datasets\multimodal_v3\images\1002329555901600444.jpg,3224003,3024,4032,RGB,a861a94db8fd037eee42693a3b1c986e,
1040759304969410190,https://a0.muscache.com/pictures/prohost-api/Hosting-1040759304969410190/original/4b7ff4db-5200-439a-9bf3-2a4591994245.jpeg,failed_http_404,404.0,,0,0,0,,,HTTP 404
1042809291090816535,https://a0.muscache.com/pictures/miso/Hosting-1042809291090816535/original/7c0b6d9f-8fb5-47b6-ab14-9a51625e9339.png,failed_http_404,404.0,,0,0,0,,,HTTP 404
970168506820404750,https://a0.muscache.com/pictures/prohost-api/Hosting-970168506820404750/original/bb38f6e4-af21-4d1a-a123-bbab70dd6481.jpeg,success,200.0,c:\Prathik\MY DOCUMENTS\Rental_price_prediction\datasets\multimodal_v3\images\970168506820404750.jpg,4601751,5980,3986,RGB,ddd8d50fa5511e116f27ee4e8517e8d1,
1024933602083067392,https://a0.muscache.com/pictures/miso/Hosting-1024933602083067392/original/30097041-9d34-4c0c-a3b8-938d7d52524c.jpeg,success,200.0,c:\Prathik\MY DOCUMENTS\Rental_price_prediction\datasets\multimodal_v3\images\1024933602083067392.jpg,2022283,4032,3024,RGB,dc8f19de78eadb83cfc00fd381889fc9,
1010000263567864675,https://a0.muscache.com/pictures/hosting/Hosting-1010000263567864675/original/ad8d6ea6-a0e7-468e-b19e-b3c975fdbb03.jpeg,success,200.0,c:\Prathik\MY DOCUMENTS\Rental_price_prediction\datasets\multimodal_v3\images\1010000263567864675.jpg,1707924,3024,4032,RGB,d6d864738f982f3a66a8cfe3705a1ae4,
1019750955436579079,https://a0.muscache.com/pictures/miso/Hosting-1019750955436579079/original/65ebe297-cab7-4c4f-8ffd-2533f80fcfc7.jpeg,success,200.0,c:\Prathik\MY DOCUMENTS\Rental_price_prediction\datasets\multimodal_v3\images\1019750955436579079.jpg,3222536,4032,2688,RGB,3b037a0be8b5486358d12b462acaae85,
1018385414175209461,https://a0.muscache.com/pictures/hosting/Hosting-1018385414175209461/original/2143c757-20a4-4814-9520-2872ef62d0aa.jpeg,success,200.0,c:\Prathik\MY DOCUMENTS\Rental_price_prediction\datasets\multimodal_v3\images\1018385414175209461.jpg,1308139,3024,2268,RGB,712f517c2f5a1209d8a68ca3a98d6937,
1046995843173939904,https://a0.muscache.com/pictures/hosting/Hosting-1046995843173939904/original/b80ce591-8846-41de-8305-9e53876b2669.jpeg,success,200.0,c:\Prathik\MY DOCUMENTS\Rental_price_prediction\datasets\multimodal_v3\images\1046995843173939904.jpg,367067,2016,1512,RGB,039f734d2343bd7c6afb2737ee503660,
1021050442002305903,https://a0.muscache.com/pictures/prohost-api/Hosting-1021050442002305903/original/4fcbfb67-ba02-4577-bb7f-18ee9b31a75f.jpeg,success,200.0,c:\Prathik\MY DOCUMENTS\Rental_price_prediction\datasets\multimodal_v3\images\1021050442002305903.jpg,2592630,4779,3186,RGB,6f8b82ea0f7a679fc0d7b22c11a95fef,
1008772230903306548,https://a0.muscache.com/pictures/prohost-api/Hosting-1008772230903306548/original/7b5ccbe0-62c6-4967-beb6-e0e4ac7a266e.jpeg,success,200.0,c:\Prathik\MY DOCUMENTS\Rental_price_prediction\datasets\multimodal_v3\images\1008772230903306548.jpg,995455,2738,1825,RGB,33f8894a48c40b51162c895b2dd17507,
1021851047276536648,https://a0.muscache.com/pictures/miso/Hosting-1021851047276536648/original/ebab5e5e-8d67-45ac-8dd4-defb5b04fccf.jpeg,success,200.0,c:\Prathik\MY DOCUMENTS\Rental_price_prediction\datasets\multimodal_v3\images\1021851047276536648.jpg,2548192,3072,2304,RGB,abe3b1cd5fc61045c7a85a08e09f3fd5,
1038369050294244492,https://a0.muscache.com/pictures/miso/Hosting-1038369050294244492/original/c4295c77-1fac-45f0-b68c-66dbac135a41.jpeg,success,200.0,c:\Prathik\MY DOCUMENTS\Rental_price_prediction\datasets\multimodal_v3\images\1038369050294244492.jpg,1649598,3024,4032,RGB,b41bdc3e3aaf4e2ff4a2c90aa311be0e,
995526459863483646,https://a0.muscache.com/pictures/miso/Hosting-995526459863483646/original/9569a4e6-b6e9-40c7-87c4-4ee123a6a2bb.jpeg,success,200.0,c:\Prathik\MY DOCUMENTS\Rental_price_prediction\datasets\multimodal_v3\images\995526459863483646.jpg,5306707,7008,4672,RGB,5d98a0d946f84d7b7924d6e259071df2,
1022048086717209299,https://a0.muscache.com/pictures/miso/Hosting-1022048086717209299/original/c5007c30-ca39-4602-a293-dcfe9ce5cb2d.jpeg,success,200.0,c:\Prathik\MY DOCUMENTS\Rental_price_prediction\datasets\multimodal_v3\images\1022048086717209299.jpg,1249288,2048,1365,RGB,5c6db78fedfa3ef30605568244b5cc06,
1023111129937009121,https://a0.muscache.com/pictures/hosting/Hosting-1023111129937009121/original/27cdff78-d28d-4fcf-a0c5-3ba538848ccb.jpeg,success,200.0,c:\Prathik\MY DOCUMENTS\Rental_price_prediction\datasets\multimodal_v3\images\1023111129937009121.jpg,1678599,4032,3024,RGB,a026e9a38a710cabe4c8dcbfffaba678,
1017293471564733475,https://a0.muscache.com/pictures/miso/Hosting-1017293471564733475/original/74c2fa8b-4795-4678-a243-294888c72e34.png,success,200.0,c:\Prathik\MY DOCUMENTS\Rental_price_prediction\datasets\multimodal_v3\images\1017293471564733475.jpg,287855,1838,1230,RGB,e00694783d918362c95a6930fb12954c,
1042298260025618001,https://a0.muscache.com/pictures/miso/Hosting-1042298260025618001/original/e449e1cc-70c0-4f8e-adfe-54c3012469da.jpeg,success,200.0,c:\Prathik\MY DOCUMENTS\Rental_price_prediction\datasets\multimodal_v3\images\1042298260025618001.jpg,1489780,2048,1365,RGB,b77acc362f8d470f93abe270e11d67e7,
934235976511164442,https://a0.muscache.com/pictures/prohost-api/Hosting-934235976511164442/original/1b397375-5b58-4b47-958a-86200e0960f4.jpeg,success,200.0,c:\Prathik\MY DOCUMENTS\Rental_price_prediction\datasets\multimodal_v3\images\934235976511164442.jpg,5521149,5464,3070,RGB,609c2a8305e9785c0171311f43941ae6,
982865812494991455,https://a0.muscache.com/pictures/miso/Hosting-982865812494991455/original/e5fd22bd-c6a5-4599-89c4-c6d8ab26aef1.jpeg,success,200.0,c:\Prathik\MY DOCUMENTS\Rental_price_prediction\datasets\multimodal_v3\images\982865812494991455.jpg,8422513,6000,4000,RGB,798d2caa5d2e2003c2e682670c3e558e,
1026663761984876970,https://a0.muscache.com/pictures/hosting/Hosting-1026663761984876970/original/a80633d1-6482-42a7-a4be-e2169f6834bc.jpeg,success,200.0,c:\Prathik\MY DOCUMENTS\Rental_price_prediction\datasets\multimodal_v3\images\1026663761984876970.jpg,2049256,4032,2268,RGB,c3136de3de9cfcd5f656a2f074fe1b45,
1037137814691368924,https://a0.muscache.com/pictures/prohost-api/Hosting-1037137814691368924/original/98a67adb-0cd4-438a-8ccb-51ca96876bdb.jpeg,success,200.0,c:\Prathik\MY DOCUMENTS\Rental_price_prediction\datasets\multimodal_v3\images\1037137814691368924.jpg,1201944,3840,2560,RGB,07a2e972ecad8dadfd9d6245fede7ac5,
1003654664710367771,https://a0.muscache.com/pictures/prohost-api/Hosting-1003654664710367771/original/9d55d734-83eb-48b2-b5bd-a88ba0d1355b.jpeg,success,200.0,c:\Prathik\MY DOCUMENTS\Rental_price_prediction\datasets\multimodal_v3\images\1003654664710367771.jpg,1328309,3840,2583,RGB,1d8571b733401af1e041c48cf73f02e3,
1039074939283891259,https://a0.muscache.com/pictures/miso/Hosting-1039074939283891259/original/5e7ea5c5-3c57-49c4-be5e-91c829f26069.jpeg,success,200.0,c:\Prathik\MY DOCUMENTS\Rental_price_prediction\datasets\multimodal_v3\images\1039074939283891259.jpg,4167303,4032,3024,RGB,46770c85b7d6dea63d3ba0ee4ceb206c,
1046996332735534663,https://a0.muscache.com/pictures/miso/Hosting-1046996332735534663/original/056c17dc-505b-439f-b4b0-d914ad873062.jpeg,success,200.0,c:\Prathik\MY DOCUMENTS\Rental_price_prediction\datasets\multimodal_v3\images\1046996332735534663.jpg,3368455,8038,3926,RGB,c20898038e042eb3870d217b1de5151d,
1023053614954754762,https://a0.muscache.com/pictures/airflow/Hosting-1023053614954754762/original/3bd91dfc-4d5c-4448-ae95-b131811eb9f3.jpg,success,200.0,c:\Prathik\MY DOCUMENTS\Rental_price_prediction\datasets\multimodal_v3\images\1023053614954754762.jpg,2437583,4200,2800,RGB,490e0e6c4f01bc05cf57b92a1380a490,
1003657966231423372,https://a0.muscache.com/pictures/prohost-api/Hosting-1003657966231423372/original/724a46d7-826a-41d0-a081-ecbdb05e5007.jpeg,success,200.0,c:\Prathik\MY DOCUMENTS\Rental_price_prediction\datasets\multimodal_v3\images\1003657966231423372.jpg,1319091,3840,2584,RGB,07a808adf49c2d3fe72ede22f542e257,
974732802212932299,https://a0.muscache.com/pictures/prohost-api/Hosting-974732802212932299/original/92263ce5-1bf6-4f2d-a3fb-225b1b38e6f7.jpeg,success,200.0,c:\Prathik\MY DOCUMENTS\Rental_price_prediction\datasets\multimodal_v3\images\974732802212932299.jpg,4355162,5272,3948,RGB,494cff8054524b4d83e5e5397ede25ae,
1027523886864214009,https://a0.muscache.com/pictures/hosting/Hosting-1027523886864214009/original/89bd2dd8-d1e1-4cd2-b7fd-11d8ea6e27d9.jpeg,success,200.0,c:\Prathik\MY DOCUMENTS\Rental_price_prediction\datasets\multimodal_v3\images\1027523886864214009.jpg,3765808,6016,4017,RGB,561df30ca093429148ba2a3117f67366,
960090157496125101,https://a0.muscache.com/pictures/prohost-api/Hosting-960090157496125101/original/c395ead8-c048-48ae-8883-94fa494e012a.jpeg,success,200.0,c:\Prathik\MY DOCUMENTS\Rental_price_prediction\datasets\multimodal_v3\images\960090157496125101.jpg,2257723,3743,2517,RGB,44807a48914d9bea5177c4bee6096e45,
1011646740978772855,https://a0.muscache.com/pictures/prohost-api/Hosting-1011646740978772855/original/09e1be4d-ce50-4215-b116-a32d3537027a.jpeg,success,200.0,c:\Prathik\MY DOCUMENTS\Rental_price_prediction\datasets\multimodal_v3\images\1011646740978772855.jpg,1776380,3840,2582,RGB,4a78c6099758964be63d56e9a1e0e96d,
1016640853512861175,https://a0.muscache.com/pictures/miso/Hosting-1016640853512861175/original/db2b3cde-d723-4f27-abe6-9dfed005d63d.jpeg,success,200.0,c:\Prathik\MY DOCUMENTS\Rental_price_prediction\datasets\multimodal_v3\images\1016640853512861175.jpg,2469440,4740,3164,RGB,f3337c92a39e7cc2a5bfa2043411a0b8,
1011628319678367857,https://a0.muscache.com/pictures/prohost-api/Hosting-1011628319678367857/original/b16cf29e-ff8f-41bd-883c-a371ae5d21fe.jpeg,success,200.0,c:\Prathik\MY DOCUMENTS\Rental_price_prediction\datasets\multimodal_v3\images\1011628319678367857.jpg,2466244,3840,2562,RGB,d08553d4132f31608b5511a2125d4d1d,
1023985121498242862,https://a0.muscache.com/pictures/hosting/Hosting-1023985121498242862/original/f17ac857-b1e7-4d0b-b2d4-e1d8ab70910b.jpeg,success,200.0,c:\Prathik\MY DOCUMENTS\Rental_price_prediction\datasets\multimodal_v3\images\1023985121498242862.jpg,3666300,6018,4018,RGB,aa89fe5c3de56a9ad92bcc7f0f270347,
994159110756261681,https://a0.muscache.com/pictures/miso/Hosting-994159110756261681/original/433c33dd-6e02-4d83-a493-e15e47fab158.jpeg,success,200.0,c:\Prathik\MY DOCUMENTS\Rental_price_prediction\datasets\multimodal_v3\images\994159110756261681.jpg,5815465,6720,4480,RGB,6a10a8c67f066f4d02a03eed0cdfe123,
1027839785701959994,https://a0.muscache.com/pictures/miso/Hosting-1027839785701959994/original/acba7698-a545-436b-bad7-536b7c13d9b8.jpeg,failed_timeout_or_error,,,0,0,0,,,"('Connection broken: IncompleteRead(20992535 bytes read, 3502026 more expected)', IncompleteRead(20992535 bytes read, 3502026 more expected))"
