BHK,Size,City,Bathroom,Area Type,Furnishing Status,Tenant Preferred,Rent,Description,Neighborhood_Overview,Picture_URL,Amenities,Bedrooms,Bathrooms_Airbnb,Property_Type,Room_Type,Price_Airbnb
2,1100,Kolkata,2,Super Area,Unfurnished,Bachelors/Family,10000,"The apartment is located in a quiet neighborhood . Fully furnished. Linens and towels are provided. It's two blocks away from downtown Albany, and the Palace theater.",,https://a0.muscache.com/pictures/44627226/0e72c75c_original.jpg,"[""Smoke alarm"", ""Kitchen"", ""Air conditioning"", ""Essentials"", ""TV with standard cable"", ""Wifi"", ""Heating"", ""Carbon monoxide alarm""]",2.0,1.0,Entire rental unit,Entire home/apt,
2,800,Kolkata,1,Super Area,Semi-Furnished,Bachelors/Family,20000,"Step into the charming and comfy 1BR/1BA apartment in the heart of Albany, NY. It promises a relaxing retreat bordering picturesque Washington Park and funky Lark Street while being within walking distance to vibrant downtown dining, shops, and exciting attractions.<br /><br />The lovely design and prime location will leave you in awe.<br /><br />✔ Comfy Queen Bedroom <br />✔ On-Demand Hot & Cold Filtered Water <br />✔ Open Design Living <br />✔ Fully Equipped Kitchen<br />✔ Smart TV & High-Speed Wi-Fi <br />✔ Free Parking<br /><br />See more below!",,https://a0.muscache.com/pictures/prohost-api/Hosting-3820211/original/f4d15ef2-fac4-436c-a2e3-df89ddc23d54.png,"[""Smoke alarm"", ""Kitchen"", ""Dishwasher"", ""Wifi"", ""Shower gel"", ""Coffee maker"", ""Hair dryer"", ""Body soap"", ""Carbon monoxide alarm"", ""Cooking basics"", ""Shampoo"", ""Iron"", ""Central air conditioning"", ""Dedicated workspace"", ""Microwave"", ""Dining table"", ""Heating"", ""Smart lock"", ""Pets allowed"", ""HDTV with standard cable, Apple TV"", ""Oven"", ""Noise decibel monitors on property"", ""Essentials"", ""Conditioner"", ""Free washer \u2013 In unit"", ""Dishes and silverware"", ""Free parking on premises"", ""Hangers"", ""Refrigerator"", ""Self check-in"", ""Freezer"", ""Free dryer \u2013 In unit"", ""Stove""]",1.0,1.0,Entire rental unit,Entire home/apt,
2,1000,Kolkata,1,Super Area,Semi-Furnished,Bachelors/Family,17000,"Spacious studio with hardwood floors, fully equipped kitchen, clean and bright. Large modern bath .  Full Cable TV and WiFi. Walking distance to the new Renaissance Hotel.<br />Walk to everything downtown! The Empire Plaza  and the Egg are  across the street.You can't get any closer, to the MVP Arena,  as well as Restaurants, bars, churches. Walk to  Capital and the new Capital Convention Center. Laundry facilities in the apartment",,https://a0.muscache.com/pictures/b3fc42f3-6e5e-4704-9d0f-8ceee5d32046.jpg,"[""Smoke alarm"", ""Kitchen"", ""Wifi"", ""Shower gel"", ""Hot water"", ""Coffee maker"", ""Private entrance"", ""Hair dryer"", ""TV"", ""Carbon monoxide alarm"", ""Bed linens"", ""Luggage dropoff allowed"", ""Cooking basics"", ""Ceiling fan"", ""Shampoo"", ""Iron"", ""Hot water kettle"", ""Wine glasses"", ""Baking sheet"", ""Dedicated workspace"", ""Microwave"", ""Dining table"", ""Heating"", ""Long term stays allowed"", ""Oven"", ""Backyard"", ""Air conditioning"", ""Toaster"", ""Essentials"", ""Free washer \u2013 In unit"", ""Dishes and silverware"", ""Free parking on premises"", ""Hangers"", ""Refrigerator"", ""Self check-in"", ""Free street parking"", ""Lockbox"", ""Fire extinguisher"", ""Free dryer \u2013 In unit"", ""Stove""]",0.0,1.0,Entire rental unit,Entire home/apt,
2,800,Kolkata,1,Super Area,Unfurnished,Bachelors/Family,10000,"Updated 3-bedroom home in Pine Hills near hospitals, bars, and UAlbany—2 full baths, central air, full kitchen, dining room + den with futon.",,https://a0.muscache.com/pictures/hosting/Hosting-6015313/original/4a623ee6-be45-4339-ae75-4f0dab275f72.jpeg,"[""Smoke alarm"", ""Kitchen"", ""Gas stove"", ""Wifi"", ""Shower gel"", ""Hot water"", ""Coffee maker"", ""Hair dryer"", ""Body soap"", ""TV"", ""Carbon monoxide alarm"", ""Bed linens"", ""Cooking basics"", ""Baking sheet"", ""Shampoo"", ""Room-darkening shades"", ""Wine glasses"", ""Free parking garage on premises"", ""Clothing storage"", ""Heating"", ""Stainless steel oven"", ""Washer"", ""EV charger - level 2"", ""Backyard"", ""Air conditioning"", ""Conditioner"", ""Self check-in"", ""Refrigerator"", ""Freezer"", ""Free street parking"", ""Fire extinguisher"", ""Free dryer \u2013 In unit"", ""Keypad""]",3.0,2.0,Entire home,Entire home/apt,
2,850,Kolkata,1,Carpet Area,Unfurnished,Bachelors,7500,"Step into the charming and comfy 1BR/1BA apartment in the heart of Albany, NY. It promises a relaxing retreat bordering picturesque Washington Park and funky Lark Street while being within walking distance to the vibrant downtown, which offers easy access to restaurants, shops, and exciting attractions.<br /><br />The lovely design and the prime location will leave you in awe.<br /><br />✔ Comfy Queen Bedroom<br />✔ Open Design Living<br />✔ Fully Equipped Kitchen<br />✔ Smart TV<br />✔ Wi-Fi<br />✔ Free Parking<br /><br />See more below!",,https://a0.muscache.com/pictures/prohost-api/Hosting-6623339/original/ea5cad10-dab6-4b89-8279-878648a4124e.jpeg,"[""Smoke alarm"", ""Kitchen"", ""Dishwasher"", ""Wifi"", ""Shower gel"", ""Hot water"", ""Coffee maker"", ""Private entrance"", ""Hair dryer"", ""Body soap"", ""Dryer"", ""Carbon monoxide alarm"", ""Bed linens"", ""Bathtub"", ""Cooking basics"", ""Shampoo"", ""Iron"", ""Wine glasses"", ""TV with standard cable"", ""Dedicated workspace"", ""Microwave"", ""Dining table"", ""Heating"", ""Washer"", ""Smart lock"", ""Extra pillows and blankets"", ""Pets allowed"", ""Oven"", ""Noise decibel monitors on property"", ""Air conditioning"", ""Patio or balcony"", ""Essentials"", ""Coffee"", ""Clothing storage: closet"", ""Conditioner"", ""Free parking on premises"", ""Dishes and silverware"", ""Hangers"", ""Refrigerator"", ""Self check-in"", ""Freezer"", ""Free street parking"", ""Cleaning products"", ""Stove""]",1.0,1.0,Entire rental unit,Entire home/apt,
2,600,Kolkata,2,Super Area,Unfurnished,Bachelors/Family,7000,"(21 years of age or older ONLY) NON- SMOKING.. NO PARTIES Allowed.  Cozy basement apartment in a historic brownstone in the heart of ""Center Square"".  Surrounded by shops, restaurants, and night life. Walking distance to Albany Med, State Offices, The State Capital, and The Empire State Plaza. 30 mins from Saratoga Raceway. 50 mins from Lake George. 1/2 mile Palace theater",,https://a0.muscache.com/pictures/d242a77e-437c-4d0a-9029-005a05f8d282.jpg,"[""Smoke alarm"", ""Kitchen"", ""Dishwasher"", ""Wifi"", ""Shower gel"", ""Hot water"", ""Coffee maker"", ""Private entrance"", ""Hair dryer"", ""TV"", ""Carbon monoxide alarm"", ""Bed linens"", ""Cooking basics"", ""Shampoo"", ""Microwave"", ""Heating"", ""Long term stays allowed"", ""Pets allowed"", ""Oven"", ""Portable fans"", ""Essentials"", ""Laundromat nearby"", ""Pack \u2019n play/Travel crib"", ""Conditioner"", ""Window AC unit"", ""Dishes and silverware"", ""Hangers"", ""Refrigerator"", ""Self check-in"", ""Free street parking"", ""Fire extinguisher"", ""Keypad"", ""Stove""]",1.0,1.0,Entire rental unit,Entire home/apt,
2,700,Kolkata,2,Super Area,Unfurnished,Bachelors,10000,"Great location within walking distance to the Capital. It is a good size bedroom with WiFi internet . Private full bath.  We provide in the room a small refrigerator, Microwave ,coffee pot,iron ,hair dryer and  TV. Lots of entertainment nearby. Brew pubs, restaurants, the NYS Museum. Governor's Mansion. Washington Park.Capital Rep Theater as well as the Palace Theater.",,https://a0.muscache.com/pictures/45153167-d704-48ed-9320-ab2f139bd352.jpg,"[""Smoke alarm"", ""Wifi"", ""Shower gel"", ""Hot water"", ""Coffee maker"", ""Private entrance"", ""Hair dryer"", ""Mini fridge"", ""Carbon monoxide alarm"", ""Bed linens"", ""Shampoo"", ""Iron"", ""TV with standard cable"", ""Dedicated workspace"", ""Microwave"", ""Heating"", ""Long term stays allowed"", ""Portable fans"", ""Essentials"", ""Lock on bedroom door"", ""Laundromat nearby"", ""Window AC unit"", ""Dishes and silverware"", ""Hangers"", ""Refrigerator"", ""Self check-in"", ""Free street parking"", ""Lockbox""]",1.0,1.0,Private room in rental unit,Private room,
1,250,Kolkata,1,Super Area,Unfurnished,Bachelors,5000,Spacious warm studio in 1840 house close to hospitals and downtown. Own bath flat screen cable tv wireless internet ground floor. Double bed coffee tea fridge microwave and parking. Suit 1. On park walk to post office cvs Chinese sports bar. Comfortable and decorated with taste. Irish host,,https://a0.muscache.com/pictures/hosting/Hosting-10768745/original/25897e23-61e0-4fec-9aec-d57b6e00e92a.jpeg,"[""Smoke alarm"", ""Ethernet connection"", ""Wifi"", ""Hot water"", ""Hair dryer"", ""Carbon monoxide alarm"", ""Bed linens"", ""Shampoo"", ""Iron"", ""TV with standard cable"", ""Dedicated workspace"", ""Microwave"", ""Heating"", ""Patio or balcony"", ""Essentials"", ""Lock on bedroom door"", ""Single level home"", ""Free parking on premises"", ""Window AC unit"", ""Hangers"", ""Refrigerator"", ""Self check-in"", ""Lockbox""]",1.0,1.0,Private room in guest suite,Private room,
2,800,Kolkata,2,Carpet Area,Unfurnished,Bachelors,26000,"Perfect for groups visiting Albany — this fully renovated 3-bedroom bungalow sleeps up to 10 guests comfortably in a convenient, walkable location near restaurants, bars, and shops.<br /><br />Relax in the open floor plan living space with a 77” LG OLED TV and Sonos surround sound.<br /><br />The home includes 1 king bed, 3 queen beds, optional airbeds, and easy parking with a two-lane driveway.<br /><br />Pets allowed on the first floor (gate available by request). $50 pet fee — please inquire before booking with pets.",,https://a0.muscache.com/pictures/hosting/Hosting-11253948/original/b2a5806e-d7ab-4504-aa6b-e2901c00611f.jpeg,"[""Shower gel"", ""Coffee maker"", ""Hair dryer"", ""GE stainless steel gas stove"", ""Luggage dropoff allowed"", ""65 inch HDTV with Roku, premium cable, Amazon Prime Video, standard cable, Apple TV, Netflix, Hulu"", ""Stainless steel oven"", ""Rice maker"", ""Pets allowed"", ""Exterior security cameras on property"", ""Toaster"", ""Coffee"", ""Window AC unit"", ""Sonos sound system with Bluetooth and aux"", ""Sun loungers"", ""Indoor fireplace: gas"", ""Dishwasher"", ""Clothing storage: walk-in closet and wardrobe"", ""Ethernet connection"", ""Outdoor dining area"", ""Cooking basics"", ""Iron"", ""Room-darkening shades"", ""Wine glasses"", ""Dedicated workspace"", ""Microwave"", ""Heating"", ""Long term stays allowed"", ""Essentials"", ""Books and reading material"", ""Conditioner"", ""Free washer \u2013 In unit"", ""Free parking on premises"", ""Hangers"", ""Refrigerator"", ""Fire extinguisher"", ""Cleaning products"", ""Kitchen"", ""Wifi"", ""Hot water"", ""Private entrance"", ""Private backyard \u2013 Not fully fenced"", ""Bed linens"", ""Bathtub"", ""Ceiling fan"", ""Baking sheet"", ""Safe"", ""BBQ grill"", ""Portable fans"", ""Outdoor furniture"", ""Self check-in"", ""Blender"", ""Babysitter recommendations"", ""Freezer"", ""Free street parking"", ""Free dryer \u2013 In unit"", ""Keypad"", ""High chair"", ""Outlet covers"", ""Smoke alarm"", ""Private patio or balcony"", ""Baby safety gates"", ""Body soap"", ""Fire pit"", ""Carbon monoxide alarm"", ""Shampoo"", ""Hot water kettle"", ""Dining table"", ""Extra pillows and blankets"", ""Drying rack for clothing"", ""Laundromat nearby"", ""Garden view"", ""Pack \u2019n play/Travel crib"", ""First aid kit"", ""Barbecue utensils"", ""Baby bath"", ""Dishes and silverware"", ""Game console"", ""Board games"", ""Cleaning available during stay""]",3.0,2.0,Entire place,Entire home/apt,
2,1000,Kolkata,2,Carpet Area,Semi-Furnished,Bachelors/Family,10000,"Regular breakfast free<br /><br />Lunch packed $5<br />Dinner Plate $10<br /><br />We updated cleaning protocol because of COVID-19 pandemic<br /><br />OUR PRIORITY IS ORGANIC LIFE SO OTHER THING IS LESS IMPORTANT <br />FREE LAUNDRY <br />AIR CONDITIONING <br />No parking space on premises just street parking<br />.<br />Internet High speed WiFi,<br />This building is 100 years older.<br />We don't use chemical pesticides ,chemical cleaning stuff.We use Vinegar,baking powder,biological pesticides .<br />Therefore not fancy clea",,https://a0.muscache.com/pictures/1129f67c-dfb2-4a2c-bb1d-914a3245d600.jpg,"[""Smoke alarm"", ""Kitchen"", ""Dishwasher"", ""Gas stove"", ""Wifi"", ""Hot water"", ""Hair dryer"", ""Carbon monoxide alarm"", ""Cooking basics"", ""Shampoo"", ""Host greets you"", ""Safe"", ""Free dryer \u2013 In building"", ""Microwave"", ""Heating"", ""Long term stays allowed"", ""Oven"", ""Essentials"", ""Books and reading material"", ""Clothing storage: closet"", ""First aid kit"", ""Conditioner"", ""Dishes and silverware"", ""Hangers"", ""Refrigerator"", ""Free washer \u2013 In building"", ""Free street parking"", ""Breakfast""]",0.0,1.5,Private room in home,Private room,
3,1200,Kolkata,2,Carpet Area,Semi-Furnished,Bachelors/Family,25000,,,https://a0.muscache.com/pictures/3e656127-d8e2-4743-a405-1b91d81c4dc7.jpg,"[""Smoke alarm"", ""Kitchen"", ""Trash compactor"", ""Wifi"", ""Hot water"", ""Hair dryer"", ""Dryer"", ""Carbon monoxide alarm"", ""Bed linens"", ""Luggage dropoff allowed"", ""Bathtub"", ""Cooking basics"", ""Baking sheet"", ""Shampoo"", ""Iron"", ""Hot water kettle"", ""Host greets you"", ""Dedicated workspace"", ""Microwave"", ""Heating"", ""Exercise equipment"", ""Washer"", ""Extra pillows and blankets"", ""Long term stays allowed"", ""Oven"", ""Toaster"", ""Essentials"", ""Lock on bedroom door"", ""Laundromat nearby"", ""Shared patio or balcony"", ""Single level home"", ""Books and reading material"", ""Clothing storage: closet"", ""HDTV with Netflix"", ""Barbecue utensils"", ""Window AC unit"", ""Dishes and silverware"", ""Hangers"", ""Refrigerator"", ""Blender"", ""Freezer"", ""Free street parking"", ""Cleaning products"", ""Bidet"", ""Stove""]",1.0,1.0,Private room in rental unit,Private room,
1,400,Kolkata,1,Carpet Area,Unfurnished,Bachelors/Family,5000,"Immaculate two level 3000 Sq. Ft. Bright & Sunny Cape Cod with 4 large bedrooms, Den, 2 full baths, living, dining & kitchen. Central Air & Heat. The house is situated in upscale Pine hills neighborhood on a quite dead end street with a Creek flowing through the back of the property. Peaceful & Serene View from Deck. Convenient location. Parking, Streaming Channels & WiFi included.  Relax on the deck overlooking creek with nature sounds. Short drive  to Ski Resorts.",,https://a0.muscache.com/pictures/66051b76-c375-4753-9c8f-baffa418ad4f.jpg,"[""Smoke alarm"", ""Kitchen"", ""Dishwasher"", ""Private patio or balcony"", ""Ethernet connection"", ""Gas stove"", ""Wifi"", ""Hot water"", ""Coffee maker"", ""Private entrance"", ""Hair dryer"", ""Carbon monoxide alarm"", ""Private backyard \u2013 Not fully fenced"", ""Bed linens"", ""Bathtub"", ""Cooking basics"", ""Ceiling fan"", ""Shampoo"", ""Iron"", ""Central air conditioning"", ""Safe"", ""Hot water kettle"", ""Microwave"", ""Dining table"", ""Heating"", ""Extra pillows and blankets"", ""Long term stays allowed"", ""Oven"", ""BBQ grill"", ""Portable fans"", ""Free driveway parking on premises \u2013 2 spaces"", ""Exterior security cameras on property"", ""Toaster"", ""Essentials"", ""Laundromat nearby"", ""Garden view"", ""Books and reading material"", ""Children\u2019s books and toys"", ""Free washer \u2013 In unit"", ""Dishes and silverware"", ""Hangers"", ""Refrigerator"", ""Self check-in"", ""Babysitter recommendations"", ""Freezer"", ""Free street parking"", ""Fire extinguisher"", ""Free dryer \u2013 In unit"", ""Keypad"", ""40 inch HDTV with standard cable"", ""High chair"", ""Clothing storage: walk-in closet, closet, wardrobe, and dresser""]",4.0,2.0,Entire home,Entire home/apt,
1,250,Kolkata,1,Carpet Area,Furnished,Bachelors,6500,"Single family home with driveway close to Albany Med, St. Peter’s, St. Rose, U Albany, CDTA public transport, restaurants, downtown, and nightlife. <br /><br />Recently renovated room packed with basic amenities.",,https://a0.muscache.com/pictures/0d7f6d7c-0faf-43d6-a63f-b935103cf056.jpg,"[""Smoke alarm"", ""Kitchen"", ""Dishwasher"", ""Wifi"", ""Hot water"", ""Hair dryer"", ""TV"", ""Carbon monoxide alarm"", ""Bed linens"", ""Luggage dropoff allowed"", ""Bathtub"", ""Cooking basics"", ""Baking sheet"", ""Iron"", ""Dedicated workspace"", ""Microwave"", ""Dining table"", ""Long term stays allowed"", ""Oven"", ""Toaster"", ""Essentials"", ""Lock on bedroom door"", ""Free driveway parking on premises"", ""Books and reading material"", ""Clothing storage: closet"", ""Central heating"", ""First aid kit"", ""Free washer \u2013 In unit"", ""Window AC unit"", ""Dishes and silverware"", ""Hangers"", ""Refrigerator"", ""Blender"", ""Self check-in"", ""Freezer"", ""Free street parking"", ""Fire extinguisher"", ""Coffee maker: drip coffee maker, Keurig coffee machine"", ""Free dryer \u2013 In unit"", ""Cleaning products"", ""Keypad"", ""Stove"", ""Shared backyard \u2013 Fully fenced""]",1.0,1.0,Private room in home,Private room,
1,375,Kolkata,1,Carpet Area,Unfurnished,Bachelors/Family,5500,"My place is close to University of Albany, shopping malls and plazas, bars, restaurants, the airport, the city center, parks, art and culture. You’ll love my place because of the location, the ambiance, the outdoors space, fully renovated, newly furnished, nice yard, awesome double rear deck,  open floor plan and central air.   My place is good for couples, solo adventurers, business travelers, families (with kids), big groups, and furry friends ($50 pet fee w/ booties included).",,https://a0.muscache.com/pictures/408eb58e-caa7-4021-9a9e-dfa49e849052.jpg,"[""Smoke alarm"", ""Kitchen"", ""Dishwasher"", ""Wifi"", ""Hot water"", ""Coffee maker"", ""Hair dryer"", ""Outdoor dining area"", ""Carbon monoxide alarm"", ""Paid crib"", ""Pack \u2019n play/Travel crib - available upon request"", ""Bathtub"", ""Children\u2019s dinnerware"", ""Cooking basics"", ""Shampoo"", ""Iron"", ""Central air conditioning"", ""Dedicated workspace"", ""Microwave"", ""Heating"", ""Pets allowed"", ""Electric stove"", ""Oven"", ""BBQ grill"", ""Exterior security cameras on property"", ""Essentials"", ""Outdoor furniture"", ""Garden view"", ""First aid kit"", ""Baby bath"", ""Children\u2019s books and toys"", ""Free washer \u2013 In unit"", ""Dishes and silverware"", ""Free parking on premises"", ""Hangers"", ""Refrigerator"", ""Self check-in"", ""Free street parking"", ""Game console"", ""Fire extinguisher"", ""Free dryer \u2013 In unit"", ""Private backyard \u2013 Fully fenced"", ""Keypad"", ""Board games"", ""Lake access"", ""55 inch HDTV with Amazon Prime Video, Apple TV, Hulu, Netflix, premium cable, Roku, standard cable"", ""High chair""]",2.0,2.0,Entire home,Entire home/apt,
3,900,Kolkata,2,Carpet Area,Unfurnished,Bachelors,8500,"Private bedroom, shared living room, and shared bathroom on the 2nd floor in my personal home with 2-3 guests or by yourself. 3 fans in each bedroom. 16-inch memory foam mattress. Mini fridge, microwave, coffee maker, bottled water, and toaster in the room.  No ac and no kitchen use. Self-check-in Owner-occupied house. On bus lines.   Direct bus line to Greyhound, Amtrak, Mall, Empire State Plaza, and Suny Albany.  Free street parking only.",,https://a0.muscache.com/pictures/hosting/Hosting-15580397/original/11c2787f-fd66-4dd0-b658-428fc5172629.jpeg,"[""Smoke alarm"", ""Clothing storage: closet and dresser"", ""Wifi"", ""Shower gel"", ""Hot water"", ""Coffee maker"", ""Hair dryer"", ""Body soap"", ""Mini fridge"", ""Carbon monoxide alarm"", ""Bed linens"", ""Bathtub"", ""Shampoo"", ""Iron"", ""Dedicated workspace"", ""Microwave"", ""Dining table"", ""Heating"", ""Extra pillows and blankets"", ""Long term stays allowed"", ""Portable fans"", ""Exterior security cameras on property"", ""Toaster"", ""Essentials"", ""Lock on bedroom door"", ""Laundromat nearby"", ""Books and reading material"", ""Conditioner"", ""Dishes and silverware"", ""Hangers"", ""Self check-in"", ""Free street parking"", ""Fire extinguisher"", ""Cleaning products"", ""Keypad"", ""40 inch HDTV with Fire TV, Netflix, Amazon Prime Video, Disney+, HBO Max, Hulu""]",1.0,1.0,Private room in home,Private room,
3,1286,Kolkata,2,Carpet Area,Furnished,Bachelors/Family,40000,Old style comfort.  Large high ceiling studio w kitchen facilities and private walk in shower    Queen size bed.  Lots of windows.  Ceiling fan. Window a/c.   Old world ambience with large mirrors and wallpaper.  Street level.  No stairs.  Parking at the door in driveway.  Porch w rocking chairs. Lots of garden. Park  called Greenway across the street.  Walk to post office hospital lots of eateries Starbucks.  15minute bus service from new Scotland ave to downtown.  Wi-Fi 5 G. Lockbox entry.,,https://a0.muscache.com/pictures/hosting/Hosting-16531782/original/8c5040d4-591a-4741-a9fe-79d2725a855c.jpeg,"[""Smoke alarm"", ""Kitchen"", ""Wifi"", ""Hot water"", ""Coffee maker"", ""Private entrance"", ""Hair dryer"", ""Carbon monoxide alarm"", ""Luggage dropoff allowed"", ""Shampoo"", ""Iron"", ""Dedicated workspace"", ""Heating"", ""Long term stays allowed"", ""HDTV"", ""Patio or balcony"", ""Essentials"", ""Outdoor furniture"", ""Single level home"", ""Free parking on premises"", ""Dishes and silverware"", ""Window AC unit"", ""Hangers"", ""Refrigerator"", ""Sun loungers""]",1.0,1.0,Private room in guest suite,Private room,
2,600,Kolkata,1,Super Area,Semi-Furnished,Bachelors/Family,6000,"IF YOUR PRIORITY IS GOOD NEIGHBORHOOD AND FANCY CLEAN HOUSE”DO NOT PRFER US”<br />IF YOUR PRIORITY IS “””SAFETY PLACE,GREEN LIFE AND ORGANIC NUTRITION””” YOU PREFER US<br />Important notice<br />We updated our cleaning protocol duo to COVID-19 pandemic.<br /><br />This room is not 5 stars hotel room.<br /> Before booking,read carefully about room description.<br />Breakfast free,Wi Fi high speed internet<br />We don't use chemical cleaning stuff.We use Vinegar,baking powder,biological pesticides .",,https://a0.muscache.com/pictures/4c939df7-1935-4423-89c8-b32f10ec48ed.jpg,"[""Smoke alarm"", ""Kitchen"", ""Wifi"", ""Hot water"", ""Coffee maker"", ""Hair dryer"", ""Carbon monoxide alarm"", ""Bed linens"", ""Cooking basics"", ""Shampoo"", ""Host greets you"", ""Safe"", ""Free dryer \u2013 In building"", ""Microwave"", ""Heating"", ""Extra pillows and blankets"", ""Long term stays allowed"", ""Oven"", ""Essentials"", ""Laundromat nearby"", ""Books and reading material"", ""Clothing storage: closet"", ""First aid kit"", ""Dishes and silverware"", ""Hangers"", ""Refrigerator"", ""Free washer \u2013 In building"", ""Free street parking"", ""Fire extinguisher"", ""Breakfast"", ""Stove""]",,,Private room in home,Private room,
2,800,Kolkata,1,Super Area,Unfurnished,Bachelors/Family,10000,"Convenience and comfort is what you will find. Private bedroom offered in single family home with driveway close to Albany Med, St. Peter’s, St. Rose, U Albany, CDTA public transport, restaurants, downtown, and nightlife.<br />Full kitchen available with comfortable living room and full bathroom.<br />Hosted multiple medical professionals, students, state interns, and more!<br /><br />House is a 4 bedroom 1 bath home.",,https://a0.muscache.com/pictures/689d28bd-fc6e-4512-ad8d-520b3030c238.jpg,"[""Smoke alarm"", ""Kitchen"", ""Dishwasher"", ""Wifi"", ""Hot water"", ""Hair dryer"", ""TV"", ""Carbon monoxide alarm"", ""Bed linens"", ""Luggage dropoff allowed"", ""Bathtub"", ""Cooking basics"", ""Baking sheet"", ""Iron"", ""Dedicated workspace"", ""Microwave"", ""Dining table"", ""Long term stays allowed"", ""Oven"", ""Backyard"", ""Toaster"", ""Essentials"", ""Lock on bedroom door"", ""Shared patio or balcony"", ""Free driveway parking on premises"", ""Books and reading material"", ""Clothing storage: closet"", ""Central heating"", ""First aid kit"", ""Free washer \u2013 In unit"", ""Window AC unit"", ""Dishes and silverware"", ""Hangers"", ""Refrigerator"", ""Blender"", ""Self check-in"", ""Freezer"", ""Coffee maker: drip coffee maker"", ""Free street parking"", ""Fire extinguisher"", ""Free dryer \u2013 In unit"", ""Cleaning products"", ""Keypad"", ""Stove""]",1.0,1.0,Private room in home,Private room,
2,2000,Kolkata,1,Carpet Area,Unfurnished,Bachelors/Family,11000,"Cute single family home in a convenient location with the lots of restaurants, bars and shops right around the corner. <br /><br /> It features  a driveway with covered parking, a nice outdoor area with seating, lounging and a weber 3 burner propane grill.   The home has central air and a 5 person Clearlight Premier IS-5 infrared cedar sauna by Jacuzzi. <br /><br />My place is close to University of Albany, tennis, shopping malls and plazas, bars, restaurants, the airport, the city center, parks, art and culture.",,https://a0.muscache.com/pictures/95aa6d3d-5611-4c75-989e-774206f18c57.jpg,"[""Shower gel"", ""Coffee maker"", ""Hair dryer"", ""Mini fridge"", ""Luggage dropoff allowed"", ""Central air conditioning"", ""Rice maker"", ""Pets allowed"", ""Exterior security cameras on property"", ""Toaster"", ""Coffee"", ""Organic body soap"", ""Crib"", ""Dishwasher"", ""Ethernet connection"", ""Outdoor dining area"", ""Cooking basics"", ""Iron"", ""Room-darkening shades"", ""Wine glasses"", ""Dedicated workspace"", ""Organic conditioner"", ""Microwave"", ""Heating"", ""Long term stays allowed"", ""Oven"", ""Essentials"", ""Single level home"", ""Books and reading material"", ""Free washer \u2013 In unit"", ""Children\u2019s books and toys"", ""Hangers"", ""Refrigerator"", ""Fire extinguisher"", ""Cleaning products"", ""Stove"", ""Kitchen"", ""Clothing storage: closet and dresser"", ""Wifi"", ""Hot water"", ""Private entrance"", ""Table corner guards"", ""Private backyard \u2013 Not fully fenced"", ""Bed linens"", ""Bathtub"", ""Ceiling fan"", ""Baking sheet"", ""Safe"", ""Portable fans"", ""Outdoor furniture"", ""Self check-in"", ""Blender"", ""Babysitter recommendations"", ""Freezer"", ""Free street parking"", ""Free dryer \u2013 In unit"", ""Keypad"", ""High chair"", ""Outlet covers"", ""Exercise equipment: free weights, yoga mat"", ""Smoke alarm"", ""Private patio or balcony"", ""Baby safety gates"", ""Carbon monoxide alarm"", ""Shampoo"", ""Hot water kettle"", ""Dining table"", ""Free carport on premises \u2013 3 spaces"", ""Extra pillows and blankets"", ""Bose sound system"", ""65 inch HDTV with Netflix, premium cable, Hulu, Roku, Amazon Prime Video"", ""Private sauna"", ""BBQ grill: gas"", ""Drying rack for clothing"", ""Laundromat nearby"", ""Garden view"", ""Pack \u2019n play/Travel crib"", ""First aid kit"", ""Barbecue utensils"", ""Baby bath"", ""Dishes and silverware"", ""Game console"", ""Board games"", ""Private gym in building""]",2.0,1.0,Entire home,Entire home/apt,
2,660,Kolkata,1,Super Area,Unfurnished,Bachelors/Family,6000,"Urban Oasis!  2nd Floor master bedroom in residential home.  Queen sized bed. Private bath. Mini-refrigerator, microwave and sitting area in room. Shared entrance but access to full kitchen, bath, bedroom, laundry and parking. Walking distance to Albany Med, Albany Pharmacy, Albany Law School, College of St. Rose and Sage College.  On Main bus line.  10 minute drive from downtown",,https://a0.muscache.com/pictures/2861bf31-7118-4e73-8b01-7322844191c3.jpg,"[""Smoke alarm"", ""Kitchen"", ""Dishwasher"", ""Wifi"", ""Hot water"", ""Coffee maker"", ""Hair dryer"", ""Dryer"", ""TV"", ""Carbon monoxide alarm"", ""Cooking basics"", ""Iron"", ""Microwave"", ""Heating"", ""Washer"", ""Oven"", ""Air conditioning"", ""Essentials"", ""Lock on bedroom door"", ""Shared patio or balcony"", ""Free parking on premises"", ""Dishes and silverware"", ""Hangers"", ""Refrigerator"", ""Self check-in"", ""Free street parking"", ""Fire extinguisher"", ""Keypad"", ""Stove""]",1.0,1.0,Private room in home,Private room,
2,650,Kolkata,1,Carpet Area,Unfurnished,Family,7900,"Our spacious 2048 sq. ft. 5 bedroom. 2 bath, house is the perfect place for serious minded groups. <br /><br />We welcome business travelers and family travelers looking for a quiet, sanitized gorgeous home for extended stays in the city. Our reviews emphasize that we offer the comfortable accommodations to meet all of your needed expectations.<br />Welcome to Albany",,https://a0.muscache.com/pictures/efcc69ea-7277-4b8d-bebc-3b0f2500e1c2.jpg,"[""Smoke alarm"", ""Kitchen"", ""Dishwasher"", ""Wifi"", ""Hot water"", ""Coffee maker"", ""Hair dryer"", ""Body soap"", ""Dryer"", ""TV"", ""Carbon monoxide alarm"", ""Bed linens"", ""Bathtub"", ""Cooking basics"", ""Ceiling fan"", ""Shampoo"", ""Iron"", ""Dedicated workspace"", ""Microwave"", ""Heating"", ""Washer"", ""Extra pillows and blankets"", ""Long term stays allowed"", ""Oven"", ""Air conditioning"", ""Essentials"", ""First aid kit"", ""Free parking on premises"", ""Dishes and silverware"", ""Crib"", ""Hangers"", ""Refrigerator"", ""Self check-in"", ""Lockbox"", ""Fire extinguisher"", ""Stove"", ""High chair""]",5.0,2.0,Entire home,Entire home/apt,
2,400,Kolkata,2,Carpet Area,Unfurnished,Bachelors,9000,"Cute single family home in a convenient location with the lots of restaurants, bars and shops right around the corner. It features a driveway with covered parking, a nice outdoor area and central air. My place is close to University of Albany, shopping malls and plazas, bars, restaurants, the airport, the city center, parks, art and culture. Parties and events are not allowed.",,https://a0.muscache.com/pictures/hosting/Hosting-20620135/original/37da42ee-8c0e-4720-ac0c-5e9a17a5c65e.jpeg,"[""Smoke alarm"", ""Kitchen"", ""Dishwasher"", ""Ethernet connection"", ""Wifi"", ""Hot water"", ""Coffee maker"", ""Private entrance"", ""Hair dryer"", ""Outdoor dining area"", ""Carbon monoxide alarm"", ""Bed linens"", ""Luggage dropoff allowed"", ""Cooking basics"", ""Shampoo"", ""Iron"", ""Room-darkening shades"", ""Central air conditioning"", ""TV with standard cable"", ""Dedicated workspace"", ""Microwave"", ""Dryer \u2013\u00a0In unit"", ""Heating"", ""Washer"", ""Extra pillows and blankets"", ""Pets allowed"", ""Long term stays allowed"", ""Oven"", ""BBQ grill"", ""Exterior security cameras on property"", ""Essentials"", ""Outdoor furniture"", ""Single level home"", ""Pack \u2019n play/Travel crib"", ""First aid kit"", ""Free parking on premises"", ""Dishes and silverware"", ""Hangers"", ""Refrigerator"", ""Self check-in"", ""Free street parking"", ""Game console"", ""Fire extinguisher"", ""Private backyard \u2013 Fully fenced"", ""Keypad"", ""Stove""]",2.0,1.0,Entire home,Entire home/apt,
1,300,Kolkata,1,Carpet Area,Unfurnished,Bachelors/Family,4000,"Our recently remodeled one-bedroom apartment boasts a park view, easy parking and is close to downtown Albany. We have an easy walk to groceries, Government Buildings, Albany Law School, College of Pharmacy, VA and Albany Medical Center Hospitals, and Lark Street restaurants and nightlife. The living area features a queen size futon and views of the sunset most evenings, and the bedroom features a luxurious queen-sized memory foam bed and access to our quiet garden where the sun rises.",,https://a0.muscache.com/pictures/63864f6a-3bcc-4c13-8fe0-e7ea9f02b01d.jpg,"[""Smoke alarm"", ""Kitchen"", ""Clothing storage: closet and dresser"", ""Gas stove"", ""Hot water"", ""Private entrance"", ""Hair dryer"", ""Body soap"", ""Carbon monoxide alarm"", ""Bed linens"", ""Luggage dropoff allowed"", ""Park view"", ""Bathtub"", ""Wifi \u2013 49 Mbps"", ""Cooking basics"", ""Shampoo"", ""Iron"", ""Hot water kettle"", ""Wine glasses"", ""Dedicated workspace"", ""Microwave"", ""Coffee maker: Keurig coffee machine"", ""Dining table"", ""Extra pillows and blankets"", ""Long term stays allowed"", ""Oven"", ""Drying rack for clothing"", ""Toaster"", ""Essentials"", ""Coffee"", ""Laundromat nearby"", ""Books and reading material"", ""Central heating"", ""First aid kit"", ""Conditioner"", ""Window AC unit"", ""Dishes and silverware"", ""Hangers"", ""Refrigerator"", ""Self check-in"", ""Freezer"", ""Free street parking"", ""Lockbox"", ""Fire extinguisher"", ""Cleaning products"", ""Shared backyard \u2013 Fully fenced"", ""HDTV with Amazon Prime Video, Netflix, DVD player""]",1.0,1.0,Entire rental unit,Entire home/apt,
3,1600,Kolkata,1,Super Area,Unfurnished,Bachelors/Family,6500,"This full apartment is located on the 3rd floor in this beautiful Victorian. All the comforts of home. Nothing shared,has a full bathtub,full kitchen,one bedroom with a queen bed. Living room and an office,located next to Albany Medical Center and close to law schools and universities.<br /><br />We have a strict NO SMOKING NO VAPING in the house or on the property policy. You will be asked to vacate the premises if you cannot comply.",,https://a0.muscache.com/pictures/hosting/Hosting-U3RheVN1cHBseUxpc3Rpbmc6MjA2NzE5NjY%3D/original/c836c55d-e702-4e25-8177-166eee63cd1b.jpeg,"[""Smoke alarm"", ""Kitchen"", ""Ethernet connection"", ""Wifi"", ""Hot water"", ""Hair dryer"", ""Dryer"", ""Carbon monoxide alarm"", ""Bed linens"", ""Cooking basics"", ""Shampoo"", ""Iron"", ""TV with standard cable"", ""Dedicated workspace"", ""Microwave"", ""Coffee maker: Keurig coffee machine"", ""Heating"", ""Washer"", ""Extra pillows and blankets"", ""Long term stays allowed"", ""Oven"", ""Backyard"", ""Air conditioning"", ""Essentials"", ""First aid kit"", ""Free parking on premises"", ""Dishes and silverware"", ""Hangers"", ""Refrigerator"", ""Self check-in"", ""Free street parking"", ""Fire extinguisher"", ""Keypad"", ""Stove""]",1.0,1.0,Entire home,Entire home/apt,
1,400,Kolkata,1,Super Area,Semi-Furnished,Bachelors,8000,"Relax in our cozy home on a quiet one-way street. Plenty of free street parking available.<br />With a large dining and living room, fully stocked kitchen, and furnished private room, our home is the perfect affordable stay for working professionals, students, and people in-between housing.<br /><br /><br />Newly furnished and renovated in 2017.<br />Minutes from major universities and hospitals.<br />Entire home is 3 bed 1 bath (you have a private bedroom with door lock).<br />CDTA Bus stop 1 block away.",,https://a0.muscache.com/pictures/b19e27d4-4a6e-43a7-add8-4a493d854c69.jpg,"[""Smoke alarm"", ""Kitchen"", ""Dishwasher"", ""Wifi"", ""Hot water"", ""Hair dryer"", ""Carbon monoxide alarm"", ""Bed linens"", ""Luggage dropoff allowed"", ""Bathtub"", ""Cooking basics"", ""Baking sheet"", ""Iron"", ""Dedicated workspace"", ""Microwave"", ""Dining table"", ""Long term stays allowed"", ""Oven"", ""Radiant heating"", ""Backyard"", ""Toaster"", ""Essentials"", ""Lock on bedroom door"", ""Laundromat nearby"", ""Shared patio or balcony"", ""Outdoor furniture"", ""Books and reading material"", ""Central heating"", ""First aid kit"", ""TV with Roku"", ""Free washer \u2013 In unit"", ""Window AC unit"", ""Dishes and silverware"", ""Free parking on premises"", ""Hangers"", ""Refrigerator"", ""Blender"", ""Self check-in"", ""Freezer"", ""Coffee maker: drip coffee maker"", ""Free street parking"", ""Fire extinguisher"", ""Free dryer \u2013 In unit"", ""Cleaning products"", ""Keypad"", ""Clothing storage: walk-in closet"", ""Stove""]",1.0,1.0,Private room in home,Private room,
2,1000,Kolkata,1,Super Area,Unfurnished,Bachelors/Family,7000,"A cozy private apartment. The Blair Suite, named after the original owner of this beautiful 1890's Victorian, is located on the basement floor. It has it's own private entrance on the side of the home. Located in historic Albany, close to everything, hospitals, schools, museums, restaurants and Washington Park.<br /><br />We have a strict NO SMOKING NO VAPING in the house or on the property policy. You will be asked to vacate the premises if you cannot comply.",,https://a0.muscache.com/pictures/fd849090-1271-4243-abfb-f07273259981.jpg,"[""Smoke alarm"", ""Kitchen"", ""Ethernet connection"", ""Clothing storage: closet and dresser"", ""Portable air conditioning"", ""Wifi"", ""Hot water"", ""Private entrance"", ""Hair dryer"", ""Body soap"", ""Outdoor dining area"", ""Carbon monoxide alarm"", ""Bed linens"", ""Luggage dropoff allowed"", ""Cooking basics"", ""Baking sheet"", ""Shampoo"", ""Iron"", ""TV with standard cable"", ""Dedicated workspace"", ""Microwave"", ""Coffee maker: Keurig coffee machine"", ""Heating"", ""Extra pillows and blankets"", ""Long term stays allowed"", ""Portable fans"", ""Paid washer \u2013 In building"", ""Toaster"", ""Essentials"", ""First aid kit"", ""Conditioner"", ""Free parking on premises"", ""Dishes and silverware"", ""Hangers"", ""Refrigerator"", ""Self check-in"", ""Freezer"", ""Free street parking"", ""Fire extinguisher"", ""Private backyard \u2013 Fully fenced"", ""Cleaning products"", ""Keypad"", ""Paid dryer \u2013 In building"", ""Stove""]",1.0,1.0,Entire rental unit,Entire home/apt,
1,355,Kolkata,1,Carpet Area,Semi-Furnished,Bachelors/Family,5300,"Lovely Ranch home nestled on a quiet street near the SUNY campus. This home has a detached garage, porch and patio.  There's central air, new dishwasher, 55"" 4k Smart TV, new furniture, lots of seating and expanding dining table for up to 8+.  Lots of Parking.  2 Queen bedrooms and 2 more beds can be added to one of the common rooms.",,https://a0.muscache.com/pictures/hosting/Hosting-21449583/original/9c9f89a5-3d43-4b38-ac43-c03ceac5bf61.jpeg,"[""Smoke alarm"", ""Kitchen"", ""Dishwasher"", ""Private patio or balcony"", ""Wifi"", ""Hot water"", ""Coffee maker"", ""Private entrance"", ""Hair dryer"", ""Body soap"", ""Outdoor dining area"", ""Dryer"", ""Mini fridge"", ""Carbon monoxide alarm"", ""Bed linens"", ""Luggage dropoff allowed"", ""Cooking basics"", ""Ceiling fan"", ""Shampoo"", ""Iron"", ""Room-darkening shades"", ""Central air conditioning"", ""Hot water kettle"", ""Dedicated workspace"", ""Wine glasses"", ""Baking sheet"", ""Clothing storage"", ""Heating"", ""Washer \u2013\u00a0In unit"", ""Hammock"", ""Smart lock"", ""Extra pillows and blankets"", ""Pets allowed"", ""Long term stays allowed"", ""Oven"", ""BBQ grill"", ""Exterior security cameras on property"", ""Toaster"", ""Outdoor furniture"", ""Sound system"", ""Books and reading material"", ""Pack \u2019n play/Travel crib"", ""First aid kit"", ""Barbecue utensils"", ""Free parking on premises"", ""Dishes and silverware"", ""Crib"", ""Hangers"", ""Refrigerator"", ""Blender"", ""Self check-in"", ""Freezer"", ""HDTV with Amazon Prime Video, Apple TV, Hulu, Netflix, premium cable, Roku"", ""Fire extinguisher"", ""Children\u2019s bikes"", ""Bidet"", ""Board games"", ""Stove"", ""Changing table - available upon request"", ""Baby bath - available upon request"", ""Private backyard""]",4.0,1.0,Entire home,Entire home/apt,
2,1000,Kolkata,1,Super Area,Semi-Furnished,Bachelors/Family,6000,"Come explore Albany in my newly renovated fully furnished apartment which is conveniently located near hospitals, schools, parks and restaurants.",,https://a0.muscache.com/pictures/19ecf240-ce00-4184-a44a-bcb94e4e63e6.jpg,"[""Smoke alarm"", ""Kitchen"", ""Ethernet connection"", ""Wifi"", ""Hot water"", ""Coffee maker"", ""Hair dryer"", ""TV"", ""Carbon monoxide alarm"", ""Bed linens"", ""Luggage dropoff allowed"", ""Cooking basics"", ""Ceiling fan"", ""Shampoo"", ""Iron"", ""Hot water kettle"", ""Building staff"", ""Dedicated workspace"", ""Microwave"", ""Heating"", ""Extra pillows and blankets"", ""Long term stays allowed"", ""Oven"", ""Toaster"", ""Essentials"", ""Coffee"", ""Books and reading material"", ""Window AC unit"", ""Dishes and silverware"", ""Hangers"", ""Refrigerator"", ""Self check-in"", ""Freezer"", ""Free street parking"", ""Cleaning available during stay"", ""Stove""]",1.0,1.0,Entire rental unit,Entire home/apt,
2,800,Kolkata,1,Super Area,Unfurnished,Bachelors/Family,8500,"Relax in our cozy home on a quiet one-way street. Plenty of free street parking available.<br />With a large dining and living room, fully stocked kitchen, and furnished private room, our home is the perfect affordable stay for working professionals, students, and people in-between housing.<br /><br /><br />Newly furnished and renovated in 2017.<br />Minutes from major universities and hospitals.<br />Entire home is 3 bed 1 bath (you have a private bedroom with door lock).<br />CDTA Bus stop 1 block away.",,https://a0.muscache.com/pictures/35d8c2e8-b809-49ac-b465-20676c347c10.jpg,"[""Smoke alarm"", ""Kitchen"", ""Dishwasher"", ""Wifi"", ""Hot water"", ""Hair dryer"", ""TV"", ""Carbon monoxide alarm"", ""Bed linens"", ""Luggage dropoff allowed"", ""Bathtub"", ""Cooking basics"", ""Baking sheet"", ""Iron"", ""Dedicated workspace"", ""Microwave"", ""Dining table"", ""Long term stays allowed"", ""Oven"", ""Radiant heating"", ""Toaster"", ""Essentials"", ""Lock on bedroom door"", ""Outdoor furniture"", ""Shared patio or balcony"", ""Books and reading material"", ""Clothing storage: closet"", ""First aid kit"", ""Free washer \u2013 In unit"", ""Window AC unit"", ""Dishes and silverware"", ""Free parking on premises"", ""Hangers"", ""Refrigerator"", ""Blender"", ""Self check-in"", ""Freezer"", ""Coffee maker: drip coffee maker"", ""Free street parking"", ""Fire extinguisher"", ""Free dryer \u2013 In unit"", ""Cleaning products"", ""Keypad"", ""Stove"", ""Shared backyard \u2013 Fully fenced""]",1.0,1.0,Private room in home,Private room,
2,850,Kolkata,2,Super Area,Unfurnished,Bachelors/Family,12500,"Relax in our cozy home on a quiet one-way street. Plenty of free street parking available.<br />With a large dining and living room, fully stocked kitchen, and furnished private room, our home is the perfect affordable stay for working professionals, students, and people in-between housing.<br /><br /><br />Newly furnished and renovated in 2017.<br />Minutes from major universities and hospitals.<br />Entire home is 3 bed 1 bath (you have a private bedroom with door lock).<br />CDTA Bus stop 1 block away.",,https://a0.muscache.com/pictures/bc39005d-d904-4452-8b8d-8a541a23e0ce.jpg,"[""Smoke alarm"", ""Dishwasher"", ""Wifi"", ""Hot water"", ""Hair dryer"", ""TV"", ""Carbon monoxide alarm"", ""Bed linens"", ""Luggage dropoff allowed"", ""Bathtub"", ""Cooking basics"", ""Baking sheet"", ""Iron"", ""Dedicated workspace"", ""Microwave"", ""Dining table"", ""Hammock"", ""Long term stays allowed"", ""Oven"", ""Radiant heating"", ""Toaster"", ""Essentials"", ""Lock on bedroom door"", ""Outdoor furniture"", ""Shared patio or balcony"", ""Books and reading material"", ""First aid kit"", ""Free washer \u2013 In unit"", ""Window AC unit"", ""Dishes and silverware"", ""Free parking on premises"", ""Hangers"", ""Refrigerator"", ""Blender"", ""Self check-in"", ""Freezer"", ""Coffee maker: drip coffee maker"", ""Free street parking"", ""Fire extinguisher"", ""Free dryer \u2013 In unit"", ""Cleaning products"", ""Keypad"", ""Clothing storage: walk-in closet"", ""Stove"", ""Shared backyard \u2013 Fully fenced""]",1.0,1.0,Private room in home,Private room,
1,350,Kolkata,1,Carpet Area,Unfurnished,Bachelors/Family,7500,"This home is a gorgeous 100 year old Victorian  <br />This suite is located on the 2nd floor. All the comforts of home! Tv and mini fridge in room. <br />We supply towels, linens and starter toiletries. <br />A very clean and quiet setting makes  for a comfortable stay here at the Inn.<br /><br />We have a strict NO SMOKING NO VAPING in the house or on the property policy. You will be asked to vacate the premises if you cannot comply.",,https://a0.muscache.com/pictures/hosting/Hosting-22398196/original/3c9938db-fd88-4b90-8629-8da75d610f59.jpeg,"[""Smoke alarm"", ""Kitchen"", ""Wifi"", ""Hot water"", ""Coffee maker"", ""Hair dryer"", ""Dryer"", ""Carbon monoxide alarm"", ""Bed linens"", ""Cooking basics"", ""Shampoo"", ""Iron"", ""TV with standard cable"", ""Dedicated workspace"", ""Heating"", ""Washer"", ""Extra pillows and blankets"", ""Long term stays allowed"", ""Backyard"", ""Patio or balcony"", ""Essentials"", ""Lock on bedroom door"", ""First aid kit"", ""Conditioner"", ""Free parking on premises"", ""Window AC unit"", ""Dishes and silverware"", ""Hangers"", ""Refrigerator"", ""Self check-in"", ""Free street parking"", ""Fire extinguisher"", ""Cleaning products"", ""Keypad""]",1.0,1.0,Private room in home,Private room,
2,900,Kolkata,2,Carpet Area,Unfurnished,Bachelors/Family,15000,"Located in a huge Victorian, this beautiful suite comes furnished with a queen size bed, desk, dresser, TV, Wifi,  small fridge and Private bath.<br />We supply the towels, linens and starter toiletries.<br /><br />We have a strict NO SMOKING NO VAPING in the house or on the property policy. You will be asked to vacate the premises if you cannot comply.",,https://a0.muscache.com/pictures/hosting/Hosting-24606880/original/6359773b-016c-4cd2-bd1c-fcf966b24263.jpeg,"[""Smoke alarm"", ""Kitchen"", ""Wifi"", ""Hot water"", ""Coffee maker"", ""Hair dryer"", ""Dryer"", ""Carbon monoxide alarm"", ""Bed linens"", ""Cooking basics"", ""Shampoo"", ""Iron"", ""TV with standard cable"", ""Dedicated workspace"", ""Microwave"", ""Heating"", ""Washer"", ""Extra pillows and blankets"", ""Long term stays allowed"", ""Pocket wifi"", ""Oven"", ""Backyard"", ""Essentials"", ""Lock on bedroom door"", ""Free parking on premises"", ""Window AC unit"", ""Dishes and silverware"", ""Hangers"", ""Refrigerator"", ""Self check-in"", ""Free street parking"", ""Fire extinguisher"", ""Keypad"", ""Stove""]",1.0,1.0,Private room in guest suite,Private room,
2,550,Kolkata,1,Super Area,Semi-Furnished,Bachelors/Family,6000,"Calm, happy vibes in this solid, sunny garden level suite.  Historic yet completely renovated 1858 row house sited on a pretty cobblestone street between Empire State Plaza (one block away) and Washington Park (two blocks away). Walkable to everything on Lark and Downtown. Private entrance, private walkout access to a secluded private garden/patio. Very reliable wi-fi, great water pressure: great spot to concentrate and relax; perfect location for exploring Capitol, museums, neighborhood.",,https://a0.muscache.com/pictures/hosting/Hosting-U3RheVN1cHBseUxpc3Rpbmc6MjU1NDk1NjU=/original/1fa866a1-6dd3-48ee-a652-1b45300480e1.png,"[""Smoke alarm"", ""Private patio or balcony"", ""Wifi"", ""Shower gel"", ""Hot water"", ""Coffee maker"", ""Private entrance"", ""Outdoor dining area"", ""Mini fridge"", ""Carbon monoxide alarm"", ""Private backyard \u2013 Not fully fenced"", ""Bed linens"", ""Luggage dropoff allowed"", ""Kitchenette"", ""Shampoo"", ""Iron"", ""Room-darkening shades"", ""Wine glasses"", ""Dedicated workspace"", ""Microwave"", ""Extra pillows and blankets"", ""Long term stays allowed"", ""AC - split type ductless system"", ""Dr. Bronner body soap"", ""Portable fans"", ""Essentials"", ""Coffee"", ""Laundromat nearby"", ""Outdoor furniture"", ""Books and reading material"", ""Clothing storage: closet"", ""Central heating"", ""Conditioner"", ""Window AC unit"", ""32 inch HDTV with HBO Max, Roku, standard cable, Hulu, Amazon Prime Video, Netflix"", ""Dishes and silverware"", ""Hangers"", ""Self check-in"", ""Free street parking"", ""Lockbox"", ""Fire extinguisher"", ""Paid parking lot off premises""]",1.0,1.0,Entire guest suite,Entire home/apt,
2,500,Kolkata,2,Carpet Area,Unfurnished,Bachelors/Family,5000,"Comfortable and quiet, one-bedroom garden apartment with full kitchen in the heart of the charming Center Square neighborhood.",,https://a0.muscache.com/pictures/df190ecb-0d41-4034-8ff4-8ea572884489.jpg,"[""Smoke alarm"", ""Kitchen"", ""Dishwasher"", ""Wifi"", ""Shower gel"", ""Hot water"", ""Coffee maker"", ""Private entrance"", ""Hair dryer"", ""Body soap"", ""Dryer"", ""TV"", ""Carbon monoxide alarm"", ""Cooking basics"", ""Shampoo"", ""Iron"", ""Dedicated workspace"", ""Microwave"", ""Heating"", ""Washer"", ""Oven"", ""Exterior security cameras on property"", ""Air conditioning"", ""Essentials"", ""First aid kit"", ""Conditioner"", ""Free parking on premises"", ""Dishes and silverware"", ""Hangers"", ""Refrigerator"", ""Self check-in"", ""Free street parking"", ""Fire extinguisher"", ""Cleaning products"", ""Keypad"", ""Stove""]",1.0,1.0,Entire rental unit,Entire home/apt,
3,1100,Kolkata,1,Carpet Area,Unfurnished,Bachelors/Family,22000,"ThRock&Roll Suite is located on the second floor of this huge Victorian on South Lake Ave . Features a Queen size bed , Full private bath , Walking distance to Albany Med<br /><br />We have a strict NO SMOKING NO VAPING in the house or on the property policy. You will be asked to vacate the premises if you cannot comply.",,https://a0.muscache.com/pictures/hosting/Hosting-27670660/original/935a1aeb-f7af-4adb-9654-66a8836128ec.jpeg,"[""Smoke alarm"", ""Kitchen"", ""Paid washer"", ""Wifi"", ""Hot water"", ""Coffee maker"", ""Hair dryer"", ""Outdoor dining area"", ""Mini fridge"", ""Carbon monoxide alarm"", ""Bed linens"", ""Luggage dropoff allowed"", ""Cooking basics"", ""Iron"", ""Wine glasses"", ""TV with standard cable"", ""Dedicated workspace"", ""Microwave"", ""Dining table"", ""Extra pillows and blankets"", ""Long term stays allowed"", ""Oven"", ""Radiant heating"", ""Backyard"", ""Patio or balcony"", ""Toaster"", ""Essentials"", ""Lock on bedroom door"", ""Outdoor furniture"", ""First aid kit"", ""Free parking on premises"", ""Window AC unit"", ""Dishes and silverware"", ""Hangers"", ""Refrigerator"", ""Self check-in"", ""Freezer"", ""Free street parking"", ""Fire extinguisher"", ""Cleaning products"", ""Keypad"", ""Paid dryer \u2013 In building"", ""Stove""]",1.0,1.0,Private room in rental unit,Private room,
2,850,Kolkata,1,Carpet Area,Semi-Furnished,Bachelors/Family,15000,Travers week Special !!!<br />MVP Arena 5 miles away offering <br />Concerts and Special Events <br />30 minutes to Saratoga Race track<br />and Racino <br />SUNY Albany 10 miles <br />Lake George an hour away<br />Rivers Casino Schenectady 20 minutes<br />Golf course 2 minutes <br />Crossgates Mall 10 minutes<br /><br />A quiet safe development on Culdesac,,https://a0.muscache.com/pictures/miso/Hosting-27692601/original/b6ac69a5-114a-48ba-aedf-83d1217de62d.png,"[""Smoke alarm"", ""Kitchen"", ""Dishwasher"", ""Wifi"", ""Coffee maker"", ""Private entrance"", ""Hair dryer"", ""Dryer"", ""Indoor fireplace"", ""TV"", ""Gym"", ""Carbon monoxide alarm"", ""Bathtub"", ""Cooking basics"", ""Iron"", ""Room-darkening shades"", ""Fireplace guards"", ""Microwave"", ""Heating"", ""Exercise equipment"", ""Washer"", ""Oven"", ""Backyard"", ""Patio or balcony"", ""Air conditioning"", ""Essentials"", ""Garden view"", ""Sound system"", ""Books and reading material"", ""Children\u2019s books and toys"", ""Dishes and silverware"", ""Free parking on premises"", ""Hangers"", ""Refrigerator"", ""Fire extinguisher"", ""Stove""]",2.0,1.5,Entire home,Entire home/apt,
2,800,Kolkata,1,Carpet Area,Unfurnished,Bachelors,12500,"My home is within walking distance of the Capital, the Empire State Plaza, Albany Medical Center, and many restaurants and museums. It's directly across from beautiful Washington Park, and it's an ideal location for medical students,  nurses,  people taking the bar exam, or here on business. I'm fully vaccinated as of May.  Please note resident cats and acknowledge that you're aware. Thanks!!",,https://a0.muscache.com/pictures/0edd211e-34ea-4884-8b70-78ebe5db5440.jpg,"[""Smoke alarm"", ""Kitchen"", ""Wifi"", ""Hot water"", ""Coffee maker"", ""Hair dryer"", ""Body soap"", ""Bed linens"", ""Bathtub"", ""Cooking basics"", ""Shampoo"", ""Iron"", ""Room-darkening shades"", ""Hot water kettle"", ""Host greets you"", ""Dedicated workspace"", ""Microwave"", ""Dining table"", ""Heating"", ""Extra pillows and blankets"", ""Oven"", ""Portable fans"", ""Toaster"", ""Essentials"", ""Coffee"", ""Books and reading material"", ""First aid kit"", ""Conditioner"", ""Dishes and silverware"", ""Hangers"", ""Refrigerator"", ""Freezer"", ""Fire extinguisher"", ""Cleaning products"", ""Stove""]",1.0,1.0,Private room in rental unit,Private room,
2,630,Kolkata,1,Carpet Area,Unfurnished,Bachelors,7000,"Urban Oasis!  2nd Floor guest bedroom in residential home.  Shared entrance.  Limited use of full kitchen, shared bath, bedroom, laundry and parking. Walking distance to Albany Med, Albany Pharmacy, Albany Law School, College of St. Rose and Sage College.  On Main bus line.  10 minute drive from downtown",,https://a0.muscache.com/pictures/c49a9dcd-930e-443d-b7dd-080aa74d17d2.jpg,"[""Smoke alarm"", ""Kitchen"", ""Wifi"", ""Hot water"", ""Coffee maker"", ""Hair dryer"", ""Dryer"", ""TV"", ""Carbon monoxide alarm"", ""Cooking basics"", ""Shampoo"", ""Iron"", ""Microwave"", ""Heating"", ""Washer"", ""Smart lock"", ""Air conditioning"", ""Essentials"", ""Lock on bedroom door"", ""Free parking on premises"", ""Dishes and silverware"", ""Hangers"", ""Refrigerator"", ""Self check-in"", ""Free street parking"", ""Private living room""]",1.0,1.0,Private room in rental unit,Private room,
2,900,Kolkata,2,Carpet Area,Semi-Furnished,Bachelors,21000,"BOOK this attic loft in a renovated historic 200 year-old building in a quiet neighborhood of Albany's Pastures. Great location near Albany Medical Center, MVP Arena, Empire State Plaza, Library, Lark Street, State Offices, courts; easy access to local & regional bus routes and highways (I-787, I-90 & I-87).  Great for traveling nurses!<br /><br />Accommodates up to 5 NON-SMOKING guests.<br />Toiletries included.<br /><br />Save & BOOK our 3rd floor suite today!<br />Message me anytime. Hope to welcome you soon!<br /><br />-Earl",,https://a0.muscache.com/pictures/hosting/Hosting-28722270/original/4b7ee902-4f24-42ff-b752-7208787d918b.jpeg,"[""Smoke alarm"", ""Ethernet connection"", ""Pack \u2019n play/Travel crib - always at the listing"", ""Portable air conditioning"", ""Wifi"", ""Shower gel"", ""Hot water"", ""Private entrance"", ""Hair dryer"", ""Body soap"", ""Mini fridge"", ""Carbon monoxide alarm"", ""Bed linens"", ""Luggage dropoff allowed"", ""Kitchenette"", ""Cooking basics"", ""Paid parking off premises"", ""Ceiling fan"", ""Shampoo"", ""Iron"", ""Hot water kettle"", ""Dedicated workspace"", ""Microwave"", ""Coffee maker: Keurig coffee machine"", ""Dining table"", ""Heating"", ""Smart lock"", ""Extra pillows and blankets"", ""Pets allowed"", ""Long term stays allowed"", ""Noise decibel monitors on property"", ""Exterior security cameras on property"", ""Toaster"", ""Essentials"", ""Laundromat nearby"", ""Shared patio or balcony"", ""Clothing storage: closet"", ""First aid kit"", ""Induction stove"", ""Conditioner"", ""Window AC unit"", ""Dishes and silverware"", ""Crib"", ""Hangers"", ""Refrigerator"", ""Self check-in"", ""Free washer \u2013 In building"", ""Free street parking"", ""Game console"", ""Fire extinguisher"", ""HDTV with Amazon Prime Video, Hulu, Netflix"", ""Paid parking on premises"", ""Bidet"", ""Paid dryer \u2013 In building"", ""Shared backyard \u2013 Fully fenced""]",1.0,1.0,Entire loft,Entire home/apt,
1,270,Kolkata,1,Carpet Area,Semi-Furnished,Bachelors/Family,10000,"BOOK our affordable basement-level suite in the quiet neighborhood of Albany's Pastures.<br />Great location near Albany Med, MVP Arena, Empire State Plaza, Library, Lark Street, State Offices, courts, restaurants, entertainment; easy access to local and regional bus routes and highways (I-787, I-90 and I-87).<br />10-hour metered parking in front, free after 5 PM and weekends.<br /><br />Accommodates up to 3 NON-SMOKING guests.<br />Toiletries included.<br /><br />Message me anytime. Hope to welcome you soon!<br /><br />-Earl",,https://a0.muscache.com/pictures/hosting/Hosting-U3RheVN1cHBseUxpc3Rpbmc6Mjg4Njg4NTc%3D/original/072a23c0-a209-4e35-b03c-14625adf0097.jpeg,"[""Smoke alarm"", ""Kitchen"", ""Pack \u2019n play/Travel crib - always at the listing"", ""Portable air conditioning"", ""Wifi"", ""Shower gel"", ""Hot water"", ""Private entrance"", ""Hair dryer"", ""Body soap"", ""Carbon monoxide alarm"", ""Bed linens"", ""Luggage dropoff allowed"", ""Cooking basics"", ""Shampoo"", ""Iron"", ""Hot water kettle"", ""Wine glasses"", ""Dedicated workspace"", ""Microwave"", ""Coffee maker: Keurig coffee machine"", ""Clothing storage"", ""Dining table"", ""Heating"", ""Smart lock"", ""Extra pillows and blankets"", ""Pets allowed"", ""Long term stays allowed"", ""Noise decibel monitors on property"", ""Exterior security cameras on property"", ""Toaster"", ""Essentials"", ""Coffee"", ""Laundromat nearby"", ""Shared patio or balcony"", ""First aid kit"", ""Conditioner"", ""Paid parking garage off premises"", ""Dishes and silverware"", ""Hangers"", ""Refrigerator"", ""Self check-in"", ""Free washer \u2013 In building"", ""42 inch HDTV with Amazon Prime Video, Chromecast, Fire TV"", ""Freezer"", ""Free street parking"", ""Fire extinguisher"", ""Paid parking on premises"", ""Cleaning products"", ""Paid dryer \u2013 In building"", ""Stove"", ""Shared backyard \u2013 Fully fenced""]",1.0,1.0,Entire rental unit,Entire home/apt,
2,630,Kolkata,1,Carpet Area,Semi-Furnished,Bachelors/Family,7200,"Quiet suburban neighborhood minutes from downtown Albany. Guests have access to the kitchen, dinette and deck. Garage space is also available.<br /><br />Private guest quarters include a large bedroom with a queen-size bed, desk and private bath. Guests also enjoy their own spacious living area with a large TV, massage chair, convertible couch, microwave, water cooler and exercise equipment.",,https://a0.muscache.com/pictures/36719a50-f474-40fe-8854-36c371aa743b.jpg,"[""Smoke alarm"", ""Private patio or balcony"", ""Bikes"", ""Wifi"", ""Shower gel"", ""Exercise equipment: free weights, treadmill, yoga mat"", ""Hot water"", ""Coffee maker"", ""Hair dryer"", ""Body soap"", ""Outdoor dining area"", ""Dryer"", ""Indoor fireplace"", ""Gym"", ""Carbon monoxide alarm"", ""Bed linens"", ""Luggage dropoff allowed"", ""Cooking basics"", ""Shampoo"", ""Iron"", ""Wine glasses"", ""Host greets you"", ""TV with standard cable"", ""Dedicated workspace"", ""Microwave"", ""Dining table"", ""Heating"", ""Washer"", ""Extra pillows and blankets"", ""Long term stays allowed"", ""BBQ grill"", ""Portable fans"", ""Backyard"", ""Air conditioning"", ""Essentials"", ""Lock on bedroom door"", ""Coffee"", ""Outdoor furniture"", ""Books and reading material"", ""First aid kit"", ""Barbecue utensils"", ""Conditioner"", ""Free parking on premises"", ""Dishes and silverware"", ""Hangers"", ""Refrigerator"", ""Blender"", ""Free street parking"", ""Fire extinguisher"", ""Breakfast"", ""Clothing storage: walk-in closet"", ""Private living room""]",1.0,1.0,Private room in home,Private room,
3,1500,Kolkata,2,Carpet Area,Furnished,Bachelors,12000,"Step into the charming and comfy 1BR/1BA apartment in the heart of Albany, NY. It promises a relaxing retreat bordering picturesque Washington Park and funky Lark Street while being within walking distance to vibrant downtown dining, shops, and exciting attractions.<br /><br />The lovely design and prime location will leave you in awe.<br /><br />✔ Comfy Queen Bedroom <br />✔ On-Demand Hot & Cold Filtered Water <br />✔ Open Design Living <br />✔ Fully Equipped Kitchen<br />✔ Smart TV & High-Speed Wi-Fi <br />✔ Free Parking<br /><br />See more below!",,https://a0.muscache.com/pictures/prohost-api/Hosting-29605579/original/497fda05-c091-4331-943b-524fbdf62ded.png,"[""Smoke alarm"", ""Kitchen"", ""Dishwasher"", ""Private patio or balcony"", ""Wifi"", ""Shower gel"", ""Coffee maker"", ""Private entrance"", ""Hair dryer"", ""Body soap"", ""Dryer"", ""Carbon monoxide alarm"", ""Bed linens"", ""Cooking basics"", ""Baking sheet"", ""Shampoo"", ""Iron"", ""TV with standard cable"", ""Dedicated workspace"", ""Microwave"", ""Dining table"", ""Heating"", ""Washer"", ""Smart lock"", ""Extra pillows and blankets"", ""Pets allowed"", ""Oven"", ""Noise decibel monitors on property"", ""Air conditioning"", ""Exterior security cameras on property"", ""Essentials"", ""Outdoor furniture"", ""Conditioner"", ""Free parking on premises"", ""Dishes and silverware"", ""Hangers"", ""Refrigerator"", ""Self check-in"", ""Freezer"", ""Stove""]",1.0,1.0,Entire rental unit,Entire home/apt,
1,600,Kolkata,1,Super Area,Unfurnished,Bachelors/Family,5000,"This Suite has been refurbished completely. A beautiful and comfortable Suite that has everything a guest needs! Nice decor with a queen bed, desk, cable TV, WiFi, ironing board, blow dryer and your own private bath. Private entrance close to front of house.  The Inn at South Lake is a large Victorian with multiple dorm style suites. Each suite has it's own private lock. A very quiet, professional atmosphere.<br /><br />We have a strict NO SMOKING NO VAPING in the house or on the property policy.",,https://a0.muscache.com/pictures/7730cdc1-0e98-4ad5-9dff-c1cc87650d44.jpg,"[""Smoke alarm"", ""Kitchen"", ""Wifi"", ""Hot water"", ""Hair dryer"", ""Body soap"", ""Dryer"", ""TV"", ""Carbon monoxide alarm"", ""Bed linens"", ""Cooking basics"", ""Shampoo"", ""Iron"", ""Dedicated workspace"", ""Clothing storage"", ""Heating"", ""Washer"", ""Air conditioning"", ""Essentials"", ""Lock on bedroom door"", ""First aid kit"", ""Conditioner"", ""Free parking on premises"", ""Hangers"", ""Refrigerator"", ""Self check-in"", ""Free street parking"", ""Fire extinguisher"", ""Keypad"", ""Private living room""]",1.0,1.0,Private room in home,Private room,
2,700,Kolkata,1,Carpet Area,Semi-Furnished,Bachelors/Family,8500,"We are currently only renting to female guest. We are close to the bus line and SUNY, within walking distance, nice quiet, safe neighborhood with everything from a Church to several different restaurants and bars. Can be downtown within the hour on the bus or to the malls within 30 minutes. Street parking.",,https://a0.muscache.com/pictures/hosting/Hosting-31210362/original/a0c30a25-0990-42c1-b417-da5e97373d52.jpeg,"[""HDTV with Hulu, Netflix, Roku, Fire TV"", ""Smoke alarm"", ""Kitchen"", ""Private patio or balcony"", ""Wifi"", ""Hot water"", ""Coffee maker"", ""Hair dryer"", ""Body soap"", ""Outdoor dining area"", ""Mini fridge"", ""Carbon monoxide alarm"", ""Bed linens"", ""Cooking basics"", ""Baking sheet"", ""Shampoo"", ""Iron"", ""Hot water kettle"", ""Wine glasses"", ""Free dryer \u2013 In building"", ""Fireplace guards"", ""Dedicated workspace"", ""Microwave"", ""Dining table"", ""Heating"", ""Extra pillows and blankets"", ""Long term stays allowed"", ""Electric stove"", ""Portable fans"", ""Toaster"", ""Essentials"", ""Lock on bedroom door"", ""Coffee"", ""Laundromat nearby"", ""Outdoor furniture"", ""Single level home"", ""Books and reading material"", ""Clothing storage: closet"", ""First aid kit"", ""Barbecue utensils"", ""Conditioner"", ""BBQ grill: charcoal"", ""Dishes and silverware"", ""Hangers"", ""Refrigerator"", ""Blender"", ""Free washer \u2013 In building"", ""Self check-in"", ""Freezer"", ""Free street parking"", ""Lockbox"", ""Fire extinguisher"", ""Private backyard \u2013 Fully fenced"", ""Cleaning products"", ""Bidet""]",1.0,1.0,Private room in home,Private room,
1,300,Kolkata,1,Super Area,Semi-Furnished,Bachelors/Family,6000,"Comfortable single- family home in quiet residential neighborhood.  Large bathroom with a “guest sink” and two showers to choose from. Comfortable beds and a desk to work at. Free and easy on street parking, bus routes to downtown at both ends of the block. Close to hospitals, Albany JCC, library. Wide variety of restaurants nearby.",,https://a0.muscache.com/pictures/airflow/Hosting-32279028/original/005cd1e0-081a-40ea-b796-7320b7764683.jpg,"[""Smoke alarm"", ""Kitchen"", ""Dishwasher"", ""Private patio or balcony"", ""Clothing storage: closet and dresser"", ""Shower gel"", ""Hot water"", ""Hair dryer"", ""Body soap"", ""Outdoor dining area"", ""Carbon monoxide alarm"", ""Bed linens"", ""Luggage dropoff allowed"", ""Bathtub"", ""Cooking basics"", ""Ceiling fan"", ""Shampoo"", ""Iron"", ""Room-darkening shades"", ""Central air conditioning"", ""Free dryer \u2013 In building"", ""Dedicated workspace"", ""Microwave"", ""Hot water kettle"", ""Baking sheet"", ""Fast wifi \u2013 95 Mbps"", ""Heating"", ""Dining table"", ""Extra pillows and blankets"", ""Long term stays allowed"", ""Oven"", ""Portable fans"", ""Backyard"", ""Essentials"", ""Outdoor furniture"", ""First aid kit"", ""Conditioner"", ""Dishes and silverware"", ""Hangers"", ""Refrigerator"", ""Self check-in"", ""Free washer \u2013 In building"", ""Freezer"", ""Free street parking"", ""Lockbox"", ""Fire extinguisher"", ""Coffee maker: drip coffee maker, Keurig coffee machine"", ""Cleaning products"", ""Stove""]",,,Private room in home,Private room,
2,1300,Kolkata,2,Super Area,Semi-Furnished,Family,10000,"This is a 4  brm home located on a quite tree lined block. There is one large brm that can host 4 guests and 3 other cozy rooms. Aval 3 Rms. All rms have large windows which floods the rooms with lots of natural light. My house is close to the night life and is a 5 min drive fr dwntwn. There are several bars and breweries close by, 9 minutes from the Governor's Mansion and 7minutes from  City Hall. My home is great for couples, single adventurers, international students and business travelers.",,https://a0.muscache.com/pictures/ea630156-8a9a-43d2-abe6-e64110269ba1.jpg,"[""Smoke alarm"", ""Kitchen"", ""Gas stove"", ""Wifi"", ""Hot water"", ""Coffee maker"", ""Private entrance"", ""Hair dryer"", ""Carbon monoxide alarm"", ""City skyline view"", ""Bed linens"", ""Cooking basics"", ""Shampoo"", ""Iron"", ""Room-darkening shades"", ""Hot water kettle"", ""Wine glasses"", ""Microwave"", ""Dining table"", ""Heating"", ""Extra pillows and blankets"", ""Oven"", ""Air conditioning"", ""Essentials"", ""Coffee"", ""Laundromat nearby"", ""Books and reading material"", ""First aid kit"", ""32 inch TV"", ""Conditioner"", ""Dishes and silverware"", ""Hangers"", ""Refrigerator"", ""Freezer"", ""Free street parking"", ""Fire extinguisher"", ""Cleaning products"", ""Dove or Yardley London body soap"", ""Private living room""]",2.0,1.0,Private room in home,Private room,
2,400,Kolkata,1,Carpet Area,Semi-Furnished,Bachelors,4600,"2-bedroom 1st floor apt. w/ full amenities! Renovated historic 200-year-old building in quiet neighborhood of Albany's Pastures. Great location near Albany Medical Center, MVP Arena, Empire State Plaza, Library, Lark Street, State Offices, courts; easy access to local & regional bus routes and highways (I-787, I-90 & I-87).<br /><br />Accommodates up to 6 NON-SMOKING guests.<br />Toiletries included. <br /><br />Save & BOOK this apartment today!<br />Message me anytime. Hope to welcome you soon!<br /><br />-Earl",,https://a0.muscache.com/pictures/29c1f6a8-2141-43ad-ad3c-8e855ba41f4e.jpg,"[""Smoke alarm"", ""Kitchen"", ""GE single oven"", ""Ethernet connection"", ""Pack \u2019n play/Travel crib - always at the listing"", ""Wifi"", ""Shower gel"", ""Hot water"", ""Coffee maker"", ""Private entrance"", ""Hair dryer"", ""Body soap"", ""Carbon monoxide alarm"", ""Bed linens"", ""Luggage dropoff allowed"", ""Cooking basics"", ""Paid parking off premises"", ""Ceiling fan"", ""Shampoo"", ""Iron"", ""Hot water kettle"", ""Baking sheet"", ""Dedicated workspace"", ""Microwave"", ""Clothing storage"", ""Dining table"", ""Heating"", ""Smart lock"", ""Extra pillows and blankets"", ""Pets allowed"", ""Long term stays allowed"", ""Noise decibel monitors on property"", ""Exterior security cameras on property"", ""Toaster"", ""Essentials"", ""Frigidaire refrigerator"", ""Coffee"", ""Laundromat nearby"", ""Shared patio or balcony"", ""First aid kit"", ""Conditioner"", ""Free parking on premises"", ""Window AC unit"", ""Dishes and silverware"", ""Crib"", ""Hangers"", ""Self check-in"", ""Free washer \u2013 In building"", ""42 inch HDTV with Amazon Prime Video, Chromecast, Fire TV"", ""Freezer"", ""Free street parking"", ""Fire extinguisher"", ""Frigidaire stainless steel gas stove"", ""Paid parking on premises"", ""Paid dryer \u2013 In building"", ""Shared backyard \u2013 Fully fenced""]",2.0,1.0,Entire rental unit,Entire home/apt,
2,650,Kolkata,2,Super Area,Unfurnished,Family,12000,"BOOK this 2-bedroom 2nd floor apt. w/ full amenities! Renovated historic 200-year-old building in quiet neighborhood of Albany's Pastures. Great location near Albany Medical Center, MVP Arena, Empire State Plaza, Library, Lark Street, State Offices, courts; easy access to local & regional bus routes and highways (I-787, I-90 & I-87). <br /><br />Accommodates up to 6 NON-SMOKING guests.<br />Toiletries included.<br /><br />Save & BOOK this trendy suite w/ deck today!<br />Message me anytime. Hope to welcome you soon!<br /><br />-Earl",,https://a0.muscache.com/pictures/2ffce319-e150-447c-8a00-7bf075ff3c97.jpg,"[""Smoke alarm"", ""Kitchen"", ""Private patio or balcony"", ""Pack \u2019n play/Travel crib - always at the listing"", ""Wifi"", ""Shower gel"", ""Hot water"", ""Coffee maker"", ""Private entrance"", ""Hair dryer"", ""Body soap"", ""Carbon monoxide alarm"", ""Bed linens"", ""Luggage dropoff allowed"", ""Bathtub"", ""Cooking basics"", ""Ceiling fan"", ""Shampoo"", ""Iron"", ""Paid parking off premises"", ""Dedicated workspace"", ""Microwave"", ""Clothing storage"", ""Dining table"", ""Heating"", ""Smart lock"", ""Extra pillows and blankets"", ""Pets allowed"", ""Long term stays allowed"", ""Oven"", ""Noise decibel monitors on property"", ""Exterior security cameras on property"", ""Essentials"", ""Laundromat nearby"", ""First aid kit"", ""Conditioner"", ""Free parking on premises"", ""Window AC unit"", ""Dishes and silverware"", ""Crib"", ""Hangers"", ""Refrigerator"", ""Self check-in"", ""Free washer \u2013 In building"", ""Freezer"", ""Free street parking"", ""52 inch HDTV with Amazon Prime Video, Chromecast, Disney+, Fire TV, Hulu, Netflix"", ""Fire extinguisher"", ""Paid parking on premises"", ""Stove"", ""Shared backyard \u2013 Fully fenced""]",2.0,1.0,Entire rental unit,Entire home/apt,
3,2000,Kolkata,2,Super Area,Semi-Furnished,Bachelors/Family,30000,"Urban Oasis!  2nd Floor guest bedroom in residential home.  Shared entrance.  Shared bath with one other guest room.  Limited use of kitchen and washer/dryer. Street parking.  Use of driveway, if necessary.  Walking distance to Albany Med, Albany Pharmacy, Albany Law School, College of St. Rose and Sage College.  On Main bus line.  10 minute drive from downtown.",,https://a0.muscache.com/pictures/c9d2a3b7-ce4f-4351-8be1-6a3e50dea606.jpg,"[""Smoke alarm"", ""Kitchen"", ""Dishwasher"", ""Wifi"", ""Hot water"", ""Coffee maker"", ""Hair dryer"", ""Dryer"", ""Carbon monoxide alarm"", ""Bed linens"", ""Cooking basics"", ""Shampoo"", ""Iron"", ""TV with standard cable"", ""Microwave"", ""Heating"", ""Washer"", ""Oven"", ""BBQ grill"", ""Patio or balcony"", ""Air conditioning"", ""Essentials"", ""Lock on bedroom door"", ""Free parking on premises"", ""Dishes and silverware"", ""Hangers"", ""Refrigerator"", ""Self check-in"", ""Free street parking"", ""Keypad"", ""Stove""]",1.0,1.0,Private room in home,Private room,
3,1068,Kolkata,2,Super Area,Semi-Furnished,Bachelors/Family,15000,"Escape to an ultra-modern blackjack lounge with this unique studio for two. Located in the heart of central downtown Albany, you're only minutes away from the Times Union Center and major tourist attractions.<br /><br />Or, stay here while you visit your kids at nearby SUNY Albany, Saint Rose, and other colleges - then come back to your room in style.",,https://a0.muscache.com/pictures/miso/Hosting-35914565/original/056bbfdc-6611-4bf1-b7ad-7aa617e91709.jpeg,"[""Smoke alarm"", ""Kitchen"", ""Dishwasher"", ""Wifi"", ""Hot water"", ""Coffee maker"", ""Private entrance"", ""Hair dryer"", ""Carbon monoxide alarm"", ""Bed linens"", ""Luggage dropoff allowed"", ""Bathtub"", ""Cooking basics"", ""Baking sheet"", ""Shampoo"", ""Iron"", ""Room-darkening shades"", ""Central air conditioning"", ""TV with standard cable"", ""Dedicated workspace"", ""Microwave"", ""Wine glasses"", ""Elevator"", ""Heating"", ""Window guards"", ""Extra pillows and blankets"", ""Pets allowed"", ""Long term stays allowed"", ""Oven"", ""Noise decibel monitors on property"", ""Exterior security cameras on property"", ""LG electric stove"", ""Essentials"", ""Coffee"", ""Single level home"", ""First aid kit"", ""Free parking on premises"", ""Dishes and silverware"", ""Hangers"", ""Refrigerator"", ""Self check-in"", ""Babysitter recommendations"", ""Free street parking"", ""Fire extinguisher"", ""Keypad""]",1.0,1.0,Entire rental unit,Entire home/apt,
1,150,Kolkata,1,Super Area,Furnished,Bachelors/Family,7500,"This newly renovated 2BR/1BA apartment, situated on the first floor of a two-family house, offers sophistication and space. Enjoy a separate entrance and convenient location in downtown Albany, with grocery stores, restaurants, bars, nightlife, hospitals, and parks just steps away. With public transportation and ample street parking nearby, this is the perfect place to call home.",,https://a0.muscache.com/pictures/45ed6c37-d675-4cf5-b59f-d539d6c27362.jpg,"[""Smoke alarm"", ""Kitchen"", ""Private patio or balcony"", ""Wifi"", ""Hot water"", ""Coffee maker"", ""Private entrance"", ""Hair dryer"", ""TV"", ""Carbon monoxide alarm"", ""Bathtub"", ""Children\u2019s dinnerware"", ""Cooking basics"", ""Shampoo"", ""Iron"", ""Room-darkening shades"", ""Dedicated workspace"", ""Microwave"", ""Heating"", ""Long term stays allowed"", ""Oven"", ""Backyard"", ""Air conditioning"", ""Essentials"", ""Single level home"", ""First aid kit"", ""Baby bath"", ""Children\u2019s books and toys"", ""Dishes and silverware"", ""Free parking on premises"", ""Hangers"", ""Refrigerator"", ""Self check-in"", ""Babysitter recommendations"", ""Free street parking"", ""Lockbox"", ""Fire extinguisher"", ""Cleaning available during stay"", ""Stove"", ""High chair""]",2.0,1.0,Entire rental unit,Entire home/apt,
1,450,Kolkata,1,Carpet Area,Unfurnished,Bachelors,7500,The room is large with Western exposure giving more bright light in the afternoons. There is a desk for working and a closet and dresser. The room is filled with original art.,,https://a0.muscache.com/pictures/621b7d1e-039b-4984-9983-553896be3ad6.jpg,"[""Smoke alarm"", ""Kitchen"", ""Dishwasher"", ""Private patio or balcony"", ""Wifi"", ""Shower gel"", ""Hot water"", ""Coffee maker"", ""Hair dryer"", ""Body soap"", ""Carbon monoxide alarm"", ""Bed linens"", ""Bathtub"", ""Cooking basics"", ""Ceiling fan"", ""Shampoo"", ""Iron"", ""Central air conditioning"", ""Hot water kettle"", ""Free dryer \u2013 In building"", ""Dedicated workspace"", ""Microwave"", ""Clothing storage"", ""Heating"", ""Extra pillows and blankets"", ""Oven"", ""Portable fans"", ""Backyard"", ""Toaster"", ""Essentials"", ""Lock on bedroom door"", ""First aid kit"", ""Conditioner"", ""Free parking on premises"", ""Dishes and silverware"", ""Hangers"", ""Refrigerator"", ""Self check-in"", ""Free washer \u2013 In building"", ""Freezer"", ""Free street parking"", ""Lockbox"", ""Fire extinguisher"", ""Cleaning products"", ""Stove""]",1.0,1.5,Private room in home,Private room,
2,800,Kolkata,1,Carpet Area,Unfurnished,Bachelors/Family,5000,"Discover unmatched safety and comfort in Albany's historic ""Center Square"". Our meticulously sanitized brownstone, located near ""Albany Medical"" and walking distance to State Offices, is perfect for guests aged 21+ and non-smokers seeking a serene and secure retreat. Enjoy the convenience of a private parking spot just a short walk in back of the building and take advantage of our strategic location for easy access to Saratoga, Lake George, Palace Theatre, The EGG, and downtown Albany.",,https://a0.muscache.com/pictures/hosting/Hosting-39093517/original/0b1620fb-c51d-400b-b080-fa8c813c2f7b.jpeg,"[""Smoke alarm"", ""Kitchen"", ""Dishwasher"", ""Wifi"", ""Hot water"", ""Coffee maker"", ""Private entrance"", ""Hair dryer"", ""Dryer"", ""TV"", ""Carbon monoxide alarm"", ""Bed linens"", ""Bathtub"", ""Cooking basics"", ""Shampoo"", ""Iron"", ""Microwave"", ""Heating"", ""Washer"", ""Long term stays allowed"", ""Pets allowed"", ""Oven"", ""Exterior security cameras on property"", ""Air conditioning"", ""Essentials"", ""First aid kit"", ""Free parking on premises"", ""Dishes and silverware"", ""Hangers"", ""Refrigerator"", ""Self check-in"", ""Free street parking"", ""Lockbox"", ""Fire extinguisher"", ""Stove""]",2.0,1.0,Entire rental unit,Entire home/apt,
2,1000,Kolkata,2,Super Area,Unfurnished,Bachelors/Family,15000,"Just moments from Albany Medical Center, this renovated 1-bedroom apartment exudes brightness and is tastefully furnished with high-end designer furniture and decor, ensuring a delightful living experience. Situated on one of the area’s finest blocks of classic Victorian mansions, this building stands as a beacon of elegance. With proximity to Albany Medical Center, universities, and more, the location is truly unbeatable.",,https://a0.muscache.com/pictures/544c3b58-e3da-4cea-9225-946c65032e8c.jpg,"[""Smoke alarm"", ""Kitchen"", ""Wifi"", ""Hot water"", ""Coffee maker"", ""Private entrance"", ""Hair dryer"", ""Indoor fireplace"", ""Carbon monoxide alarm"", ""Bed linens"", ""Luggage dropoff allowed"", ""Bathtub"", ""Children\u2019s dinnerware"", ""Cooking basics"", ""Shampoo"", ""Iron"", ""Room-darkening shades"", ""TV with standard cable"", ""Dedicated workspace"", ""Microwave"", ""Heating"", ""Extra pillows and blankets"", ""Long term stays allowed"", ""Oven"", ""Patio or balcony"", ""Air conditioning"", ""Essentials"", ""First aid kit"", ""Baby bath"", ""Children\u2019s books and toys"", ""Dishes and silverware"", ""Free parking on premises"", ""Hangers"", ""Refrigerator"", ""Self check-in"", ""Babysitter recommendations"", ""Free street parking"", ""Lockbox"", ""Fire extinguisher"", ""Cleaning available during stay"", ""Stove"", ""High chair"", ""Shared backyard \u2013 Fully fenced""]",1.0,1.0,Entire rental unit,Entire home/apt,
2,900,Kolkata,1,Super Area,Semi-Furnished,Bachelors,11000,"This property is a 10 minute drive from June Farms.  Located in the heart of Albany's ""Warehouse District"", this spacious loft is the perfect stay for a work trip or a pleasurable visit to Albany!  I live upstairs and am proud to offer such a beautiful, clean, living space for your trip.  I feel like this loft has really good energy and you will be very happy staying there.  -Matt",,https://a0.muscache.com/pictures/prohost-api/Hosting-39864828/original/b94586b6-50c1-47c3-80bc-3ae14511c76f.jpeg,"[""Smoke alarm"", ""Kitchen"", ""Dishwasher"", ""Wifi"", ""Hot water"", ""Coffee maker"", ""Private entrance"", ""Hair dryer"", ""Dryer"", ""TV"", ""Carbon monoxide alarm"", ""Bed linens"", ""Luggage dropoff allowed"", ""Cooking basics"", ""Shampoo"", ""Iron"", ""Wine glasses"", ""Pool"", ""Microwave"", ""Heating"", ""Washer"", ""Extra pillows and blankets"", ""Oven"", ""Exterior security cameras on property"", ""Air conditioning"", ""Essentials"", ""Coffee"", ""Free parking on premises"", ""Dishes and silverware"", ""Hangers"", ""Refrigerator"", ""Self check-in"", ""Freezer"", ""Free street parking"", ""Lockbox"", ""Fire extinguisher"", ""Cleaning products"", ""Stove""]",2.0,1.0,Entire rental unit,Entire home/apt,
1,600,Kolkata,1,Carpet Area,Unfurnished,Bachelors/Family,7000,,,https://a0.muscache.com/pictures/907263fa-90e8-433f-be88-a905098bdc0c.jpg,"[""Smoke alarm"", ""Kitchen"", ""Dishwasher"", ""Ethernet connection"", ""Wifi"", ""Hot water"", ""Private entrance"", ""Hair dryer"", ""Dryer"", ""TV"", ""Carbon monoxide alarm"", ""Bed linens"", ""Cooking basics"", ""Baking sheet"", ""Shampoo"", ""Iron"", ""Safe"", ""Dedicated workspace"", ""Microwave"", ""Coffee maker: Keurig coffee machine"", ""Clothing storage"", ""Dining table"", ""Heating"", ""Washer"", ""Extra pillows and blankets"", ""Long term stays allowed"", ""Oven"", ""Backyard"", ""Air conditioning"", ""Essentials"", ""Laundromat nearby"", ""Free parking on premises"", ""Dishes and silverware"", ""Hangers"", ""Refrigerator"", ""Self check-in"", ""Freezer"", ""Free street parking"", ""Lockbox"", ""Cleaning products"", ""Stove""]",2.0,1.0,Entire rental unit,Entire home/apt,
2,1200,Kolkata,1,Super Area,Unfurnished,Bachelors/Family,6000,WELCOME! Our listing is designed with the business or casual traveler in mind This beautiful suite will give you all the comforts of home! Quiet residential area for nice walks and great restaurants. Close to all the highways as well. All bedding & pillow cases have PREMIUM protective covers on them at all times so feel completely safe and protected. All remotes and light switches are wiped down with Clorox wipes after each guest.<br /><br />((IMPORTANT)) NO PARTIES or SMOKING in or around the home,,https://a0.muscache.com/pictures/hosting/Hosting-40828178/original/52ef67dc-e345-49cd-94c9-054ecc4c3f1a.jpeg,"[""Smoke alarm"", ""Kitchen"", ""Dishwasher"", ""Portable air conditioning"", ""Wifi"", ""Shower gel"", ""Hot water"", ""Private entrance"", ""Hair dryer"", ""Body soap"", ""Carbon monoxide alarm"", ""Bed linens"", ""Pack \u2019n play/Travel crib - available upon request"", ""Bathtub"", ""Cooking basics"", ""Baking sheet"", ""Shampoo"", ""Iron"", ""Wine glasses"", ""Free dryer \u2013 In building"", ""Dedicated workspace"", ""Microwave"", ""Coffee maker: Keurig coffee machine"", ""Dining table"", ""Heating"", ""Washer"", ""Smart lock"", ""Extra pillows and blankets"", ""Long term stays allowed"", ""Oven"", ""Portable fans"", ""Exterior security cameras on property"", ""Toaster"", ""Essentials"", ""Coffee"", ""Laundromat nearby"", ""Books and reading material"", ""Stainless steel electric stove"", ""First aid kit"", ""HDTV with Roku"", ""Conditioner"", ""Dishes and silverware"", ""Free parking on premises"", ""Hangers"", ""Refrigerator"", ""Self check-in"", ""Free street parking"", ""Crib - available upon request"", ""Fire extinguisher"", ""Cleaning products"", ""Board games""]",1.0,1.0,Entire home,Entire home/apt,
2,1200,Kolkata,2,Super Area,Semi-Furnished,Bachelors,6000,"Indulge in modern luxury and sophistication in this tastefully updated 2-bedroom townhouse-style apartment. With chic designer furnishings and modern amenities, your private porch entrance welcomes you home to elegance. Located on one of Center Square's most picturesque streets, enjoy easy access to fabulous dining, iconic landmarks, and vibrant nightlife. Experience the convenience of city living, just a mile from Albany Medical Center and St. Peter’s Hospital.",,https://a0.muscache.com/pictures/9e2fb0f8-a6dc-453c-90b7-4202eaf1b411.jpg,"[""Smoke alarm"", ""Kitchen"", ""Clothing storage: closet and dresser"", ""Wifi"", ""Shower gel"", ""Hot water"", ""Coffee maker"", ""Private entrance"", ""Hair dryer"", ""Body soap"", ""TV"", ""Carbon monoxide alarm"", ""Bed linens"", ""Luggage dropoff allowed"", ""Bathtub"", ""Cooking basics"", ""Baking sheet"", ""Shampoo"", ""Iron"", ""Hot water kettle"", ""Wine glasses"", ""Paid parking off premises"", ""Dedicated workspace"", ""Microwave"", ""Dining table"", ""Heating"", ""Extra pillows and blankets"", ""Long term stays allowed"", ""Oven"", ""Patio or balcony"", ""Air conditioning"", ""Essentials"", ""Coffee"", ""Books and reading material"", ""First aid kit"", ""Arcade games"", ""Conditioner"", ""Free parking on premises"", ""Dishes and silverware"", ""Hangers"", ""Refrigerator"", ""Self check-in"", ""Freezer"", ""Free street parking"", ""Lockbox"", ""Fire extinguisher"", ""Cleaning products"", ""Board games"", ""Cleaning available during stay"", ""Stove""]",2.0,1.0,Entire rental unit,Entire home/apt,
2,650,Kolkata,2,Super Area,Semi-Furnished,Bachelors/Family,7000,Great please safe neighborhood,,https://a0.muscache.com/pictures/5642dac5-b0b8-4dd3-9384-85585611b3df.jpg,"[""Smoke alarm"", ""Kitchen"", ""Essentials"", ""Fire extinguisher"", ""Wifi"", ""Carbon monoxide alarm"", ""Private entrance"", ""Heating"", ""First aid kit"", ""Dryer"", ""TV"", ""Free parking on premises"", ""Washer"", ""Pets allowed"", ""Hangers""]",3.0,1.0,Entire rental unit,Entire home/apt,
2,720,Kolkata,2,Carpet Area,Semi-Furnished,Bachelors/Family,8500,"Dog friendly, comfortable home with 3 bedrooms equipped with Chromecast equipped  TVs, comfortable beds, powerful ceiling fans, and vintage wood dressers in each room. Large, private back yard with two decks, grill, and a fire pit. Less than 2 miles from St Peter’s, Albany Medical Center. Off The historic Delaware ave- minutes from  winning restaurants, neat bars, world renowned  Ice Cream parlors, Normanskill Farm/ dog park, and walkable distance to St Rose Sports Park. Right off 787/ 87.",,https://a0.muscache.com/pictures/64fe3278-7099-4964-a3cd-2d08f7688044.jpg,"[""Smoke alarm"", ""Kitchen"", ""Dishwasher"", ""Private patio or balcony"", ""Gas stove"", ""Wifi"", ""Shower gel"", ""Hot water"", ""Coffee maker"", ""Private entrance"", ""Hair dryer"", ""Body soap"", ""Fire pit"", ""Outdoor dining area"", ""Carbon monoxide alarm"", ""Bed linens"", ""68 inch HDTV with Chromecast"", ""Bathtub"", ""Cooking basics"", ""Ceiling fan"", ""Shampoo"", ""Iron"", ""Room-darkening shades"", ""Baking sheet"", ""Free dryer \u2013 In building"", ""Dedicated workspace"", ""Microwave"", ""Heating"", ""Extra pillows and blankets"", ""Pets allowed"", ""Long term stays allowed"", ""Oven"", ""BBQ grill"", ""Exterior security cameras on property"", ""Essentials"", ""Outdoor furniture"", ""Garden view"", ""Sound system"", ""First aid kit"", ""Barbecue utensils"", ""Conditioner"", ""Window AC unit"", ""Dishes and silverware"", ""Hangers"", ""Refrigerator"", ""Self check-in"", ""Free washer \u2013 In building"", ""Free street parking"", ""Game console"", ""Fire extinguisher"", ""Private backyard \u2013 Fully fenced"", ""Keypad"", ""Cleaning available during stay"", ""Outdoor kitchen""]",3.0,1.5,Entire home,Entire home/apt,
1,300,Kolkata,1,Carpet Area,Unfurnished,Bachelors,5000,"BOOK this 2-bed fl 2 apt. in a renovated historic two-century-old building in a quiet neighborhood of Albany's Pastures. Great location near Albany Medical Center, MVP Arena, Empire State Plaza, Library, Lark Street, State Offices, courts; easy access to local & regional bus routes and highways (I-787, I-90 & I-87).<br /><br />Private balcony w/ seating<br />Up to 4 NON-SMOKING guests<br />Toiletries included<br /><br />Message me anytime. Hope to welcome you soon!",,https://a0.muscache.com/pictures/587a968a-33ad-40ef-9fa5-c456a03d39ed.jpg,"[""Smoke alarm"", ""Kitchen"", ""Dishwasher"", ""Portable air conditioning"", ""Wifi"", ""Shower gel"", ""Hot water"", ""Coffee maker"", ""Private entrance"", ""Hair dryer"", ""Body soap"", ""Outdoor dining area"", ""Carbon monoxide alarm"", ""Bed linens"", ""Bathtub"", ""Cooking basics"", ""Ceiling fan"", ""Shampoo"", ""Iron"", ""Hot water kettle"", ""Wine glasses"", ""Baking sheet"", ""Dedicated workspace"", ""Microwave"", ""Dining table"", ""Smart lock"", ""Paid street parking off premises"", ""Extra pillows and blankets"", ""Oven"", ""Radiant heating"", ""Noise decibel monitors on property"", ""Exterior security cameras on property"", ""Toaster"", ""Essentials"", ""Coffee"", ""Laundromat nearby"", ""Shared patio or balcony"", ""Outdoor furniture"", ""Clothing storage: closet"", ""First aid kit"", ""Conditioner"", ""Window AC unit"", ""Dishes and silverware"", ""Hangers"", ""Refrigerator"", ""Blender"", ""Self check-in"", ""Freezer"", ""Free street parking"", ""Free parking on premises \u2013 1 space"", ""Fire extinguisher"", ""Private backyard \u2013 Fully fenced"", ""Cleaning products"", ""42 inch HDTV with Roku"", ""Stove"", ""Waterfront""]",2.0,1.0,Entire rental unit,Entire home/apt,
3,1200,Kolkata,3,Carpet Area,Unfurnished,Bachelors/Family,30000,"Experience modern comfort in Albany's ""Center Square"".  This first-floor sanctuary in an elegant stone building offers 24/7 surveillance and a hardwired fire alarm system. Enjoy a bright living space, modern kitchen, and sleek bathroom. Ideal for short or extended stays. Private parking included. Surrounded by shops, restaurants, and nightlife. Walk to Albany Med, State Offices, The Capitol, and Empire State Plaza. 30 mins to Saratoga Raceway, 50 mins to Lake George, 1/2 mile to Palace Theater.",,https://a0.muscache.com/pictures/hosting/Hosting-43459803/original/9283d876-c545-47f1-a1d6-85ef61c74cb5.jpeg,"[""Smoke alarm"", ""Kitchen"", ""Dishwasher"", ""Wifi"", ""Hot water"", ""Coffee maker"", ""Private entrance"", ""Hair dryer"", ""Dryer"", ""TV"", ""Carbon monoxide alarm"", ""Bed linens"", ""Cooking basics"", ""Ceiling fan"", ""Shampoo"", ""Iron"", ""Central air conditioning"", ""Dedicated workspace"", ""Microwave"", ""Heating"", ""Long term stays allowed"", ""Pets allowed"", ""Oven"", ""Exterior security cameras on property"", ""Essentials"", ""Conditioner"", ""Free parking on premises"", ""Dishes and silverware"", ""Hangers"", ""Refrigerator"", ""Self check-in"", ""Free washer \u2013 In building"", ""Lockbox"", ""Fire extinguisher"", ""Stove""]",1.0,1.0,Entire rental unit,Entire home/apt,
2,700,Kolkata,2,Carpet Area,Unfurnished,Bachelors/Family,10000,"Beautiful 2nd Floor apartment in the heart of Albany. We are located just steps away from Washington Park, Albany Med, local restaurants and bars. This space features refinished original hardwood floors, exposed brick and a built in fireplace with 50"" Smart TV. Magnificent large kitchen. Second floor balcony. Free street parking only.",,https://a0.muscache.com/pictures/miso/Hosting-43736299/original/0c9128b1-960a-4c21-80d0-3d81d68a905b.jpeg,"[""Smoke alarm"", ""Kitchen"", ""Indoor fireplace: electric"", ""Private patio or balcony"", ""Portable air conditioning"", ""Wifi"", ""Shower gel"", ""Hot water"", ""Coffee maker"", ""Private entrance"", ""Hair dryer"", ""Body soap"", ""Shared backyard \u2013 Not fully fenced"", ""Carbon monoxide alarm"", ""Bed linens"", ""Cooking basics"", ""Baking sheet"", ""Shampoo"", ""Iron"", ""Wine glasses"", ""Free dryer \u2013 In building"", ""Dedicated workspace"", ""Microwave"", ""Dining table"", ""Heating"", ""Extra pillows and blankets"", ""Long term stays allowed"", ""GE stainless steel oven"", ""Portable fans"", ""Noise decibel monitors on property"", ""Exterior security cameras on property"", ""Toaster"", ""Essentials"", ""Coffee"", ""Laundromat nearby"", ""Outdoor furniture"", ""Clothing storage: closet"", ""First aid kit"", ""Conditioner"", ""Window AC unit"", ""Dishes and silverware"", ""Hangers"", ""Refrigerator"", ""Self check-in"", ""Free washer \u2013 In building"", ""Freezer"", ""Free street parking"", ""Fire extinguisher"", ""50 inch HDTV with Roku"", ""Cleaning products"", ""Keypad"", ""GE gas stove""]",3.0,1.0,Entire home,Entire home/apt,
3,2000,Kolkata,2,Super Area,Semi-Furnished,Bachelors/Family,30000,"1st floor studio in Historic Brownstone 1800's across the street from Washington park. Beautiful woodwork throughout with all the comforts & amenities of home. Quiet area where you can walk or jog in the park or just enjoy a cup of coffee outside. Choice of restaurants and stores on Lark street, movie theater, hospitals and malls all in close proximity. We are located on State street in Albany in a desirable residential area. ((NO PARTIES!!))",,https://a0.muscache.com/pictures/443fe8e8-17c2-4d30-8eb9-3e23daf38655.jpg,"[""Smoke alarm"", ""Kitchen"", ""Wifi"", ""Hot water"", ""Coffee maker"", ""Private entrance"", ""Hair dryer"", ""TV"", ""Carbon monoxide alarm"", ""Bed linens"", ""Park view"", ""Cooking basics"", ""Shampoo"", ""Iron"", ""Microwave"", ""Heating"", ""Smart lock"", ""Extra pillows and blankets"", ""Long term stays allowed"", ""Oven"", ""Exterior security cameras on property"", ""Air conditioning"", ""Essentials"", ""Pack \u2019n play/Travel crib"", ""First aid kit"", ""Free parking on premises"", ""Dishes and silverware"", ""Crib"", ""Hangers"", ""Refrigerator"", ""Self check-in"", ""Free street parking"", ""Fire extinguisher"", ""Stove""]",0.0,1.0,Entire rental unit,Entire home/apt,
1,250,Kolkata,1,Super Area,Semi-Furnished,Bachelors/Family,3500,"This 1st floor one bedroom in a Historic Brownstone 1800's across the street from Washington park. Beautiful woodwork throughout with all the comforts of home. Great area where you can walk or jog in the park or just enjoy a cup of coffee outside. Choice of restaurants, stores & shops on Lark street. Movie theater, hospitals and malls are all in close proximity. We are located on State street in Albany in a desirable residential area with easy Uber or Lyft service available. ((NO PARTIES!!))",,https://a0.muscache.com/pictures/400bbd55-4564-4cd8-bfef-d983f561e756.jpg,"[""Smoke alarm"", ""Kitchen"", ""Wifi"", ""Shower gel"", ""Hot water"", ""Coffee maker"", ""Private entrance"", ""Hair dryer"", ""Body soap"", ""Carbon monoxide alarm"", ""Bed linens"", ""Cooking basics"", ""Ceiling fan"", ""Shampoo"", ""Iron"", ""Room-darkening shades"", ""Wine glasses"", ""Baking sheet"", ""Microwave"", ""Dining table"", ""Heating"", ""Smart lock"", ""Extra pillows and blankets"", ""Long term stays allowed"", ""Oven"", ""Exterior security cameras on property"", ""Toaster"", ""Essentials"", ""Coffee"", ""Laundromat nearby"", ""Pack \u2019n play/Travel crib"", ""Clothing storage: closet"", ""First aid kit"", ""TV with Roku"", ""Conditioner"", ""Free parking on premises"", ""Window AC unit"", ""Dishes and silverware"", ""Hangers"", ""Refrigerator"", ""Self check-in"", ""Freezer"", ""Free street parking"", ""Fire extinguisher"", ""Cleaning products"", ""Board games"", ""Stove""]",1.0,1.0,Entire rental unit,Entire home/apt,
2,1100,Kolkata,1,Carpet Area,Unfurnished,Bachelors,8000,,,https://a0.muscache.com/pictures/hosting/Hosting-44450012/original/0a322798-8f47-4ed2-b565-20e0ffc4c104.jpeg,"[""Smoke alarm"", ""Kitchen"", ""Wifi"", ""Hot water"", ""Private entrance"", ""Hair dryer"", ""Dryer"", ""TV"", ""Carbon monoxide alarm"", ""Bathtub"", ""Cooking basics"", ""Shampoo"", ""Iron"", ""Heating"", ""Washer"", ""Long term stays allowed"", ""Backyard"", ""Air conditioning"", ""Essentials"", ""Free parking on premises"", ""Hangers"", ""Self check-in"", ""Lockbox"", ""Fire extinguisher""]",2.0,1.0,Entire rental unit,Entire home/apt,
1,300,Kolkata,1,Carpet Area,Unfurnished,Bachelors/Family,5000,"Our listing is designed with the business or casual traveler in mind ->PLEASE NO SMOKERS in the home *Beautiful 1 bedroom w/Smart TVs that feels like home *Free Driveway parking *Equipped with coffee maker, Fridge & Many Extras  *Private bath, Quiet neighborhood, 12 minute drive to downtown Albany *Close to Highway I-87, I-90, I-787  Traveling nurses & doctors welcome Please inquire with dates needed for more info.",,https://a0.muscache.com/pictures/4ca78f0f-2374-44ca-823b-99269dd798de.jpg,"[""Smoke alarm"", ""Kitchen"", ""Wifi"", ""Coffee maker"", ""Private entrance"", ""Hair dryer"", ""TV"", ""Carbon monoxide alarm"", ""Cooking basics"", ""Shampoo"", ""Iron"", ""Heating"", ""Smart lock"", ""Backyard"", ""Exterior security cameras on property"", ""Air conditioning"", ""Patio or balcony"", ""Essentials"", ""Outdoor furniture"", ""First aid kit"", ""Free parking on premises"", ""Dishes and silverware"", ""Hangers"", ""Self check-in"", ""Free street parking"", ""Fire extinguisher""]",1.0,1.0,Entire rental unit,Entire home/apt,
2,600,Kolkata,1,Super Area,Semi-Furnished,Bachelors/Family,7500,"BOOK this 3rd floor studio loft in a renovated historic two-century-old building in a quiet neighborhood of Albany's Pastures. Great location near Albany Medical Center, MVP Arena, Empire State Plaza, Library, Lark Street, State Offices, courts; easy access to local & regional bus routes and highways (I-787, I-90 & I-87).<br /><br />Queen bed + twin bed + futon<br />Up to 4 NON-SMOKING guests<br />Toiletries included<br /><br />Save & BOOK this unit today!<br />Message me anytime. Hope to welcome you soon!<br /><br />-Earl",,https://a0.muscache.com/pictures/66cc0252-c929-4cf4-8f55-5a54431663d5.jpg,"[""Smoke alarm"", ""Kitchen"", ""Wifi"", ""Shower gel"", ""Hot water"", ""Private entrance"", ""Hair dryer"", ""Body soap"", ""TV"", ""Bed linens"", ""Cooking basics"", ""Shampoo"", ""Iron"", ""Wine glasses"", ""Dedicated workspace"", ""Microwave"", ""Dining table"", ""Heating"", ""Smart lock"", ""Paid street parking off premises"", ""Electric stove"", ""Noise decibel monitors on property"", ""Air conditioning"", ""Exterior security cameras on property"", ""Essentials"", ""Toaster"", ""Books and reading material"", ""First aid kit"", ""Conditioner"", ""Free parking on premises"", ""Dishes and silverware"", ""Self check-in"", ""Refrigerator"", ""Freezer"", ""Coffee maker: drip coffee maker"", ""Free street parking"", ""Fire extinguisher"", ""Cleaning products""]",0.0,1.0,Entire loft,Entire home/apt,
2,800,Kolkata,1,Carpet Area,Unfurnished,Bachelors/Family,6500,"MODERN beautifully furnished apartment with UNIQUE spiral staircase. Newly renovated, cozy and trendy! PRIME location in the heart of downtown Albany and walking distance to popular restaurants, and cafes on Lark Street. Local attractions including The Egg, Empire State Plaza, Times Union Center are less than 5 minutes away. 4K Smart TV with Netflix, stocked kitchen & bathroom, high speed internet ready for you to use! Free street parking. Available for long term stays!",,https://a0.muscache.com/pictures/a3989721-d59b-45e4-8caa-a5bccded7f56.jpg,"[""Smoke alarm"", ""Kitchen"", ""Dishwasher"", ""Wifi"", ""Hot water"", ""Private entrance"", ""Hair dryer"", ""TV"", ""Carbon monoxide alarm"", ""Bed linens"", ""Luggage dropoff allowed"", ""Cooking basics"", ""Shampoo"", ""Iron"", ""Room-darkening shades"", ""Wine glasses"", ""Dedicated workspace"", ""Microwave"", ""Coffee maker: Keurig coffee machine"", ""Clothing storage"", ""Dining table"", ""Heating"", ""Extra pillows and blankets"", ""Pets allowed"", ""Long term stays allowed"", ""Oven"", ""Exterior security cameras on property"", ""Air conditioning"", ""Essentials"", ""Coffee"", ""Laundromat nearby"", ""First aid kit"", ""Conditioner"", ""Dishes and silverware"", ""Hangers"", ""Refrigerator"", ""Self check-in"", ""Freezer"", ""Free street parking"", ""Fire extinguisher"", ""Paid parking lot off premises"", ""Cleaning products"", ""Keypad"", ""Stove""]",1.0,1.0,Entire rental unit,Entire home/apt,
1,680,Kolkata,1,Super Area,Unfurnished,Bachelors/Family,7500,"Newly renovated, modern and bright! Live in style in the heart of downtown Albany. Located at a PRIME location and walking distance to popular restaurants, and cafes on Lark Street. All the local attractions including The Egg, Empire State Plaza, Times Union Center are less than 5 minutes away. 4K Smart TV with Netflix, fully stocked kitchen & bathroom with all travel essentials, high speed internet ready for you to use! Free street parking. Available for long term stays!",,https://a0.muscache.com/pictures/4683338a-6924-4aca-9fd1-02cba76ac872.jpg,"[""Smoke alarm"", ""Kitchen"", ""Dishwasher"", ""Wifi"", ""Hot water"", ""Private entrance"", ""Hair dryer"", ""Body soap"", ""TV"", ""Carbon monoxide alarm"", ""Luggage dropoff allowed"", ""Cooking basics"", ""Shampoo"", ""Iron"", ""Wine glasses"", ""Microwave"", ""Coffee maker: Keurig coffee machine"", ""Dining table"", ""Heating"", ""Long term stays allowed"", ""Pets allowed"", ""Electric stove"", ""Exterior security cameras on property"", ""Air conditioning"", ""Toaster"", ""Essentials"", ""Coffee"", ""Laundromat nearby"", ""Clothing storage: closet"", ""First aid kit"", ""Conditioner"", ""Dishes and silverware"", ""Hangers"", ""Refrigerator"", ""Self check-in"", ""Freezer"", ""Free street parking"", ""Lockbox"", ""Fire extinguisher"", ""Paid parking lot off premises"", ""Cleaning products""]",1.0,1.0,Entire rental unit,Entire home/apt,
1,680,Kolkata,1,Super Area,Unfurnished,Bachelors/Family,7500,"Live in style! This TRENDY apt has top quality appliances, modern finishes and is located at a PRIME downtown Albany location. <br /><br />4K Smart TV with Netflix, fully stocked kitchen & bathroom with all travel essentials, high speed internet! Free street parking. Available for long term stays!<br /><br />**Important<br />To prevent underage parties, weekend bookings are only available for 25+. When reserving, please share a photo of your ID that matches your name on Airbnb or your LinkedIn profile.",,https://a0.muscache.com/pictures/hosting/Hosting-U3RheVN1cHBseUxpc3Rpbmc6NDU1Mjk0NDc%3D/original/80bab993-885a-4fc0-a95a-c5c4166aedb5.jpeg,"[""Smoke alarm"", ""Kitchen"", ""Dishwasher"", ""Wifi"", ""Shower gel"", ""Hot water"", ""Private entrance"", ""Hair dryer"", ""Body soap"", ""TV"", ""Carbon monoxide alarm"", ""Bed linens"", ""Luggage dropoff allowed"", ""Cooking basics"", ""Shampoo"", ""Iron"", ""Room-darkening shades"", ""Wine glasses"", ""Microwave"", ""Coffee maker: Keurig coffee machine"", ""Clothing storage"", ""Dining table"", ""Heating"", ""Extra pillows and blankets"", ""Pets allowed"", ""Long term stays allowed"", ""Oven"", ""Exterior security cameras on property"", ""Air conditioning"", ""Essentials"", ""Coffee"", ""Laundromat nearby"", ""Conditioner"", ""Dishes and silverware"", ""Hangers"", ""Refrigerator"", ""Self check-in"", ""Freezer"", ""Free street parking"", ""Lockbox"", ""Fire extinguisher"", ""Paid parking lot off premises"", ""Cleaning products"", ""Stove""]",2.0,1.0,Entire rental unit,Entire home/apt,
2,850,Kolkata,1,Carpet Area,Semi-Furnished,Bachelors,16000,"Enjoy the private and clean comfort of our freshly renovated bungalow in Albany's quaint Helderberg Neighborhood. Some of the regions most cherished restaurants on New Scotland Avenue are within a two block walk. Close accessibility to both Albany Med Hospital and Saint Peters Hospital as well as Albany Law, The Albany School of Pharmacy and Russell Sage College. This home features a newly renovated fully functioning kitchen, a luxurious bathroom with a walk-in shower and full size tub.",,https://a0.muscache.com/pictures/60643961-96c7-403c-b420-d2c00082d192.jpg,"[""Smoke alarm"", ""Kitchen"", ""Dishwasher"", ""Wifi"", ""Shower gel"", ""Hot water"", ""Private entrance"", ""Hair dryer"", ""Body soap"", ""Dryer"", ""Carbon monoxide alarm"", ""Bathtub"", ""Ceiling fan"", ""Shampoo"", ""Iron"", ""Hot water kettle"", ""Wine glasses"", ""Microwave"", ""Clothing storage"", ""Dining table"", ""Heating"", ""Washer"", ""Smart lock"", ""Long term stays allowed"", ""Oven"", ""Backyard"", ""Patio or balcony"", ""Air conditioning"", ""Essentials"", ""HDTV with HBO Max"", ""First aid kit"", ""Conditioner"", ""Free parking on premises"", ""Dishes and silverware"", ""Hangers"", ""Refrigerator"", ""Self check-in"", ""Free street parking"", ""Fire extinguisher"", ""Coffee maker: pour-over coffee"", ""Stove""]",2.0,1.0,Entire home,Entire home/apt,
2,850,Kolkata,1,Carpet Area,Semi-Furnished,Bachelors,16000,"Peaceful, cozy apartment close to everything you’ll need.",,https://a0.muscache.com/pictures/3a939433-168a-4607-b577-6f8b2f4e89ee.jpg,"[""Smoke alarm"", ""Kitchen"", ""Wifi"", ""Hot water"", ""Coffee maker"", ""Private entrance"", ""Hair dryer"", ""TV"", ""Carbon monoxide alarm"", ""Bed linens"", ""Cooking basics"", ""Shampoo"", ""Iron"", ""Room-darkening shades"", ""Dedicated workspace"", ""Microwave"", ""Heating"", ""Air conditioning"", ""Essentials"", ""Shared patio or balcony"", ""Free parking on premises"", ""Hangers"", ""Self check-in"", ""Lockbox""]",2.0,1.0,Entire rental unit,Entire home/apt,
2,700,Kolkata,1,Super Area,Unfurnished,Bachelors,6500,"Step into the charming and comfy 1BR/1BA apartment in the heart of Albany, NY. It promises a relaxing retreat bordering picturesque Washington Park and funky Lark Street, within walking distance to the vibrant downtown, offering easy access to restaurants, shops, and attractions.<br /><br />The lovely design and the prime location will leave you in awe.<br /><br />✔ Comfy Queen Bedroom<br />✔ Open Design Living<br />✔ Fully Equipped Kitchen (w/ Instant Hot & Filtered Water)<br />✔ Smart TV<br />✔ Wi-Fi<br />✔ Free Parking<br /><br />See more below!",,https://a0.muscache.com/pictures/prohost-api/Hosting-47345872/original/4d2750f7-6238-430c-bddf-8b61449adbe1.png,"[""Smoke alarm"", ""Kitchen"", ""Dishwasher"", ""Private patio or balcony"", ""Wifi"", ""Shower gel"", ""Hot water"", ""Coffee maker"", ""Private entrance"", ""Hair dryer"", ""Body soap"", ""Dryer"", ""TV"", ""Carbon monoxide alarm"", ""Bed linens"", ""Cooking basics"", ""Baking sheet"", ""Shampoo"", ""Iron"", ""Central air conditioning"", ""Hot water kettle"", ""Wine glasses"", ""Dedicated workspace"", ""Microwave"", ""Dining table"", ""Heating"", ""Washer"", ""Smart lock"", ""Pets allowed"", ""Oven"", ""AC - split type ductless system"", ""Noise decibel monitors on property"", ""Exterior security cameras on property"", ""Essentials"", ""Coffee"", ""First aid kit"", ""Conditioner"", ""Free parking on premises"", ""Dishes and silverware"", ""Hangers"", ""Refrigerator"", ""Self check-in"", ""Freezer"", ""Free street parking"", ""Cleaning products"", ""Stove""]",1.0,1.0,Entire rental unit,Entire home/apt,
3,1500,Kolkata,2,Super Area,Unfurnished,Bachelors/Family,40000,Cozy apartment with private laundry room.,,https://a0.muscache.com/pictures/e929370a-c3d6-4049-9287-09bb36da890e.jpg,"[""Smoke alarm"", ""Kitchen"", ""Dishwasher"", ""Wifi"", ""Hot water"", ""Private entrance"", ""Hair dryer"", ""Dryer"", ""TV"", ""Carbon monoxide alarm"", ""Cooking basics"", ""Baking sheet"", ""Shampoo"", ""Iron"", ""Dedicated workspace"", ""Coffee maker: Keurig coffee machine"", ""Dining table"", ""Heating"", ""Washer"", ""Air conditioning"", ""Essentials"", ""Free parking on premises"", ""Hangers"", ""Refrigerator"", ""Self check-in"", ""Freezer"", ""Free street parking"", ""Lockbox"", ""Stove""]",1.0,1.0,Entire rental unit,Entire home/apt,
2,950,Kolkata,2,Super Area,Semi-Furnished,Bachelors/Family,12500,"800 sqft rustic style master suite room in the heart of Albany, NY. Cozy up by the fire or take a dip in the pool or hot tub. Enjoy a Purple hybrid 4 luxury mattress and Dune couch. Originally a farmhouse, the home has been extensively renovated to highlight all of the original architecture and offer every luxury to guests. The outdoor patio, pool, and hot tub are available for guests to enjoy at no extra charge. The home is full of unexpected design and decor delights we know you will enjoy!",,https://a0.muscache.com/pictures/hosting/Hosting-47440071/original/168fcfc9-72fc-4005-bee9-9775fcee4077.jpeg,"[""Smoke alarm"", ""Kitchen"", ""Dishwasher"", ""Gas stove"", ""Wifi"", ""Shower gel"", ""Hot water"", ""Coffee maker"", ""Hair dryer"", ""Body soap"", ""Fire pit"", ""Outdoor dining area"", ""Mini fridge"", ""Carbon monoxide alarm"", ""Bed linens"", ""Pack \u2019n play/Travel crib - available upon request"", ""Pool table"", ""Luggage dropoff allowed"", ""Bathtub"", ""Cooking basics"", ""Ceiling fan"", ""Shampoo"", ""Iron"", ""Outdoor shower"", ""Central air conditioning"", ""Free dryer \u2013 In building"", ""Dedicated workspace"", ""Microwave"", ""Wine glasses"", ""Baking sheet"", ""Dining table"", ""Heating"", ""Hammock"", ""Extra pillows and blankets"", ""Long term stays allowed"", ""Oven"", ""Portable fans"", ""BBQ grill: gas"", ""Noise decibel monitors on property"", ""Exterior security cameras on property"", ""65 inch HDTV with Hulu, Disney+, HBO Max, Amazon Prime Video, Netflix"", ""Essentials"", ""Lock on bedroom door"", ""Toaster"", ""Coffee"", ""Laundromat nearby"", ""Shared patio or balcony"", ""Outdoor furniture"", ""Books and reading material"", ""Shared hot tub"", ""Barbecue utensils"", ""Boston Acoustics Bluetooth sound system"", ""Free parking on premises"", ""Dishes and silverware"", ""Crib"", ""Hangers"", ""Refrigerator"", ""Blender"", ""Free washer \u2013 In building"", ""Self check-in"", ""Freezer"", ""Free street parking"", ""Fire extinguisher"", ""Private backyard \u2013 Fully fenced"", ""Cleaning products"", ""Keypad"", ""Board games"", ""Shared pool - available seasonally, open 24 hours"", ""Indoor fireplace: gas"", ""Pool view"", ""Private living room""]",1.0,1.0,Private room in home,Private room,
2,500,Kolkata,1,Super Area,Unfurnished,Bachelors/Family,5500,"Discover peace of mind in our professionally sanitized 2bdrm apt. in Center Square Albany. Perfectly designed for extended stays, this apartment features 24/7 security cameras and a hardwired fire alarm system for your safety. Whether you're working remotely or seeking a comfortable retreat, enjoy blackout curtains and a fully equipped kitchen. Free washer, dryer, and dedicated parking included. Ideal for traveling nurses, business travelers, and long-term guests. No smoking inside the apartment",,https://a0.muscache.com/pictures/hosting/Hosting-47828453/original/933f2be8-cbd8-431d-af2e-a10413500613.jpeg,"[""Smoke alarm"", ""Kitchen"", ""Wifi"", ""Hot water"", ""Hair dryer"", ""Dryer"", ""TV"", ""Carbon monoxide alarm"", ""Cooking basics"", ""Shampoo"", ""Iron"", ""Heating"", ""Washer"", ""Pets allowed"", ""Exterior security cameras on property"", ""Air conditioning"", ""Essentials"", ""Free parking on premises"", ""Dishes and silverware"", ""Hangers"", ""Refrigerator"", ""Self check-in"", ""Free street parking"", ""Lockbox""]",2.0,1.0,Entire rental unit,Entire home/apt,
1,450,Kolkata,1,Carpet Area,Semi-Furnished,Bachelors/Family,5000,"Charming 1 Bedroom + Workstation apartment in Downtown Albany. Centrally located and easy walking! Free Fast and Furious Arcade Game. Pets allowed! 2nd FL apartment with an elevator on site! <br /><br />Enjoy hardwood floors, a custom kitchen, soaking bathtub, and central AC. Features a Queen bed, pull-out couch, workstation with monitor, and free WiFi. Includes access to a shared washer/dryer. <br /><br />For long term stays over 1 month, a monthly parking space will be included. Parking garage close by.",,https://a0.muscache.com/pictures/miso/Hosting-47943571/original/7b561970-c239-48eb-b138-38a067c0083a.jpeg,"[""Smoke alarm"", ""Kitchen"", ""Ethernet connection"", ""Wifi"", ""Shower gel"", ""Hot water"", ""Hair dryer"", ""Body soap"", ""TV"", ""City skyline view"", ""Carbon monoxide alarm"", ""Bed linens"", ""River view"", ""Bathtub"", ""Cooking basics"", ""Elevator"", ""Shampoo"", ""Room-darkening shades"", ""Free dryer \u2013 In building"", ""Dedicated workspace"", ""Microwave"", ""Coffee maker: Keurig coffee machine"", ""Bluetooth Speaker Bluetooth sound system"", ""Extra pillows and blankets"", ""Pets allowed"", ""Long term stays allowed"", ""Electric stove"", ""Children\u2019s books and toys for ages 0-2 years old and 2-5 years old"", ""Oven"", ""Exterior security cameras on property"", ""Air conditioning"", ""Toaster"", ""Essentials"", ""Laundromat nearby"", ""Central heating"", ""Barbecue utensils"", ""Conditioner"", ""Dishes and silverware"", ""Hangers"", ""Refrigerator"", ""Self check-in"", ""Free washer \u2013 In building"", ""Freezer"", ""Free street parking"", ""Crib - available upon request"", ""Fire extinguisher"", ""Cleaning products"", ""Keypad"", ""Breakfast"", ""Board games""]",1.0,1.0,Entire rental unit,Entire home/apt,
2,700,Kolkata,1,Super Area,Unfurnished,Bachelors,6500,"Welcome to this rustic second-floor apartment in Albany, New York! This newly remodeled three-bedroom, one-bath gem is perfect for a comfortable stay for up to six guests. Step into a piece of history with original hardwood floors dating back to 1890. The spacious dining area is ideal for gathering, and the apartment features a 65-inch smart TV for your entertainment needs. Need to catch up on work? We've got you covered with a dedicated work desk. Book now for an unforgettable experience!",,https://a0.muscache.com/pictures/hosting/Hosting-48052353/original/9bf1891c-88ef-498f-a047-bde85d918a4a.jpeg,"[""Smoke alarm"", ""Kitchen"", ""Indoor fireplace: electric"", ""Dishwasher"", ""Private patio or balcony"", ""Ethernet connection"", ""Portable air conditioning"", ""Shower gel"", ""Hot water"", ""Coffee maker"", ""Private entrance"", ""Hair dryer"", ""Body soap"", ""Fast wifi \u2013 226 Mbps"", ""Shared backyard \u2013 Not fully fenced"", ""Carbon monoxide alarm"", ""Bed linens"", ""Luggage dropoff allowed"", ""Bathtub"", ""Cooking basics"", ""Baking sheet"", ""Shampoo"", ""Iron"", ""Wine glasses"", ""Free dryer \u2013 In building"", ""Fireplace guards"", ""Dedicated workspace"", ""Microwave"", ""Dining table"", ""Heating"", ""65 inch HDTV with Roku"", ""Samsung gas stove"", ""Smart lock"", ""Extra pillows and blankets"", ""Long term stays allowed"", ""Oven"", ""Portable fans"", ""Noise decibel monitors on property"", ""Exterior security cameras on property"", ""Toaster"", ""Essentials"", ""Coffee"", ""Laundromat nearby"", ""Outdoor furniture"", ""Clothing storage: closet"", ""First aid kit"", ""Conditioner"", ""Window AC unit"", ""Dishes and silverware"", ""Hangers"", ""Refrigerator"", ""Self check-in"", ""Free washer \u2013 In building"", ""Freezer"", ""Free street parking"", ""Fire extinguisher"", ""Cleaning products""]",3.0,1.0,Entire home,Entire home/apt,
1,500,Kolkata,1,Super Area,Unfurnished,Bachelors/Family,8000,"Charming 2 Bedroom + Workstation apartment in Downtown Albany. Centrally located and easy walking! NFL Blitz Arcade Game. Pets allowed! 2nd FL apartment with an elevator on site!<br /><br />Enjoy hardwood floors, a custom kitchen, soaking bathtub, and central AC. Featuring a King Bed, Queen bed, pull-out couch, workstation with monitor, and free WiFi. Includes access to a shared washer/dryer.<br /><br />For long term stays over 1 month, a monthly parking space will be included. Parking garage close by.",,https://a0.muscache.com/pictures/prohost-api/Hosting-48124042/original/a5a186cc-b504-40d3-9cbb-d37150253ac3.jpeg,"[""Smoke alarm"", ""Kitchen"", ""Ethernet connection"", ""Wifi"", ""Shower gel"", ""Hot water"", ""Hair dryer"", ""Body soap"", ""City skyline view"", ""Carbon monoxide alarm"", ""Bed linens"", ""Pack \u2019n play/Travel crib - available upon request"", ""River view"", ""Bathtub"", ""Cooking basics"", ""Baking sheet"", ""Shampoo"", ""Iron"", ""Room-darkening shades"", ""Central air conditioning"", ""Free dryer \u2013 In building"", ""Dedicated workspace"", ""Microwave"", ""Coffee maker: Keurig coffee machine"", ""55 inch HDTV with Chromecast, Roku"", ""Wine glasses"", ""Dining table"", ""Heating"", ""Extra pillows and blankets"", ""Pets allowed"", ""Long term stays allowed"", ""Electric stove"", ""Oven"", ""Portable fans"", ""Exterior security cameras on property"", ""Toaster"", ""Essentials"", ""Coffee"", ""Laundromat nearby"", ""Sound system"", ""Clothing storage: closet"", ""Books and reading material"", ""Barbecue utensils"", ""Conditioner"", ""Children\u2019s books and toys"", ""Dishes and silverware"", ""Paid parking garage off premises"", ""Hangers"", ""Refrigerator"", ""Self check-in"", ""Free washer \u2013 In building"", ""Freezer"", ""Free street parking"", ""Crib - available upon request"", ""Elevator"", ""Fire extinguisher"", ""Cleaning products"", ""Keypad"", ""Breakfast"", ""Board games""]",2.0,1.0,Entire rental unit,Entire home/apt,
3,1800,Kolkata,2,Super Area,Semi-Furnished,Bachelors/Family,14500,This home is a gorgeous 100 year old Victorian<br />This suite is located on the 2nd floor. All the comforts of home! A very clean and quiet setting makes for a comfortable stay here at the Inn. Perfect for the business traveler or Traveling nurses that have contracts with one of the local hospitals located minutes away.<br /><br />We have a strict NO SMOKING NO VAPING in the house or on the property policy. You will be asked to vacate the premises if you cannot comply.,,https://a0.muscache.com/pictures/ff01b559-730a-4974-8502-8f5391aa1fe0.jpg,"[""Smoke alarm"", ""Kitchen"", ""Dryer \u2013 In building"", ""Wifi"", ""Hot water"", ""Hair dryer"", ""Mini fridge"", ""Carbon monoxide alarm"", ""Bed linens"", ""Cooking basics"", ""Shampoo"", ""Iron"", ""Wine glasses"", ""Dedicated workspace"", ""Coffee maker: Keurig coffee machine"", ""Heating"", ""Washer"", ""Long term stays allowed"", ""Pocket wifi"", ""Patio or balcony"", ""Essentials"", ""Outdoor furniture"", ""Clothing storage: wardrobe and dresser"", ""First aid kit"", ""Conditioner"", ""Free parking on premises"", ""Window AC unit"", ""Dishes and silverware"", ""Hangers"", ""Refrigerator"", ""Self check-in"", ""Free street parking"", ""Cleaning products"", ""Keypad""]",1.0,1.0,Private room in home,Private room,
1,500,Kolkata,1,Carpet Area,Semi-Furnished,Bachelors/Family,8200,"Spend your visit in Albany in our amazingly beautiful place! The house has just been renovated. Every room has its own separate bathroom. The house is conveniently located near the downtown as well as Saint Rose College. The parking lot is also provided. There are many restaurants, pubs and local attractions within reach.",,https://a0.muscache.com/pictures/hosting/Hosting-48470454/original/b40be5a8-6bb5-47ba-bb44-a7e3ff0c6eb7.jpeg,"[""Smoke alarm"", ""Kitchen"", ""Dishwasher"", ""Private patio or balcony"", ""Ethernet connection"", ""Wifi"", ""Shower gel"", ""Hot water"", ""Private entrance"", ""Hair dryer"", ""Body soap"", ""Fire pit"", ""Outdoor dining area"", ""Mini fridge"", ""Carbon monoxide alarm"", ""Private backyard \u2013 Not fully fenced"", ""Bed linens"", ""Luggage dropoff allowed"", ""Bathtub"", ""Cooking basics"", ""Baking sheet"", ""Shampoo"", ""Iron"", ""Central air conditioning"", ""Hot water kettle"", ""Wine glasses"", ""Dedicated workspace"", ""Microwave"", ""Dining table"", ""Heating"", ""Stainless steel oven"", ""Hammock"", ""Smart lock"", ""Extra pillows and blankets"", ""Pets allowed"", ""Long term stays allowed"", ""Drying rack for clothing"", ""Exterior security cameras on property"", ""Toaster"", ""Essentials"", ""Coffee"", ""Laundromat nearby"", ""Outdoor furniture"", ""Pack \u2019n play/Travel crib"", ""Clothing storage: closet"", ""First aid kit"", ""Barbecue utensils"", ""Baby bath"", ""Free washer \u2013 In unit"", ""Children\u2019s books and toys"", ""Dishes and silverware"", ""Crib"", ""Hangers"", ""Refrigerator"", ""Blender"", ""Free parking on premises"", ""Self check-in"", ""Freezer"", ""Free street parking"", ""85 inch HDTV with Amazon Prime Video, Apple TV, Hulu, Netflix, premium cable"", ""Fire extinguisher"", ""Free dryer \u2013 In unit"", ""Cleaning products"", ""Private BBQ grill: gas"", ""Stainless steel gas stove"", ""High chair"", ""Coffee maker: drip coffee maker, french press""]",6.0,5.5,Entire home,Entire home/apt,
2,480,Kolkata,2,Carpet Area,Furnished,Bachelors/Family,15000,"Listing is designed with the business or casual traveler in mind PLEASE NO SMOKERS in the building *Newly renovated *Modern 1 bedroom w/Smart TVs that feels like home *Street parking *Equipped with coffee maker *Fridge *Wireless charger *Private bath *Across the street from the Capitol Building *Close to Highway I-87, I-90, I-787 & public transportation. Long term stays available. Please inquire with dates needed for more info. Traveling nurses, doctors, lobbyists, students are welcome.",,https://a0.muscache.com/pictures/5967883b-4403-412c-b2cf-f4ab83d64703.jpg,"[""Smoke alarm"", ""Kitchen"", ""Ethernet connection"", ""Wifi"", ""Shower gel"", ""Hot water"", ""Coffee maker"", ""Private entrance"", ""Hair dryer"", ""Body soap"", ""Dryer"", ""TV"", ""Carbon monoxide alarm"", ""Bed linens"", ""Bathtub"", ""Cooking basics"", ""Baking sheet"", ""Shampoo"", ""Iron"", ""Room-darkening shades"", ""Elevator"", ""Microwave"", ""Clothing storage"", ""Dining table"", ""Heating"", ""Washer"", ""Extra pillows and blankets"", ""Oven"", ""Air conditioning"", ""Toaster"", ""Essentials"", ""Coffee"", ""Conditioner"", ""Dishes and silverware"", ""Hangers"", ""Refrigerator"", ""Blender"", ""Self check-in"", ""Freezer"", ""Lockbox"", ""Fire extinguisher"", ""Cleaning products"", ""Stove""]",1.0,1.0,Entire rental unit,Entire home/apt,
6,1000,Kolkata,2,Super Area,Semi-Furnished,Bachelors/Family,20000,"This completely modernized garden-level space provides a charming and unique atmosphere while also being centrally located in the Capital Region of New York. <br /><br />My partner and I have taken ample time to carefully craft this space to maximize its potential and ensure your enjoyment. Featuring a fully loaded kitchen with stainless steal appliances, marble countertops, exposed brick throughout, tasteful decor, and your own private patio. We truly hope you enjoy this space as much as we do!",,https://a0.muscache.com/pictures/f0d70ecf-f5c0-47a9-869f-803dd89d9276.jpg,"[""Love, Beauty, & Planet body soap"", ""Smoke alarm"", ""Kitchen"", ""Dishwasher"", ""Private patio or balcony"", ""Clothing storage: closet and dresser"", ""Portable air conditioning"", ""Wifi"", ""Shower gel"", ""Hot water"", ""Private entrance"", ""Hair dryer"", ""Outdoor dining area"", ""TV"", ""Carbon monoxide alarm"", ""Bed linens"", ""Luggage dropoff allowed"", ""Cooking basics"", ""Shampoo"", ""Iron"", ""Room-darkening shades"", ""Wine glasses"", ""Dedicated workspace"", ""Microwave"", ""Dining table"", ""Stainless steel oven"", ""Extra pillows and blankets"", ""Rice maker"", ""Pets allowed"", ""Long term stays allowed"", ""Radiant heating"", ""Portable fans"", ""Drying rack for clothing"", ""Exterior security cameras on property"", ""Toaster"", ""Essentials"", ""Coffee"", ""Outdoor furniture"", ""Garden view"", ""Books and reading material"", ""First aid kit"", ""Free washer \u2013 In unit"", ""Dishes and silverware"", ""Hangers"", ""Refrigerator"", ""Self check-in"", ""Coffee maker: drip coffee maker, pour-over coffee"", ""Freezer"", ""Game console"", ""Fire extinguisher"", ""Paid parking lot off premises"", ""Free dryer \u2013 In unit"", ""Cleaning products"", ""Keypad"", ""Stainless steel gas stove""]",1.0,1.0,Entire rental unit,Entire home/apt,
2,800,Kolkata,1,Super Area,Furnished,Bachelors/Family,6700,"BEAUTIFULLY renovated and stylish apartment with CHARACTER in a historic building. 4K Smart TV with Netflix, and high speed internet ready for you to use! This property comes with a fully stocked kitchen, in unit washer/dryer, free resident lot parking, and a fenced shared backyard with bbq for guests to enjoy. <br /><br />This unit is located on floor 1 and is available for long term stays.",,https://a0.muscache.com/pictures/hosting/Hosting-U3RheVN1cHBseUxpc3Rpbmc6NTAyMDcyMjY%3D/original/81cb373f-87f5-4fec-8f08-65ce2c9c8d69.jpeg,"[""Smoke alarm"", ""Kitchen"", ""Dishwasher"", ""Wifi"", ""Hot water"", ""Hair dryer"", ""Body soap"", ""Dryer"", ""TV"", ""Carbon monoxide alarm"", ""Luggage dropoff allowed"", ""Cooking basics"", ""Shampoo"", ""Iron"", ""Room-darkening shades"", ""Hot water kettle"", ""Wine glasses"", ""Dedicated workspace"", ""Microwave"", ""Coffee maker: Keurig coffee machine"", ""Clothing storage"", ""Dining table"", ""Heating"", ""Washer"", ""Long term stays allowed"", ""Pets allowed"", ""Oven"", ""Exterior security cameras on property"", ""Air conditioning"", ""Essentials"", ""Coffee"", ""Laundromat nearby"", ""First aid kit"", ""Conditioner"", ""Free parking on premises"", ""Dishes and silverware"", ""Hangers"", ""Refrigerator"", ""Self check-in"", ""Freezer"", ""Free street parking"", ""Lockbox"", ""Fire extinguisher"", ""Cleaning products"", ""Stove"", ""Shared backyard \u2013 Fully fenced""]",1.0,1.0,Entire rental unit,Entire home/apt,
1,435,Kolkata,1,Super Area,Unfurnished,Bachelors/Family,10000,"Located directly across from Washington Park, this centrally located apartment makes it easy to enjoy the city without feeling overwhelmed by it. Free on-street parking is consistently available outside the apartment, and the area is walkable and residential. The Empire State Plaza, Capitol, Albany Medical Center, UAlbany Rockefeller downtown campus, and Center Squares restaurants and bars are all nearby, close enough for convenience, far enough for comfort.",,https://a0.muscache.com/pictures/84c2822a-4803-4bc3-8f32-2021a326ee22.jpg,"[""Smoke alarm"", ""Kitchen"", ""Dishwasher"", ""Clothing storage: closet and dresser"", ""Wifi"", ""Shower gel"", ""Hot water"", ""Private entrance"", ""Hair dryer"", ""Body soap"", ""Carbon monoxide alarm"", ""Bed linens"", ""Luggage dropoff allowed"", ""Cooking basics"", ""Baking sheet"", ""Shampoo"", ""Iron"", ""Room-darkening shades"", ""Hot water kettle"", ""Wine glasses"", ""Dedicated workspace"", ""Microwave"", ""Dining table"", ""Stainless steel oven"", ""Extra pillows and blankets"", ""Long term stays allowed"", ""Electric stove"", ""Radiant heating"", ""Portable fans"", ""Backyard"", ""Exterior security cameras on property"", ""Toaster"", ""Essentials"", ""Coffee"", ""Laundromat nearby"", ""Single level home"", ""Books and reading material"", ""First aid kit"", ""Barbecue utensils"", ""Conditioner"", ""Window AC unit"", ""Dishes and silverware"", ""Hangers"", ""Refrigerator"", ""Self check-in"", ""Freezer"", ""Free street parking"", ""Fire extinguisher"", ""Coffee maker: drip coffee maker, Keurig coffee machine"", ""Cleaning products"", ""Keypad"", ""Board games"", ""40 inch HDTV with Roku, Netflix""]",1.0,1.0,Entire rental unit,Entire home/apt,
2,700,Kolkata,2,Carpet Area,Semi-Furnished,Bachelors/Family,7000,"Immerse yourself in this meticulously updated 2-bedroom unit, where modern amenities and chic designer furnishings ensure a delightful stay. This elegant abode is mere steps from renowned restaurants, iconic landmarks, and vibrant nightlife. Enjoy the convenience of being centrally located in the capital region, with local hospitals just a stone's throw away. With its bright, clean, and professionally furnished interiors, this unit promises a welcoming retreat in the heart of the city",,https://a0.muscache.com/pictures/da045b3b-b9c9-405f-94f3-06d112646e51.jpg,"[""Smoke alarm"", ""Kitchen"", ""Wifi"", ""Shower gel"", ""Hot water"", ""Coffee maker"", ""Hair dryer"", ""Body soap"", ""Dryer"", ""Indoor fireplace"", ""TV"", ""Carbon monoxide alarm"", ""Bed linens"", ""Cooking basics"", ""Ceiling fan"", ""Shampoo"", ""Iron"", ""Hot water kettle"", ""Wine glasses"", ""Baking sheet"", ""Dedicated workspace"", ""Clothing storage"", ""Dining table"", ""Heating"", ""Stainless steel oven"", ""Extra pillows and blankets"", ""Long term stays allowed"", ""Air conditioning"", ""Essentials"", ""Coffee"", ""Books and reading material"", ""First aid kit"", ""Conditioner"", ""Free parking on premises"", ""Dishes and silverware"", ""Hangers"", ""Refrigerator"", ""Self check-in"", ""Freezer"", ""Lockbox"", ""Fire extinguisher"", ""Paid parking lot off premises"", ""Cleaning products"", ""Cleaning available during stay"", ""Stove""]",2.0,1.0,Entire rental unit,Entire home/apt,
2,800,Kolkata,1,Super Area,Furnished,Bachelors/Family,22000,"This beautifully renovated and brightly decorated brownstone in historic Albany is your perfect getaway. Located just minutes from charming downtown, guests can enjoy all Albany has to offer. <br /><br />Very spacious bedroom and living area with an abundance of natural light creates a very comfortable environment! It features a fully stocked kitchen, in unit washer/dryer, free resident lot parking, and a fenced shared backyard with bbq for guests to enjoy.<br /><br />Long term stays available.",,https://a0.muscache.com/pictures/6ec85269-a391-4169-9090-047fa6e1d932.jpg,"[""Smoke alarm"", ""Kitchen"", ""Dishwasher"", ""Wifi"", ""Hot water"", ""Hair dryer"", ""Body soap"", ""Fire pit"", ""Dryer"", ""TV"", ""Carbon monoxide alarm"", ""Bed linens"", ""Luggage dropoff allowed"", ""Cooking basics"", ""Shampoo"", ""Iron"", ""Room-darkening shades"", ""Hot water kettle"", ""Wine glasses"", ""Dedicated workspace"", ""Microwave"", ""Coffee maker: Keurig coffee machine"", ""Clothing storage"", ""Dining table"", ""Heating"", ""Washer"", ""Long term stays allowed"", ""Pets allowed"", ""Oven"", ""BBQ grill"", ""Air conditioning"", ""Essentials"", ""Coffee"", ""Laundromat nearby"", ""Outdoor furniture"", ""First aid kit"", ""Conditioner"", ""Free parking on premises"", ""Dishes and silverware"", ""Hangers"", ""Refrigerator"", ""Self check-in"", ""Freezer"", ""Free street parking"", ""Lockbox"", ""Fire extinguisher"", ""Cleaning products"", ""Stove"", ""Shared backyard \u2013 Fully fenced""]",1.0,1.0,Entire rental unit,Entire home/apt,
2,450,Kolkata,1,Super Area,Unfurnished,Bachelors/Family,6500,"Cozy and private 1-bedroom, 1-bath garden suite located only moments from beautiful Washington Park.<br /><br />Walking distance from Albany Med. and downtown SUNY.  A stylish brownstone with culturally diverse art & experiences & full amenities.  <br /><br />Near iconic places like the NYS Capital, Empire State Plaza, Egg Performing Arts Ctr., restaurants, and more. <br /><br />Ideal for discerning business and medical travelers, and couples seeking a serene home base in the Capital.",,https://a0.muscache.com/pictures/hosting/Hosting-51461480/original/f41db419-7481-4336-aaf3-e09a0033f4d8.jpeg,"[""Smoke alarm"", ""Kitchen"", ""Clothing storage: closet and dresser"", ""Portable air conditioning"", ""Wifi"", ""Shower gel"", ""Hot water"", ""Private entrance"", ""Hair dryer"", ""TV"", ""Carbon monoxide alarm"", ""Bed linens"", ""Cooking basics"", ""Iron"", ""Room-darkening shades"", ""Wine glasses"", ""Dedicated workspace"", ""Microwave"", ""Coffee maker: Keurig coffee machine"", ""Dining table"", ""Window guards"", ""Extra pillows and blankets"", ""Long term stays allowed"", ""Electric stove"", ""Oven"", ""Radiant heating"", ""Portable fans"", ""Exterior security cameras on property"", ""Essentials"", ""Coffee"", ""Books and reading material"", ""First aid kit"", ""Conditioner"", ""Free washer \u2013 In unit"", ""Dishes and silverware"", ""Hangers"", ""Refrigerator"", ""Bronner's Natural Peppermint soap body soap"", ""Self check-in"", ""Freezer"", ""Free street parking"", ""Fire extinguisher"", ""Free dryer \u2013 In unit"", ""Cleaning products"", ""Keypad""]",1.0,1.0,Entire rental unit,Entire home/apt,
2,550,Kolkata,1,Carpet Area,Semi-Furnished,Bachelors/Family,8500,"Stylish 1BR + loft apartment in downtown Albany with private second-floor entry and secure building access. Walk to shops, restaurants, and historic sites. Features full kitchen, Smart TV, and cozy, modern design. Great for work trips or getaways in the city. Parking not included — but you’ll be right in the center of it all!",,https://a0.muscache.com/pictures/6923f845-7bef-440d-9774-15dbf62d8d94.jpg,"[""Smoke alarm"", ""Kitchen"", ""Dishwasher"", ""Clothing storage: closet and dresser"", ""Shower gel"", ""Hot water"", ""Body soap"", ""Dryer"", ""TV"", ""Gym"", ""Carbon monoxide alarm"", ""Bed linens"", ""Cooking basics"", ""Elevator"", ""Shampoo"", ""Microwave"", ""Dining table"", ""Heating"", ""Stainless steel oven"", ""Washer"", ""Long term stays allowed"", ""Pets allowed"", ""Air conditioning"", ""Essentials"", ""Stainless steel electric stove"", ""Dishes and silverware"", ""Hangers"", ""Refrigerator"", ""Self check-in"", ""Coffee maker: drip coffee maker"", ""Lockbox""]",1.0,1.0,Entire rental unit,Entire home/apt,
2,800,Kolkata,2,Carpet Area,Unfurnished,Bachelors,18000,"This beautifully renovated and brightly decorated brownstone in historic Albany is your perfect getaway. Located just minutes from charming downtown, guests can enjoy all Albany has to offer. <br /><br />This spacious bedroom is located on the 3rd floor and living area has an abundance of natural light creates a very comfortable environment! This property comes with a fully stocked kitchen, in unit washer/dryer, free resident lot parking, and a fenced shared backyard with bbq for guests to enjoy.",,https://a0.muscache.com/pictures/8348d42d-71ae-457e-8428-61d78b10d1df.jpg,"[""Smoke alarm"", ""Kitchen"", ""Dishwasher"", ""Wifi"", ""Hot water"", ""Hair dryer"", ""Body soap"", ""Fire pit"", ""TV"", ""Carbon monoxide alarm"", ""Luggage dropoff allowed"", ""Cooking basics"", ""Shampoo"", ""Iron"", ""Room-darkening shades"", ""Hot water kettle"", ""Wine glasses"", ""Dedicated workspace"", ""Microwave"", ""Coffee maker: Keurig coffee machine"", ""Clothing storage"", ""Dining table"", ""Heating"", ""Long term stays allowed"", ""Pets allowed"", ""Oven"", ""BBQ grill"", ""Exterior security cameras on property"", ""Air conditioning"", ""Essentials"", ""Coffee"", ""Laundromat nearby"", ""Outdoor furniture"", ""First aid kit"", ""Conditioner"", ""Free washer \u2013 In unit"", ""Dishes and silverware"", ""Free parking on premises"", ""Hangers"", ""Refrigerator"", ""Self check-in"", ""Freezer"", ""Free street parking"", ""Lockbox"", ""Fire extinguisher"", ""Free dryer \u2013 In unit"", ""Cleaning products"", ""Stove"", ""Shared backyard \u2013 Fully fenced""]",1.0,1.0,Entire rental unit,Entire home/apt,
2,550,Kolkata,2,Carpet Area,Semi-Furnished,Family,12000,"Relax in a newly renovated one bedroom/one bathroom apartment located on the first floor of a charming brownstone building. It features lofty ceilings with beautiful architecture and a newly remodeled kitchen. Conveniently located to the Palace Theater, Capitol Rep Theater, Times Union Center and the Empire State Plaza. This rental is in walking distance to many popular eateries, bars, and more to explore!",,https://a0.muscache.com/pictures/miso/Hosting-51592836/original/df72eb98-27e3-4f7f-a23a-0df3e76240a9.jpeg,"[""Smoke alarm"", ""Kitchen"", ""Dishwasher"", ""Clothing storage: closet and dresser"", ""Gas stove"", ""Wifi"", ""Hot water"", ""Coffee maker"", ""Private entrance"", ""Hair dryer"", ""Body soap"", ""Carbon monoxide alarm"", ""Bed linens"", ""Bathtub"", ""Cooking basics"", ""Shampoo"", ""Iron"", ""Hot water kettle"", ""Wine glasses"", ""Dedicated workspace"", ""Microwave"", ""Extra pillows and blankets"", ""Long term stays allowed"", ""42 inch TV"", ""Radiant heating"", ""Portable fans"", ""Toaster"", ""Essentials"", ""Single oven"", ""Books and reading material"", ""First aid kit"", ""Conditioner"", ""Courtyard view"", ""Window AC unit"", ""Dishes and silverware"", ""Hangers"", ""Refrigerator"", ""Self check-in"", ""Freezer"", ""Free street parking"", ""Lockbox"", ""Fire extinguisher"", ""Cleaning products"", ""Cleaning available during stay""]",1.0,1.0,Entire rental unit,Entire home/apt,
1,600,Kolkata,1,Super Area,Furnished,Bachelors/Family,9000,,,https://a0.muscache.com/pictures/80c3bf83-dfeb-44a0-bda7-bae53932520b.jpg,"[""Smoke alarm"", ""Kitchen"", ""Private patio or balcony"", ""Ethernet connection"", ""Sauve  conditioner"", ""Shower gel"", ""Wifi"", ""Hot water"", ""Private entrance"", ""Hair dryer"", ""Body soap"", ""Carbon monoxide alarm"", ""GE refrigerator"", ""Bed linens"", ""Cooking basics"", ""58 inch HDTV with Roku, standard cable, Netflix"", ""Shampoo"", ""Iron"", ""Central air conditioning"", ""Safe"", ""Ceiling fan"", ""Dedicated workspace"", ""Microwave"", ""Hot water kettle"", ""Coffee maker: Keurig coffee machine"", ""Wine glasses"", ""Dining table"", ""Stainless steel oven"", ""Extra pillows and blankets"", ""Long term stays allowed"", ""Toaster"", ""Essentials"", ""Coffee"", ""Outdoor furniture"", ""Books and reading material"", ""Clothing storage: closet"", ""Central heating"", ""Stainless steel electric stove"", ""Free washer \u2013 In unit"", ""Dishes and silverware"", ""Free parking on premises"", ""Hangers"", ""Self check-in"", ""Freezer"", ""Free street parking"", ""Lockbox"", ""Free dryer \u2013 In unit"", ""Baking sheet"", ""Private backyard \u2013 Fully fenced"", ""Cleaning products"", ""Board games""]",2.0,1.0,Entire townhouse,Entire home/apt,
1,500,Kolkata,1,Super Area,Unfurnished,Bachelors/Family,6000,"Welcome to our charming studio in the heart of Albany's Center Square. Nestled in one of the oldest homes in the neighborhood, the space has been restored to blend history with modern convenience. Recently renovated, it features a modern bathroom with rain shower. The décor is a nod to mid-century aesthetics.  This cozy studio is a stone's throw away from Albany's main attractions within easy walking distance. Experience a unique blend of past and present in this delightful Albany retreat.",,https://a0.muscache.com/pictures/hosting/Hosting-U3RheVN1cHBseUxpc3Rpbmc6NTIyNDE5NzM%3D/original/847cb5d5-bb01-44a4-91ed-b686379f30b9.jpeg,"[""Smoke alarm"", ""Kitchen"", ""Portable air conditioning"", ""Wifi"", ""Hot water"", ""Private entrance"", ""Hair dryer"", ""43 inch HDTV"", ""Carbon monoxide alarm"", ""Bed linens"", ""Cooking basics"", ""Shampoo"", ""Iron"", ""Room-darkening shades"", ""Hot water kettle"", ""Wine glasses"", ""Dedicated workspace"", ""Microwave"", ""Electric stove"", ""Oven"", ""Radiant heating"", ""Exterior security cameras on property"", ""Essentials"", ""Coffee"", ""Laundromat nearby"", ""Books and reading material"", ""Clothing storage: closet"", ""Conditioner"", ""Galanz refrigerator"", ""Dishes and silverware"", ""Hangers"", ""Self check-in"", ""Freezer"", ""Free street parking"", ""Lockbox"", ""Fire extinguisher"", ""Coffee maker: Nespresso""]",0.0,1.0,Entire guest suite,Entire home/apt,
2,1000,Kolkata,2,Super Area,Furnished,Bachelors/Family,20000,"Listing is designed with the business or casual traveler in mind PLEASE NO SMOKERS in the building *Newly renovated *Modern 1 bedroom w/Smart TVs that feels like home *Street parking *Equipped with coffee maker *Fridge *Wireless charger *Private bath *Across the street from the Capitol Building *Close to Highway I-87, I-90, I-787 & public transportation. Long term stays available. Please inquire with dates needed for more info. Traveling nurses, doctors, lobbyists, students are welcome.",,https://a0.muscache.com/pictures/miso/Hosting-52360097/original/f04ec27a-611c-459b-99fc-a412ed2d09a2.jpeg,"[""Smoke alarm"", ""Kitchen"", ""Cooking basics"", ""Iron"", ""Air conditioning"", ""Lockbox"", ""Wifi"", ""Dedicated workspace"", ""Carbon monoxide alarm"", ""Paid parking on premises"", ""Hair dryer"", ""Heating"", ""TV"", ""Washer"", ""Self check-in""]",1.0,1.0,Entire rental unit,Entire home/apt,
1,300,Kolkata,1,Carpet Area,Unfurnished,Bachelors/Family,5000,,,https://a0.muscache.com/pictures/5232bdb8-fe7e-4ae9-8e9f-0937ac4247f1.jpg,"[""Smoke alarm"", ""Kitchen"", ""Dishwasher"", ""Wifi"", ""Hot water"", ""Private entrance"", ""Hair dryer"", ""Body soap"", ""Fire pit"", ""TV"", ""Carbon monoxide alarm"", ""Bed linens"", ""Bathtub"", ""Cooking basics"", ""Baking sheet"", ""Shampoo"", ""Iron"", ""Wine glasses"", ""Dedicated workspace"", ""Microwave"", ""Coffee maker: Keurig coffee machine"", ""Dining table"", ""Heating"", ""Exercise equipment"", ""Washer"", ""Extra pillows and blankets"", ""Pets allowed"", ""Long term stays allowed"", ""Oven"", ""BBQ grill"", ""Backyard"", ""Air conditioning"", ""Toaster"", ""Essentials"", ""First aid kit"", ""Conditioner"", ""Free parking on premises"", ""Dishes and silverware"", ""Crib"", ""Hangers"", ""Refrigerator"", ""Self check-in"", ""Lockbox"", ""Fire extinguisher"", ""Free dryer \u2013 In unit"", ""Cleaning products"", ""Stove""]",3.0,1.0,Entire home,Entire home/apt,
2,1200,Kolkata,2,Super Area,Furnished,Bachelors/Family,12000,,,https://a0.muscache.com/pictures/3e036f95-b1b1-4b22-b2bb-abca490e4d7d.jpg,"[""Smoke alarm"", ""Kitchen"", ""Wifi"", ""Hot water"", ""Coffee maker"", ""Private entrance"", ""Hair dryer"", ""Fire pit"", ""Outdoor dining area"", ""Dryer"", ""Indoor fireplace"", ""TV"", ""Carbon monoxide alarm"", ""Cooking basics"", ""Shampoo"", ""Iron"", ""Dedicated workspace"", ""Heating"", ""Mini golf"", ""Washer"", ""Smart lock"", ""Pets allowed"", ""BBQ grill"", ""Ping pong table"", ""Backyard"", ""Patio or balcony"", ""Air conditioning"", ""Essentials"", ""Outdoor furniture"", ""First aid kit"", ""Children\u2019s books and toys"", ""Dishes and silverware"", ""Crib"", ""Hangers"", ""Refrigerator"", ""Self check-in"", ""Fire extinguisher"", ""Board games"", ""High chair""]",5.0,2.5,Entire home,Entire home/apt,
2,500,Kolkata,1,Carpet Area,Semi-Furnished,Bachelors/Family,10000,"Cozy first floor 2-Bedroom located in a Pre-war building. Unit offers hardwood floors, well equipped bedrooms, bathrooms and kitchen.  Only a 10 min walk to fabulous cafe and restaurants on Madison Avenue.  Everything you've been looking forward right at your finger tips. <br /><br />>Nearby<br />○ 3 Min to Saint Rose <br />○ 4 min to St Peters<br />○ 7 min to Albany MED<br />○ 5 Min to Lark Street<br />○ 7 Min to Downtown<br />○ 7 Min to SUNY Albany<br />○ 8 Min to Palace Theater",,https://a0.muscache.com/pictures/32dc7892-0eee-4643-805e-36962a45f37f.jpg,"[""Smoke alarm"", ""Kitchen"", ""Wifi"", ""Hot water"", ""Coffee maker"", ""Private entrance"", ""Hair dryer"", ""TV"", ""Carbon monoxide alarm"", ""Cooking basics"", ""Shampoo"", ""Iron"", ""Dedicated workspace"", ""Heating"", ""Smart lock"", ""Pets allowed"", ""Air conditioning"", ""Essentials"", ""First aid kit"", ""Free residential garage on premises"", ""Hangers"", ""Self check-in""]",2.0,1.0,Entire rental unit,Entire home/apt,
4,1200,Kolkata,2,Super Area,Unfurnished,Family,18000,"BEAUTIFULLY renovated apartment with CHARACTER in a historic building. This is a ground floor unit with direct fenced backyard access and a private patio! Ideal for pet owners! 4K Smart TV with Netflix, and high speed internet ready for you to use! This property comes with a fully stocked kitchen, in unit washer/dryer, free resident lot parking, and a fenced shared backyard with bbq for guests to enjoy.",,https://a0.muscache.com/pictures/miso/Hosting-52837196/original/bb1d1ebc-6e8c-470f-9f3e-62f76d279b61.png,"[""Smoke alarm"", ""Kitchen"", ""Dishwasher"", ""Private patio or balcony"", ""Wifi"", ""Hot water"", ""Private entrance"", ""Hair dryer"", ""Body soap"", ""Fire pit"", ""Dryer"", ""TV"", ""Carbon monoxide alarm"", ""Luggage dropoff allowed"", ""Cooking basics"", ""Shampoo"", ""Iron"", ""Room-darkening shades"", ""Wine glasses"", ""Dedicated workspace"", ""Microwave"", ""Coffee maker: Keurig coffee machine"", ""Clothing storage"", ""Heating"", ""Washer"", ""Rice maker"", ""Pets allowed"", ""Long term stays allowed"", ""Oven"", ""BBQ grill"", ""Air conditioning"", ""Essentials"", ""Coffee"", ""Laundromat nearby"", ""Outdoor furniture"", ""First aid kit"", ""Conditioner"", ""Free parking on premises"", ""Dishes and silverware"", ""Hangers"", ""Refrigerator"", ""Self check-in"", ""Freezer"", ""Free street parking"", ""Lockbox"", ""Private backyard \u2013 Fully fenced"", ""Cleaning products"", ""Stove""]",1.0,1.0,Entire rental unit,Entire home/apt,
2,900,Kolkata,2,Carpet Area,Semi-Furnished,Bachelors/Family,15000,"This 2nd floor one bedroom in a Historic Brownstone 1800's across the street from Washington park. Beautiful woodwork throughout with all the comforts of home. Great area where you can walk or jog in the park or just enjoy a cup of coffee outside. Choice of restaurants, stores & shops on Lark street. Movie theater, hospitals and malls all in close proximity. We are located on State street in Albany in a desirable residential area with easy Uber or Lyft service available.  ((NO PARTIES!!))",,https://a0.muscache.com/pictures/cc451322-9571-4b88-b027-36020b57e208.jpg,"[""Smoke alarm"", ""Kitchen"", ""Wifi"", ""Shower gel"", ""Hot water"", ""Private entrance"", ""Hair dryer"", ""Body soap"", ""TV"", ""Carbon monoxide alarm"", ""Bed linens"", ""Clothing storage: walk-in closet and closet"", ""Park view"", ""Bathtub"", ""Cooking basics"", ""Baking sheet"", ""Shampoo"", ""Iron"", ""Room-darkening shades"", ""Wine glasses"", ""Dedicated workspace"", ""Microwave"", ""Coffee maker: Keurig coffee machine"", ""Dining table"", ""Heating"", ""Smart lock"", ""Extra pillows and blankets"", ""Long term stays allowed"", ""Electric stove"", ""Oven"", ""Portable fans"", ""Exterior security cameras on property"", ""Toaster"", ""Essentials"", ""Coffee"", ""Pack \u2019n play/Travel crib"", ""First aid kit"", ""Conditioner"", ""Free parking on premises"", ""Window AC unit"", ""Dishes and silverware"", ""Hangers"", ""Refrigerator"", ""Self check-in"", ""Fire extinguisher"", ""Cleaning products"", ""Board games""]",1.0,1.0,Entire rental unit,Entire home/apt,
3,1300,Kolkata,3,Carpet Area,Unfurnished,Bachelors/Family,22000,"Visiting Albany for work, vacation, or to visit family? The Twitchell Estate is a spacious 4BR home that will be perfect for your stay. This elegantly designed Boho Chic rental comes with amenities such as self-check-in, Netflix, Disney+, Apple TV, and many other streaming options if you're looking to relax indoors, and a private laptop-friendly office with Wi-Fi if you need to get work done. Enjoy free coffee and tea in the stocked kitchen, with everything you need to feel like you are at home.",,https://a0.muscache.com/pictures/miso/Hosting-53483727/original/640fe42e-feb6-4a37-bab7-f4ab9d853085.jpeg,"[""Smoke alarm"", ""Kitchen"", ""Dishwasher"", ""Private patio or balcony"", ""Ethernet connection"", ""Hot water"", ""Private entrance"", ""Hair dryer"", ""Body soap"", ""60 inch HDTV with Amazon Prime Video, Apple TV, Chromecast, Disney+, Hulu, Netflix"", ""Carbon monoxide alarm"", ""Bed linens"", ""Luggage dropoff allowed"", ""Bathtub"", ""Cooking basics"", ""Ceiling fan"", ""Shampoo"", ""Iron"", ""Hot water kettle"", ""Wine glasses"", ""Baking sheet"", ""Dedicated workspace"", ""Microwave"", ""Coffee maker: Keurig coffee machine"", ""Dining table"", ""Smart lock"", ""Extra pillows and blankets"", ""Rice maker"", ""Long term stays allowed"", ""Oven"", ""Radiant heating"", ""Crib - always at the listing"", ""Portable fans"", ""Exterior security cameras on property"", ""Toaster"", ""Essentials"", ""Coffee"", ""Laundromat nearby"", ""Books and reading material"", ""First aid kit"", ""Free washer \u2013 In unit"", ""Window AC unit"", ""Dishes and silverware"", ""Hangers"", ""Refrigerator"", ""Blender"", ""Self check-in"", ""Freezer"", ""Free street parking"", ""Free parking on premises \u2013 1 space"", ""Fire extinguisher"", ""Free dryer \u2013 In unit"", ""Fast wifi \u2013 654 Mbps"", ""Cleaning products"", ""Stainless steel gas stove"", ""High chair"", ""Outlet covers"", ""Clothing storage: walk-in closet, closet, wardrobe, and dresser""]",5.0,1.5,Entire vacation home,Entire home/apt,
4,1600,Kolkata,3,Carpet Area,Unfurnished,Bachelors/Family,35000,"Discover Lark Street - A Hip Albany Neighborhood. With countless restaurants, cafes, art galleries, special events, and more, this funky arts and entertainment district is a major Albany hotspot. The Spot on Lark is a beautifully renovated 1850s era 4 - story brick building, in the heart of Lark Street, and a perfect oasis to relax and explore. We have taken ample time to carefully craft this space with tasteful décor, to maximize its potential and ensure your enjoyment",,https://a0.muscache.com/pictures/2e5b6926-a177-4bb6-b01f-9d085e3bbfdf.jpg,"[""Smoke alarm"", ""Kitchen"", ""Ethernet connection"", ""Wifi"", ""Shower gel"", ""Hot water"", ""Private entrance"", ""Hair dryer"", ""Body soap"", ""55 inch HDTV with Amazon Prime Video, Hulu, Netflix"", ""Carbon monoxide alarm"", ""Bed linens"", ""Bathtub"", ""Cooking basics"", ""Baking sheet"", ""Shampoo"", ""Iron"", ""Hot water kettle"", ""Wine glasses"", ""Microwave"", ""Portable heater"", ""Coffee maker: Keurig coffee machine"", ""Dining table"", ""Smart lock"", ""Extra pillows and blankets"", ""Pets allowed"", ""Oven"", ""Radiant heating"", ""Exterior security cameras on property"", ""Essentials"", ""Coffee"", ""Laundromat nearby"", ""Shared patio or balcony"", ""Stainless steel electric stove"", ""First aid kit"", ""Conditioner"", ""Window AC unit"", ""Dishes and silverware"", ""Hangers"", ""Refrigerator"", ""Self check-in"", ""Freezer"", ""Free street parking"", ""Fire extinguisher"", ""Cleaning products"", ""Clothing storage: walk-in closet, closet, wardrobe, and dresser""]",1.0,1.0,Entire rental unit,Entire home/apt,
3,1450,Kolkata,2,Super Area,Unfurnished,Family,21000,"BEAUTIFUL + LUXURIOUS renovated apartment with CHARACTER in a historic building. <br /><br />This spacious 2 bedroom feature a bright reading nook in the master bedroom, an office space, a soaker tub, 4K Smart TV with Netflix, and high speed internet ready for you to use! It comes with a fully stocked kitchen, in unit washer/dryer, free resident parking, and a fenced shared backyard with bbq for guests to enjoy.",,https://a0.muscache.com/pictures/bdf2a8b8-187d-42b2-8172-f7716e0324fb.jpg,"[""Smoke alarm"", ""Kitchen"", ""Dishwasher"", ""Wifi"", ""Hot water"", ""Hair dryer"", ""Body soap"", ""Fire pit"", ""Dryer"", ""TV"", ""Carbon monoxide alarm"", ""Luggage dropoff allowed"", ""Cooking basics"", ""Shampoo"", ""Iron"", ""Room-darkening shades"", ""Hot water kettle"", ""Wine glasses"", ""Dedicated workspace"", ""Microwave"", ""Coffee maker: Keurig coffee machine"", ""Clothing storage"", ""Dining table"", ""Heating"", ""Long term stays allowed"", ""Pets allowed"", ""Oven"", ""BBQ grill"", ""AC - split type ductless system"", ""Backyard"", ""Essentials"", ""Coffee"", ""Laundromat nearby"", ""Outdoor furniture"", ""First aid kit"", ""Conditioner"", ""Free washer \u2013 In unit"", ""Dishes and silverware"", ""Free parking on premises"", ""Hangers"", ""Refrigerator"", ""Self check-in"", ""Freezer"", ""Free street parking"", ""Lockbox"", ""Fire extinguisher"", ""Cleaning products"", ""Stove""]",2.0,2.0,Entire rental unit,Entire home/apt,
2,1100,Kolkata,2,Super Area,Furnished,Bachelors,25000,"Meticulously and lovingly maintained home. Living and dining rooms feature gleaming hardwood floors.   Private fenced in yard. Excellent Albany location off of Western Ave- close to highways, restaurants, shopping etc.  New sauna space sauna with 8 bulbs built, next to a full bath with heated floor and small weight set, bench and treadmill.",,https://a0.muscache.com/pictures/16f53bb6-5f65-4f48-930f-3ac4baf1adb7.jpg,"[""Smoke alarm"", ""Kitchen"", ""Dishwasher"", ""Samsung stainless steel electric stove"", ""Private patio or balcony"", ""Ethernet connection"", ""Baby safety gates"", ""Shower gel"", ""Hot water"", ""Private entrance"", ""Hair dryer"", ""Body soap"", ""Outdoor dining area"", ""Mini fridge"", ""Carbon monoxide alarm"", ""Bed linens"", ""Luggage dropoff allowed"", ""Bathtub"", ""Cooking basics"", ""Ceiling fan"", ""Shampoo"", ""Iron"", ""Room-darkening shades"", ""Exercise equipment: treadmill"", ""Central air conditioning"", ""Fast wifi \u2013 384 Mbps"", ""Dedicated workspace"", ""Microwave"", ""Hot water kettle"", ""Wine glasses"", ""65 inch HDTV with standard cable, Netflix, Apple TV, Hulu, Amazon Prime Video, premium cable, Roku"", ""Heating"", ""Dining table"", ""Smart lock"", ""Sonos sound system with aux"", ""Extra pillows and blankets"", ""Pets allowed"", ""Long term stays allowed"", ""Oven"", ""Private sauna"", ""Portable fans"", ""Drying rack for clothing"", ""Exterior security cameras on property"", ""Toaster"", ""BBQ grill: gas"", ""Essentials"", ""Coffee"", ""Laundromat nearby"", ""Garden view"", ""Outdoor furniture"", ""Single level home"", ""Pack \u2019n play/Travel crib"", ""Clothing storage: closet"", ""First aid kit"", ""Barbecue utensils"", ""Baby bath"", ""Conditioner"", ""Free washer \u2013 In unit"", ""Courtyard view"", ""Dishes and silverware"", ""Crib"", ""Hangers"", ""Refrigerator"", ""Blender"", ""Free driveway parking on premises \u2013 4 spaces"", ""Self check-in"", ""Freezer"", ""Coffee maker: drip coffee maker"", ""Free street parking"", ""Sun loungers"", ""Fire extinguisher"", ""Free dryer \u2013 In unit"", ""Baking sheet"", ""Private backyard \u2013 Fully fenced"", ""Cleaning products"", ""Private gym in building""]",4.0,2.0,Entire cottage,Entire home/apt,
2,950,Kolkata,2,Carpet Area,Unfurnished,Bachelors/Family,180000,"A peaceful 1-bedroom apartment nestled in a quiet residential area of Albany. minutes away fromMarket 32 and local restaurants andSt. Rose College, Downtown Albany is7-minute drive away, Albany Med just 5 minutes, and Saint Peters only 3 minutes, convenience is at your fingertips. The apartment is part of a 4-unit house, offering privacy and thick walls for a noise-free environment.Free street parking is never a problem to park.",,https://a0.muscache.com/pictures/prohost-api/Hosting-54126420/original/019e477d-5388-4180-a3e6-e2a120e6671f.jpeg,"[""Smoke alarm"", ""Kitchen"", ""Dishwasher"", ""Trash compactor"", ""Clothing storage: closet and dresser"", ""Portable air conditioning"", ""Wifi"", ""Shower gel"", ""Hot water"", ""Hair dryer"", ""Body soap"", ""Carbon monoxide alarm"", ""Bed linens"", ""Bathtub"", ""TV with Netflix"", ""Cooking basics"", ""Shampoo"", ""Iron"", ""Hot water kettle"", ""Wine glasses"", ""Microwave"", ""Coffee maker: Keurig coffee machine"", ""Dining table"", ""Stainless steel oven"", ""Paid street parking off premises"", ""Extra pillows and blankets"", ""Long term stays allowed"", ""Electric stove"", ""Radiant heating"", ""Toaster"", ""Essentials"", ""Coffee"", ""First aid kit"", ""Free parking on premises"", ""Dishes and silverware"", ""Hangers"", ""Refrigerator"", ""Blender"", ""Self check-in"", ""Freezer"", ""Fire extinguisher"", ""Cleaning products"", ""Keypad"", ""Cleaning available during stay""]",1.0,1.0,Entire home,Entire home/apt,
1,600,Kolkata,1,Carpet Area,Unfurnished,Bachelors/Family,6000,"A beautiful newly renovated 2 Bedroom apartment. 1 bedroom is set up as office with a desk and chair and also a yoga mat and workout bands. The apartment is located 3 minutes walking from Albany Med, a few steps away from Washington Park, several minutes from State offices. The area is full of great restaurants, walking distance grocery store and boutique shops.",,https://a0.muscache.com/pictures/prohost-api/Hosting-54126421/original/7f9e5e49-6d84-401c-bcee-28a015ee7c04.jpeg,"[""Smoke alarm"", ""Dishwasher"", ""Trash compactor"", ""Clothing storage: closet and dresser"", ""Portable air conditioning"", ""Wifi"", ""Shower gel"", ""Hot water"", ""Hair dryer"", ""Mini fridge"", ""Carbon monoxide alarm"", ""Bed linens"", ""Bathtub"", ""Cooking basics"", ""Shampoo"", ""Iron"", ""Hot water kettle"", ""Safe"", ""Wine glasses"", ""Microwave"", ""Coffee maker: Keurig coffee machine"", ""Stainless steel oven"", ""Extra pillows and blankets"", ""Electric stove"", ""HDTV with Disney+, Netflix, HBO Max"", ""Toaster"", ""Essentials"", ""Coffee"", ""Central heating"", ""Free washer \u2013 In unit"", ""Window AC unit"", ""Dishes and silverware"", ""Free parking on premises"", ""Hangers"", ""Refrigerator"", ""Blender"", ""Self check-in"", ""Freezer"", ""Free dryer \u2013 In unit"", ""Keypad"", ""Board games""]",2.0,1.0,Entire rental unit,Entire home/apt,
2,700,Kolkata,2,Carpet Area,Unfurnished,Bachelors/Family,14000,"A beautiful 1 bedroom with an office space and designated off street parking located in the heart of Albany next to Washington Park, 2min walking from Albany Med 3min drive to Saint Peters Hospital, 6 minutes from the train station, 5 minutes from the capital, walking distance to Lark street if you’re looking for restaurants or grab a drink.",,https://a0.muscache.com/pictures/7762e85b-399b-4375-9ece-6ceecfee0ae1.jpg,"[""Smoke alarm"", ""Kitchen"", ""Dishwasher"", ""Trash compactor"", ""Portable air conditioning"", ""Wifi"", ""Shower gel"", ""Free driveway parking on premises \u2013 1 space"", ""Hot water"", ""Exercise equipment: stationary bike"", ""Hair dryer"", ""Body soap"", ""Private entrance"", ""Carbon monoxide alarm"", ""Bed linens"", ""Bathtub"", ""Cooking basics"", ""Shampoo"", ""Iron"", ""Room-darkening shades"", ""Wine glasses"", ""Dedicated workspace"", ""Microwave"", ""Coffee maker: Keurig coffee machine"", ""Dining table"", ""Extra pillows and blankets"", ""Long term stays allowed"", ""Clothing storage: walk-in closet and dresser"", ""Electric stove"", ""Oven"", ""Toaster"", ""Essentials"", ""Coffee"", ""Books and reading material"", ""Central heating"", ""First aid kit"", ""Conditioner"", ""Free washer \u2013 In unit"", ""Dishes and silverware"", ""Hangers"", ""Refrigerator"", ""Blender"", ""Self check-in"", ""HDTV with HBO Max, Netflix, Disney+"", ""Freezer"", ""Lockbox"", ""Fire extinguisher"", ""Free dryer \u2013 In unit"", ""Cleaning products""]",1.0,1.0,Entire townhouse,Entire home/apt,
3,750,Kolkata,1,Super Area,Unfurnished,Family,8000,"This amazing Airbnb will give you all the comforts of home! Tastefully decorated with everything you need and then some!!<br /><br />-> Grab-N-Go items (Coffee, Tea, Light Snacks)<br />-> Smart LED Tvs in (2) Livingrooms & (2) Bedrooms<br />-> NordicTrack & Peloton bicycles<br />-> Smart locks with keyless entry<br />-> Fast wireless WiFi<br />-> Queen beds with premium mattresses & pillow covers<br />-> Fully equipped + utensil stocked kitchen + Keurig Coffee <br />-> Full size washer/dryer <br /><br />And much more so come and enjoy your stay!",,https://a0.muscache.com/pictures/faf1358a-0d2d-46ff-9148-98f2afc10ada.jpg,"[""55 inch HDTV with Roku, standard cable"", ""Smoke alarm"", ""Kitchen"", ""Dishwasher"", ""Private patio or balcony"", ""Wifi"", ""Shower gel"", ""Hot water"", ""Private entrance"", ""Hair dryer"", ""Body soap"", ""Carbon monoxide alarm"", ""Bed linens"", ""Luggage dropoff allowed"", ""Bathtub"", ""Cooking basics"", ""Baking sheet"", ""Shampoo"", ""Iron"", ""Room-darkening shades"", ""Central air conditioning"", ""Hot water kettle"", ""Dedicated workspace"", ""Microwave"", ""Wine glasses"", ""Dining table"", ""Smart lock"", ""Extra pillows and blankets"", ""Long term stays allowed"", ""Oven"", ""BBQ grill: gas"", ""Exterior security cameras on property"", ""Toaster"", ""Essentials"", ""Coffee"", ""Books and reading material"", ""Central heating"", ""First aid kit"", ""Clothing storage: closet and wardrobe"", ""Barbecue utensils"", ""Conditioner"", ""Free washer \u2013 In unit"", ""Dishes and silverware"", ""Crib"", ""Hangers"", ""Refrigerator"", ""Blender"", ""Self check-in"", ""Freezer"", ""Free street parking"", ""Exercise equipment: stationary bike, yoga mat"", ""Fire extinguisher"", ""Coffee maker: drip coffee maker, Keurig coffee machine"", ""Free dryer \u2013 In unit"", ""Private backyard \u2013 Fully fenced"", ""Cleaning products"", ""Free parking garage on premises \u2013 1 space"", ""GE gas stove"", ""Private gym in building""]",2.0,2.0,Entire townhouse,Entire home/apt,
2,1000,Kolkata,1,Super Area,Unfurnished,Bachelors/Family,8000,"This charming townhouse is located in the historic district of Albany. This stay is surrounded by many great indoor and outdoor attractions. The State Capitol is a short 5 minute walk away. For those who enjoy trying new food or love their morning coffee, you can visit one of the many restaurants, bars and cafes located on Lark Street. No matter what reason you have for visiting Albany, this home away from home is the perfect stay!",,https://a0.muscache.com/pictures/hosting/Hosting-54150131/original/d90235de-86db-4011-9e84-dc7769862fae.jpeg,"[""Smoke alarm"", ""Kitchen"", ""Dishwasher"", ""Wifi"", ""Shower gel"", ""Hot water"", ""Coffee maker"", ""Private entrance"", ""Hair dryer"", ""Body soap"", ""Outdoor dining area"", ""City skyline view"", ""Carbon monoxide alarm"", ""Bed linens"", ""Luggage dropoff allowed"", ""Bathtub"", ""Cooking basics"", ""Baking sheet"", ""Shampoo"", ""Iron"", ""Room-darkening shades"", ""Hot water kettle"", ""Wine glasses"", ""Dedicated workspace"", ""Microwave"", ""Dining table"", ""Stainless steel oven"", ""Washer"", ""Extra pillows and blankets"", ""Pets allowed"", ""Long term stays allowed"", ""BBQ grill"", ""Radiant heating"", ""Portable fans"", ""Drying rack for clothing"", ""Toaster"", ""Essentials"", ""Coffee"", ""Outdoor furniture"", ""Clothing storage: closet"", ""First aid kit"", ""Barbecue utensils"", ""Conditioner"", ""Courtyard view"", ""Window AC unit"", ""Dishes and silverware"", ""Hangers"", ""Refrigerator"", ""Blender"", ""Self check-in"", ""Freezer"", ""Free street parking"", ""Lockbox"", ""Fire extinguisher"", ""Free dryer \u2013 In unit"", ""Private backyard \u2013 Fully fenced"", ""Cleaning products"", ""HDTV with HBO Max, Disney+, standard cable, Amazon Prime Video, Hulu, Netflix"", ""Board games"", ""Stainless steel gas stove""]",3.0,2.0,Entire townhouse,Entire home/apt,
1,220,Kolkata,1,Super Area,Furnished,Bachelors/Family,6000,Your family will be close to everything when you stay at this centrally-located place.,,https://a0.muscache.com/pictures/miso/Hosting-54369238/original/8462707c-b741-4ae3-8785-c1e4371fb86e.jpeg,"[""Smoke alarm"", ""Kitchen"", ""Dishwasher"", ""Ethernet connection"", ""Wifi"", ""Shower gel"", ""Hot water"", ""Coffee maker"", ""Private entrance"", ""Hair dryer"", ""Outdoor dining area"", ""TV"", ""Carbon monoxide alarm"", ""Bed linens"", ""Bathtub"", ""Cooking basics"", ""Ceiling fan"", ""Iron"", ""Suave conditioner"", ""Hot water kettle"", ""Baking sheet"", ""Dedicated workspace"", ""Microwave"", ""Dining table"", ""Heating"", ""Washer"", ""Electric stove"", ""Oven"", ""Backyard"", ""Patio or balcony"", ""Air conditioning"", ""Essentials"", ""Coffee"", ""Suave  body soap"", ""Clothing storage: closet"", ""First aid kit"", ""Free parking on premises"", ""Dishes and silverware"", ""Hangers"", ""Refrigerator"", ""Self check-in"", ""Freezer"", ""Suave shampoo"", ""Lockbox"", ""Fire extinguisher"", ""Free dryer \u2013 In unit"", ""Cleaning products"", ""Board games"", ""Standalone high chair""]",2.0,1.5,Entire townhouse,Entire home/apt,
1,300,Kolkata,1,Carpet Area,Semi-Furnished,Bachelors,8000,Keep it simple at this peaceful and centrally-located apartment.,,https://a0.muscache.com/pictures/hosting/Hosting-54369240/original/9082743c-2945-4d77-b5ac-06a81a0a831b.jpeg,"[""Smoke alarm"", ""Kitchen"", ""Dishwasher"", ""Wifi"", ""Hot water"", ""Hair dryer"", ""GE stainless steel gas stove"", ""Carbon monoxide alarm"", ""Bed linens"", ""58 inch HDTV with Amazon Prime Video, Fire TV, HBO Max, Disney+, Apple TV, Netflix, Roku, Hulu"", ""Luggage dropoff allowed"", ""Ge refrigerator"", ""Cooking basics"", ""Ceiling fan"", ""Iron"", ""Baking sheet"", ""Room-darkening shades"", ""Safe"", ""Hot water kettle"", ""Dedicated workspace"", ""Microwave"", ""Coffee maker: Keurig coffee machine"", ""Long term stays allowed"", ""GE stainless steel oven"", ""Radiant heating"", ""Air conditioning"", ""Toaster"", ""Essentials"", ""Coffee"", ""Laundromat nearby"", ""Suave  conditioner"", ""Suave  body soap"", ""Clothing storage: closet"", ""Dishes and silverware"", ""Hangers"", ""Self check-in"", ""Suave  shampoo"", ""Freezer"", ""Free street parking"", ""Lockbox"", ""Cleaning products"", ""Board games""]",1.0,1.0,Entire rental unit,Entire home/apt,
1,300,Kolkata,1,Carpet Area,Unfurnished,Bachelors/Family,6000,"Enjoy Pine Hills, one of the last walking communities in Albany. Walking distance to many popular restaurants, food market, hospitals, parks, schools, movie theater, pharmacy, library and laundromat. <br />Keep it simple at this peaceful, private and centrally-located place.",,https://a0.muscache.com/pictures/miso/Hosting-559249822516788574/original/1f5d7c57-3e71-4a80-a84b-a9e1e5e0192e.jpeg,"[""Smoke alarm"", ""Kitchen"", ""Bikes"", ""Wifi"", ""Hot water"", ""Coffee maker"", ""Private entrance"", ""Hair dryer"", ""Body soap"", ""TV"", ""Carbon monoxide alarm"", ""Clothing storage: dresser"", ""Bed linens"", ""Bluetooth sound system"", ""Cooking basics"", ""Shampoo"", ""Iron"", ""Dedicated workspace"", ""Microwave"", ""Dining table"", ""Heating"", ""Exercise equipment"", ""Extra pillows and blankets"", ""Long term stays allowed"", ""Oven"", ""Portable fans"", ""Essentials"", ""Coffee"", ""Laundromat nearby"", ""Single level home"", ""First aid kit"", ""Conditioner"", ""Free parking on premises"", ""Dishes and silverware"", ""Self check-in"", ""Refrigerator"", ""Freezer"", ""Free street parking"", ""Lockbox"", ""Fire extinguisher"", ""Cleaning products"", ""Stove""]",1.0,1.0,Entire rental unit,Entire home/apt,
1,700,Kolkata,1,Super Area,Semi-Furnished,Bachelors/Family,20000,"Newly renovated one bedroom, loft style apartment. Centrally located in the Mansion neighborhood in albany. Huge spacious open layout with walk in closet. Big screen tvs, with super fast internet (400 mps). On-site laundry, with locked off street parking. Spectacular views of downtown Albany. Walking distance to empire state plaza, the egg, times union, and excellent bars, restaurants, and delis. Great value for anyone staying in albany long or short term.",,https://a0.muscache.com/pictures/b93dc43c-6bd4-4e33-87e4-8c9979c67249.jpg,"[""Smoke alarm"", ""Kitchen"", ""Dishwasher"", ""Gas stove"", ""Free driveway parking on premises \u2013 1 space"", ""Hot water"", ""Private entrance"", ""TV"", ""Carbon monoxide alarm"", ""City skyline view"", ""Cooking basics"", ""Iron"", ""Central air conditioning"", ""Hot water kettle"", ""Wine glasses"", ""Free dryer \u2013 In building"", ""Dedicated workspace"", ""Microwave"", ""Coffee maker: Keurig coffee machine"", ""Host greets you"", ""Stainless steel oven"", ""Extra pillows and blankets"", ""Long term stays allowed"", ""Fast wifi \u2013 421 Mbps"", ""Exterior security cameras on property"", ""Toaster"", ""Essentials"", ""Central heating"", ""Dishes and silverware"", ""Hangers"", ""Refrigerator"", ""Free washer \u2013 In building"", ""Freezer"", ""Free street parking"", ""Cleaning products""]",1.0,1.0,Entire rental unit,Entire home/apt,
3,800,Kolkata,2,Super Area,Unfurnished,Bachelors/Family,12000,"This is Albany’s best! Enjoy a cozy stay in one of Albany’s oldest and most unique homes. This historic farmhouse was built in 1821 and completely restored and renovated in 2010. Your room is the master suite complete with a deep soaking tub, remote controlled gas fireplace, king size bed, single pull out American Leather couch, and double sinks. The pool is open from May until October. Hot tub is open year round. Enjoy a perfect romantic getaway!",,https://a0.muscache.com/pictures/miso/Hosting-593272120497643087/original/92b58f18-9928-4c99-ad9f-7192336102ce.jpeg,"[""Smoke alarm"", ""Kitchen"", ""Dishwasher"", ""Wolf stainless steel oven"", ""Pack \u2019n play/Travel crib - always at the listing"", ""Clothing storage: closet and dresser"", ""Boston acoustics  sound system"", ""Wifi"", ""Shower gel"", ""Hot water"", ""Coffee maker"", ""Hair dryer"", ""Body soap"", ""Fire pit"", ""Outdoor dining area"", ""Mini fridge"", ""Carbon monoxide alarm"", ""Bread maker"", ""Bed linens"", ""Luggage dropoff allowed"", ""55 inch HDTV"", ""Pool table"", ""Bathtub"", ""Cooking basics"", ""Baking sheet"", ""Shampoo"", ""Iron"", ""Outdoor shower"", ""Room-darkening shades"", ""Free dryer \u2013 In building"", ""Fireplace guards"", ""Central air conditioning"", ""Dedicated workspace"", ""Microwave"", ""Hot water kettle"", ""Wine glasses"", ""Heating"", ""Dining table"", ""Hammock"", ""Extra pillows and blankets"", ""Long term stays allowed"", ""BBQ grill"", ""Portable fans"", ""Exterior security cameras on property"", ""Toaster"", ""Essentials"", ""Lock on bedroom door"", ""Coffee"", ""Laundromat nearby"", ""Shared patio or balcony"", ""Outdoor furniture"", ""Books and reading material"", ""Shared outdoor pool - available seasonally, open 24 hours, heated, pool toys"", ""Shared hot tub"", ""Barbecue utensils"", ""Free parking on premises"", ""Dishes and silverware"", ""Hangers"", ""Refrigerator"", ""Blender"", ""Free washer \u2013 In building"", ""Self check-in"", ""Freezer"", ""Free street parking"", ""Sun loungers"", ""Wolf electric stove"", ""Fire extinguisher"", ""Paid parking lot on premises"", ""Cleaning products"", ""Keypad"", ""Board games"", ""Indoor fireplace: gas"", ""Cleaning available during stay"", ""Pool view"", ""Shared backyard \u2013 Fully fenced""]",1.0,1.0,Private room in home,Private room,
3,1600,Kolkata,2,Super Area,Unfurnished,Bachelors/Family,15000,"Discover Lark Street - A Hip Albany Neighborhood. With countless restaurants, cafes, art galleries, special events, and more, this funky arts and entertainment district is a major Albany hotspot. The Iconic Downtown Apartment is a beautifully renovated 1850s era 4 - story brick building, in the heart of Lark Street, and a perfect oasis to relax and explore. We have taken ample time to carefully craft this space with tasteful décor, to maximize its potential and ensure your enjoyment",,https://a0.muscache.com/pictures/61c54da8-7d26-4c5f-8ef3-e619465adb77.jpg,"[""Smoke alarm"", ""Kitchen"", ""Indoor fireplace: electric"", ""Ethernet connection"", ""Portable air conditioning"", ""Wifi"", ""Hot water"", ""Private entrance"", ""Hair dryer"", ""Body soap"", ""Carbon monoxide alarm"", ""Bed linens"", ""Heating - split type ductless system"", ""Bathtub"", ""Cooking basics"", ""Ceiling fan"", ""Shampoo"", ""Iron"", ""Room-darkening shades"", ""Hot water kettle"", ""Wine glasses"", ""Dedicated workspace"", ""Microwave"", ""Portable heater"", ""Clothing storage"", ""Coffee maker: Keurig coffee machine"", ""Dining table"", ""Smart lock"", ""Extra pillows and blankets"", ""Pets allowed"", ""Oven"", ""Portable fans"", ""Exterior security cameras on property"", ""Toaster"", ""Essentials"", ""Coffee"", ""Laundromat nearby"", ""Shared patio or balcony"", ""Stainless steel electric stove"", ""First aid kit"", ""Conditioner"", ""Dishes and silverware"", ""Hangers"", ""60 inch HDTV with Hulu"", ""Refrigerator"", ""Self check-in"", ""Freezer"", ""Free street parking"", ""Fire extinguisher"", ""Baking sheet"", ""Cleaning products""]",1.0,1.0,Entire rental unit,Entire home/apt,
2,1000,Kolkata,2,Carpet Area,Unfurnished,Bachelors/Family,14000,"Newly renovated one bedroom, loft style apartment. Centrally located in the Mansion neighborhood in albany. Huge spacious open layout with walk in closet. Big screen tvs, with super fast internet (400 mps). On-site laundry, with locked off street parking. Spectacular views of downtown Albany. Walking distance to empire state plaza, the egg, times union, and excellent bars, restaurants, and delis. Great value for anyone staying in albany long or short term.",,https://a0.muscache.com/pictures/4f44429e-bd8d-4c68-915e-44b87de774eb.jpg,"[""Smoke alarm"", ""Kitchen"", ""Hot water"", ""Dryer"", ""TV"", ""Carbon monoxide alarm"", ""Cooking basics"", ""Iron"", ""Host greets you"", ""Dedicated workspace"", ""Heating"", ""Washer"", ""Long term stays allowed"", ""Exterior security cameras on property"", ""Air conditioning"", ""Essentials"", ""Free parking on premises"", ""Hangers"", ""Fast wifi \u2013 478 Mbps""]",1.0,1.0,Entire rental unit,Entire home/apt,
1,20,Kolkata,1,Super Area,Unfurnished,Bachelors/Family,5000,"Capital NY AF! 2.5 Hours from NYC. 35 minutes from Saratoga. 1 Hr from ADK park/ Gore/ Berkshires. 4800ft of living space and an epic backyard make this historic home a true gem. The blueprints for the Jesse Buel House reside in the Library of Congress…for real. The pool is enormous and OPEN TIL early NOV! Hot tub open all year. There is enough furniture for everyone to get cozy. Two kitchens, a billiard room, OLED TVs and luxurious mattresses make this home truly one of a kind.",,https://a0.muscache.com/pictures/dd1a2e33-d50b-459c-adc3-fe3181ff334f.jpg,"[""Smoke alarm"", ""Kitchen"", ""Dishwasher"", ""Private patio or balcony"", ""Private hot tub"", ""Wifi"", ""Hot water"", ""Hair dryer"", ""Fire pit"", ""Outdoor dining area"", ""Pool view"", ""Mini fridge"", ""Carbon monoxide alarm"", ""Bed linens"", ""Bluetooth sound system"", ""Pool table"", ""Bathtub"", ""Cooking basics"", ""Ceiling fan"", ""Shampoo"", ""Iron"", ""Outdoor shower"", ""Central air conditioning"", ""Hot water kettle"", ""Dedicated workspace"", ""Microwave"", ""Wine glasses"", ""Stainless steel oven"", ""Rad body soap"", ""Hammock"", ""Smart lock"", ""Extra pillows and blankets"", ""Pets allowed"", ""BBQ grill"", ""Radiant heating"", ""Portable fans"", ""Noise decibel monitors on property"", ""Exterior security cameras on property"", ""Essentials"", ""Coffee"", ""Outdoor furniture"", ""Private outdoor pool - available seasonally, open 24 hours, heated"", ""Books and reading material"", ""Clothing storage: closet"", ""Free parking on premises"", ""Dishes and silverware"", ""Crib"", ""Hangers"", ""Refrigerator"", ""Blender"", ""Free washer \u2013 In building"", ""Self check-in"", ""Coffee maker: drip coffee maker"", ""Head and Shoulders conditioner"", ""Fire extinguisher"", ""Free dryer \u2013 In unit"", ""Private backyard \u2013 Fully fenced"", ""Cleaning products"", ""Board games"", ""Indoor fireplace: gas"", ""65 inch HDTV with Amazon Prime Video""]",4.0,3.5,Entire home,Entire home/apt,
2,400,Kolkata,1,Carpet Area,Unfurnished,Bachelors/Family,7000,"BEAUTIFULLY renovated and stylish apartment with CHARACTER in a brownstone building. This spacious unit features high 10 ft ceilings , a 4K Smart TV with Netflix, stocked kitchen & bathroom, high speed internet ready for you to use! Tenant permit street parking available.",,https://a0.muscache.com/pictures/hosting/Hosting-U3RheVN1cHBseUxpc3Rpbmc6NjI4MTYzMzg3MDU3MjMzMzI3/original/9fa7af3f-6158-4b0d-a3b4-217cc0222959.jpeg,"[""Smoke alarm"", ""Kitchen"", ""Dishwasher"", ""Wifi"", ""Hot water"", ""Private entrance"", ""Hair dryer"", ""Body soap"", ""Dryer"", ""TV"", ""Carbon monoxide alarm"", ""Luggage dropoff allowed"", ""Cooking basics"", ""Shampoo"", ""Iron"", ""Room-darkening shades"", ""Wine glasses"", ""Dedicated workspace"", ""Microwave"", ""Coffee maker: Keurig coffee machine"", ""Clothing storage"", ""Heating"", ""Washer"", ""Rice maker"", ""Pets allowed"", ""Long term stays allowed"", ""Oven"", ""Backyard"", ""Patio or balcony"", ""Air conditioning"", ""Essentials"", ""Coffee"", ""Laundromat nearby"", ""Outdoor furniture"", ""First aid kit"", ""Conditioner"", ""Free parking on premises"", ""Dishes and silverware"", ""Hangers"", ""Refrigerator"", ""Self check-in"", ""Freezer"", ""Free street parking"", ""Lockbox"", ""Fire extinguisher"", ""Cleaning products"", ""Stove""]",1.0,1.0,Entire rental unit,Entire home/apt,
1,200,Kolkata,1,Super Area,Furnished,Bachelors/Family,3900,"Located in the heart of Albany's Sheridan-Hollow district. This is a newly renovated two-bedroom apartment. Accessible to public transit, Albany Medical Center, UAlbany, Washington Park, and more. This experience is being offered unfurnished, just a blank canvas for you to decorate and furnish to your liking. Includes central heating & cooling, WiFi, Utilities (Hot water, gas, and electric), coded key-pad entry, washer & dryer hook-up, and upgraded appliances. No furniture or beds included!",,https://a0.muscache.com/pictures/miso/Hosting-628824127129967353/original/28126b69-dfaa-488c-b026-d59e6e4dbf46.jpeg,"[""Smoke alarm"", ""Kitchen"", ""Long term stays allowed"", ""Free street parking"", ""Exterior security cameras on property"", ""Air conditioning"", ""Ethernet connection"", ""Noise decibel monitors on property"", ""Hotpoint oven"", ""Lockbox"", ""Wifi"", ""Hotpoint gas stove"", ""Central heating"", ""Carbon monoxide alarm"", ""Hotpoint refrigerator"", ""Pets allowed"", ""Self check-in""]",2.0,1.0,Private room in rental unit,Private room,
3,840,Kolkata,2,Carpet Area,Unfurnished,Bachelors,14000,"Freshly renovated 1 bedroom apartment, directly across the street from Greyhound station.<br /><br />Fully equipped kichen with all the utensils and instruments you can imagine. <br /><br />Massive living room, with work space, plenty of room to sit and TV.",,https://a0.muscache.com/pictures/ab921284-571d-4501-b31b-bc45fa58e50a.jpg,"[""TRESemm\u00e9 shampoo"", ""Smoke alarm"", ""Kitchen"", ""Indoor fireplace: electric"", ""Kenmore refrigerator"", ""Clothing storage: closet and dresser"", ""Shower gel"", ""Hot water"", ""Wifi \u2013 36 Mbps"", ""Hair dryer"", ""Private entrance"", ""Coffee maker: french press"", ""Carbon monoxide alarm"", ""Bed linens"", ""Pack \u2019n play/Travel crib - available upon request"", ""Bathtub"", ""Cooking basics"", ""Baking sheet"", ""Iron"", ""Room-darkening shades"", ""Hot water kettle"", ""Dedicated workspace"", ""Microwave"", ""Dining table"", ""Heating"", ""Paid street parking off premises"", ""Extra pillows and blankets"", ""Oven"", ""Exterior security cameras on property"", ""Air conditioning"", ""Toaster"", ""Essentials"", ""Coffee"", ""Laundromat nearby"", ""HDTV with Amazon Prime Video, Hulu, Netflix, Roku"", ""First aid kit"", ""Free parking on premises"", ""Dishes and silverware"", ""Hangers"", ""Blender"", ""Self check-in"", ""Babysitter recommendations"", ""Freezer"", ""Free street parking"", ""Fire extinguisher"", ""Cleaning products"", ""TRESemm\u00e9 conditioner"", ""Keypad"", ""Bidet"", ""Stove"", ""Dial body soap"", ""Private backyard""]",1.0,1.0,Entire rental unit,Entire home/apt,
1,300,Kolkata,1,Carpet Area,Unfurnished,Bachelors/Family,6300,This stylish place to stay is perfect for group trips.,,https://a0.muscache.com/pictures/6bf876ae-498d-43a1-a30c-a9ed6b6a465c.jpg,"[""Smoke alarm"", ""Kitchen"", ""Hot water"", ""Dryer"", ""TV"", ""Carbon monoxide alarm"", ""Cooking basics"", ""Iron"", ""Host greets you"", ""Dedicated workspace"", ""Heating"", ""Washer"", ""Long term stays allowed"", ""Exterior security cameras on property"", ""Air conditioning"", ""Essentials"", ""Free parking on premises"", ""Fast wifi \u2013 453 Mbps"", ""Hangers""]",0.0,1.0,Entire rental unit,Entire home/apt,
2,550,Kolkata,2,Carpet Area,Furnished,Bachelors/Family,13000,"Forget your worries in this spacious and serene space. Located close to all major highways, hospitals, shopping and historic downtown Albany.<br />Boast 2 decks and large front porch for relaxation or entertaining. Has large park and large yard space on quiet dead-end street. Family friendly with great neighbors.<br />Close to bus line. Very spacious with all new appliances and all amenities new as well.<br />You will have a great stay in this upgraded beautiful home.",,https://a0.muscache.com/pictures/miso/Hosting-658638185191740358/original/6f66604d-d9ba-4229-b830-c71abeadd3a9.jpeg,"[""Smoke alarm"", ""Kitchen"", ""Dishwasher"", ""Housekeeping - available at extra cost"", ""Private patio or balcony"", ""Portable air conditioning"", ""Frigidaire  refrigerator"", ""Wifi"", ""Frigidaire electric range  oven"", ""Hot water"", ""Private entrance"", ""Hair dryer"", ""Outdoor dining area"", ""Dryer"", ""TV"", ""Carbon monoxide alarm"", ""Bed linens"", ""Luggage dropoff allowed"", ""Cooking basics"", ""Ceiling fan"", ""Iron"", ""Hot water kettle"", ""Wine glasses"", ""Dedicated workspace"", ""Microwave"", ""Dining table"", ""Washer"", ""Smart lock"", ""Extra pillows and blankets"", ""Amana stove"", ""Long term stays allowed"", ""Radiant heating"", ""Exterior security cameras on property"", ""Toaster"", ""Essentials"", ""Laundromat nearby"", ""Outdoor furniture"", ""First aid kit"", ""Free parking on premises"", ""Window AC unit"", ""Dishes and silverware"", ""Crib"", ""Hangers"", ""Blender"", ""Self check-in"", ""Coffee maker: drip coffee maker"", ""Free street parking"", ""Fire extinguisher"", ""Private backyard \u2013 Fully fenced"", ""Cleaning products"", ""Clothing storage: walk-in closet, closet, and dresser"", ""Board games"", ""Mosquito net""]",4.0,1.0,Entire home,Entire home/apt,
1,300,Kolkata,1,Carpet Area,Unfurnished,Bachelors/Family,6800,"Take it easy at this unique and tranquil getaway. Quiet dead-end street. Wonderful and friendly neighbors. House is beautiful inside and out. Has all the amenities that you will need for your stay.. Washer and dryer provided. Lots of off street parking and 1 on the premise parking spot. Close to all major highways, hospitals, shopping centers and attractions. Hardwood flooring throughout the entire house, comfortable and clean beds. Closet space, full kitchen, air conditioning, enclosed porch.",,https://a0.muscache.com/pictures/c283b153-fb0f-4b15-bb80-f18e49caa4f1.jpg,"[""Smoke alarm"", ""Kitchen"", ""Dishwasher"", ""Private patio or balcony"", ""Clothing storage: closet and dresser"", ""Portable air conditioning"", ""Wifi"", ""Frigidaire  refrigerator"", ""Hot water"", ""Private entrance"", ""Hair dryer"", ""Body soap"", ""GE oven"", ""Carbon monoxide alarm"", ""Bed linens"", ""Luggage dropoff allowed"", ""Bathtub"", ""Cooking basics"", ""Ceiling fan"", ""Iron"", ""Baking sheet"", ""Room-darkening shades"", ""Hot water kettle"", ""Free dryer \u2013 In building"", ""Dedicated workspace"", ""Microwave"", ""Wine glasses"", ""Dining table"", ""Exercise equipment"", ""Extra pillows and blankets"", ""Long term stays allowed"", ""Radiant heating"", ""Portable fans"", ""Drying rack for clothing"", ""Exterior security cameras on property"", ""Toaster"", ""Essentials"", ""Coffee"", ""Laundromat nearby"", ""Books and reading material"", ""First aid kit"", ""Barbecue utensils"", ""Free parking on premises"", ""Window AC unit"", ""Dishes and silverware"", ""Hangers"", ""40 inch TV with Amazon Prime Video, Netflix, Roku, Fire TV"", ""Blender"", ""Free washer \u2013 In building"", ""Self check-in"", ""Freezer"", ""Coffee maker: drip coffee maker"", ""Free street parking"", ""GE conditioner"", ""Lockbox"", ""Fire extinguisher"", ""Frigidaire  stove"", ""Cleaning products"", ""Board games""]",4.0,,Entire home,Entire home/apt,
2,800,Kolkata,2,Super Area,Unfurnished,Bachelors/Family,8000,"This historic property is close to everything making it easy to plan your visit. The room is tastefully decorated with a spilt king purple hybrid 4 mattress, sitting area, and well lit desk. There’s a large closet and entertainment center as well. The bathroom is shared with one other room. A second shared bathroom is on the first floor of the home.",,https://a0.muscache.com/pictures/airflow/Hosting-668608096674070882/original/42ad7e37-a092-4e7b-8eec-b3d4d3061036.jpg,"[""Smoke alarm"", ""Kitchen"", ""Dishwasher"", ""Wifi"", ""Hot water"", ""Coffee maker"", ""Hair dryer"", ""Body soap"", ""Fire pit"", ""Outdoor dining area"", ""Carbon monoxide alarm"", ""32 inch HDTV with Amazon Prime Video"", ""Bed linens"", ""Pack \u2019n play/Travel crib - available upon request"", ""Pool table"", ""Shared pool"", ""Cooking basics"", ""Luggage dropoff allowed"", ""Baking sheet"", ""Shampoo"", ""Iron"", ""Outdoor shower"", ""Central air conditioning"", ""Free dryer \u2013 In building"", ""Dedicated workspace"", ""Microwave"", ""Hot water kettle"", ""Wine glasses"", ""Beach essentials"", ""Dining table"", ""Heating"", ""Hammock"", ""Extra pillows and blankets"", ""Long term stays allowed"", ""Oven"", ""BBQ grill"", ""Portable fans"", ""Noise decibel monitors on property"", ""Exterior security cameras on property"", ""Essentials"", ""Lock on bedroom door"", ""Coffee"", ""Shared patio or balcony"", ""Outdoor furniture"", ""Books and reading material"", ""Shared hot tub"", ""Barbecue utensils"", ""Free parking on premises"", ""Dishes and silverware"", ""Crib"", ""Hangers"", ""Refrigerator"", ""Blender"", ""Free washer \u2013 In building"", ""Self check-in"", ""Freezer"", ""Free street parking"", ""Fire extinguisher"", ""Cleaning products"", ""Keypad"", ""Board games"", ""Indoor fireplace: gas"", ""Stove"", ""Shared backyard \u2013 Fully fenced""]",1.0,1.5,Private room in home,Private room,
2,740,Kolkata,1,Carpet Area,Unfurnished,Bachelors,10000,"This tastefully decorated room has more than enough space for you to get cozy by the fire. A queen size bed, couch, sitting chair, and oversize beanbag all welcome you to this very comfortable space. The bathroom is shared with one other guest room. There is a half bath on the first floor shared with the entire house as well as an outdoor shower.",,https://a0.muscache.com/pictures/airflow/Hosting-668608486588067880/original/0d9ff885-8c89-414e-88e8-0a4c55f43684.jpg,"[""Smoke alarm"", ""Kitchen"", ""Dishwasher"", ""Wolf stove"", ""Clothing storage: closet and dresser"", ""Wifi"", ""Shower gel"", ""Hot water"", ""Hair dryer"", ""Body soap"", ""Fire pit"", ""Outdoor dining area"", ""Carbon monoxide alarm"", ""Bed linens"", ""Luggage dropoff allowed"", ""Pool table"", ""Cooking basics"", ""Baking sheet"", ""Shampoo"", ""Iron"", ""Outdoor shower"", ""Room-darkening shades"", ""Central air conditioning"", ""Dedicated workspace"", ""Microwave"", ""Hot water kettle"", ""Wine glasses"", ""Dining table"", ""Hammock"", ""Extra pillows and blankets"", ""Long term stays allowed"", ""Oven"", ""BBQ grill"", ""Radiant heating"", ""Noise decibel monitors on property"", ""Exterior security cameras on property"", ""Toaster"", ""Essentials"", ""Lock on bedroom door"", ""Coffee"", ""Shared patio or balcony"", ""Outdoor furniture"", ""Books and reading material"", ""Pack \u2019n play/Travel crib"", ""Shared hot tub"", ""Barbecue utensils"", ""52 inch HDTV with Amazon Prime Video"", ""Free washer \u2013 In unit"", ""Dishes and silverware"", ""Crib"", ""Hangers"", ""Refrigerator"", ""Blender"", ""Free parking on premises"", ""Self check-in"", ""Freezer"", ""Coffee maker: drip coffee maker"", ""Free street parking"", ""Fire extinguisher"", ""Free dryer \u2013 In unit"", ""Cleaning products"", ""Keypad"", ""Board games"", ""Indoor fireplace: gas"", ""Shared pool - available seasonally"", ""Shared backyard \u2013 Fully fenced"", ""Private living room""]",1.0,1.5,Private room in home,Private room,
2,1300,Kolkata,2,Super Area,Unfurnished,Bachelors/Family,18000,"Welcome to the Plaza Suite, a newly renovated studio condo in an historic Center Square mansion.  Enter through a grand reception hall/art gallery and climb the oak staircase to the sunny and spacious second floor apartment. There's a nice view of State Street and the Empire State Plaza.  Features include: a new fully equipped kitchen, comfy lounge area, dining /work table, renovated vintage bathroom, walk-in closet and new queen bed. Feel free to enjoy a glass of wine in the art gallery.",,https://a0.muscache.com/pictures/hosting/Hosting-689719338468663432/original/c9799993-ec55-4a8c-b837-3e9cac9e09b5.jpeg,"[""Smoke alarm"", ""Kitchen"", ""Wifi"", ""Hot water"", ""Body soap"", ""Coffee maker: french press"", ""TV"", ""City skyline view"", ""Carbon monoxide alarm"", ""Bed linens"", ""Luggage dropoff allowed"", ""Bathtub"", ""Cooking basics"", ""Baking sheet"", ""Shampoo"", ""Iron"", ""Room-darkening shades"", ""Hot water kettle"", ""Free dryer \u2013 In building"", ""Dedicated workspace"", ""Microwave"", ""Wine glasses"", ""Dining table"", ""Extra pillows and blankets"", ""Oven"", ""Portable fans"", ""Toaster"", ""Essentials"", ""Coffee"", ""Central heating"", ""First aid kit"", ""Conditioner"", ""Window AC unit"", ""Dishes and silverware"", ""Hangers"", ""Refrigerator"", ""Self check-in"", ""Free washer \u2013 In building"", ""Freezer"", ""Free street parking"", ""Lockbox"", ""Fire extinguisher"", ""Cleaning products"", ""Clothing storage: walk-in closet"", ""Stove""]",1.0,1.0,Entire condo,Entire home/apt,
2,650,Kolkata,1,Super Area,Semi-Furnished,Bachelors/Family,8000,"Enjoy the private and clean comfort of this centrally-located brownstone.  The building is over 100 years old and has been renovated to reflect a modern style.  We are near everything Albany has to offer.  Washington Park, an 81-acre estate that was designed in the late 1800s, is on the adjacent street.  The New York State Capitol, The MVP Stadium, Albany Medical Center, art museums, and restaurants are a brisk walk away, and it takes about a 5-minute drive to the SUNY Albany campus.",,https://a0.muscache.com/pictures/miso/Hosting-692807914756117019/original/d1328d06-6063-48c5-9df5-dc3884bdabe7.jpeg,"[""Smoke alarm"", ""Kitchen"", ""Dishwasher"", ""Private patio or balcony"", ""Wifi"", ""Free driveway parking on premises \u2013 1 space"", ""55 inch HDTV with Amazon Prime Video, premium cable"", ""Hot water"", ""Private entrance"", ""Hair dryer"", ""Body soap"", ""Carbon monoxide alarm"", ""Bed linens"", ""Cooking basics"", ""Baking sheet"", ""Shampoo"", ""Iron"", ""Hot water kettle"", ""Wine glasses"", ""Dedicated workspace"", ""Microwave"", ""Portable heater"", ""Coffee maker: Keurig coffee machine"", ""Dining table"", ""Stainless steel oven"", ""Smart lock"", ""Extra pillows and blankets"", ""Long term stays allowed"", ""Exterior security cameras on property"", ""Toaster"", ""Essentials"", ""Coffee"", ""Outdoor furniture"", ""Books and reading material"", ""Clothing storage: closet"", ""Central heating"", ""First aid kit"", ""Stainless steel electric stove"", ""Conditioner"", ""Free washer \u2013 In unit"", ""Window AC unit"", ""Dishes and silverware"", ""Hangers"", ""Refrigerator"", ""Blender"", ""Self check-in"", ""Freezer"", ""Fire extinguisher"", ""Free dryer \u2013 In unit"", ""Cleaning products"", ""Board games""]",1.0,1.0,Entire rental unit,Entire home/apt,
2,490,Kolkata,1,Super Area,Semi-Furnished,Bachelors/Family,8000,"Fully furnished historic 2BR/2BA residence in Albany’s Capitol District, ideal for 30-day+ professional stays. Located steps from the Governor’s Mansion and a short walk to the Capitol, MVP Arena, and downtown offices.<br /><br />1,400 sq ft  with high ceilings, restored woodwork, two ensuite bedrooms, full kitchen, workspace, and fast Wi-Fi. access to a deck and  garden with gazebo.<br /><br />Designed for professionals seeking a quiet, well-located furnished residence.<br /><br />Utilities included. Quiet building.",,https://a0.muscache.com/pictures/hosting/Hosting-699073700185633508/original/0ee47955-fcc1-4cfb-b671-33f0e81abf9a.jpeg,"[""Smoke alarm"", ""Kitchen"", ""Indoor fireplace: electric"", ""Dishwasher"", ""Private patio or balcony"", ""Hot water"", ""Coffee maker"", ""Private entrance"", ""Hair dryer"", ""Body soap"", ""Outdoor dining area"", ""Paid parking off premises"", ""Carbon monoxide alarm"", ""Bed linens"", ""Luggage dropoff allowed"", ""Park view"", ""Bathtub"", ""Children\u2019s dinnerware"", ""Cooking basics"", ""Shampoo"", ""Iron"", ""Room-darkening shades"", ""Hot water kettle"", ""Wine glasses"", ""Dedicated workspace"", ""Microwave"", ""Baking sheet"", ""Clothing storage"", ""Dining table"", ""Extra pillows and blankets"", ""Pets allowed"", ""Long term stays allowed"", ""Oven"", ""AC - split type ductless system"", ""Radiant heating"", ""Fast wifi \u2013 188 Mbps"", ""Exterior security cameras on property"", ""Toaster"", ""Essentials"", ""Coffee"", ""50 inch HDTV with Amazon Prime Video, Hulu, Disney+, Netflix, Roku, Chromecast, Apple TV, HBO Max"", ""Outdoor furniture"", ""Books and reading material"", ""Stainless steel electric stove"", ""First aid kit"", ""Conditioner"", ""Free washer \u2013 In unit"", ""Courtyard view"", ""Children\u2019s books and toys"", ""Dishes and silverware"", ""Hangers"", ""Refrigerator"", ""Free parking on premises"", ""Self check-in"", ""Freezer"", ""Free street parking"", ""Lockbox"", ""Fire extinguisher"", ""Free dryer \u2013 In unit"", ""Cleaning products"", ""High chair""]",2.0,2.0,Entire condo,Entire home/apt,
1,250,Kolkata,1,Super Area,Furnished,Bachelors/Family,4700,"Experience the capital city of New York up close and personal when you stay at this 3-bedroom, 1-bathroom vacation rental located just 3 miles away from downtown Albany! Boasting a bright and cozy interior, a well-equipped kitchen, and an unbeatable location, this quaint home is the perfect place to kick off your upcoming adventure to the Empire State. Spend your days exploring the surrounding parks and iconic historic attractions before heading back to this retreat for a relaxing night in.",,https://a0.muscache.com/pictures/miso/Hosting-703551649845095095/original/2043c7a0-d76c-40c8-af57-5bbdb7063f88.jpeg,"[""Smoke alarm"", ""Kitchen"", ""Dishwasher"", ""Private patio or balcony"", ""Clothing storage: closet and dresser"", ""Wifi"", ""Hot water"", ""Coffee maker"", ""Private entrance"", ""Hair dryer"", ""Body soap"", ""Indoor fireplace"", ""TV"", ""Carbon monoxide alarm"", ""Bed linens"", ""Bathtub"", ""Cooking basics"", ""Ceiling fan"", ""Shampoo"", ""Iron"", ""Room-darkening shades"", ""Dedicated workspace"", ""Microwave"", ""Dining table"", ""Stainless steel oven"", ""Smart lock"", ""Long term stays allowed"", ""Air conditioning"", ""Toaster"", ""Essentials"", ""Coffee"", ""Central heating"", ""First aid kit"", ""Conditioner"", ""Free parking on premises"", ""Dishes and silverware"", ""Crib"", ""Hangers"", ""Refrigerator"", ""Self check-in"", ""Freezer"", ""Fire extinguisher"", ""Cleaning products"", ""Bidet""]",3.0,1.0,Entire guest suite,Entire home/apt,
1,250,Kolkata,1,Super Area,Furnished,Bachelors/Family,4700,"Enjoy your stay in this cozy, stylish 1 bedroom, 1 bath, 2nd floor unit which is centrally-located close to local universities, restaurants, parks, Albany International Airport and downtown.",,https://a0.muscache.com/pictures/0f380e8d-d04b-4f1f-bbec-a7a7b1a92468.jpg,"[""Smoke alarm"", ""Kitchen"", ""Ethernet connection"", ""Clothing storage: closet and dresser"", ""Gas stove"", ""Hot water"", ""Hair dryer"", ""Carbon monoxide alarm"", ""Bed linens"", ""Luggage dropoff allowed"", ""Unique stainless steel oven"", ""Cooking basics"", ""Ceiling fan"", ""Iron"", ""Baking sheet"", ""Room-darkening shades"", ""Wine glasses"", ""Free dryer \u2013 In building"", ""Microwave"", ""Coffee maker: Keurig coffee machine"", ""Dining table"", ""Smart lock"", ""Extra pillows and blankets"", ""Radiant heating"", ""Portable fans"", ""Exterior security cameras on property"", ""Toaster"", ""Essentials"", ""Coffee"", ""First aid kit"", ""TV with Roku"", ""Fast wifi \u2013 327 Mbps"", ""Window AC unit"", ""Dishes and silverware"", ""Hangers"", ""Refrigerator"", ""Self check-in"", ""Free washer \u2013 In building"", ""Freezer"", ""Free street parking"", ""Fire extinguisher"", ""Cleaning products""]",1.0,1.0,Entire rental unit,Entire home/apt,
1,450,Kolkata,1,Super Area,Unfurnished,Bachelors/Family,4500,"Newly renovated one bedroom, loft style apartment. Centrally located in the Mansion neighborhood in albany. Huge spacious open layout with walk in closet. Big screen tvs, with super fast internet (400 mps). On-site laundry, with locked off street parking. Spectacular views of downtown Albany. Walking distance to empire state plaza, the egg, times union, and excellent bars, restaurants, and delis. Great value for anyone staying in albany long or short term.",,https://a0.muscache.com/pictures/094b32c2-2966-4b18-bdb8-af329393b8cc.jpg,"[""Smoke alarm"", ""Kitchen"", ""Dishwasher"", ""EV charger - level 1"", ""Hot water"", ""TV"", ""Carbon monoxide alarm"", ""Bed linens"", ""Heating - split type ductless system"", ""Cooking basics"", ""Fast wifi \u2013 433 Mbps"", ""Iron"", ""Wine glasses"", ""Host greets you"", ""Free dryer \u2013 In building"", ""Dedicated workspace"", ""Microwave"", ""Coffee maker: Keurig coffee machine"", ""Washer"", ""Long term stays allowed"", ""Free driveway parking on premises \u2013 2 spaces"", ""Exterior security cameras on property"", ""Air conditioning"", ""Toaster"", ""Essentials"", ""Coffee"", ""Shared patio or balcony"", ""Dishes and silverware"", ""Hangers"", ""Refrigerator"", ""Freezer"", ""Cleaning products"", ""GE gas stove""]",1.0,1.0,Entire rental unit,Entire home/apt,
1,300,Kolkata,1,Carpet Area,Semi-Furnished,Bachelors/Family,6000,"Forget your worries in this spacious and serene space. Open floor plan with updated kitchen & bath. Great space to call home for a night or several months. Walking distance to several great restaurants in area. Close to universities, hospital and major malls. Off street parking is located directly behind building.",,https://a0.muscache.com/pictures/hosting/Hosting-717373135846408345/original/152b13ce-5dc9-4615-b115-fd31c75bbf39.jpeg,"[""Smoke alarm"", ""Kitchen"", ""Dishwasher"", ""Wifi"", ""Shower gel"", ""Hot water"", ""Private entrance"", ""Hair dryer"", ""Body soap"", ""TV"", ""Carbon monoxide alarm"", ""Bed linens"", ""Bathtub"", ""Cooking basics"", ""Ceiling fan"", ""Shampoo"", ""Iron"", ""Hot water kettle"", ""Wine glasses"", ""Baking sheet"", ""Dedicated workspace"", ""Microwave"", ""Coffee maker: Keurig coffee machine"", ""Clothing storage"", ""Heating"", ""Smart lock"", ""Extra pillows and blankets"", ""Pets allowed"", ""Long term stays allowed"", ""Oven"", ""Portable fans"", ""Backyard"", ""Air conditioning"", ""Toaster"", ""Essentials"", ""Coffee"", ""Laundromat nearby"", ""Books and reading material"", ""First aid kit"", ""Free residential garage on premises"", ""Conditioner"", ""Children\u2019s books and toys"", ""Dishes and silverware"", ""Hangers"", ""Refrigerator"", ""Blender"", ""Self check-in"", ""Fire extinguisher"", ""Cleaning products"", ""Stove""]",2.0,1.0,Entire rental unit,Entire home/apt,
2,750,Kolkata,2,Super Area,Unfurnished,Bachelors/Family,16000,"Newly renovated and spacious.  This sprawling 1 bedroom comes with triple exposures, in unit W/D,  prewar details and a backyard.  As you walk in, you are greeted with a decorative fireplace, built in shelves and a large living room.  Further back into the apartment, is the large bathroom, newly renovated kitchen and a queen sized bedroom, with a large closet.  <br />Located in Center Square, this unit is within a short walk to many bars, restaurants, and parks.  Several Hospitals are with in 5 miles",,https://a0.muscache.com/pictures/miso/Hosting-733964865705013296/original/c42b6721-267d-4a79-917a-430ea9747a18.jpeg,"[""Smoke alarm"", ""Kitchen"", ""Air conditioning"", ""Fire extinguisher"", ""Garden view"", ""Wifi"", ""Carbon monoxide alarm"", ""Paid parking on premises"", ""Indoor fireplace"", ""TV"", ""Washer""]",1.0,1.0,Entire rental unit,Entire home/apt,
1,250,Kolkata,1,Super Area,Furnished,Bachelors/Family,4700,"BOOK this 1st floor apt in a renovated historic 200 year-old building in a quiet neighborhood of Albany's Pastures. Great location near Albany Medical Center, Times Union Center, Empire State Plaza, Library, Lark Street, State Offices, courts; easy access to local & regional bus routes and highways (I-787, I-90 & I-87). Great for traveling nurses!<br /><br />1 Queen sized bed, and 1 Queen sized air mattress.<br /><br />Save & BOOK this unit today!<br />Message me anytime. Hope to welcome you soon!<br /><br />-Earl",,https://a0.muscache.com/pictures/hosting/Hosting-U3RheVN1cHBseUxpc3Rpbmc6NzM1ODc5NjIzNzQzOTIxMjY2/original/730e3eed-ee23-4813-8c48-ca47ba6ae407.jpeg,"[""Smoke alarm"", ""Kitchen"", ""Clothing storage: closet and dresser"", ""Wifi"", ""Shower gel"", ""Hot water"", ""Hair dryer"", ""Body soap"", ""Coffee maker: french press"", ""Carbon monoxide alarm"", ""Bed linens"", ""Luggage dropoff allowed"", ""Bathtub"", ""Cooking basics"", ""Shampoo"", ""Iron"", ""Room-darkening shades"", ""Hot water kettle"", ""Dedicated workspace"", ""Microwave"", ""Dining table"", ""Smart lock"", ""Paid street parking off premises"", ""Extra pillows and blankets"", ""Pets allowed"", ""Long term stays allowed"", ""Electric stove"", ""Oven"", ""Radiant heating"", ""Noise decibel monitors on property"", ""Exterior security cameras on property"", ""Toaster"", ""Essentials"", ""Coffee"", ""Laundromat nearby"", ""55 inch HDTV with Amazon Prime Video, Chromecast, Disney+, Fire TV, Hulu, Netflix"", ""First aid kit"", ""Conditioner"", ""Window AC unit"", ""Dishes and silverware"", ""Hangers"", ""Refrigerator"", ""Self check-in"", ""Freezer"", ""Free street parking"", ""Fire extinguisher"", ""Cleaning products"", ""Bidet"", ""Shared backyard \u2013 Fully fenced""]",1.0,1.0,Entire rental unit,Entire home/apt,
2,751,Kolkata,1,Carpet Area,Unfurnished,Bachelors,14000,"A large suite located in a huge Victorian that’s very quiet. Suites have separate locks and are very private. The house maintains a very professional environment. Walking distance to hospitals, law schools and restaurants.",,https://a0.muscache.com/pictures/miso/Hosting-739722503092755616/original/7b2ee054-0e5b-422c-8475-803bd3c9876d.jpeg,"[""Smoke alarm"", ""Kitchen"", ""Wifi"", ""Hot water"", ""Hair dryer"", ""Outdoor dining area"", ""Dryer"", ""Mini fridge"", ""TV"", ""Carbon monoxide alarm"", ""Bed linens"", ""Luggage dropoff allowed"", ""Cooking basics"", ""Shampoo"", ""Iron"", ""Wine glasses"", ""Dedicated workspace"", ""Microwave"", ""Dining table"", ""Stainless steel oven"", ""Washer"", ""Extra pillows and blankets"", ""Long term stays allowed"", ""Electric stove"", ""Radiant heating"", ""Portable fans"", ""Essentials"", ""Lock on bedroom door"", ""Laundromat nearby"", ""Shared patio or balcony"", ""Outdoor furniture"", ""Books and reading material"", ""Clothing storage: closet"", ""First aid kit"", ""Conditioner"", ""Free parking on premises"", ""Window AC unit"", ""Dishes and silverware"", ""Hangers"", ""Refrigerator"", ""Self check-in"", ""Freezer"", ""Free street parking"", ""Coffee maker: drip coffee maker, Keurig coffee machine"", ""Paid parking on premises"", ""Cleaning products"", ""Keypad"", ""Outlet covers"", ""Private backyard""]",1.0,1.0,Private room in home,Private room,
2,900,Kolkata,1,Carpet Area,Semi-Furnished,Bachelors,9000,"Step into the comfort of this beautiful light-filled, cozy 1 bedroom apartment minutes from hospitals, parks, and great restaurants. Very walkable location next to Albany medical center.<br /><br />~fast wi-fi<br />~fully equipped kitchen<br />~55” smart tv<br />~free off street parking<br />~ contactless self check-in",,https://a0.muscache.com/pictures/hosting/Hosting-743600140734706394/original/cf6ed79b-e1d6-40ef-b678-05dc6d8cb9f4.jpeg,"[""Smoke alarm"", ""Kitchen"", ""Clothing storage: closet and dresser"", ""Wifi"", ""Hot water"", ""Private entrance"", ""Hair dryer"", ""Body soap"", ""Carbon monoxide alarm"", ""Bed linens"", ""Bathtub"", ""55 inch HDTV with HBO Max, Netflix, Hulu, Fire TV, Amazon Prime Video, Disney+, Apple TV, Roku"", ""Ceiling fan"", ""Shampoo"", ""Iron"", ""Room-darkening shades"", ""Cooking basics"", ""Dedicated workspace"", ""Microwave"", ""Coffee maker: Keurig coffee machine"", ""Dining table"", ""Heating"", ""Smart lock"", ""Extra pillows and blankets"", ""Long term stays allowed"", ""Oven"", ""Exterior security cameras on property"", ""Toaster"", ""Essentials"", ""Coffee"", ""Conditioner"", ""Free washer \u2013 In unit"", ""Window AC unit"", ""Dishes and silverware"", ""Free parking on premises"", ""Hangers"", ""Refrigerator"", ""Self check-in"", ""Freezer"", ""Fire extinguisher"", ""Free dryer \u2013 In unit"", ""Stove""]",1.0,1.0,Entire rental unit,Entire home/apt,
2,400,Kolkata,1,Carpet Area,Semi-Furnished,Bachelors/Family,5000,"Our recently remodeled one-bedroom apartment boasts a park view, easy parking and is close to downtown Albany. We have an easy walk to groceries, Government Buildings, Albany Law School, College of Pharmacy, VA and Albany Medical Center Hospitals, and Lark Street restaurants and nightlife. The living area features a queen size futon and views of the sunset most evenings, and the bedroom features a luxurious queen-sized memory foam bed and access to our quiet garden where the sun rises.",,https://a0.muscache.com/pictures/34987877-835a-46b8-b254-6eb96856cfbf.jpg,"[""Smoke alarm"", ""Kitchen"", ""Gas stove"", ""Wifi"", ""Hot water"", ""Private entrance"", ""Hair dryer"", ""Body soap"", ""Carbon monoxide alarm"", ""Bed linens"", ""Luggage dropoff allowed"", ""Park view"", ""Bathtub"", ""Cooking basics"", ""Shampoo"", ""Iron"", ""Hot water kettle"", ""Wine glasses"", ""Dedicated workspace"", ""Microwave"", ""Coffee maker: Keurig coffee machine"", ""Clothing storage"", ""Dining table"", ""Heating"", ""32 inch HDTV with Amazon Prime Video, Netflix, DVD player"", ""Extra pillows and blankets"", ""Long term stays allowed"", ""Oven"", ""Drying rack for clothing"", ""Toaster"", ""Essentials"", ""Coffee"", ""Laundromat nearby"", ""Books and reading material"", ""First aid kit"", ""Conditioner"", ""Free parking on premises"", ""Window AC unit"", ""Dishes and silverware"", ""Hangers"", ""Refrigerator"", ""Self check-in"", ""Freezer"", ""Free street parking"", ""Lockbox"", ""Fire extinguisher"", ""Private backyard \u2013 Fully fenced"", ""Cleaning products""]",1.0,1.0,Entire rental unit,Entire home/apt,
2,1000,Kolkata,2,Carpet Area,Semi-Furnished,Bachelors/Family,17500,You'll Love this Newly renovated Modern Charming Place to stay. Enjoy the spacious back yard for fresh air or relax inside enjoying the detailed wood accent Throughout the unit with a touch or Brick Detailing. <br /><br />Short Drive or 10-15minute walk to local attractions and theatre. Less than a minute walk to convenience stores. 15 Minute drive to Albany international Airport/Amtrak and Greyhound station.<br /><br />Early Check-In may be possible after 2pm<br /><br />$250 indoor smoking violation fee<br />$250 animal cleaning,,https://a0.muscache.com/pictures/miso/Hosting-751421033442627559/original/93f7084a-8d26-4113-ad9b-b6af8ffefc5e.jpeg,"[""Smoke alarm"", ""Kitchen"", ""Dishwasher"", ""Gas stove"", ""Wifi"", ""Hot water"", ""Private entrance"", ""Hair dryer"", ""Carbon monoxide alarm"", ""Bed linens"", ""55 inch HDTV"", ""Cooking basics"", ""Ceiling fan"", ""Iron"", ""Room-darkening shades"", ""Hot water kettle"", ""Microwave"", ""Dining table"", ""Stainless steel oven"", ""Extra pillows and blankets"", ""Long term stays allowed"", ""Noise decibel monitors on property"", ""Exterior security cameras on property"", ""Toaster"", ""Essentials"", ""Books and reading material"", ""Clothing storage: closet"", ""Central heating"", ""Dishes and silverware"", ""Hangers"", ""Refrigerator"", ""Self check-in"", ""Freezer"", ""Free street parking"", ""Fire extinguisher"", ""Cleaning products"", ""Keypad"", ""Shared backyard \u2013 Fully fenced""]",2.0,1.0,Entire rental unit,Entire home/apt,
2,1000,Kolkata,1,Carpet Area,Unfurnished,Bachelors/Family,8500,"Lovely private room for traveling nurses and professionals.<br />This is a private room with shared bathroom and full kitchen, you are more than welcome to use any kitchen appliances.<br />I'm a software engineer works from home and wanting to rent my 2 extra rooms to our lovely guests. This is a very friendly house and you will definitely enjoy your time while staying with us. Can't wait to meet ya!",,https://a0.muscache.com/pictures/a015e460-a26f-4a10-ac0a-f037bb4211b4.jpg,"[""Smoke alarm"", ""Kitchen"", ""Trash compactor"", ""Wifi"", ""Hot water"", ""Hair dryer"", ""Dryer"", ""Carbon monoxide alarm"", ""Bed linens"", ""Luggage dropoff allowed"", ""Bathtub"", ""Cooking basics"", ""Baking sheet"", ""Shampoo"", ""Iron"", ""Room-darkening shades"", ""Hot water kettle"", ""Host greets you"", ""Dedicated workspace"", ""Microwave"", ""Clothing storage"", ""Heating"", ""Washer"", ""Extra pillows and blankets"", ""Long term stays allowed"", ""Oven"", ""Patio or balcony"", ""Air conditioning"", ""Toaster"", ""Essentials"", ""Lock on bedroom door"", ""Laundromat nearby"", ""Single level home"", ""Books and reading material"", ""Barbecue utensils"", ""Dishes and silverware"", ""Hangers"", ""Refrigerator"", ""Blender"", ""Freezer"", ""Coffee maker: drip coffee maker"", ""Free street parking"", ""Cleaning products"", ""Bidet"", ""Stove""]",1.0,1.0,Private room in rental unit,Private room,
3,1500,Kolkata,2,Carpet Area,Semi-Furnished,Family,15000,"Spacious, stylish studio near Albany Medical Center, ideal for traveling nurses and all guests seeking comfort and convenience.",,https://a0.muscache.com/pictures/miso/Hosting-757342235277207834/original/bde30c04-b5e1-4901-b654-e36cd051d3e0.jpeg,"[""Smoke alarm"", ""Kitchen"", ""Wifi"", ""Shower gel"", ""Hot water"", ""Coffee maker"", ""Hair dryer"", ""Body soap"", ""TV"", ""Carbon monoxide alarm"", ""Bed linens"", ""Bathtub"", ""Cooking basics"", ""Ceiling fan"", ""Shampoo"", ""Baking sheet"", ""Room-darkening shades"", ""Hot water kettle"", ""Wine glasses"", ""Dedicated workspace"", ""Clothing storage"", ""Dining table"", ""Heating"", ""Extra pillows and blankets"", ""Long term stays allowed"", ""Oven"", ""Essentials"", ""Coffee"", ""Laundromat nearby"", ""Books and reading material"", ""First aid kit"", ""Conditioner"", ""Dishes and silverware"", ""Hangers"", ""Refrigerator"", ""Self check-in"", ""Freezer"", ""Free street parking"", ""Lockbox"", ""Fire extinguisher"", ""Cleaning products"", ""Stove""]",1.0,1.0,Entire rental unit,Entire home/apt,
2,750,Kolkata,2,Carpet Area,Unfurnished,Bachelors/Family,12500,Keep it simple at this peaceful and centrally-located place. Sunny boho vibe top floor unit offering all you need for a quick or extended stay.,,https://a0.muscache.com/pictures/prohost-api/Hosting-757978037279611051/original/d7556179-d638-4a1f-8660-4910e1936fbe.jpeg,"[""Smoke alarm"", ""Kitchen"", ""Wifi"", ""Hot water"", ""Hair dryer"", ""Body soap"", ""TV"", ""Carbon monoxide alarm"", ""Bed linens"", ""Luggage dropoff allowed"", ""Bathtub"", ""Cooking basics"", ""Baking sheet"", ""Shampoo"", ""Iron"", ""Wine glasses"", ""Dedicated workspace"", ""Microwave"", ""Coffee maker: Keurig coffee machine"", ""Dining table"", ""Heating"", ""Smart lock"", ""Long term stays allowed"", ""Oven"", ""Essentials"", ""Coffee"", ""Clothing storage: closet"", ""Free residential garage on premises"", ""Conditioner"", ""Window AC unit"", ""Dishes and silverware"", ""Hangers"", ""Refrigerator"", ""Self check-in"", ""Cleaning products"", ""Board games"", ""Cleaning available during stay"", ""Stove""]",2.0,1.0,Entire rental unit,Entire home/apt,
1,1200,Kolkata,1,Super Area,Semi-Furnished,Bachelors/Family,13000,"Beautiful apartment in the heart of Albany, with private Parking, across from Washington Park, minutes walk from Albany Med and minutes from downtown Albany. Surrounded by great restaurants and attractions that the city has to offer.",,https://a0.muscache.com/pictures/miso/Hosting-761141715827746314/original/9599fa5b-0f63-44b2-8f0f-09745429c7ac.jpeg,"[""Smoke alarm"", ""Kitchen"", ""Cooking basics"", ""Iron"", ""Air conditioning"", ""Wifi"", ""Dedicated workspace"", ""Carbon monoxide alarm"", ""Keypad"", ""Hair dryer"", ""Heating"", ""First aid kit"", ""TV"", ""Free parking on premises"", ""Washer"", ""Self check-in""]",1.0,1.0,Entire rental unit,Entire home/apt,
2,700,Kolkata,1,Super Area,Unfurnished,Bachelors/Family,8000,"Room available near major hospitals and universities/colleges in Albany, NY. <br /><br />Close to restaurants, grocery stores, bus lines and coffee shops. <br /><br />We are friendly to travelers of all kinds, folks around for a short-period and welcome all persons.<br /><br />*Please be advised: This is a 3 bedroom house and the homeowner lives in the house. All rooms are private; all common rooms shared. You will have access to all amenities in home. <br /><br />We do have pets in the home, please advise of allergies.",,https://a0.muscache.com/pictures/hosting/Hosting-764508866835218670/original/27956eb2-38f6-477a-b083-48da81db2979.jpeg,"[""IHome  Bluetooth sound system"", ""Smoke alarm"", ""Kitchen"", ""Dishwasher"", ""Clothing storage: closet and dresser"", ""Wifi"", ""Hot water"", ""Hair dryer"", ""HDTV with Netflix, Hulu, Roku"", ""Fire pit"", ""Outdoor dining area"", ""Carbon monoxide alarm"", ""Bed linens"", ""Housekeeping available 24 hours, every day"", ""Luggage dropoff allowed"", ""Coffee maker: drip coffee maker, french press, pour-over coffee"", ""Bathtub"", ""Cooking basics"", ""Ceiling fan"", ""Iron"", ""Baking sheet"", ""Outdoor shower"", ""Room-darkening shades"", ""Free dryer \u2013 In building"", ""Dedicated workspace"", ""Microwave"", ""Hot water kettle"", ""Host greets you"", ""Dining table"", ""Hammock"", ""Extra pillows and blankets"", ""Rice maker"", ""Long term stays allowed"", ""Radiant heating"", ""Portable fans"", ""Drying rack for clothing"", ""Noise decibel monitors on property"", ""Exterior security cameras on property"", ""Toaster"", ""Coffee"", ""Lock on bedroom door"", ""Laundromat nearby"", ""Shared patio or balcony"", ""Single oven"", ""Outdoor furniture"", ""Books and reading material"", ""First aid kit"", ""Barbecue utensils"", ""Window AC unit"", ""Dishes and silverware"", ""Hangers"", ""Refrigerator"", ""Blender"", ""Free washer \u2013 In building"", ""Freezer"", ""Free street parking"", ""Fire extinguisher"", ""Cleaning products"", ""Board games"", ""Indoor fireplace: gas"", ""Stove"", ""Shared backyard \u2013 Fully fenced"", ""Shared BBQ grill: charcoal""]",1.0,1.0,Private room in home,Private room,
2,700,Kolkata,1,Carpet Area,Furnished,Bachelors/Family,8000,"Spacious, comfortable unit less than 10 minutes from downtown Albany, 5 minutes from AlbanyMed, and walking distance to St. Peter's Hospital, Maria College, Buckingham Lake, CVS, and restaurants. Features a dining area with air fryer and microwave (no stove), an office, and basic workout equipment. Ideal for short getaways or extended stays, perfect for traveling nurses, doctors, remote workers, and anyone seeking a peaceful neighborhood.",,https://a0.muscache.com/pictures/miso/Hosting-774701102203414342/original/b0dd10ff-7dd8-4d56-b2e8-bcc87685c8f6.jpeg,"[""Smoke alarm"", ""Wifi"", ""Hot water"", ""Coffee maker"", ""Private entrance"", ""Hair dryer"", ""Body soap"", ""Fire pit"", ""Mini fridge"", ""TV"", ""Carbon monoxide alarm"", ""Shampoo"", ""Iron"", ""Hot water kettle"", ""Wine glasses"", ""Dedicated workspace"", ""Microwave"", ""Dining table"", ""Exercise equipment"", ""Long term stays allowed"", ""Exterior security cameras on property"", ""Essentials"", ""Coffee"", ""Central heating"", ""Free parking on premises"", ""Window AC unit"", ""Dishes and silverware"", ""Hangers"", ""Refrigerator"", ""Self check-in"", ""Freezer"", ""Free street parking"", ""Lockbox"", ""Fire extinguisher"", ""Private backyard \u2013 Fully fenced"", ""Cleaning products"", ""Clothing storage: walk-in closet, closet, and dresser""]",1.0,1.0,Entire rental unit,Entire home/apt,
2,1000,Kolkata,1,Super Area,Semi-Furnished,Bachelors/Family,8000,"Please note this is a NO FRILLS stay.  I don't offer amenities outside of fresh towels.  I don't provide soap for allergy purposes.   I keep expenses low so I can keep low cost for stay.<br /><br />Enjoy key pad private bedroom and your own full bath in my home. <br /><br />My dog is not socialized so he stay in my closed door office when I have guests.<br /><br />You can park your car in my driveway.<br /><br />Minutes to St. Peter's,  Albany Med,  SUNY Albany, NanoTech, stores and restaurants.",,https://a0.muscache.com/pictures/miso/Hosting-784781397995494758/original/2c65559b-9489-4bd9-9588-ed45ae108962.jpeg,"[""Smoke alarm"", ""Air conditioning"", ""Wifi"", ""Dedicated workspace"", ""Bed linens"", ""Hot water"", ""Free driveway parking on premises \u2013 1 space"", ""Clothing storage: closet"", ""Hair dryer"", ""Heating"", ""TV"", ""Extra pillows and blankets"", ""Hangers""]",1.0,2.0,Private room in home,Private room,
2,1200,Kolkata,2,Super Area,Unfurnished,Bachelors/Family,7000,"Welcome to your cozy and stylish studio retreat! This beautifully decorated space offers everything you need for a comfortable stay. With thoughtful touches and modern decor, it's the perfect spot to relax and unwind after a day of exploring the city. Book now and experience the charm of this inviting Junior 1 bedroom for yourself!",,https://a0.muscache.com/pictures/miso/Hosting-786181179052991690/original/95e327eb-69c2-4242-a87e-9eb77f264bc1.jpeg,"[""Smoke alarm"", ""Kitchen"", ""Wifi"", ""Shower gel"", ""Hot water"", ""Hair dryer"", ""Body soap"", ""TV"", ""Carbon monoxide alarm"", ""Bed linens"", ""Cooking basics"", ""Baking sheet"", ""Dedicated workspace"", ""Heating"", ""Oven"", ""Air conditioning"", ""First aid kit"", ""Conditioner"", ""Free parking on premises"", ""Dishes and silverware"", ""Self check-in"", ""Refrigerator"", ""Freezer"", ""Free street parking"", ""Lockbox"", ""Fire extinguisher"", ""Paid parking on premises"", ""Cleaning products""]",1.0,1.0,Entire rental unit,Entire home/apt,
2,550,Kolkata,1,Super Area,Furnished,Bachelors/Family,2200,"Thoughtfully updated with modern amenities and chic designer furnishings this 1 bedroom 1 bathroom apartment will make you look forward to coming home.  This elegant unit is a set in a historic building on one of the most beautiful streets in Albany’s fabulous Center Square neighborhood. Footsteps away from great restaurants, cafes, and upscale nightlife.  This location is convenient to all thing’s capital region and less than a mile from Albany Med and St. Peter’s hospital!",,https://a0.muscache.com/pictures/miso/Hosting-786228331433922432/original/1a475e4d-423e-4168-baf5-13054ff23256.jpeg,"[""Smoke alarm"", ""Kitchen"", ""Wifi"", ""Shower gel"", ""Hot water"", ""Coffee maker"", ""Hair dryer"", ""Body soap"", ""TV"", ""Carbon monoxide alarm"", ""Bed linens"", ""Bathtub"", ""Cooking basics"", ""Baking sheet"", ""Shampoo"", ""Hot water kettle"", ""Dedicated workspace"", ""Dining table"", ""Long term stays allowed"", ""Oven"", ""Radiant heating"", ""Air conditioning"", ""Essentials"", ""Coffee"", ""First aid kit"", ""Conditioner"", ""Free parking on premises"", ""Dishes and silverware"", ""Self check-in"", ""Refrigerator"", ""Freezer"", ""Lockbox"", ""Fire extinguisher"", ""Paid parking on premises"", ""Cleaning products""]",1.0,1.0,Entire rental unit,Entire home/apt,
2,800,Kolkata,1,Carpet Area,Unfurnished,Bachelors,8000,"Guests will enjoy this fully renovated smart home one bed/bath ground level appt with elegant touches. The living space features a sleeper sofa, rotating 65 inch smart LED TV and window AC unit. This space is also open to a 4 seat Dining table, movable 3 seat bench and an updated kitchen. Kitchen is fully equipped with the cooking necessities.<br /><br />The bedroom includes a 55 inch smart LED TV and desktop workspace and window AC unit. Stackable washer/dryer appliances are available as well.",,https://a0.muscache.com/pictures/miso/Hosting-786316043239579100/original/e5c19a22-b9c3-4568-82c2-2c641c8972af.jpeg,"[""Smoke alarm"", ""Kitchen"", ""Pack \u2019n play/Travel crib - always at the listing"", ""Whirlpool gas stove"", ""Shower gel"", ""Hot water"", ""Private entrance"", ""Hair dryer"", ""Body soap"", ""Carbon monoxide alarm"", ""Bed linens"", ""Bathtub"", ""Cooking basics"", ""Baking sheet"", ""Shampoo"", ""Iron"", ""Room-darkening shades"", ""Wine glasses"", ""Dedicated workspace"", ""Microwave"", ""Coffee maker: Keurig coffee machine"", ""Dining table"", ""LG refrigerator"", ""Smart lock"", ""Extra pillows and blankets"", ""Long term stays allowed"", ""Oven"", ""Portable fans"", ""Drying rack for clothing"", ""Noise decibel monitors on property"", ""Exterior security cameras on property"", ""Toaster"", ""Essentials"", ""Coffee"", ""Single level home"", ""Central heating"", ""Clothing storage: wardrobe and dresser"", ""First aid kit"", ""Fast wifi \u2013 458 Mbps"", ""Conditioner"", ""Free washer \u2013 In unit"", ""Window AC unit"", ""Dishes and silverware"", ""Free parking on premises"", ""Hangers"", ""Self check-in"", ""Freezer"", ""Free street parking"", ""Fire extinguisher"", ""Free dryer \u2013 In unit"", ""Cleaning products"", ""65 inch HDTV with Netflix, HBO Max, Amazon Prime Video"", ""Board games""]",1.0,1.0,Entire rental unit,Entire home/apt,
2,280,Kolkata,1,Super Area,Unfurnished,Bachelors,5500,Settle into Albany at the Allen House. This newly renovated apartment will be perfect for your time in the capital of NY. The house is in an unbeatable location with restaurants and stores just around the corner; a few of our favorites are Juniors & Madison Cafe. Many shops and stores are within walking distance. Free street parking only. Book today to ensure your dates!<br /><br />10 minute drive to the heart of downtown<br />16 minute drive to Albany International Airport,,https://a0.muscache.com/pictures/miso/Hosting-787023821243442039/original/8c956daa-7b34-426a-bd33-2ea84a8b432b.jpeg,"[""Smoke alarm"", ""Kitchen"", ""Indoor fireplace: electric"", ""Dishwasher"", ""Private patio or balcony"", ""Wifi"", ""Shower gel"", ""Hot water"", ""Private entrance"", ""Hair dryer"", ""Body soap"", ""Shared backyard \u2013 Not fully fenced"", ""Carbon monoxide alarm"", ""Bed linens"", ""Bathtub"", ""Cooking basics"", ""Ceiling fan"", ""Shampoo"", ""Iron"", ""Hot water kettle"", ""Wine glasses"", ""Baking sheet"", ""Dedicated workspace"", ""Microwave"", ""Dining table"", ""Heating"", ""Stainless steel oven"", ""Samsung gas stove"", ""Smart lock"", ""Paid street parking off premises"", ""Extra pillows and blankets"", ""Long term stays allowed"", ""Noise decibel monitors on property"", ""Exterior security cameras on property"", ""Toaster"", ""Essentials"", ""Coffee"", ""Outdoor furniture"", ""Clothing storage: closet"", ""First aid kit"", ""Conditioner"", ""Free washer \u2013 In unit"", ""Window AC unit"", ""Dishes and silverware"", ""Hangers"", ""Refrigerator"", ""Self check-in"", ""Freezer"", ""Coffee maker: drip coffee maker"", ""Free street parking"", ""Fire extinguisher"", ""Free dryer \u2013 In unit"", ""50 inch HDTV with Roku"", ""Cleaning products""]",3.0,2.0,Entire home,Entire home/apt,
3,1100,Kolkata,3,Super Area,Unfurnished,Bachelors/Family,20000,"For traveling professional, college students, or parents visiting your young adult, enjoy this stylish apartment centrally-located in Albany.<br /><br />NY State Capital - 2.4 mi<br />Suny Albany - 3.5 mi<br />Albany Medical Center - 3.5 mi<br />Regeneron Pharma - 4.8 mi<br />RPI University - 10 mi<br />General Electric  - 15 mi<br /><br /><br />The home is 1st floor unit in two family house, which was recently renovated. It includes new appliances: washer, dryer and dishwasher. It's a restful stay, which is close main areas.",,https://a0.muscache.com/pictures/miso/Hosting-794723189688979530/original/dd6d97c1-bd94-4e4d-9761-e1d2ff4fdba4.jpeg,"[""Smoke alarm"", ""Kitchen"", ""Dishwasher"", ""50 inch TV with Fire TV"", ""Shower gel"", ""Hot water"", ""Private entrance"", ""Hair dryer"", ""Body soap"", ""Carbon monoxide alarm"", ""Bed linens"", ""Luggage dropoff allowed"", ""Bathtub"", ""Cooking basics"", ""Ceiling fan"", ""Shampoo"", ""Iron"", ""Room-darkening shades"", ""Hot water kettle"", ""Wine glasses"", ""Dedicated workspace"", ""Microwave"", ""Dining table"", ""Smart lock"", ""Long term stays allowed"", ""Oven"", ""Radiant heating"", ""Exterior security cameras on property"", ""Essentials"", ""Coffee"", ""Fast wifi \u2013 54 Mbps"", ""First aid kit"", ""Conditioner"", ""Free washer \u2013 In unit"", ""Dishes and silverware"", ""Hangers"", ""Refrigerator"", ""Self check-in"", ""Freezer"", ""Coffee maker: drip coffee maker"", ""Free street parking"", ""Fire extinguisher"", ""Free dryer \u2013 In unit"", ""Cleaning products"", ""Stove""]",3.0,1.0,Entire rental unit,Entire home/apt,
2,950,Kolkata,1,Super Area,Unfurnished,Bachelors/Family,7000,"Spacious 1896 Victorian Mansion | 7BR w/ Private Baths | Onsite Parking<br />Stay in a historic 1896 Victorian mansion overlooking Washington Park, offering 7 bedrooms, each with a private bath, and plenty of space to spread out. Designed for practicality over elegance, this home provides a comfortable, no-fuss stay with all the essentials covered.",,https://a0.muscache.com/pictures/miso/Hosting-795541666227926706/original/0685ee9b-0ffc-442d-bf4f-06b59cf4c9c7.jpeg,"[""Smoke alarm"", ""Kitchen"", ""Dishwasher"", ""Private patio or balcony"", ""Ethernet connection"", ""Wifi"", ""Shower gel"", ""Hot water"", ""Coffee maker"", ""Hair dryer"", ""Dryer"", ""Indoor fireplace"", ""TV"", ""Mini fridge"", ""Carbon monoxide alarm"", ""Luggage dropoff allowed"", ""Bathtub"", ""Cooking basics"", ""Baking sheet"", ""Iron"", ""Room-darkening shades"", ""Hot water kettle"", ""Wine glasses"", ""Dedicated workspace"", ""Microwave"", ""Dining table"", ""Washer"", ""Smart lock"", ""Extra pillows and blankets"", ""Pets allowed"", ""Long term stays allowed"", ""Oven"", ""Radiant heating"", ""Air conditioning"", ""Toaster"", ""Essentials"", ""Coffee"", ""Outdoor furniture"", ""Public Goods body soap"", ""Books and reading material"", ""Central heating"", ""First aid kit"", ""Free parking on premises"", ""Dishes and silverware"", ""Public Goods shampoo"", ""Hangers"", ""Refrigerator"", ""Self check-in"", ""Freezer"", ""Fire extinguisher"", ""Cleaning products"", ""Breakfast"", ""Public Goods conditioner"", ""Stove""]",7.0,7.0,Entire home,Entire home/apt,
1,250,Kolkata,1,Super Area,Furnished,Bachelors/Family,3500,"Charming 5 room bed and breakfast located across from Washington Park in Albany, NY. Each room has a private bathroom and workstation. Guests have access to a shared kitchen, dining area, living space and small office nook with printer.",,https://a0.muscache.com/pictures/miso/Hosting-796231143904004713/original/f868c7c1-f969-453f-8f58-aad1d995b158.png,"[""Smoke alarm"", ""Kitchen"", ""Dishwasher"", ""Wifi"", ""Hot water"", ""Hair dryer"", ""Body soap"", ""Mini fridge"", ""TV"", ""Carbon monoxide alarm"", ""Cooking basics"", ""Shampoo"", ""Iron"", ""Wine glasses"", ""Safe"", ""Dedicated workspace"", ""Coffee maker: Keurig coffee machine"", ""Clothing storage"", ""Dining table"", ""Washer"", ""Long term stays allowed"", ""Pets allowed"", ""BBQ grill"", ""Air conditioning"", ""Essentials"", ""Coffee"", ""Central heating"", ""First aid kit"", ""Conditioner"", ""Free parking on premises"", ""Dishes and silverware"", ""Hangers"", ""Self check-in"", ""Fire extinguisher"", ""Keypad"", ""Breakfast""]",1.0,1.0,Private room in bed and breakfast,Private room,
2,1000,Kolkata,1,Carpet Area,Unfurnished,Bachelors,5000,"Private bedroom shared living room and shared bath on the 2nd fl <br />Mini fridge, microwave, coffee maker, toaster, bottled water and fans in room. No kitchen access Owner occupied.<br />40-inch Tv with Firestick Security cameras exterior cameras and motion sensors in common areas, and shared halls.  <br />NO extra visitors<br />Keyless bedroom and main entry locks<br />Walking distance to Albany Medical Center, colleges, and Washington Park. (2-3 blocks) Direct bus line to/from Suny Albany, Amtrak, mall and DT Albany",,https://a0.muscache.com/pictures/hosting/Hosting-797455132224782470/original/0f58c60d-6637-47de-bf6f-41e6777a1e17.jpeg,"[""Smoke alarm"", ""40 inch HDTV with Hulu, Netflix, Fire TV, Disney+, HBO Max, Amazon Prime Video"", ""Private patio or balcony"", ""Clothing storage: closet and dresser"", ""Wifi"", ""Shower gel"", ""Hot water"", ""Hair dryer"", ""Body soap"", ""Mini fridge"", ""Carbon monoxide alarm"", ""Bed linens"", ""Bathtub"", ""Shampoo"", ""Iron"", ""Dedicated workspace"", ""Microwave"", ""Dining table"", ""Smart lock"", ""Extra pillows and blankets"", ""Long term stays allowed"", ""Radiant heating"", ""Portable fans"", ""Exterior security cameras on property"", ""Toaster"", ""Essentials"", ""Lock on bedroom door"", ""Laundromat nearby"", ""Books and reading material"", ""Conditioner"", ""Dishes and silverware"", ""Hangers"", ""Self check-in"", ""Coffee maker: drip coffee maker"", ""Free street parking"", ""Fire extinguisher"", ""Cleaning products""]",1.0,1.0,Private room in home,Private room,
3,1000,Kolkata,2,Carpet Area,Semi-Furnished,Bachelors/Family,20000,"Charming 5 room bed and breakfast located across from Washington Park in Albany, NY. Each room has a private bathroom and workstation. Guests have access to a shared kitchen, dining area, living space and small office nook with printer.",,https://a0.muscache.com/pictures/miso/Hosting-802216634798169031/original/c474382b-6f5d-4b3b-b615-63f0d542be06.png,"[""Smoke alarm"", ""Kitchen"", ""Dishwasher"", ""Wifi"", ""Hot water"", ""Hair dryer"", ""Body soap"", ""TV"", ""Carbon monoxide alarm"", ""Bathtub"", ""Cooking basics"", ""Shampoo"", ""Iron"", ""Hot water kettle"", ""Wine glasses"", ""Free dryer \u2013 In building"", ""Dedicated workspace"", ""Coffee maker: Keurig coffee machine"", ""Clothing storage"", ""Dining table"", ""Washer"", ""Smart lock"", ""Long term stays allowed"", ""Pets allowed"", ""Oven"", ""BBQ grill"", ""Air conditioning"", ""Essentials"", ""Lock on bedroom door"", ""Coffee"", ""Central heating"", ""First aid kit"", ""Conditioner"", ""Free parking on premises"", ""Dishes and silverware"", ""Hangers"", ""Self check-in"", ""Fire extinguisher""]",1.0,1.0,Private room in bed and breakfast,Private room,
2,650,Kolkata,1,Super Area,Unfurnished,Bachelors/Family,7000,"Spacious Pine Hills flat with many recent updates including refinished hardwood floors, all new windows and a completely remodeled kitchen, including brand new appliances. This unit also has a private laundry room as well as an entrance foyer. There is off street parking and the building is located within walking distance to 2 primary bus routes. This unit is also within walking distance of popular restaurants, Juniors, The Point, Cafe Madison and Kismet Mediterranean Grill.",,https://a0.muscache.com/pictures/miso/Hosting-803604897479679272/original/1755d3b9-79e2-4ce5-888c-29fb4c2e8267.jpeg,"[""Smoke alarm"", ""Kitchen"", ""Wifi"", ""Hot water"", ""Private entrance"", ""Hair dryer"", ""Dryer"", ""TV"", ""Carbon monoxide alarm"", ""Shampoo"", ""Dedicated workspace"", ""Heating"", ""Washer"", ""Pets allowed"", ""Exterior security cameras on property"", ""Air conditioning"", ""Essentials"", ""Free parking on premises"", ""Hangers"", ""Self check-in"", ""Fire extinguisher"", ""Keypad"", ""Stove""]",3.0,,Entire rental unit,Entire home/apt,
2,700,Kolkata,2,Super Area,Unfurnished,Bachelors/Family,10000,"This amazing home is at the first floor of a newly renovated historic duplex, and will give you all the comforts of home! Tastefully decorated with everything you need and then some!!<br /><br />-> Grab-N-Go items (Coffee, Tea, Light Snacks)<br />-> Smart LED Tvs in every room <br />-> NordicTrack bicycle<br />-> Smart locks with keyless entry<br />-> Fast wireless WiFi<br />-> Queen beds with premium mattresses & pillow covers<br />-> Fully equipped + utensil stocked kitchen + Keurig Coffee <br />-> Full size washer/dryer<br />Enjoy your stay!",,https://a0.muscache.com/pictures/hosting/Hosting-803682039097862541/original/ceda6f35-4f07-4622-b511-6fa7a04aa395.jpeg,"[""Smoke alarm"", ""Kitchen"", ""Dishwasher"", ""Ethernet connection"", ""Pack \u2019n play/Travel crib - always at the listing"", ""Clothing storage: closet and dresser"", ""Wifi"", ""Shower gel"", ""Hot water"", ""Private entrance"", ""Hair dryer"", ""Body soap"", ""Whirlpool  stainless steel double oven"", ""Fire pit"", ""Mini fridge"", ""Outdoor dining area"", ""Carbon monoxide alarm"", ""Bed linens"", ""80 inch HDTV with Roku, premium cable"", ""Luggage dropoff allowed"", ""Cooking basics"", ""Paid parking off premises"", ""Ceiling fan"", ""Shampoo"", ""Iron"", ""Room-darkening shades"", ""Hot water kettle"", ""Free dryer \u2013 In building"", ""Dedicated workspace"", ""Microwave"", ""Wine glasses"", ""Baking sheet"", ""Dining table"", ""Exercise equipment"", ""Smart lock"", ""Extra pillows and blankets"", ""Rice maker"", ""Long term stays allowed"", ""BBQ grill"", ""Whirlpool stainless steel gas stove"", ""Radiant heating"", ""Crib - always at the listing"", ""Drying rack for clothing"", ""Exterior security cameras on property"", ""Toaster"", ""Patio or balcony"", ""Essentials"", ""Coffee"", ""Outdoor furniture"", ""Single level home"", ""Books and reading material"", ""First aid kit"", ""Barbecue utensils"", ""Conditioner"", ""Free parking on premises"", ""Window AC unit"", ""Dishes and silverware"", ""Hangers"", ""Blender"", ""Self check-in"", ""Free washer \u2013 In building"", ""Whirlpool  refrigerator"", ""Freezer"", ""Free street parking"", ""Fire extinguisher"", ""Coffee maker: drip coffee maker, Keurig coffee machine"", ""Cleaning products"", ""Board games"", ""Cleaning available during stay"", ""Shared backyard \u2013 Fully fenced""]",3.0,1.0,Entire home,Entire home/apt,
2,700,Kolkata,1,Carpet Area,Unfurnished,Bachelors,7000,"Charming 5 room bed and breakfast located across from Washington Park in Albany, NY. Each room has a private bathroom and workstation. Guests have access to a shared kitchen, dining area, living space and small office nook with printer.",,https://a0.muscache.com/pictures/miso/Hosting-803814397190632412/original/601e3633-8a6e-4145-bede-14fd0fa43124.png,"[""Smoke alarm"", ""Kitchen"", ""Dishwasher"", ""Wifi"", ""Hot water"", ""Hair dryer"", ""Body soap"", ""Mini fridge"", ""TV"", ""Shared backyard \u2013 Not fully fenced"", ""Carbon monoxide alarm"", ""Bathtub"", ""Cooking basics"", ""Shampoo"", ""Iron"", ""Hot water kettle"", ""Wine glasses"", ""Free dryer \u2013 In building"", ""Dedicated workspace"", ""Coffee maker: Keurig coffee machine"", ""Dining table"", ""Heating"", ""Washer"", ""Smart lock"", ""Long term stays allowed"", ""Pets allowed"", ""Oven"", ""BBQ grill"", ""Air conditioning"", ""Essentials"", ""Lock on bedroom door"", ""Coffee"", ""First aid kit"", ""Conditioner"", ""Free parking on premises"", ""Dishes and silverware"", ""Hangers"", ""Self check-in"", ""Fire extinguisher"", ""Cleaning products"", ""Breakfast""]",1.0,1.0,Private room in bed and breakfast,Private room,
3,1000,Kolkata,2,Super Area,Semi-Furnished,Bachelors/Family,12000,"Charming 5 room bed and breakfast located across from Washington Park in Albany, NY. Each room has a private bathroom and workstation. Guests have access to a shared kitchen, dining area, living space and small office nook with printer.",,https://a0.muscache.com/pictures/miso/Hosting-803867986023966300/original/bac67179-3046-4b3c-9ca9-fbbdd312ee9d.png,"[""Smoke alarm"", ""Kitchen"", ""Dishwasher"", ""Wifi"", ""Shower gel"", ""Hot water"", ""Hair dryer"", ""Body soap"", ""Mini fridge"", ""TV"", ""Shared backyard \u2013 Not fully fenced"", ""Carbon monoxide alarm"", ""Bed linens"", ""Bathtub"", ""Cooking basics"", ""Shampoo"", ""Iron"", ""Hot water kettle"", ""Wine glasses"", ""Free dryer \u2013 In building"", ""Dedicated workspace"", ""Microwave"", ""Coffee maker: Keurig coffee machine"", ""Dining table"", ""Heating"", ""Washer"", ""Smart lock"", ""Long term stays allowed"", ""Pets allowed"", ""Oven"", ""BBQ grill"", ""Air conditioning"", ""Essentials"", ""Lock on bedroom door"", ""Coffee"", ""First aid kit"", ""Conditioner"", ""Free parking on premises"", ""Dishes and silverware"", ""Hangers"", ""Refrigerator"", ""Self check-in"", ""Fire extinguisher"", ""Cleaning products"", ""Breakfast"", ""Stove""]",1.0,1.0,Private room in bed and breakfast,Private room,
2,900,Kolkata,2,Carpet Area,Unfurnished,Bachelors,14500,"This is a pet-friendly 2 bedroom apartment with an in unit washer and dryer. It is fully furnished with utilities included. The apartment is about one mile away from Albany Medical Center and St. Peters Hospital. The unit received an extensive renovation in 2022: new bathroom and kitchen as well as hardwood floors.  Kick back and relax in this calm, stylish space.",,https://a0.muscache.com/pictures/miso/Hosting-809524698302742033/original/4b86811b-d259-4b93-b410-f6b803f6548f.jpeg,"[""Smoke alarm"", ""Kitchen"", ""Dishwasher"", ""Clothing storage: closet and dresser"", ""Wifi"", ""Hot water"", ""Outdoor dining area"", ""TV"", ""Carbon monoxide alarm"", ""Bed linens"", ""Cooking basics"", ""Baking sheet"", ""Hot water kettle"", ""Wine glasses"", ""Microwave"", ""Dining table"", ""Stainless steel oven"", ""Washer"", ""Pets allowed"", ""Air conditioning"", ""Toaster"", ""Central heating"", ""First aid kit"", ""Dishes and silverware"", ""Refrigerator"", ""Freezer"", ""Fire extinguisher"", ""Coffee maker: drip coffee maker, Keurig coffee machine"", ""Free dryer \u2013 In unit"", ""Stove""]",2.0,1.0,Entire rental unit,Entire home/apt,
1,700,Kolkata,1,Super Area,Unfurnished,Bachelors/Family,6000,"Place is within 2-3 miles of AMC, St. Peter's,  UAlbany, SUNY, College of St. Rose, Washington park, Empire State Plaza, and many other establishments.<br /><br />Only 15 minute ride to the airport !",,https://a0.muscache.com/pictures/hosting/Hosting-813640070361665090/original/07706088-75ed-4889-af37-3df83b3f9a79.jpeg,"[""Smoke alarm"", ""Wifi"", ""Coffee maker"", ""Hair dryer"", ""TV"", ""Carbon monoxide alarm"", ""Bed linens"", ""Clothing storage: dresser"", ""Kitchenette"", ""Bathtub"", ""Iron"", ""Hot water kettle"", ""Dedicated workspace"", ""Microwave"", ""Dining table"", ""Nonspecific  body soap"", ""Long term stays allowed"", ""Pets allowed"", ""Nonspecific  conditioner"", ""BBQ grill"", ""Backyard"", ""Exterior security cameras on property"", ""Air conditioning"", ""Toaster"", ""Essentials"", ""Nonspecific  shampoo"", ""Lock on bedroom door"", ""Coffee"", ""Central heating"", ""First aid kit"", ""Dishes and silverware"", ""Self check-in"", ""Refrigerator"", ""Free street parking"", ""Fire extinguisher"", ""Cleaning products"", ""Keypad"", ""Cleaning available during stay""]",1.0,1.0,Private room in rental unit,Private room,
2,700,Kolkata,2,Super Area,Unfurnished,Bachelors/Family,9500,Perfect location with exposed brick 1 bedroom apartment located in the heart of Albany across Washington park minutes from Albany Med or state offices. Close to many restaurants and bars.,,https://a0.muscache.com/pictures/miso/Hosting-816085193659797849/original/27fdee41-2e4b-43b5-a90e-d4c5fc7265ff.jpeg,"[""Smoke alarm"", ""Kitchen"", ""Smart lock"", ""Cooking basics"", ""Exterior security cameras on property"", ""Iron"", ""Air conditioning"", ""Wifi"", ""Heating"", ""Hair dryer"", ""First aid kit"", ""TV"", ""Free parking on premises"", ""Carbon monoxide alarm"", ""Self check-in""]",1.0,1.0,Entire rental unit,Entire home/apt,
2,450,Kolkata,2,Carpet Area,Semi-Furnished,Bachelors/Family,10000,"Keep it simple in this peaceful and centrally-located room in the Buckingham Lake neighborhood. Less than 10 minutes from downtown and less than 2 miles from 2 major hospitals. The room has a private en suite bathroom, a comfy bed, and a skylight you can close.  You can make use of the kitchen and the laundry is located in the basement. A CVS, pizza place and Dunkin donuts are within a 7-minute walk. A great bagel shop is a 4 minutes drive or a 15-minute walk away.",,https://a0.muscache.com/pictures/miso/Hosting-821566342267452838/original/495fdb1f-27c9-4c09-b961-9de506bd03dc.jpeg,"[""Smoke alarm"", ""Kitchen"", ""Dishwasher"", ""Clothing storage: closet and dresser"", ""Wifi"", ""Hot water"", ""Mini fridge"", ""Carbon monoxide alarm"", ""Cooking basics"", ""Shampoo"", ""Room-darkening shades"", ""Host greets you"", ""Dedicated workspace"", ""Microwave"", ""Dining table"", ""Stainless steel oven"", ""Washer"", ""Extra pillows and blankets"", ""Rice maker"", ""Electric stove"", ""Exterior security cameras on property"", ""Air conditioning"", ""Toaster"", ""Essentials"", ""Lock on bedroom door"", ""Coffee"", ""Central heating"", ""First aid kit"", ""Coffee maker: french press, Keurig coffee machine"", ""Free parking on premises"", ""Dishes and silverware"", ""Hangers"", ""Refrigerator"", ""Blender"", ""Freezer"", ""40 inch HDTV with Netflix"", ""Fire extinguisher"", ""Free dryer \u2013 In unit"", ""Cleaning products"", ""Dove body soap""]",1.0,1.0,Private room in home,Private room,
1,120,Kolkata,1,Super Area,Unfurnished,Bachelors/Family,3500,"This stylish light-filled space is perfect for traveling professionals, cozy 2 bedroom apartment minutes from hospitals, parks, and great restaurants. Very walkable location right next to Albany Medical Center.<br /><br />~ fast wi-fi<br />~fully equipped kitchen <br />~55” smart tv<br />~free off street parking <br />~contactless self check-in",,https://a0.muscache.com/pictures/miso/Hosting-826301775871257033/original/4263309b-22ed-4cdb-9795-360c2164eb61.jpeg,"[""Smoke alarm"", ""Kitchen"", ""Wifi"", ""Hot water"", ""Private entrance"", ""Hair dryer"", ""TV"", ""Carbon monoxide alarm"", ""Bed linens"", ""Bathtub"", ""Cooking basics"", ""Baking sheet"", ""Shampoo"", ""Iron"", ""Safe"", ""Microwave"", ""Coffee maker: Keurig coffee machine"", ""Dining table"", ""Long term stays allowed"", ""Oven"", ""Exterior security cameras on property"", ""Toaster"", ""Essentials"", ""Coffee"", ""Laundromat nearby"", ""Clothing storage: closet"", ""Central heating"", ""Olay  body soap"", ""Conditioner"", ""Free washer \u2013 In unit"", ""Window AC unit"", ""Dishes and silverware"", ""Free parking on premises"", ""Hangers"", ""Refrigerator"", ""Self check-in"", ""Freezer"", ""Free dryer \u2013 In unit"", ""Cleaning products"", ""Keypad"", ""Stove""]",2.0,1.0,Entire rental unit,Entire home/apt,
2,800,Kolkata,2,Super Area,Semi-Furnished,Bachelors/Family,9000,"Enjoy a spacious yet cozy home in a quiet neighborhood with off-street parking. Minutes from restaurants, shopping, universities (UAlbany, Sage, St. Rose), parks, museums, hospitals(Albany Med, St.Peters) and State Capital Offices for those traveling for business.  We’re right off the main highway leading to the World Famous Saratoga Race Track (30 min) and Adirondack Mountains/Lake George (50 min)! <br /><br />From this Air Force Family to yours, welcome to our home.",,https://a0.muscache.com/pictures/8548103f-2d9b-45f3-9ce7-ba1841b184fc.jpg,"[""Smoke alarm"", ""Kitchen"", ""Dishwasher"", ""Pack \u2019n play/Travel crib - always at the listing"", ""Wifi"", ""Hot water"", ""Private entrance"", ""Fire pit"", ""Outdoor dining area"", ""TV"", ""Carbon monoxide alarm"", ""Bed linens"", ""Exercise equipment: free weights, stationary bike, yoga mat, workout bench"", ""Bathtub"", ""Cooking basics"", ""Ceiling fan"", ""Iron"", ""Baking sheet"", ""Room-darkening shades"", ""Hot water kettle"", ""Wine glasses"", ""Microwave"", ""Dining table"", ""Stainless steel oven"", ""Extra pillows and blankets"", ""Long term stays allowed"", ""Electric stove"", ""Radiant heating"", ""Exterior security cameras on property"", ""Toaster"", ""Patio or balcony"", ""Essentials"", ""Coffee"", ""Laundromat nearby"", ""Garden view"", ""Outdoor furniture"", ""Free driveway parking on premises"", ""First aid kit"", ""Free washer \u2013 In unit"", ""Window AC unit"", ""Dishes and silverware"", ""Hangers"", ""Refrigerator"", ""Blender"", ""Self check-in"", ""Freezer"", ""Free street parking"", ""Fire extinguisher"", ""Coffee maker: drip coffee maker, Keurig coffee machine"", ""Free dryer \u2013 In unit"", ""Private backyard \u2013 Fully fenced"", ""Cleaning products"", ""Keypad"", ""Board games"", ""Private gym in building""]",5.0,2.0,Entire home,Entire home/apt,
3,1220,Kolkata,2,Carpet Area,Unfurnished,Bachelors/Family,40000,Relax with the whole family at this peaceful place to stay.,,https://a0.muscache.com/pictures/miso/Hosting-841524382518312215/original/f2e6bccc-0815-4931-a258-f4aa1837ea56.jpeg,"[""Smoke alarm"", ""Kitchen"", ""Exterior security cameras on property"", ""Air conditioning"", ""Fire extinguisher"", ""Wifi"", ""First aid kit"", ""TV"", ""Carbon monoxide alarm""]",2.0,1.0,Entire rental unit,Entire home/apt,
3,1100,Kolkata,1,Super Area,Unfurnished,Bachelors/Family,16500,Newly renovated Beautiful 2 bedroom home right off the main strip and attractions like Washington park festivities like tulip fest and lark street fine restaurants the bus lines that takes you to the mall in colonie and all of downtown attractions also we are 5 to 15 minutes from all major hospitals in Albany here is you’re cozy home away from home come enjoy you’re stay and book you’re time now upon our available we welcome you.,,https://a0.muscache.com/pictures/miso/Hosting-841524433909352403/original/c4780329-ee75-4e3f-9757-81e0f81ac4db.jpeg,"[""Smoke alarm"", ""Kitchen"", ""Radiant heating"", ""Stainless steel single oven"", ""Exterior security cameras on property"", ""Private patio or balcony"", ""Lockbox"", ""Fire extinguisher"", ""Portable air conditioning"", ""Laundromat nearby"", ""Wifi"", ""Stainless steel electric stove"", ""First aid kit"", ""TV"", ""Carbon monoxide alarm"", ""Long term stays allowed"", ""Self check-in""]",2.0,1.0,Entire rental unit,Entire home/apt,
3,700,Kolkata,2,Carpet Area,Unfurnished,Family,8000,"Thoughtfully updated with modern amenities and chic designer furnishings this 2 bedroom 1 bathroom apartment with an office will make you look forward to coming home! This elegant unit is a set in a historic building on one of the most beautiful streets in Albany’s fabulous Center Square neighborhood. Footsteps  away from great restaurants, cafes, and upscale nightlife.  Check out “Dove and Deer” less than a block away the many other upscale offerings the neighborhood provides.",,https://a0.muscache.com/pictures/miso/Hosting-843481456379840308/original/546f7a17-41a9-46eb-843d-1732792df0d3.jpeg,"[""Smoke alarm"", ""Kitchen"", ""Cooking basics"", ""Air conditioning"", ""Lockbox"", ""Fire extinguisher"", ""Wifi"", ""Dedicated workspace"", ""Hair dryer"", ""Heating"", ""First aid kit"", ""Outdoor dining area"", ""TV"", ""Carbon monoxide alarm"", ""Self check-in""]",3.0,1.0,Entire rental unit,Entire home/apt,
2,800,Kolkata,1,Super Area,Furnished,Bachelors/Family,12000,"Welcome to our newly renovated 4BR/2BA Dutch-inspired cottage on 1.5 private acres in a forest setting. Perfect for family/friend gatherings. Enjoy an open floor plan with a fully equipped kitchen, cozy living, and all the modern amenities you need for a relaxing visit.  Located only a few minutes from downtown Albany, SUNY Albany, AMC & Albany College of Pharmacy.",,https://a0.muscache.com/pictures/hosting/Hosting-U3RheVN1cHBseUxpc3Rpbmc6ODQ1OTYwMTkzNDA5OTQ3NTU2/original/53a1b8fc-d703-4c9c-8f21-d0063657305d.jpeg,"[""Smoke alarm"", ""Kitchen"", ""Indoor fireplace: electric"", ""Dishwasher"", ""Samsung stainless steel electric stove"", ""Private patio or balcony"", ""Ethernet connection"", ""Baby safety gates"", ""Free driveway parking on premises \u2013 8 spaces"", ""Shower gel"", ""Hot water"", ""Private entrance"", ""Hair dryer"", ""Body soap"", ""Fire pit"", ""Outdoor dining area"", ""Carbon monoxide alarm"", ""Private backyard \u2013 Not fully fenced"", ""Bed linens"", ""Luggage dropoff allowed"", ""Park view"", ""Bathtub"", ""Children\u2019s dinnerware"", ""Ceiling fan"", ""Shampoo"", ""Iron"", ""Cooking basics"", ""Hot water kettle"", ""Wine glasses"", ""Dedicated workspace"", ""Microwave"", ""Baking sheet"", ""Clothing storage"", ""40 inch HDTV with Amazon Prime Video, Disney+, HBO Max, Netflix"", ""Dining table"", ""Stainless steel oven"", ""Washer"", ""Long term stays allowed"", ""Pets allowed"", ""High chair - always at the listing"", ""Radiant heating"", ""Portable fans"", ""Exterior security cameras on property"", ""Toaster"", ""Essentials"", ""Coffee"", ""Outdoor furniture"", ""Garden view"", ""Books and reading material"", ""Pack \u2019n play/Travel crib"", ""First aid kit"", ""Barbecue utensils"", ""Conditioner"", ""Fast wifi \u2013 202 Mbps"", ""Window AC unit"", ""Dishes and silverware"", ""Hangers"", ""Refrigerator"", ""Blender"", ""Self check-in"", ""Coffee maker: drip coffee maker, pour-over coffee"", ""Freezer"", ""Children\u2019s books and toys for ages 0-2 years old, 2-5 years old, and 5-10 years old"", ""Children's playroom"", ""Free dryer \u2013 In unit"", ""Fire extinguisher"", ""Cleaning products"", ""Private BBQ grill: gas"", ""Keypad"", ""Board games"", ""Baby bath - available upon request""]",4.0,2.0,Entire home,Entire home/apt,
2,670,Kolkata,1,Super Area,Unfurnished,Family,6500,"Welcome to our beautiful 3-bedroom, 2-full bathroom home with laundry in the unit! With modern furnishings, comfortable beds, and all the amenities you need, this space is perfect for families, groups of friends, or business travelers. Located in the uptown Manning Boulevard neighborhood, you'll be just a short drive away from local attractions and delicious restaurants. Whether you're here for work or play, this home will provide you with a comfortable and convenient stay. Book your stay today!",,https://a0.muscache.com/pictures/miso/Hosting-846586211673806912/original/fdbe5440-57bc-4ab9-a5ee-b07b5b3e199e.jpeg,"[""Smoke alarm"", ""Kitchen"", ""Dishwasher"", ""Wifi"", ""Shower gel"", ""Hot water"", ""Coffee maker"", ""Hair dryer"", ""Body soap"", ""TV"", ""Carbon monoxide alarm"", ""Bed linens"", ""Heating - split type ductless system"", ""Bathtub"", ""Cooking basics"", ""Shampoo"", ""Iron"", ""Microwave"", ""Dining table"", ""Washer"", ""Extra pillows and blankets"", ""Oven"", ""Exterior security cameras on property"", ""Air conditioning"", ""Essentials"", ""First aid kit"", ""Conditioner"", ""Dishes and silverware"", ""Hangers"", ""Refrigerator"", ""Self check-in"", ""Fire extinguisher"", ""Free dryer \u2013 In unit"", ""Cleaning products"", ""Keypad"", ""Stove""]",3.0,2.0,Entire rental unit,Entire home/apt,
4,1300,Kolkata,3,Super Area,Unfurnished,Bachelors/Family,40000,Modern apartment in center of Albany,,https://a0.muscache.com/pictures/hosting/Hosting-U3RheVN1cHBseUxpc3Rpbmc6ODQ5NDYwMTc5MjQ2Nzk0NTEw/original/882c7b26-fb82-4c0d-a013-6c07f5795080.jpeg,"[""Smoke alarm"", ""Kitchen"", ""Housekeeping - available at extra cost"", ""Wifi"", ""Shower gel"", ""Hot water"", ""Hair dryer"", ""Body soap"", ""TV"", ""Bed linens"", ""Bluetooth sound system"", ""Bathtub"", ""Shampoo"", ""Iron"", ""Portable heater"", ""Clothing storage"", ""Smart lock"", ""Paid street parking off premises"", ""Extra pillows and blankets"", ""Portable fans"", ""Drying rack for clothing"", ""Record player"", ""Exterior security cameras on property"", ""Essentials"", ""Central heating"", ""Movie theater"", ""Free washer \u2013 In unit"", ""Self check-in"", ""Free street parking"", ""Fire extinguisher"", ""Free dryer \u2013 In unit"", ""Paid parking on premises""]",2.0,2.0,Entire rental unit,Entire home/apt,
1,190,Kolkata,1,Super Area,Semi-Furnished,Bachelors/Family,5000,"Stay in Albany's Grand House! Relax in this gorgeous, light-filled 600-sf guest suite in the historic Mansion District with dramatic 14-ft ceilings, marble fireplaces, modern art, fresh flowers & plants. Suite includes bedroom, living room w/sleeper sofa, work station & private bath. Perfect for couples or a family! Walk to downtown, MVP Arena, Lark Street, bars & restaurants. 24/7 entry. EV charger (non Tesla). Lovely garden. Coffee, snacks & reliable WiFi. Super clean, comfortable & private.",,https://a0.muscache.com/pictures/miso/Hosting-850173470105833039/original/3e281e39-fdd7-47f0-8f5f-bee088c000df.jpeg,"[""Smoke alarm"", ""Kitchen"", ""Dishwasher"", ""Trash compactor"", ""Pack \u2019n play/Travel crib - always at the listing"", ""Bikes"", ""Wifi"", ""Shower gel"", ""Hot water"", ""Hair dryer"", ""Body soap"", ""Fire pit"", ""Outdoor dining area"", ""Mini fridge"", ""Carbon monoxide alarm"", ""Bed linens"", ""Coffee maker: drip coffee maker, french press, Keurig coffee machine"", ""Luggage dropoff allowed"", ""Bathtub"", ""Cooking basics"", ""Baking sheet"", ""Shampoo"", ""Iron"", ""Room-darkening shades"", ""Safe"", ""Fireplace guards"", ""Central air conditioning"", ""Dedicated workspace"", ""Microwave"", ""Hot water kettle"", ""Wine glasses"", ""Dining table"", ""Beach essentials"", ""Extra pillows and blankets"", ""Rice maker"", ""Long term stays allowed"", ""Children\u2019s books and toys for ages 2-5 years old and 5-10 years old"", ""EV charger - level 2"", ""BBQ grill"", ""Portable fans"", ""Toaster"", ""Essentials"", ""Lock on bedroom door"", ""Coffee"", ""Shared patio or balcony"", ""Single oven"", ""Outdoor furniture"", ""Single level home"", ""Sound system"", ""Clothing storage: closet"", ""HDTV with Apple TV, Disney+, Amazon Prime Video, HBO Max, Hulu, Netflix"", ""Books and reading material"", ""Central heating"", ""First aid kit"", ""Barbecue utensils"", ""Conditioner"", ""Courtyard view"", ""Dishes and silverware"", ""Free parking on premises"", ""Crib"", ""Hangers"", ""Refrigerator"", ""Self check-in"", ""Freezer"", ""Free street parking"", ""Fire extinguisher"", ""Cleaning products"", ""Keypad"", ""Cleaning available during stay"", ""Stainless steel gas stove"", ""Outlet covers"", ""Shared backyard \u2013 Fully fenced"", ""Private living room""]",1.0,1.0,Private room in townhouse,Private room,
2,700,Kolkata,1,Super Area,Semi-Furnished,Bachelors/Family,9000,"Hello, thanks for checking out my listing! This vintage, updated home has  multiple living areas inc. living and dining rooms, enclosed porch & outdoor patio with tree-lined back yard. large bedroom with closet, shared 1.5 baths. plenty of on street parking.  2 mi to Albany Medical, the VA, 1 mi to St Peter's. Approx. 1 mi (walkable!) from University at Albany main campus, Harriman State office campus, groceries & nightlife.<br /><br />Please note, two sweet little kitties live here!",,https://a0.muscache.com/pictures/hosting/Hosting-850653820133738660/original/1bdf38cb-b30b-4d8a-9e42-8ff12b9126dc.jpeg,"[""Smoke alarm"", ""Kitchen"", ""Dishwasher"", ""Stainless steel single oven"", ""Wifi"", ""Hot water"", ""Hair dryer"", ""Carbon monoxide alarm"", ""Bed linens"", ""Bathtub"", ""Cooking basics"", ""Ceiling fan"", ""Baking sheet"", ""Room-darkening shades"", ""Hot water kettle"", ""Wine glasses"", ""Microwave"", ""Host greets you"", ""Dining table"", ""Long term stays allowed"", ""Radiant heating"", ""Portable fans"", ""Drying rack for clothing"", ""Exterior security cameras on property"", ""Coffee"", ""Outdoor furniture"", ""Shared patio or balcony"", ""Books and reading material"", ""Clothing storage: closet"", ""First aid kit"", ""Stainless steel electric stove"", ""Barbecue utensils"", ""HDTV with Roku"", ""BBQ grill: charcoal"", ""Window AC unit"", ""Dishes and silverware"", ""Free parking on premises"", ""Refrigerator"", ""Blender"", ""Free washer \u2013 In building"", ""Freezer"", ""Coffee maker: drip coffee maker"", ""Free street parking"", ""Fire extinguisher"", ""Free dryer \u2013 In unit"", ""Cleaning products"", ""Bidet"", ""Shared backyard \u2013 Fully fenced""]",1.0,1.5,Private room in home,Private room,
1,240,Kolkata,1,Carpet Area,Unfurnished,Bachelors,7000,"Relax in a newly renovated one bedroom/one bathroom apartment located on the 2nd floor of a charming brownstone building. It features lofty ceilings with beautiful architecture and a newly updated kitchen. Conveniently located to the Palace Theater, Capitol Rep Theater, Times Union Center and the Empire State Plaza. This rental is in walking distance to many popular eateries, bars, and more to explore! Laundry on Site for Long-Term Stays",,https://a0.muscache.com/pictures/miso/Hosting-857981934159027424/original/4f02f91d-9e9e-4ebd-9355-d829719a8ff5.jpeg,"[""Smoke alarm"", ""Kitchen"", ""Clothing storage: closet and dresser"", ""Gas stove"", ""Wifi"", ""Hot water"", ""Hair dryer"", ""Body soap"", ""Carbon monoxide alarm"", ""Bed linens"", ""Bathtub"", ""Cooking basics"", ""Shampoo"", ""Iron"", ""Hot water kettle"", ""Wine glasses"", ""Dedicated workspace"", ""Microwave"", ""Extra pillows and blankets"", ""Long term stays allowed"", ""Radiant heating"", ""Portable fans"", ""Toaster"", ""Essentials"", ""Coffee"", ""Laundromat nearby"", ""Single oven"", ""42 inch TV with Amazon Prime Video, Hulu, Netflix, Roku"", ""First aid kit"", ""Free parking on premises"", ""Window AC unit"", ""Dishes and silverware"", ""Hangers"", ""Refrigerator"", ""Self check-in"", ""Free washer \u2013 In building"", ""Freezer"", ""Coffee maker: drip coffee maker"", ""Lockbox"", ""Fire extinguisher"", ""Free dryer \u2013 In unit"", ""Cleaning products"", ""Cleaning available during stay""]",1.0,1.0,Entire rental unit,Entire home/apt,
2,850,Kolkata,1,Carpet Area,Semi-Furnished,Family,18000,"Welcome to Our Airbnb!Our place is on the first floor and offers a comfortable place to stay.We provide free Wi-Fi and laundry facilities to make you feel welcome home.<br /><br />Our location is close to hot spots such as Crossgate Mall and Coloine Center, as well as restaurants and parks.Free parking is available, making it easy to explore all parts of the city.<br /><br />Our goal is to make your trip comfortable, safe and enjoyable, and to provide you with a wonderful travel experience.Thank you for choosing us as your Airbnb host, and we look forward to hosting you!",,https://a0.muscache.com/pictures/miso/Hosting-870292500281763717/original/7dc87c61-b496-450a-85fe-601cd32a95e1.jpeg,"[""Smoke alarm"", ""Kitchen"", ""Ethernet connection"", ""Wifi"", ""Shower gel"", ""Hot water"", ""Private entrance"", ""Hair dryer"", ""TV"", ""Carbon monoxide alarm"", ""Bed linens"", ""Bathtub"", ""Cooking basics"", ""Ceiling fan"", ""Shampoo"", ""Baking sheet"", ""Room-darkening shades"", ""Safe"", ""Wine glasses"", ""Microwave"", ""Bread maker"", ""Host greets you"", ""Dining table"", ""Washer"", ""Extra pillows and blankets"", ""Rice maker"", ""Pets allowed"", ""Long term stays allowed"", ""Portable fans"", ""Drying rack for clothing"", ""Air conditioning"", ""Toaster"", ""Essentials"", ""Coffee"", ""Clothing storage: closet"", ""Central heating"", ""Induction stove"", ""Conditioner"", ""Free parking on premises"", ""Dishes and silverware"", ""Hangers"", ""Refrigerator"", ""Blender"", ""Freezer"", ""Coffee maker: drip coffee maker"", ""Fire extinguisher"", ""Free dryer \u2013 In unit"", ""Cleaning products"", ""Private backyard""]",1.0,1.0,Entire rental unit,Entire home/apt,
1,950,Kolkata,2,Super Area,Unfurnished,Bachelors/Family,9000,"Keep it simple in this peaceful and centrally-located room in the Buckingham Lake neighborhood. Less than 10 minutes from downtown and less than 2 miles from 2 major hospitals. The room has a private en suite bathroom, a comfy bed, and a balcony you can use. You can make use of the kitchen and the laundry is located in the basement. A CVS, pizza place and Dunkin donuts are within a 7-minute walk. A great bagel shop is a 4 minutes drive or a 15-minute walk away.",,https://a0.muscache.com/pictures/miso/Hosting-870457209918967324/original/af88955d-ec56-4cb5-9cf3-c563490e7935.jpeg,"[""Smoke alarm"", ""Kitchen"", ""Dishwasher"", ""Wifi"", ""Hot water"", ""Body soap"", ""Dryer"", ""TV"", ""Carbon monoxide alarm"", ""Bed linens"", ""Cooking basics"", ""Shampoo"", ""Host greets you"", ""Microwave"", ""Coffee maker: Keurig coffee machine"", ""Dining table"", ""Heating"", ""Washer"", ""Rice maker"", ""Electric stove"", ""Exterior security cameras on property"", ""Air conditioning"", ""Toaster"", ""Essentials"", ""Lock on bedroom door"", ""Coffee"", ""Clothing storage: closet"", ""First aid kit"", ""Free parking on premises"", ""Dishes and silverware"", ""Hangers"", ""Refrigerator"", ""Blender"", ""Freezer"", ""Fire extinguisher"", ""Cleaning products""]",1.0,1.0,Private room in home,Private room,
1,450,Kolkata,1,Carpet Area,Furnished,Bachelors/Family,5500,"Ideal Exposed brick 2nd floor, 1-Bedroom 1-Officeapartment located in the heart ofAlbany's across fromWashington Park, a few minutes walking distance from Albany Med, several minutes fromstate offices and plaza, with vibrant dining options from pubs with local draft beer to restaurants with large variety of globalfoods within walking distance makes this unit aPerfect location for a short or long stay! This unit has freeStreet Parking",,https://a0.muscache.com/pictures/prohost-api/Hosting-881231954286264195/original/8394aa9b-ee57-45da-bfcb-701cec649434.jpeg,"[""Smoke alarm"", ""Kitchen"", ""Wifi"", ""Shower gel"", ""Hot water"", ""Hair dryer"", ""TV"", ""Carbon monoxide alarm"", ""Bed linens"", ""Bathtub"", ""Cooking basics"", ""Shampoo"", ""Iron"", ""Dedicated workspace"", ""Clothing storage"", ""Heating"", ""Smart lock"", ""Extra pillows and blankets"", ""Air conditioning"", ""First aid kit"", ""Hangers"", ""Self check-in"", ""Fire extinguisher""]",1.0,1.0,Entire rental unit,Entire home/apt,
2,800,Kolkata,1,Carpet Area,Unfurnished,Bachelors,7500,"The Rose Haven space<br /><br />Welcome to The Rose Haven Apartment! This unique oasis is nestled in the heart of the City of Albany, New York, offering a perfect location near Historic Washington Park. It promises a secluded romantic getaway immersed in the dreamy natural ambiance of Washington Park. <br /><br />Once you are ready to rest and relax, retreat to the lovely bedroom, where you can recharge after an exciting day of adventuring throughout the City of Albany.",,https://a0.muscache.com/pictures/miso/Hosting-882229561343619620/original/9c641dc1-6e86-426c-aaff-2f9294500d2f.jpeg,"[""Smoke alarm"", ""Kitchen"", ""General Electric (GE) refrigerator"", ""Wifi"", ""Coffee maker"", ""Hair dryer"", ""Carbon monoxide alarm"", ""Iron"", ""Dedicated workspace"", ""Microwave"", ""Dining table"", ""Smart lock"", ""Radiant heating"", ""Exterior security cameras on property"", ""General Electric (GE) stainless steel single oven"", ""Central heating"", ""HDTV with Netflix"", ""Dishes and silverware"", ""Window AC unit"", ""Self check-in"", ""Free street parking"", ""Fire extinguisher"", ""GE stainless steel electric stove"", ""Private backyard \u2013 Fully fenced""]",1.0,1.0,Entire rental unit,Entire home/apt,
2,600,Kolkata,1,Carpet Area,Unfurnished,Bachelors/Family,4000,"Comfortable home, away from home.",,https://a0.muscache.com/pictures/f4056597-45d8-4065-9a86-0a4031d7c300.jpg,"[""Smoke alarm"", ""Kitchen"", ""Wifi"", ""Hot water"", ""Dryer"", ""Mini fridge"", ""TV"", ""Gym"", ""Carbon monoxide alarm"", ""Bed linens"", ""Heating - split type ductless system"", ""Cooking basics"", ""Iron"", ""Dedicated workspace"", ""Microwave"", ""Exercise equipment"", ""Washer"", ""Smart lock"", ""Extra pillows and blankets"", ""Exterior security cameras on property"", ""Air conditioning"", ""Lock on bedroom door"", ""First aid kit"", ""Hangers"", ""Self check-in"", ""Fire extinguisher""]",1.0,1.5,Private room in rental unit,Private room,
3,800,Kolkata,2,Carpet Area,Unfurnished,Bachelors,10500,"52” Smart TV w/ Surround Sound | Dedicated Workspace | Fireplace | Coin Laundry<br /><br />Put yourself in the heart of the city when you stay at this Albany vacation rental. This 2-bedroom, 1-bathroom apartment in Ten Broeck Triangle combines historic surroundings, modern comforts, and easy access to all the downtown hotspots. There’s even a desk if you need to get some work done before heading out to grab drinks, catch a show at the Palace Theatre, or explore the New York State Museum.",,https://a0.muscache.com/pictures/prohost-api/Hosting-888859204851381094/original/335a0e61-9e21-489b-8328-9f5d0922165e.jpeg,"[""Smoke alarm"", ""Kitchen"", ""Dishwasher"", ""Wifi"", ""Hot water"", ""Washer \u2013\u00a0In building"", ""Coffee maker"", ""Hair dryer"", ""Private entrance"", ""Indoor fireplace"", ""TV"", ""Carbon monoxide alarm"", ""Bed linens"", ""Bathtub"", ""Cooking basics"", ""Shampoo"", ""Iron"", ""Dedicated workspace"", ""Microwave"", ""Clothing storage"", ""Dining table"", ""Long term stays allowed"", ""Oven"", ""Exterior security cameras on property"", ""Toaster"", ""Essentials"", ""Pack \u2019n play/Travel crib"", ""Central heating"", ""First aid kit"", ""Free parking on premises"", ""Window AC unit"", ""Dishes and silverware"", ""Crib"", ""Hangers"", ""Refrigerator"", ""Blender"", ""Self check-in"", ""Fire extinguisher"", ""Keypad"", ""Board games"", ""High chair""]",2.0,1.0,Entire rental unit,Entire home/apt,
3,1100,Kolkata,2,Carpet Area,Unfurnished,Bachelors/Family,15000,"🔨HOUSE UNDER CONSTRUCTION FOR THE MONTH OF MARCH👷‍♂️<br />Whatever brings you to Albany, New York – whether to explore the city, enjoy nightlife, graduation or sporting events, visiting university, business, or any reason, this traditional colonial home is designed comfortably for your stay.<br />Guests have private access to the 1872sqft house, free WiFi, free parking for two cars, a private fenced backyard, and use of a washing machine and dryer.",,https://a0.muscache.com/pictures/miso/Hosting-898743867240851780/original/f7f36ab1-5b71-494f-b846-8f976b61d25c.jpeg,"[""Smoke alarm"", ""Kitchen"", ""Dishwasher"", ""50 inch HDTV with HBO Max, Disney+, Apple TV, Hulu, standard cable, Roku, Netflix"", ""Private patio or balcony"", ""Ethernet connection"", ""Clothing storage: closet and dresser"", ""Gas stove"", ""Wifi"", ""Hot water"", ""Coffee maker"", ""Private entrance"", ""Hair dryer"", ""Body soap"", ""Outdoor dining area"", ""Baby bath - always at the listing"", ""Carbon monoxide alarm"", ""Children\u2019s books and toys for ages 5-10 years old and 10+ years old"", ""Bed linens"", ""Cooking basics"", ""Ceiling fan"", ""Shampoo"", ""Iron"", ""Wine glasses"", ""Free dryer \u2013 In building"", ""Dedicated workspace"", ""Microwave"", ""Dining table"", ""Extra pillows and blankets"", ""Pets allowed"", ""Long term stays allowed"", ""BBQ grill"", ""Exterior security cameras on property"", ""Air conditioning"", ""Essentials"", ""Coffee"", ""Outdoor furniture"", ""Single oven"", ""Central heating"", ""First aid kit"", ""Barbecue utensils"", ""Conditioner"", ""Free parking on premises"", ""Dishes and silverware"", ""Hangers"", ""Refrigerator"", ""Self check-in"", ""Free washer \u2013 In building"", ""Fire extinguisher"", ""Children's playroom"", ""Private backyard \u2013 Fully fenced"", ""Cleaning products"", ""Keypad""]",5.0,2.0,Entire home,Entire home/apt,
2,800,Kolkata,1,Carpet Area,Furnished,Bachelors/Family,15000,This loft style 2 bedroom apartment is a very unique find in Albany. This spacious unit features:<br /><br />- 4K Smart TV<br />- Fully stocked kitchen and bathroom<br />- High speed internet<br />- Your very own private entrance separate from the building<br />- Private patio <br />- 1 free resident permit parking spot,,https://a0.muscache.com/pictures/hosting/Hosting-U3RheVN1cHBseUxpc3Rpbmc6OTAyMTY2MjE2MDYwODI0NTI1/original/0ac62610-1d66-4756-8f04-cef5efd6ecc9.jpeg,"[""Smoke alarm"", ""Kitchen"", ""Dishwasher"", ""Stainless steel single oven"", ""Private patio or balcony"", ""Wifi"", ""Free driveway parking on premises \u2013 1 space"", ""Hot water"", ""Private entrance"", ""Hair dryer"", ""Body soap"", ""TV"", ""Carbon monoxide alarm"", ""Bed linens"", ""Cooking basics"", ""Shampoo"", ""Iron"", ""Room-darkening shades"", ""Hot water kettle"", ""Wine glasses"", ""Dedicated workspace"", ""Microwave"", ""Coffee maker: Keurig coffee machine"", ""Dining table"", ""Extra pillows and blankets"", ""Rice maker"", ""Pets allowed"", ""Electric stove"", ""Long term stays allowed"", ""Drying rack for clothing"", ""Air conditioning"", ""Toaster"", ""Coffee"", ""Laundromat nearby"", ""Outdoor furniture"", ""Clothing storage: closet"", ""Central heating"", ""First aid kit"", ""Conditioner"", ""Dishes and silverware"", ""Hangers"", ""Refrigerator"", ""Self check-in"", ""Freezer"", ""Fire extinguisher"", ""Cleaning products"", ""Keypad"", ""Board games"", ""Cleaning available during stay""]",2.0,1.0,Entire rental unit,Entire home/apt,
1,2200,Kolkata,3,Super Area,Furnished,Bachelors/Family,50000,"Welcome to the *LEO* home! Recently renovated 1st floor 4 bedroom apartment. With a shared living room, bathroom, and kitchen. It is only 1 mile from Albany Med and nearby local hospitals. This is a shared accommodation with other professionals. One traveler is allowed per bedroom. AC in the bedroom. BRAND NEW full-size memory foam mattress and new pillows! Each bedroom has blackout curtains which are perfect for night shifters or swing shifts!",,https://a0.muscache.com/pictures/miso/Hosting-902326803627859755/original/3870877c-f0df-4b2c-916b-6068da4b5314.jpeg,"[""Smoke alarm"", ""Kitchen"", ""Indoor fireplace: electric"", ""Dishwasher"", ""Samsung stainless steel electric stove"", ""Clothing storage: closet and dresser"", ""Wifi"", ""Hot water"", ""Coffee maker"", ""Hair dryer"", ""TV"", ""Shared backyard \u2013 Not fully fenced"", ""Carbon monoxide alarm"", ""Bed linens"", ""Cooking basics"", ""Baking sheet"", ""Iron"", ""Room-darkening shades"", ""Hot water kettle"", ""Fireplace guards"", ""Microwave"", ""Wine glasses"", ""Samsung stainless steel single oven"", ""Dining table"", ""Heating"", ""Extra pillows and blankets"", ""Long term stays allowed"", ""Noise decibel monitors on property"", ""Exterior security cameras on property"", ""Toaster"", ""Essentials"", ""Lock on bedroom door"", ""Laundromat nearby"", ""First aid kit"", ""Free washer \u2013 In unit"", ""Window AC unit"", ""Dishes and silverware"", ""Hangers"", ""Refrigerator"", ""Self check-in"", ""Freezer"", ""Free street parking"", ""Fire extinguisher"", ""Free dryer \u2013 In unit"", ""Cleaning products"", ""Keypad""]",1.0,1.0,Private room in home,Private room,
2,950,Kolkata,2,Carpet Area,Unfurnished,Bachelors,12000,Enjoy a stylish experience at this centrally-located place.,,https://a0.muscache.com/pictures/miso/Hosting-904392960639597224/original/15174f9e-79ce-4967-803c-19de4e994396.jpeg,"[""Smoke alarm"", ""Kitchen"", ""Dishwasher"", ""Stainless steel single oven"", ""Outdoor kitchen"", ""Ethernet connection"", ""Wifi"", ""Shower gel"", ""Hot water"", ""Private entrance"", ""Hair dryer"", ""Body soap"", ""TV"", ""Shared backyard \u2013 Not fully fenced"", ""Carbon monoxide alarm"", ""Bed linens"", ""Luggage dropoff allowed"", ""Cooking basics"", ""Baking sheet"", ""Shampoo"", ""Iron"", ""Room-darkening shades"", ""Central air conditioning"", ""Hot water kettle"", ""Microwave"", ""Wine glasses"", ""Dining table"", ""Extra pillows and blankets"", ""Pets allowed"", ""Long term stays allowed"", ""BBQ grill: gas"", ""Exterior security cameras on property"", ""Toaster"", ""Essentials"", ""Coffee"", ""Laundromat nearby"", ""Shared patio or balcony"", ""Central heating"", ""First aid kit"", ""Movie theater"", ""Barbecue utensils"", ""Conditioner"", ""Free washer \u2013 In unit"", ""Dishes and silverware"", ""Free parking on premises"", ""Hangers"", ""Refrigerator"", ""Blender"", ""Self check-in"", ""Freezer"", ""Coffee maker: drip coffee maker"", ""Free street parking"", ""Fire extinguisher"", ""Free dryer \u2013 In unit"", ""Cleaning products"", ""Keypad"", ""Stainless steel gas stove""]",2.0,2.0,Entire rental unit,Entire home/apt,
2,550,Kolkata,1,Carpet Area,Unfurnished,Bachelors/Family,11000,"""The Red House,"" an inspiring 4-bedroom, 2nd-floor apartment nestled in the heart of Albany. This charming space features beautifully refinished 130-year-old hardwood floors, creating a warm and inviting atmosphere. A custom stone fireplace, complete with a 50-inch Samsung Smart TV, serves as the focal point of the living area. The kitchen is fully equipped for whipping up a meal. The dishwasher and laundry are conveniently located in the unit. Front and back balconies! Free street parking.",,https://a0.muscache.com/pictures/miso/Hosting-902326803627859755/original/d3207e2f-ce19-44fa-a22d-0ae9de03d2f5.jpeg,"[""Smoke alarm"", ""Kitchen"", ""Indoor fireplace: electric"", ""Dishwasher"", ""Stainless steel single oven"", ""Private patio or balcony"", ""Ethernet connection"", ""Clothing storage: closet and dresser"", ""Wifi"", ""Shower gel"", ""Hot water"", ""Private entrance"", ""Hair dryer"", ""Body soap"", ""Outdoor dining area"", ""Shared backyard \u2013 Not fully fenced"", ""Carbon monoxide alarm"", ""Bed linens"", ""Cooking basics"", ""Baking sheet"", ""Shampoo"", ""Iron"", ""Room-darkening shades"", ""Wine glasses"", ""Fireplace guards"", ""Microwave"", ""Dining table"", ""Extra pillows and blankets"", ""Long term stays allowed"", ""Samsung stainless steel gas stove"", ""Radiant heating"", ""Portable fans"", ""Toaster"", ""Essentials"", ""Coffee"", ""Laundromat nearby"", ""Outdoor furniture"", ""First aid kit"", ""Barbecue utensils"", ""Conditioner"", ""Free washer \u2013 In unit"", ""Window AC unit"", ""Dishes and silverware"", ""Hangers"", ""Refrigerator"", ""Self check-in"", ""Freezer"", ""Coffee maker: drip coffee maker"", ""Free street parking"", ""Fire extinguisher"", ""Free dryer \u2013 In unit"", ""50 inch HDTV with Roku"", ""Cleaning products"", ""Keypad""]",4.0,1.0,Entire home,Entire home/apt,
2,1800,Kolkata,2,Carpet Area,Unfurnished,Bachelors,12000,"This luxurious apartment is located on a quiet street in the heart of Albany. Ideal for professionals. It is a 10mn walk from CDTA Bus station, Saint Peter and Albany Med Hospital. Traveling nurses & Dr. are welcome for long term stays. It features a bedroom with a queen-size bed, a living room, a kitchen, a bathroom, TVs, Wi-Fi, Mini-Billiard table,  a washer/dryer, A/C & heat, a Gas fireplace, off-street parking space. The patio with a table and parasol offers a breathtaking view of landscape.",,https://a0.muscache.com/pictures/hosting/Hosting-U3RheVN1cHBseUxpc3Rpbmc6OTE2OTgzNzIzNzU1MjU2NTcy/original/d2edf100-3aae-47ac-9087-319bc56310e5.png,"[""Smoke alarm"", ""Kitchen"", ""Bikes"", ""Wifi"", ""Free driveway parking on premises \u2013 1 space"", ""GE oven"", ""Outdoor dining area"", ""Carbon monoxide alarm"", ""Luggage dropoff allowed"", ""Cooking basics"", ""Iron"", ""Central air conditioning"", ""Room-darkening shades"", ""Host greets you"", ""Dedicated workspace"", ""Microwave"", ""Dining table"", ""Dryer \u2013\u00a0In unit"", ""65 inch TV with Chromecast, Netflix, Roku"", ""Extra pillows and blankets"", ""Long term stays allowed"", ""Electric stove"", ""Noise decibel monitors on property"", ""Exterior security cameras on property"", ""Toaster"", ""Essentials"", ""Coffee"", ""Central heating"", ""First aid kit"", ""Barbecue utensils"", ""Courtyard view"", ""Window AC unit"", ""Hangers"", ""Refrigerator"", ""Blender"", ""Free washer \u2013 In building"", ""Shared backyard \u2013 Fully fenced"", ""Freezer"", ""Coffee maker: drip coffee maker"", ""Free street parking"", ""Fire extinguisher"", ""Cleaning products"", ""Clothing storage: walk-in closet, closet, wardrobe, and dresser"", ""Shared BBQ grill: charcoal""]",1.0,1.0,Entire rental unit,Entire home/apt,
2,1000,Kolkata,1,Super Area,Furnished,Bachelors/Family,8000,Enjoy a stylish experience at this centrally-located place.,,https://a0.muscache.com/pictures/hosting/Hosting-917510613914219375/original/244f3e8f-4fd8-44a1-9dcc-96175cc8a363.jpeg,"[""Smoke alarm"", ""Kitchen"", ""Dishwasher"", ""Clothing storage: closet and dresser"", ""Gas stove"", ""HDTV with Hulu, Netflix, Roku"", ""Wifi"", ""Hot water"", ""Hair dryer"", ""Fire pit"", ""Outdoor dining area"", ""Carbon monoxide alarm"", ""Bed linens"", ""Housekeeping available 24 hours, every day"", ""Luggage dropoff allowed"", ""Coffee maker: drip coffee maker, french press, pour-over coffee"", ""Bathtub"", ""Cooking basics"", ""Ceiling fan"", ""Iron"", ""Baking sheet"", ""Room-darkening shades"", ""Hot water kettle"", ""Free dryer \u2013 In building"", ""Microwave"", ""Host greets you"", ""Dining table"", ""Extra pillows and blankets"", ""Rice maker"", ""Long term stays allowed"", ""Radiant heating"", ""Portable fans"", ""Drying rack for clothing"", ""Noise decibel monitors on property"", ""Exterior security cameras on property"", ""Toaster"", ""Essentials"", ""Lock on bedroom door"", ""Coffee"", ""Shared patio or balcony"", ""Single oven"", ""Outdoor furniture"", ""Books and reading material"", ""First aid kit"", ""Barbecue utensils"", ""Window AC unit"", ""Dishes and silverware"", ""Hangers"", ""Refrigerator"", ""Blender"", ""Free washer \u2013 In building"", ""Freezer"", ""Free street parking"", ""IHome Bluetooth sound system"", ""Fire extinguisher"", ""Cleaning products"", ""Board games"", ""Indoor fireplace: gas"", ""Shared backyard \u2013 Fully fenced"", ""Shared BBQ grill: charcoal""]",1.0,1.0,Private room in home,Private room,
2,600,Kolkata,2,Super Area,Semi-Furnished,Bachelors/Family,18000,Relax with the whole family at this peaceful place to stay.,,https://a0.muscache.com/pictures/miso/Hosting-919055506310955442/original/7607aac9-b3b3-48aa-a6ac-8fc3d081d3ab.jpeg,"[""Kitchen"", ""Smoke alarm"", ""Wifi"", ""TV"", ""Free parking on premises"", ""Washer""]",1.0,1.0,Private room in rental unit,Private room,
2,750,Kolkata,2,Carpet Area,Semi-Furnished,Bachelors/Family,8000,"Enjoy privacy, peace and tranquility in this modern newly renovated studio apartment. Provides quiet comfort allowing for a great work space while still being a hop, skip and a jump from (5min) Ten Broeck triangle and all the downtown Albany breweries and eateries to unwind.",,https://a0.muscache.com/pictures/hosting/Hosting-U3RheVN1cHBseUxpc3Rpbmc6OTIxMDc2NDQxOTIwOTk1ODM5/original/2ac94986-d1d8-4dca-98e7-d1e21cee0aae.jpeg,"[""Smoke alarm"", ""Kitchen"", ""Housekeeping - available at extra cost"", ""Clothing storage: closet and dresser"", ""Wifi"", ""Hot water"", ""TV"", ""Carbon monoxide alarm"", ""Cooking basics"", ""Baking sheet"", ""Iron"", ""Dedicated workspace"", ""Microwave"", ""Coffee maker: Keurig coffee machine"", ""Heating"", ""Long term stays allowed"", ""Pets allowed"", ""Electric stove"", ""Oven"", ""Air conditioning"", ""Toaster"", ""Essentials"", ""Coffee"", ""Laundromat nearby"", ""First aid kit"", ""Dishes and silverware"", ""Hangers"", ""Refrigerator"", ""Self check-in"", ""Freezer"", ""Free street parking"", ""Fire extinguisher"", ""Cleaning products"", ""Keypad""]",1.0,1.0,Entire rental unit,Entire home/apt,
2,685,Kolkata,1,Super Area,Unfurnished,Bachelors/Family,7000,"Welcome to our newly renovated, one bedroom apartment in the heart of the charming Melrose neighborhood in Albany, NY, conveniently nestled between UAlbany and downtown. ☺️ Please note, this apartment is apart of a four family apartment complex. <br /><br />This pet friendly space includes an outdoor sitting area and small patio.",,https://a0.muscache.com/pictures/miso/Hosting-928948908785846870/original/0fc34284-11fa-4d4c-ab2d-2ab5f2708e31.jpeg,"[""Smoke alarm"", ""Kitchen"", ""Dishwasher"", ""Stainless steel single oven"", ""Private patio or balcony"", ""Clothing storage: closet and dresser"", ""Gas stove"", ""Wifi"", ""Hot water"", ""Private entrance"", ""Hair dryer"", ""Body soap"", ""TV"", ""Shared backyard \u2013 Not fully fenced"", ""Carbon monoxide alarm"", ""Bed linens"", ""Cooking basics"", ""Baking sheet"", ""Shampoo"", ""Iron"", ""Room-darkening shades"", ""Safe"", ""Wine glasses"", ""Dedicated workspace"", ""Microwave"", ""Coffee maker: Keurig coffee machine"", ""Dining table"", ""Extra pillows and blankets"", ""Pets allowed"", ""Long term stays allowed"", ""Radiant heating"", ""Portable fans"", ""Exterior security cameras on property"", ""Toaster"", ""Essentials"", ""Coffee"", ""Laundromat nearby"", ""Outdoor furniture"", ""Books and reading material"", ""First aid kit"", ""Conditioner"", ""Window AC unit"", ""Dishes and silverware"", ""Hangers"", ""Refrigerator"", ""Blender"", ""Self check-in"", ""Freezer"", ""Free street parking"", ""Fire extinguisher"", ""Cleaning products"", ""Keypad""]",1.0,1.0,Entire rental unit,Entire home/apt,
1,44,Kolkata,1,Carpet Area,Furnished,Bachelors/Family,6500,The whole group will enjoy easy access to everything from this centrally located place. Sun filled top floor unit with spacious bedrooms-well equipped kitchen and modern bath. Convenient location near highway and major hospitals/universities. Malls-restaurants and shopping all close by. Quiet residential neighborhood makes it lovely to walk to close by restaurants to grab a bite to eat outside. Come spend a night or two and be our guest,,https://a0.muscache.com/pictures/prohost-api/Hosting-932642358896439621/original/49976aad-91ca-4ee8-a885-c975f21e6e7c.jpeg,"[""Smoke alarm"", ""Kitchen"", ""Dishwasher"", ""Clothing storage: closet and dresser"", ""Wifi"", ""Shower gel"", ""Hot water"", ""Hair dryer"", ""Body soap"", ""TV"", ""Carbon monoxide alarm"", ""Bed linens"", ""Luggage dropoff allowed"", ""Bathtub"", ""Cooking basics"", ""Ceiling fan"", ""Shampoo"", ""Iron"", ""Wine glasses"", ""Baking sheet"", ""Microwave"", ""Coffee maker: Keurig coffee machine"", ""Heating"", ""Smart lock"", ""Long term stays allowed"", ""Pets allowed"", ""Air conditioning"", ""Essentials"", ""Coffee"", ""First aid kit"", ""Free residential garage on premises"", ""Conditioner"", ""Dishes and silverware"", ""Hangers"", ""Refrigerator"", ""Self check-in"", ""Fire extinguisher"", ""Cleaning products"", ""Cleaning available during stay"", ""Stove""]",2.0,1.0,Entire rental unit,Entire home/apt,
4,1200,Kolkata,1,Carpet Area,Unfurnished,Bachelors/Family,13000,"Charming 5 room bed and breakfast located across from Washington Park in Albany, NY. Each room has a private bathroom and workstation. Guests have access to a shared kitchen, dining area, living space and small office nook with printer.",,https://a0.muscache.com/pictures/miso/Hosting-934035097653060273/original/3f6c4e24-6262-47e5-9c1d-87a90d1cfaae.jpeg,"[""Smoke alarm"", ""Kitchen"", ""Dishwasher"", ""Wifi"", ""Shower gel"", ""Hair dryer"", ""TV"", ""Cooking basics"", ""Baking sheet"", ""Shampoo"", ""Iron"", ""Hot water kettle"", ""Wine glasses"", ""Dedicated workspace"", ""Microwave"", ""Coffee maker: Keurig coffee machine"", ""Dining table"", ""Heating"", ""Smart lock"", ""Long term stays allowed"", ""Pets allowed"", ""Oven"", ""Air conditioning"", ""Coffee"", ""Lock on bedroom door"", ""Shared patio or balcony"", ""Conditioner"", ""Free parking on premises"", ""Dishes and silverware"", ""Self check-in"", ""Refrigerator"", ""Fire extinguisher"", ""Stove""]",1.0,1.0,Private room in bed and breakfast,Private room,
2,500,Kolkata,1,Carpet Area,Unfurnished,Bachelors,9000,Hudson 2 is a first floor queen room. Has a private bathroom with shower. Each room is equipped with a SmartTV and Apple TV as well as a desk.<br /><br />This room is not pet friendly.<br /><br />Complimentary Services:<br />Continental Breakfast<br />Onsite Parking<br />Electric Parking<br />Wi-Fi & Apple TV<br />Keyless Entry<br />Ensuite Guest Rooms<br />​<br />Paid Services:<br />Cocktails<br />Meeting Space Rentals<br />Pets (If applicable)<br />Early Checkin (1PM)<br />Late Checkout (12PM),,https://a0.muscache.com/pictures/miso/Hosting-937837897631191844/original/a5691d86-998d-451e-9892-2ef33a2814ba.png,"[""BBQ grill"", ""Smoke alarm"", ""Kitchen"", ""Shampoo"", ""Air conditioning"", ""Fire extinguisher"", ""Wifi"", ""Dedicated workspace"", ""Keypad"", ""Self check-in"", ""Hair dryer"", ""First aid kit"", ""Indoor fireplace"", ""TV"", ""Conditioner"", ""Free parking on premises"", ""Hangers""]",1.0,1.0,Room in hotel,Private room,
4,1110,Kolkata,2,Carpet Area,Unfurnished,Bachelors/Family,10000,Hudson 3 is a first floor handicap accessible queen room with a large bathroom and ADA shower. Each room is equipped with a SmartTV and Apple TV as well as a desk.<br /><br />This room is not pet friendly.<br /><br />Complimentary Services:<br />Continental Breakfast<br />Onsite Parking<br />Electric Parking<br />Wi-Fi & Apple TV<br />Keyless Entry<br />Ensuite Guest Rooms<br />​<br />Paid Services:<br />Cocktails<br />Meeting Space Rentals<br />Pets (If applicable)<br />Early Checkin (1PM)<br />Late Checkout (12PM),,https://a0.muscache.com/pictures/miso/Hosting-937917144482762419/original/37d71583-0c70-434f-a9f0-4d443df12a76.png,"[""Smoke alarm"", ""Kitchen"", ""Wifi"", ""Shower gel"", ""Hair dryer"", ""Outdoor dining area"", ""Indoor fireplace"", ""TV"", ""Elevator"", ""Shampoo"", ""Dedicated workspace"", ""Long term stays allowed"", ""BBQ grill"", ""Air conditioning"", ""Shared patio or balcony"", ""First aid kit"", ""Conditioner"", ""Free parking on premises"", ""Hangers"", ""Self check-in"", ""Fire extinguisher"", ""Keypad"", ""Cleaning available during stay""]",1.0,1.0,Room in hotel,Private room,
2,1000,Kolkata,2,Super Area,Unfurnished,Bachelors/Family,12000,Hudson 4 is a first floor queen room with private bathroom. Each room is equipped with a SmartTV and Apple TV as well as a desk.<br /><br />This room is pet friendly.<br /><br />Complimentary Services:<br />Continental Breakfast<br />Onsite Parking<br />Electric Parking<br />Wi-Fi & Apple TV<br />Keyless Entry<br />Ensuite Guest Rooms<br />​<br />Paid Services:<br />Cocktails<br />Meeting Space Rentals<br />Pets (If applicable)<br />Early Checkin (1PM)<br />Late Checkout (12PM),,https://a0.muscache.com/pictures/miso/Hosting-937927979762952955/original/7776960b-1b31-460f-a1bc-27f61362f9ca.png,"[""Smoke alarm"", ""Kitchen"", ""Wifi"", ""Shower gel"", ""EV charger - level 1"", ""Hair dryer"", ""Indoor fireplace"", ""TV"", ""Elevator"", ""Shampoo"", ""Dedicated workspace"", ""Long term stays allowed"", ""Pets allowed"", ""BBQ grill"", ""Air conditioning"", ""First aid kit"", ""Conditioner"", ""Free parking on premises"", ""Hangers"", ""Self check-in"", ""Fire extinguisher"", ""Keypad"", ""Cleaning available during stay""]",1.0,1.0,Room in hotel,Private room,
2,392,Kolkata,1,Super Area,Unfurnished,Bachelors/Family,5000,Hudson 5 is a first floor queen room with a larger bathroom and shower Each room is equipped with a SmartTV and Apple TV as well as a desk.<br /><br />This room is pet friendly.<br /><br />Complimentary Services:<br />Continental Breakfast<br />Onsite Parking<br />Electric Parking<br />Wi-Fi & Apple TV<br />Keyless Entry<br />Ensuite Guest Rooms<br />​<br />Paid Services:<br />Cocktails<br />Meeting Space Rentals<br />Pets (If applicable)<br />Early Checkin (1PM)<br />Late Checkout (12PM),,https://a0.muscache.com/pictures/miso/Hosting-937935210290408974/original/9d1201cb-165e-4419-8ca1-fcd8b9ad0548.png,"[""Smoke alarm"", ""Kitchen"", ""Wifi"", ""Shower gel"", ""EV charger - level 1"", ""Hair dryer"", ""Indoor fireplace"", ""TV"", ""Elevator"", ""Shampoo"", ""Dedicated workspace"", ""Long term stays allowed"", ""Pets allowed"", ""BBQ grill"", ""Air conditioning"", ""Shared patio or balcony"", ""First aid kit"", ""Conditioner"", ""Free parking on premises"", ""Hangers"", ""Fire extinguisher"", ""Cleaning available during stay""]",1.0,1.0,Room in hotel,Private room,
2,700,Kolkata,1,Super Area,Unfurnished,Bachelors/Family,6000,"Whalen 2 Deluxe is a large queen room located on the second floor. Has a private bathroom with tub, and small wet bar with microwave and mini fridge. Each room is equipped with a SmartTV and Apple TV.<br /><br /> Great for extended stays<br /><br />This room is not pet friendly.<br /><br />Complimentary Services:<br />Continental Breakfast<br />Onsite Parking<br />Electric Parking<br />Wi-Fi & Apple TV<br />Keyless Entry<br />Ensuite Guest Rooms<br />​<br />Paid Services:<br />Cocktails<br />Meeting Space Rentals<br />Pets (If applicable)<br />Early Checkin (1PM)<br />Late Checkout (12PM)",,https://a0.muscache.com/pictures/miso/Hosting-937959604296602771/original/b9f809cd-f69c-4ecf-bfc9-50429c364b34.png,"[""BBQ grill"", ""Smoke alarm"", ""Kitchen"", ""Air conditioning"", ""Fire extinguisher"", ""Wifi"", ""Dedicated workspace"", ""Keypad"", ""First aid kit"", ""Outdoor dining area"", ""Indoor fireplace"", ""TV"", ""Free parking on premises"", ""Self check-in""]",1.0,1.0,Room in hotel,Private room,
1,750,Kolkata,1,Super Area,Unfurnished,Bachelors/Family,5200,Knickerbocker 1 is a queen room located on the second floor. Has a private bathroom with tub. Each room is equipped with a SmartTV and Apple TV.<br /><br />This room is not pet friendly.<br /><br />Complimentary Services:<br />Continental Breakfast<br />Onsite Parking<br />Electric Parking<br />Wi-Fi & Apple TV<br />Keyless Entry<br />Ensuite Guest Rooms<br />​<br />Paid Services:<br />Cocktails<br />Meeting Space Rentals<br />Pets (If applicable)<br />Early Checkin (1PM)<br />Late Checkout (12PM),,https://a0.muscache.com/pictures/miso/Hosting-938266199766701429/original/2a5d2a9c-476e-441e-975d-430375628bd6.png,"[""Smoke alarm"", ""Kitchen"", ""Wifi"", ""Shower gel"", ""EV charger - level 1"", ""Hair dryer"", ""Outdoor dining area"", ""Indoor fireplace"", ""TV"", ""Elevator"", ""Shampoo"", ""Dedicated workspace"", ""Long term stays allowed"", ""BBQ grill"", ""Air conditioning"", ""Outdoor furniture"", ""Shared patio or balcony"", ""First aid kit"", ""Conditioner"", ""Free parking on premises"", ""Hangers"", ""Self check-in"", ""Fire extinguisher"", ""Keypad"", ""Cleaning available during stay""]",1.0,1.0,Room in hotel,Private room,
3,1500,Kolkata,2,Super Area,Unfurnished,Family,15000,"Historic Carriage House  in Washington Park – 3BR/2BA with Onsite Parking & EV Charging<br /><br />Welcome to our beautifully restored Carriage House, nestled on the grounds of our boutique hotel, once the grand estate of an Albany family. This unique 3-bedroom, 2-bath retreat blends historic charm with modern comforts, offering privacy and convenience in the heart of Washington Park.",,https://a0.muscache.com/pictures/hosting/Hosting-U3RheVN1cHBseUxpc3Rpbmc6OTM4MjgwNDE5Njg2MTY1MDA1/original/630254c0-125c-4f3e-b64f-8ef8a8959711.jpeg,"[""Smoke alarm"", ""Kitchen"", ""Dishwasher"", ""Housekeeping - available at extra cost"", ""Ethernet connection"", ""Wifi"", ""Shower gel"", ""EV charger - level 1"", ""Coffee maker"", ""Hair dryer"", ""Outdoor dining area"", ""Indoor fireplace"", ""TV"", ""Private backyard \u2013 Not fully fenced"", ""Bathtub"", ""Cooking basics"", ""Shampoo"", ""Hot water kettle"", ""Wine glasses"", ""Dedicated workspace"", ""Microwave"", ""Dining table"", ""Long term stays allowed"", ""Oven"", ""Air conditioning"", ""Toaster"", ""Essentials"", ""Coffee"", ""Shared patio or balcony"", ""Central heating"", ""First aid kit"", ""Conditioner"", ""Free parking on premises"", ""Dishes and silverware"", ""Hangers"", ""Refrigerator"", ""Self check-in"", ""Freezer"", ""Fire extinguisher"", ""Cleaning products"", ""Keypad"", ""Stove""]",3.0,2.0,Entire guesthouse,Entire home/apt,
2,900,Kolkata,2,Super Area,Unfurnished,Bachelors/Family,9000,"Place is within 2-3 miles of AMC, St. Peter's,  UAlbany, SUNY, College of St. Rose, Washington park, Empire State Plaza, and many other establishments.<br /><br />Only 15 minute ride to the airport !",,https://a0.muscache.com/pictures/46a7ed36-c892-4918-9e29-d1eb24ea83a7.jpg,"[""Smoke alarm"", ""Wifi"", ""Hot water"", ""Coffee maker"", ""Outdoor dining area"", ""TV"", ""Carbon monoxide alarm"", ""Bed linens"", ""Non specific  shampoo"", ""Kitchenette"", ""Bathtub"", ""Ceiling fan"", ""Generic body soap"", ""Room-darkening shades"", ""Hot water kettle"", ""Dedicated workspace"", ""Microwave"", ""Clothing storage"", ""Dining table"", ""Extra pillows and blankets"", ""Pets allowed"", ""Long term stays allowed"", ""BBQ grill"", ""Backyard"", ""Exterior security cameras on property"", ""Air conditioning"", ""Essentials"", ""Coffee"", ""Non specific  conditioner"", ""Central heating"", ""First aid kit"", ""Children\u2019s books and toys"", ""Dishes and silverware"", ""Hangers"", ""Refrigerator"", ""Self check-in"", ""Free street parking"", ""Fire extinguisher"", ""Cleaning products"", ""Keypad"", ""Board games"", ""Cleaning available during stay""]",1.0,1.0,Private room in home,Private room,
1,710,Kolkata,1,Super Area,Furnished,Bachelors,24000,"Place is within 2-3 miles of AMC, St. Peter's,  UAlbany, SUNY, College of St. Rose, Washington park, Empire State Plaza, and many other establishments.<br /><br />Only 15 minute ride to the airport !",,https://a0.muscache.com/pictures/miso/Hosting-938431811499141903/original/ab804b2b-7063-4210-8be4-6dc33d7ffdaa.jpeg,"[""Smoke alarm"", ""Wifi"", ""Hot water"", ""Hair dryer"", ""TV"", ""Carbon monoxide alarm"", ""Bed linens"", ""Clothing storage: dresser"", ""Kitchenette"", ""Bathtub"", ""Iron"", ""Hot water kettle"", ""Dedicated workspace"", ""Dining table"", ""Nonspecific  body soap"", ""Long term stays allowed"", ""Pets allowed"", ""Nonspecific  conditioner"", ""BBQ grill"", ""Backyard"", ""Exterior security cameras on property"", ""Essentials"", ""Nonspecific  shampoo"", ""Lock on bedroom door"", ""Central heating"", ""First aid kit"", ""Children\u2019s books and toys"", ""Window AC unit"", ""Dishes and silverware"", ""Self check-in"", ""Refrigerator"", ""Free street parking"", ""Fire extinguisher"", ""Cleaning products"", ""Keypad"", ""Cleaning available during stay""]",1.0,1.0,Private room in home,Private room,
1,400,Kolkata,1,Carpet Area,Unfurnished,Bachelors/Family,5500,"Place is within 2-3 miles of AMC, St. Peter's,  UAlbany, SUNY, College of St. Rose, Washington park, Empire State Plaza, and many other establishments.<br /><br />Only 15 minute ride to the airport !",,https://a0.muscache.com/pictures/hosting/Hosting-942750363293463100/original/5cba3ca1-780f-4b81-b1e9-121f3e7626f2.jpeg,"[""Smoke alarm"", ""Wifi"", ""Hot water"", ""TV"", ""Carbon monoxide alarm"", ""Bed linens"", ""Kitchenette"", ""Bathtub"", ""Shampoo"", ""Iron"", ""Hot water kettle"", ""Safe"", ""Dedicated workspace"", ""Microwave"", ""Portable heater"", ""Smart lock"", ""Extra pillows and blankets"", ""Pets allowed"", ""BBQ grill"", ""Suave and other comparable brands  body soap"", ""Exterior security cameras on property"", ""Air conditioning"", ""Toaster"", ""Essentials"", ""Lock on bedroom door"", ""Books and reading material"", ""Central heating"", ""First aid kit"", ""Conditioner"", ""Dishes and silverware"", ""Hangers"", ""Self check-in"", ""Fire extinguisher"", ""Cleaning products""]",1.0,2.0,Private room in home,Private room,
1,700,Kolkata,1,Carpet Area,Unfurnished,Bachelors,10000,"Welcome to the Mansion Suite, a newly renovated historic gem in the heart of Center Square.  Through a private entrance, down a long foyer, you'll discover the grand Oak Room, an expansive living/dining room with dramatic fireplace mantel, paneling, beamed ceiling, stained glass windows. Adjacent to the lounge, is a stylish and fully equipped  kitchen with new stainless steel appliances.  Both bedrooms have new queen beds, beautiful natural woodwork and overlook a private and quiet courtyard.",,https://a0.muscache.com/pictures/hosting/Hosting-950211425725610511/original/cd866fb9-ab19-417a-8e86-380706e6bec0.jpeg,"[""Smoke alarm"", ""Kitchen"", ""Dishwasher"", ""Wifi"", ""Hot water"", ""Private entrance"", ""Hair dryer"", ""Body soap"", ""TV"", ""Carbon monoxide alarm"", ""Bed linens"", ""Cooking basics"", ""Shampoo"", ""Iron"", ""Room-darkening shades"", ""Hot water kettle"", ""Free dryer \u2013 In building"", ""Dedicated workspace"", ""Microwave"", ""Wine glasses"", ""Dining table"", ""Washer"", ""Extra pillows and blankets"", ""Electric stove"", ""Oven"", ""Portable fans"", ""Air conditioning"", ""Toaster"", ""Essentials"", ""Coffee"", ""Books and reading material"", ""Central heating"", ""Clothing storage: wardrobe and dresser"", ""First aid kit"", ""Conditioner"", ""Courtyard view"", ""Dishes and silverware"", ""Hangers"", ""Refrigerator"", ""Self check-in"", ""Freezer"", ""Free street parking"", ""Lockbox"", ""Fire extinguisher"", ""Cleaning products"", ""Coffee maker: drip coffee maker, french press""]",2.0,1.0,Entire rental unit,Entire home/apt,
2,1000,Kolkata,1,Carpet Area,Semi-Furnished,Bachelors/Family,15000,Your family will be close to everything when you stay at this centrally-located place. It’s located at a safe neighborhood and you will enjoy the outdoors views.,,https://a0.muscache.com/pictures/61409f56-06ba-48f8-a0b4-8cf69bea4533.jpg,"[""Smoke alarm"", ""Kitchen"", ""Wifi"", ""Shower gel"", ""Hot water"", ""Coffee maker"", ""Private entrance"", ""Hair dryer"", ""Body soap"", ""Outdoor dining area"", ""TV"", ""Carbon monoxide alarm"", ""Bathtub"", ""Ceiling fan"", ""Shampoo"", ""Iron"", ""Hot water kettle"", ""Wine glasses"", ""Baking sheet"", ""Dedicated workspace"", ""Bowling alley"", ""Microwave"", ""Bread maker"", ""Free parking garage on premises"", ""Dining table"", ""Heating"", ""Washer"", ""Rice maker"", ""Pets allowed"", ""Oven"", ""BBQ grill"", ""Exterior security cameras on property"", ""Coffee"", ""Outdoor furniture"", ""Barbecue utensils"", ""Window AC unit"", ""Hangers"", ""Refrigerator"", ""Blender"", ""Freezer"", ""Fire extinguisher"", ""Paid parking lot off premises"", ""Free dryer \u2013 In unit"", ""Private backyard \u2013 Fully fenced"", ""Clothing storage: walk-in closet, closet, and dresser"", ""Stove""]",3.0,2.0,Entire home,Entire home/apt,
1,250,Kolkata,1,Super Area,Furnished,Bachelors/Family,4700,"Come relax in this one bedrm garden apt. The living room has a sofa that can be used as a 2nd queen bed. Fully stocked kitchen for those who love to cook,  rainfall shower head, and private on site laundry. There is a gym in the garage (which is a shared space).  Private patio. Located in a home that has cultivated an ecosystem for years. Enjoy songbirds  and crickets. Walking distance to public transit & restaurants 10 minute car to downtown for dance/music.",,https://a0.muscache.com/pictures/hosting/Hosting-958199983873241221/original/02526910-eb86-4bdc-be58-55b4958766b9.jpeg,"[""Smoke alarm"", ""Kitchen"", ""Stainless steel single oven"", ""Private patio or balcony"", ""Wifi"", ""Hot water"", ""Private entrance"", ""Hair dryer"", ""Body soap"", ""Fire pit"", ""Outdoor dining area"", ""TV"", ""Carbon monoxide alarm"", ""Private backyard \u2013 Not fully fenced"", ""Bed linens"", ""Clothing storage: walk-in closet and closet"", ""Luggage dropoff allowed"", ""Bathtub"", ""Cooking basics"", ""Baking sheet"", ""Shampoo"", ""Iron"", ""Room-darkening shades"", ""Wine glasses"", ""Dedicated workspace"", ""Microwave"", ""Portable heater"", ""Coffee maker: Keurig coffee machine"", ""Dining table"", ""Exercise equipment"", ""Washer"", ""Extra pillows and blankets"", ""Pets allowed"", ""Long term stays allowed"", ""Electric stove"", ""BBQ grill"", ""Portable fans"", ""Record player"", ""Exterior security cameras on property"", ""Toaster"", ""Essentials"", ""Coffee"", ""Outdoor furniture"", ""Sound system"", ""Books and reading material"", ""Central heating"", ""Barbecue utensils"", ""Conditioner"", ""Free parking on premises"", ""Window AC unit"", ""Dishes and silverware"", ""Hangers"", ""Refrigerator"", ""Self check-in"", ""Kayak"", ""Freezer"", ""Fire extinguisher"", ""Free dryer \u2013 In unit"", ""Cleaning products"", ""Keypad"", ""Private gym in building""]",1.0,1.0,Entire home,Entire home/apt,
1,500,Kolkata,1,Carpet Area,Semi-Furnished,Bachelors/Family,5000,"Welcome to our newly renovated, spacious studio. Work efficiently at your dedicated desk, and savor the convenience of a fully divided kitchen. Only 5 minutes' walk from Albany Med, moments from Washington Park and Lark Street, and a short stroll to downtown Albany and state offices. Surrounded by a large variety of restaurants and local bars. Modern amenities including a full bathroom with efficient  washer and dryer.",,https://a0.muscache.com/pictures/miso/Hosting-963920695464462572/original/664e9f29-9d78-49f9-87c3-ccc2948b2810.jpeg,"[""Smoke alarm"", ""Kitchen"", ""Dishwasher"", ""Gas stove"", ""Wifi"", ""Shower gel"", ""Hot water"", ""Private entrance"", ""Hair dryer"", ""Body soap"", ""Carbon monoxide alarm"", ""Bed linens"", ""Bathtub"", ""Cooking basics"", ""Shampoo"", ""Iron"", ""Dedicated workspace"", ""Microwave"", ""Coffee maker: Keurig coffee machine"", ""Dining table"", ""Washer"", ""Smart lock"", ""Extra pillows and blankets"", ""Long term stays allowed"", ""Oven"", ""Air conditioning"", ""Toaster"", ""Essentials"", ""Central heating"", ""Conditioner"", ""Dishes and silverware"", ""Hangers"", ""Refrigerator"", ""Self check-in"", ""Freezer"", ""Free street parking"", ""Free dryer \u2013 In unit"", ""50 inch HDTV with Roku"", ""Cleaning products""]",1.0,1.0,Entire rental unit,Entire home/apt,
2,450,Kolkata,1,Carpet Area,Semi-Furnished,Bachelors/Family,5000,"Welcome to your Beacon apartment!<br /><br />Step into the warm embrace of your Beacon Avenue apartment. Experience the charm of this spacious, large 2-bedroom home nestled in the heart of Albany.<br /><br />Comforts of a complete home where space and luxury come together seamlessly.<br /><br />Your new apartment can accommodate up to 4 guests, along with a dedicated work-from-home space with an adjustable standing desk & WiFi.<br /><br />Enjoy nearby shopping & dining just minutes away, immersing yourself in Albany's vibrant tapestry",,https://a0.muscache.com/pictures/c741754e-22b2-441e-923f-ce127a9adfaa.jpg,"[""Smoke alarm"", ""Kitchen"", ""Dishwasher"", ""Shower gel"", ""Hot water"", ""Clothing storage: closet, wardrobe, and dresser"", ""Hair dryer"", ""GE stainless steel single oven"", ""Carbon monoxide alarm"", ""Bed linens"", ""Luggage dropoff allowed"", ""Bathtub"", ""Cooking basics"", ""Baking sheet"", ""Iron"", ""GE electric stove"", ""Head & Shoulder  shampoo"", ""Room-darkening shades"", ""Free dryer \u2013 In building"", ""Dedicated workspace"", ""Microwave"", ""Coffee maker: Keurig coffee machine"", ""Wine glasses"", ""Dining table"", ""65 inch HDTV with Roku"", ""Window guards"", ""Smart lock"", ""Extra pillows and blankets"", ""Long term stays allowed"", ""EV charger - level 2"", ""Radiant heating"", ""Air conditioning"", ""Toaster"", ""Essentials"", ""Frigidaire refrigerator"", ""Coffee"", ""Laundromat nearby"", ""Outdoor furniture"", ""First aid kit"", ""Fast wifi \u2013 549 Mbps"", ""Conditioner"", ""Free parking on premises"", ""Dishes and silverware"", ""Hangers"", ""Blender"", ""Self check-in"", ""Free washer \u2013 In building"", ""Shared backyard \u2013 Fully fenced"", ""Freezer"", ""Free street parking"", ""Fire extinguisher"", ""Cleaning products"", ""Dove body soap""]",2.0,1.0,Entire rental unit,Entire home/apt,
3,1400,Kolkata,1,Super Area,Unfurnished,Bachelors/Family,15000,"Once a retreat, then a convent—now it’s your cozy home away from home. Enjoy a well-lit room with a Purple Hybrid 4 queen bed, desk, and 75"" TV. Relax in two family rooms, cook in the spacious kitchen, or sip coffee on one of four enclosed porches. Walk to groceries, restaurants, and the movies, or hop on the bus right outside. Whether for a short trip or long stay, comfort and community await you here.",,https://a0.muscache.com/pictures/hosting/Hosting-969886763377526954/original/f3dda3bb-d075-4ad3-8dac-1c7411e5db4a.jpeg,"[""Smoke alarm"", ""Kitchen"", ""Dishwasher"", ""Gas stove"", ""Wifi"", ""Hot water"", ""Hair dryer"", ""Fire pit"", ""Outdoor dining area"", ""Carbon monoxide alarm"", ""Bed linens"", ""Luggage dropoff allowed"", ""55 inch HDTV"", ""Cooking basics"", ""Iron"", ""Central air conditioning"", ""Hot water kettle"", ""Free dryer \u2013 In building"", ""Dedicated workspace"", ""Microwave"", ""Dining table"", ""Extra pillows and blankets"", ""Long term stays allowed"", ""Oven"", ""BBQ grill"", ""Shared hot tub - available all year"", ""Radiant heating"", ""Noise decibel monitors on property"", ""Exterior security cameras on property"", ""Essentials"", ""Lock on bedroom door"", ""Coffee"", ""Clothing storage: closet"", ""Central heating"", ""First aid kit"", ""Free parking on premises"", ""Dishes and silverware"", ""Hangers"", ""Refrigerator"", ""Blender"", ""Free washer \u2013 In building"", ""Head and Shoulders body soap"", ""Head and Shoulders shampoo"", ""Freezer"", ""Coffee maker: drip coffee maker"", ""Head and Shoulders conditioner"", ""Free street parking"", ""Fire extinguisher"", ""Cleaning products"", ""Keypad"", ""Self check-in"", ""Board games"", ""Shared backyard \u2013 Fully fenced""]",1.0,4.0,Private room in home,Private room,
1,500,Kolkata,1,Carpet Area,Semi-Furnished,Bachelors/Family,5000,"Enjoy this park view stylish experience at this centrally-located apartment. You’ll find yourself in the heart of Albany, New York. Only steps away from restaurants and bars. Washington Park right at your doorstep, and Albany Medical Center around the corner.",,https://a0.muscache.com/pictures/hosting/Hosting-980034348801186320/original/e57a6ddb-d63c-4738-ab76-9251e6992ce6.jpeg,"[""Smoke alarm"", ""Kitchen"", ""Private patio or balcony"", ""Ethernet connection"", ""Gas stove"", ""Wifi"", ""Shower gel"", ""Hot water"", ""Hair dryer"", ""TV"", ""Carbon monoxide alarm"", ""Backyard - Fully fenced"", ""Bed linens"", ""Park view"", ""Bathtub"", ""Cooking basics"", ""Ceiling fan"", ""Shampoo"", ""Iron"", ""Room-darkening shades"", ""Hot water kettle"", ""Wine glasses"", ""Dedicated workspace"", ""Microwave"", ""Coffee maker: Keurig coffee machine"", ""Baking sheet"", ""Dining table"", ""Heating"", ""Extra pillows and blankets"", ""Long term stays allowed"", ""Air conditioning"", ""Toaster"", ""Essentials"", ""Coffee"", ""Laundromat nearby"", ""Single oven"", ""Dove  body soap"", ""First aid kit"", ""Conditioner"", ""Free parking on premises"", ""Dishes and silverware"", ""Hangers"", ""Refrigerator"", ""Blender"", ""Self check-in"", ""Freezer"", ""Free street parking"", ""Fire extinguisher"", ""Cleaning products"", ""Keypad"", ""Board games"", ""Clothing storage: walk-in closet"", ""Outlet covers""]",2.0,1.0,Entire rental unit,Entire home/apt,
2,700,Kolkata,1,Carpet Area,Unfurnished,Bachelors/Family,6000,"Discover Arbor Hill -<br />“The House That Pat Built” is a beautifully renovated building, in the heart of the Arbor Hill community of Albany, NY. We have taken ample time to carefully craft this space with tasteful décor, to maximize its potential and ensure your enjoyment. The space has been completely renovated with all new flooring, furniture, and décor. The space is moderately large, private, comfortable and full of charm. This apartment is on the first floor of a two family house.",,https://a0.muscache.com/pictures/3b691b03-23e2-4beb-8130-ff053bf287f7.jpg,"[""Smoke alarm"", ""Kitchen"", ""Stainless steel single oven"", ""Ethernet connection"", ""Wifi"", ""Shower gel"", ""Hot water"", ""Coffee maker"", ""Fire pit"", ""Outdoor dining area"", ""Dryer"", ""TV"", ""Carbon monoxide alarm"", ""Bed linens"", ""Bluetooth sound system"", ""Bathtub"", ""Cooking basics"", ""Baking sheet"", ""Shampoo"", ""Wine glasses"", ""Dedicated workspace"", ""Microwave"", ""Dining table"", ""Heating"", ""Washer"", ""Extra pillows and blankets"", ""Electric stove"", ""BBQ grill"", ""Portable fans"", ""Backyard"", ""Exterior security cameras on property"", ""Air conditioning"", ""Toaster"", ""Essentials"", ""Coffee"", ""Laundromat nearby"", ""Shared patio or balcony"", ""Outdoor furniture"", ""Single level home"", ""Books and reading material"", ""Clothing storage: closet"", ""First aid kit"", ""Barbecue utensils"", ""Dishes and silverware"", ""Hangers"", ""Refrigerator"", ""Blender"", ""Self check-in"", ""Freezer"", ""Free street parking"", ""Fire extinguisher"", ""Cleaning products"", ""Keypad"", ""Board games"", ""Outlet covers""]",2.0,1.0,Entire rental unit,Entire home/apt,
3,1200,Kolkata,1,Carpet Area,Semi-Furnished,Bachelors/Family,18000,"Modern and recently renovated 1 BR apartment with a memory foam mattress King bed, dining table, desk with a comfortable chair, electric fireplace, and a large smart TV. It also has a Nespresso machine for amazing brews, a toaster oven, and a microwave. The apartment is located 2 minutes from State offices and NYS Capitol building, 3 blocks away from Lark St, and 5 blocks from Washington Park. The area is full of great restaurants and within walking distance of grocery stores and boutique shops.",,https://a0.muscache.com/pictures/miso/Hosting-989010058281318863/original/0d7430e8-5d95-4c89-b3a4-2134602df952.jpeg,"[""Smoke alarm"", ""Kitchen"", ""Wifi"", ""Hot water"", ""Hair dryer"", ""Indoor fireplace"", ""TV"", ""Carbon monoxide alarm"", ""Bathtub"", ""Dedicated workspace"", ""Dryer \u2013\u00a0In unit"", ""Washer \u2013\u00a0In unit"", ""Exterior security cameras on property"", ""Air conditioning"", ""Essentials"", ""Central heating"", ""First aid kit"", ""Self check-in"", ""Fire extinguisher"", ""Keypad""]",1.0,1.0,Entire rental unit,Entire home/apt,
2,450,Kolkata,1,Carpet Area,Unfurnished,Bachelors,8000,"Enjoy your stay in this historic neighborhood, Center Square, Albany. <br /><br />Our apartment is located within walking distance to the NYS Capitol, Empire State Plaza, MVP Arena, Palace Theater, Albany Medical Center, Washington Park, Lark Street, and more!",,https://a0.muscache.com/pictures/hosting/Hosting-990935487146379699/original/9b764375-7b7f-4b16-8dfd-02260ae0ed4c.jpeg,"[""Smoke alarm"", ""Kitchen"", ""Wifi"", ""Shower gel"", ""Hot water"", ""Coffee maker"", ""Private entrance"", ""TV"", ""Carbon monoxide alarm"", ""Bed linens"", ""Bathtub"", ""Cooking basics"", ""Shampoo"", ""Microwave"", ""Clothing storage"", ""Dining table"", ""Heating"", ""Smart lock"", ""Air conditioning"", ""Coffee"", ""Laundromat nearby"", ""Books and reading material"", ""Conditioner"", ""Dishes and silverware"", ""Self check-in"", ""Refrigerator"", ""Freezer"", ""Free street parking"", ""Fire extinguisher"", ""Stove""]",1.0,1.0,Entire rental unit,Entire home/apt,
1,500,Kolkata,1,Carpet Area,Furnished,Bachelors,13000,"Enjoy this large two bedroom apartment with easy access to everything, centrally located.",,https://a0.muscache.com/pictures/20fff68e-a40b-4e42-96f8-c180bee56704.jpg,"[""Smoke alarm"", ""Kitchen"", ""Ethernet connection"", ""Wifi"", ""Hot water"", ""Private entrance"", ""Hair dryer"", ""TV"", ""Carbon monoxide alarm"", ""Bed linens"", ""Bathtub"", ""Cooking basics"", ""Ceiling fan"", ""Iron"", ""Baking sheet"", ""Hot water kettle"", ""Wine glasses"", ""Dedicated workspace"", ""Microwave"", ""Dining table"", ""Washer"", ""Extra pillows and blankets"", ""Long term stays allowed"", ""Fridgeair refrigerator"", ""Portable fans"", ""Air conditioning"", ""Toaster"", ""Essentials"", ""Coffee"", ""Suave  conditioner"", ""Samsung single oven"", ""Clothing storage: closet"", ""Central heating"", ""Free parking on premises"", ""Dishes and silverware"", ""Hangers"", ""Suave  shampoo"", ""Freezer"", ""Suave body soap"", ""Coffee maker: drip coffee maker, Keurig coffee machine"", ""Free dryer \u2013 In unit"", ""Cleaning products"", ""Samsung electric stove""]",2.0,1.0,Entire rental unit,Entire home/apt,
2,400,Kolkata,1,Carpet Area,Unfurnished,Bachelors/Family,7500,"Charming Albany Home with Cozy Living Room, Full Kitchen & Inviting Front Porch<br />Warm, comfortable, and thoughtfully set up for families, work trips, and longer stays. A clean, quiet space that truly feels like home.<br /><br />Hardwood floors. Laundry.<br />4 car private parking spaces .<br />Master bedroom with bathroom ensuite. Living room , kitchen on entry floor.<br />3 BR & 1 full bath on the 2nd floor. <br />A full bathroom,kitchen & living room top fl.Minutes to Lincoln park, Albany Med, law school, downtown Albany.",,https://a0.muscache.com/pictures/hosting/Hosting-992554549672159765/original/5a23930d-73cb-407a-bdd3-79cdaeb8ecf8.jpeg,"[""Private BBQ grill: charcoal, wood-burning"", ""Smoke alarm"", ""Kitchen"", ""Dishwasher"", ""Ethernet connection"", ""Wifi"", ""Hot water"", ""Coffee maker"", ""Private entrance"", ""Hair dryer"", ""Fire pit"", ""Mini fridge"", ""TV"", ""Carbon monoxide alarm"", ""Bed linens"", ""Bathtub"", ""Cooking basics"", ""Baking sheet"", ""Shampoo"", ""Iron"", ""Room-darkening shades"", ""Hot water kettle"", ""Free dryer \u2013 In building"", ""Dedicated workspace"", ""Microwave"", ""Wine glasses"", ""Clothing storage"", ""Dining table"", ""Washer"", ""Extra pillows and blankets"", ""Pets allowed"", ""Long term stays allowed"", ""Oven"", ""Drying rack for clothing"", ""Patio or balcony"", ""Air conditioning"", ""Toaster"", ""Essentials"", ""Coffee"", ""Books and reading material"", ""Pack \u2019n play/Travel crib"", ""Central heating"", ""Movie theater"", ""First aid kit"", ""Barbecue utensils"", ""Conditioner"", ""Children\u2019s books and toys"", ""Dishes and silverware"", ""Free parking on premises"", ""Hangers"", ""Refrigerator"", ""Blender"", ""Self check-in"", ""Babysitter recommendations"", ""Freezer"", ""Free street parking"", ""Game console"", ""Fire extinguisher"", ""Cleaning products"", ""Keypad"", ""Bidet"", ""Board games"", ""Cleaning available during stay"", ""Stove"", ""Private backyard""]",6.0,3.5,Entire home,Entire home/apt,
3,1000,Kolkata,2,Super Area,Unfurnished,Bachelors/Family,12000,"Enjoy easy access to everything Albany has to offer from this centrally-located, high ceiling apartment downtown, just a few minutes walk to the Palace Theatre, McGeary’s Pub, 677 Prime Steakhouse, The Olde English Pub, Empire Live, Albany Skywalk, Albany Pump Station, Albany City Hall, MVP Arena, City Hall, NYS Capitol etc..",,https://a0.muscache.com/pictures/hosting/Hosting-999161887055542119/original/ba17feda-1860-418e-9dc7-370b93834d5c.jpeg,"[""Smoke alarm"", ""Kitchen"", ""Indoor fireplace: electric"", ""Clothing storage: closet and dresser"", ""Portable air conditioning"", ""55 inch HDTV with Fire TV, Amazon Prime Video, Roku"", ""Shower gel"", ""Wifi"", ""Hot water"", ""Body soap"", ""Carbon monoxide alarm"", ""Bed linens"", ""Bathtub"", ""Cooking basics"", ""Ceiling fan"", ""Shampoo"", ""Iron"", ""Hot water kettle"", ""Wine glasses"", ""Microwave"", ""Coffee maker: Keurig coffee machine"", ""Dining table"", ""Stainless steel oven"", ""Extra pillows and blankets"", ""Long term stays allowed"", ""Exterior security cameras on property"", ""Toaster"", ""Essentials"", ""Coffee"", ""Central heating"", ""First aid kit"", ""Stainless steel electric stove"", ""Conditioner"", ""Free washer \u2013 In unit"", ""Dishes and silverware"", ""Hangers"", ""Refrigerator"", ""Self check-in"", ""Freezer"", ""Free street parking"", ""Fire extinguisher"", ""Free dryer \u2013 In unit"", ""Cleaning products"", ""Keypad"", ""Board games""]",1.0,0.0,Entire rental unit,Entire home/apt,
2,750,Kolkata,1,Carpet Area,Unfurnished,Bachelors,11000,"Located in the heart of Albany, only 7 minutes from SUNY Albany and 4 minutes from St. Peter's Hospital, Casa Bancroft is a charming Mid-Century modern home that has everything you need for a comfortable stay.<br />The first level of the home is exclusively yours with an inviting living area, sun-filled dining, a fully equipped kitchen, two refreshed bathrooms and three spacious bedrooms.<br />Stay just 10 minutes from Downtown, Washington Park, MVP arena and of course “The Egg”!",,https://a0.muscache.com/pictures/hosting/Hosting-1004978540001566331/original/f14e35b1-1d21-4a72-97e2-9efcee875c27.jpeg,"[""Smoke alarm"", ""Kitchen"", ""Dishwasher"", ""Trash compactor"", ""Clothing storage: closet and dresser"", ""Baby safety gates"", ""Wifi"", ""Shower gel"", ""Hot water"", ""Private entrance"", ""Hair dryer"", ""Body soap"", ""Carbon monoxide alarm"", ""Bed linens"", ""Pack \u2019n play/Travel crib - available upon request"", ""Bathtub"", ""Children\u2019s dinnerware"", ""Ceiling fan"", ""Shampoo"", ""Iron"", ""Room-darkening shades"", ""Cooking basics"", ""TV with Roku, standard cable"", ""Dedicated workspace"", ""Dining table"", ""Extra pillows and blankets"", ""Free driveway parking on premises \u2013 3 spaces"", ""Exterior security cameras on property"", ""Essentials"", ""Books and reading material"", ""Central heating"", ""First aid kit"", ""Conditioner"", ""Free washer \u2013 In unit"", ""Window AC unit"", ""Dishes and silverware"", ""Hangers"", ""Blender"", ""Self check-in"", ""Coffee maker: drip coffee maker"", ""Free street parking"", ""Crib - available upon request"", ""Fire extinguisher"", ""Free dryer \u2013 In unit"", ""Private backyard \u2013 Fully fenced"", ""Cleaning products"", ""Keypad"", ""Board games""]",3.0,2.0,Entire home,Entire home/apt,
1,450,Kolkata,1,Super Area,Unfurnished,Family,6000,"Stay in our 4-bedroom townhouse-style 2nd+3rd floor apartment nestled in a renovated, historic 200-year-old building located in Albany's serene Pastures neighborhood. Just a short walk from landmarks like the Albany Medical Center, Times Union Center, Empire State Plaza, and vibrant Lark Street. Easy access to I-787, I-90 & I-87. Four queen beds and a queen air mattress accommodate up to 10. Ideal for large families and groups. Dive into Albany's history with modern comforts.",,https://a0.muscache.com/pictures/hosting/Hosting-U3RheVN1cHBseUxpc3Rpbmc6MTAwNTk3ODM0NjgxNzg2NDU0MA==/original/4493541b-58b4-4fa4-8196-996ab44036b7.jpeg,"[""Smoke alarm"", ""Kitchen"", ""Dishwasher"", ""Wifi"", ""Shower gel"", ""Hot water"", ""Private entrance"", ""Hair dryer"", ""Body soap"", ""Carbon monoxide alarm"", ""Bed linens"", ""Pack \u2019n play/Travel crib - available upon request"", ""Luggage dropoff allowed"", ""Bathtub"", ""Cooking basics"", ""Baking sheet"", ""Shampoo"", ""Iron"", ""Room-darkening shades"", ""Dedicated workspace"", ""Microwave"", ""Dining table"", ""70 inch HDTV with Amazon Prime Video, Disney+, Hulu, Netflix, Roku, Chromecast"", ""Smart lock"", ""Paid street parking off premises"", ""Extra pillows and blankets"", ""Pets allowed"", ""Long term stays allowed"", ""Oven"", ""Radiant heating"", ""Noise decibel monitors on property"", ""Exterior security cameras on property"", ""Toaster"", ""Essentials"", ""Frigidaire refrigerator"", ""Coffee"", ""Laundromat nearby"", ""First aid kit"", ""Conditioner"", ""Game console: PS3"", ""Window AC unit"", ""Dishes and silverware"", ""Frigidaire electric stove"", ""Hangers"", ""Self check-in"", ""Free washer \u2013 In building"", ""Free carport on premises \u2013 1 space"", ""Freezer"", ""Coffee maker: drip coffee maker"", ""Free street parking"", ""Fire extinguisher"", ""Paid parking on premises"", ""Clothing storage: walk-in closet, closet, and dresser"", ""Bidet"", ""Paid dryer \u2013 In building"", ""Cleaning available during stay"", ""Shared backyard \u2013 Fully fenced""]",4.0,3.0,Entire rental unit,Entire home/apt,
3,1000,Kolkata,2,Carpet Area,Unfurnished,Bachelors,20000,"In the heart of Albany, our expansive home offers you a quaint, private room. Experience the charm of staying in a spacious dwelling while enjoying the conveniences of a central location, ideal for those who explore on foot. Our home exudes elegance with its lofty ceilings, intricate detailing, and spacious common areas. Feel free to relax in the lounge, brew coffee in the kitchen, or take in some fresh air on our terrace. The shared bathrooms are modern, clean, and equipped with essentials.",,https://a0.muscache.com/pictures/7888b7b2-0304-482b-bd11-7f369f1670b1.jpg,"[""Smoke alarm"", ""Kitchen"", ""Shared hot tub - available all year, open 24 hours"", ""Wifi"", ""Hot water"", ""Coffee maker"", ""Hair dryer"", ""Outdoor dining area"", ""Dryer"", ""TV"", ""Carbon monoxide alarm"", ""Luggage dropoff allowed"", ""Cooking basics"", ""Shampoo"", ""Iron"", ""Dedicated workspace"", ""Heating"", ""Washer"", ""Long term stays allowed"", ""Backyard"", ""Noise decibel monitors on property"", ""Air conditioning"", ""Exterior security cameras on property"", ""Essentials"", ""Lock on bedroom door"", ""Movie theater"", ""Free parking on premises"", ""Dishes and silverware"", ""Hangers"", ""Refrigerator"", ""Self check-in"", ""Fire extinguisher"", ""Keypad""]",1.0,3.0,Private room in home,Private room,
2,500,Kolkata,2,Carpet Area,Unfurnished,Bachelors,7000,"Our home is a sanctuary of space and elegance. It boasts high ceilings, polished wooden floors, and open lounging areas where you can mingle or find a quiet corner.<br />	Enjoy our kitchen for a cup of coffee or savor a movie night in the living room.<br />	Our sun-drenched patio is perfect for a morning stretch or an evening wind-down with a glass of wine.<br />Step outside, and you’re in the heart of the city’s most walkable district. A short stroll takes you to eateries catering to all taste buds.",,https://a0.muscache.com/pictures/e32edcd2-c5fb-419c-8ef0-8971db5d33b6.jpg,"[""Smoke alarm"", ""Kitchen"", ""Dishwasher"", ""Gas stove"", ""Wifi"", ""Shower gel"", ""Hot water"", ""Stainless steel double oven"", ""Hair dryer"", ""Body soap"", ""Outdoor dining area"", ""TV"", ""Carbon monoxide alarm"", ""Bed linens"", ""Luggage dropoff allowed"", ""Cooking basics"", ""Shared BBQ grill: gas"", ""Baking sheet"", ""Iron"", ""Central air conditioning"", ""Hot water kettle"", ""Coffee maker: drip coffee maker, Keurig coffee machine, Nespresso"", ""Free dryer \u2013 In building"", ""Dedicated workspace"", ""Microwave"", ""Wine glasses"", ""Bread maker"", ""Dining table"", ""Extra pillows and blankets"", ""Long term stays allowed"", ""Shared hot tub - available all year"", ""Noise decibel monitors on property"", ""Exterior security cameras on property"", ""Toaster"", ""Essentials"", ""Lock on bedroom door"", ""Coffee"", ""Laundromat nearby"", ""Shared patio or balcony"", ""Outdoor furniture"", ""Books and reading material"", ""Central heating"", ""First aid kit"", ""Barbecue utensils"", ""Conditioner"", ""Free parking on premises"", ""Dishes and silverware"", ""Hangers"", ""Refrigerator"", ""Blender"", ""Free washer \u2013 In building"", ""Head and Shoulders shampoo"", ""Self check-in"", ""Freezer"", ""Free street parking"", ""Fire extinguisher"", ""Private backyard \u2013 Fully fenced"", ""Cleaning products"", ""Keypad"", ""Board games"", ""Clothing storage: walk-in closet""]",1.0,3.0,Private room in home,Private room,
4,1600,Kolkata,2,Carpet Area,Unfurnished,Bachelors,30000,"Welcome to our grand Manse, where classic elegance meets contemporary comfort. Nestled in the heart of Albany, this sprawling property promises a serene escape from the daily hustle. <br />Our home is an architectural marvel, featuring high ceilings, intricate woodwork, and an abundance of open spaces.<br />	•	Guests have access to multiple common areas: two living rooms with a fireplace, a formal dining room that seats 12, and a modern kitchen where you can whip up gourmet meals.",,https://a0.muscache.com/pictures/hosting/Hosting-969886763377526954/original/a6fa97e9-e46f-44b0-b0cb-6821e1ccdfcd.jpeg,"[""Smoke alarm"", ""Kitchen"", ""Dishwasher"", ""Wifi"", ""Shower gel"", ""Hot water"", ""Coffee maker"", ""Hair dryer"", ""Body soap"", ""Fire pit"", ""Dryer"", ""Outdoor dining area"", ""TV"", ""Carbon monoxide alarm"", ""Bread maker"", ""Bed linens"", ""Luggage dropoff allowed"", ""Cooking basics"", ""Ceiling fan"", ""Shampoo"", ""Iron"", ""Hot water kettle"", ""Wine glasses"", ""Fireplace guards"", ""Dedicated workspace"", ""Microwave"", ""Baking sheet"", ""Clothing storage"", ""Dining table"", ""Heating"", ""Washer"", ""Extra pillows and blankets"", ""Long term stays allowed"", ""Oven"", ""BBQ grill"", ""Shared hot tub - available all year"", ""Portable fans"", ""Backyard"", ""Noise decibel monitors on property"", ""Air conditioning"", ""Exterior security cameras on property"", ""Essentials"", ""Lock on bedroom door"", ""Toaster"", ""Coffee"", ""Laundromat nearby"", ""Shared patio or balcony"", ""Outdoor furniture"", ""Books and reading material"", ""First aid kit"", ""Barbecue utensils"", ""Conditioner"", ""Free parking on premises"", ""Dishes and silverware"", ""Hangers"", ""Refrigerator"", ""Blender"", ""Self check-in"", ""Freezer"", ""Free street parking"", ""Fire extinguisher"", ""Cleaning products"", ""Keypad"", ""Board games"", ""Stove""]",1.0,4.0,Private room in home,Private room,
2,550,Kolkata,1,Carpet Area,Unfurnished,Bachelors,7500,"Welcome to ABBA House!<br />You won't find a better equipped home that sleeps more people. Charming, walkable neighborhood that puts you within easy reach of the Capital regions top attractions. Stroll to local cafes, shops, and parks.<br /><br />Centrally Located: The area's popular destinations are just minutes away. <br /><br />Modern Amenities: Stay connected with high-speed Wi-Fi and stay comfortable with central heating and air conditioning. Hot Tub and a large yard perfect for dogs or kids to play.",,https://a0.muscache.com/pictures/hosting/Hosting-969886763377526954/original/c91b6a05-75c2-45a1-a901-e9329b42d75f.jpeg,"[""Smoke alarm"", ""Kitchen"", ""Dishwasher"", ""Private patio or balcony"", ""Wifi"", ""Shower gel"", ""Hot water"", ""Coffee maker"", ""Private entrance"", ""Hair dryer"", ""Body soap"", ""Outdoor dining area"", ""Dryer"", ""TV"", ""Carbon monoxide alarm"", ""Bread maker"", ""Bed linens"", ""Luggage dropoff allowed"", ""Cooking basics"", ""Ceiling fan"", ""Shampoo"", ""Iron"", ""Hot water kettle"", ""Safe"", ""Wine glasses"", ""Dedicated workspace"", ""Microwave"", ""Baking sheet"", ""Clothing storage"", ""Dining table"", ""Heating"", ""Hammock"", ""Washer"", ""Extra pillows and blankets"", ""Pets allowed"", ""Long term stays allowed"", ""Oven"", ""BBQ grill"", ""Shared hot tub - available all year"", ""Portable fans"", ""Backyard"", ""Noise decibel monitors on property"", ""Air conditioning"", ""Exterior security cameras on property"", ""Essentials"", ""Toaster"", ""Coffee"", ""Laundromat nearby"", ""Outdoor furniture"", ""Books and reading material"", ""First aid kit"", ""Movie theater"", ""Barbecue utensils"", ""Conditioner"", ""Free parking on premises"", ""Dishes and silverware"", ""Hangers"", ""Refrigerator"", ""Blender"", ""Self check-in"", ""Freezer"", ""Free street parking"", ""Sun loungers"", ""Elevator"", ""Fire extinguisher"", ""Cleaning products"", ""Keypad"", ""Board games"", ""Stove"", ""Housekeeping available from 11:00\u202fAM to 5:00\u202fPM, 5 days a week - available at extra cost""]",9.0,4.0,Entire home,Entire home/apt,
1,550,Kolkata,2,Super Area,Unfurnished,Bachelors/Family,6500,"Experience the comfort of staying in a second room of our centrally located home. Conveniently situated on the main bus line, this residence offers ease of access to the city’s top destinations. Make yourself at home in our shared spaces, which include three serene enclosed porches and two Lovesac bean bags. Whether you’re traveling for work or leisure, our home promises a restful and enjoyable stay. Join us and immerse yourself in a welcoming atmosphere, complete with all the comforts of home.",,https://a0.muscache.com/pictures/c5d5a479-fb1c-4792-ab86-049702a64ecc.jpg,"[""Smoke alarm"", ""Kitchen"", ""Dishwasher"", ""Shared hot tub - available all year, open 24 hours"", ""Wifi"", ""Hot water"", ""Coffee maker"", ""Hair dryer"", ""Body soap"", ""Fire pit"", ""Dryer"", ""Outdoor dining area"", ""TV"", ""Carbon monoxide alarm"", ""Bed linens"", ""Luggage dropoff allowed"", ""Cooking basics"", ""Shampoo"", ""Iron"", ""Hot water kettle"", ""Dedicated workspace"", ""Microwave"", ""Clothing storage"", ""Dining table"", ""Heating"", ""Washer"", ""Extra pillows and blankets"", ""Long term stays allowed"", ""Oven"", ""BBQ grill"", ""Backyard"", ""Noise decibel monitors on property"", ""Air conditioning"", ""Exterior security cameras on property"", ""Essentials"", ""Lock on bedroom door"", ""Coffee"", ""First aid kit"", ""Conditioner"", ""Free parking on premises"", ""Dishes and silverware"", ""Hangers"", ""Refrigerator"", ""Blender"", ""Self check-in"", ""Freezer"", ""Free street parking"", ""Fire extinguisher"", ""Cleaning products"", ""Keypad"", ""Board games"", ""Stove""]",1.0,3.0,Private room in home,Private room,
1,200,Kolkata,1,Super Area,Unfurnished,Bachelors/Family,3000,Enjoy a warm stay in this central home.,,https://a0.muscache.com/pictures/miso/Hosting-1015385216942267174/original/a6bb50af-8230-4d98-b299-2e479e8d24ff.jpeg,"[""Smoke alarm"", ""Kitchen"", ""Exterior security cameras on property"", ""Lock on bedroom door"", ""Wifi"", ""Free parking on premises"", ""Washer""]",1.0,0.5,Private room in villa,Private room,
2,650,Kolkata,1,Carpet Area,Unfurnished,Bachelors,5200,"Prime Real Estate On the Bus Route - Free bus every 20 minutes.<br /><br />This place is in the Heart of Albany, lots of things in walking distance. Bar and Restaurant Mania!<br /><br />Minutes from:<br />Suny Albany Downtown<br />Albany Medical College<br />Albany Law School<br />St Peters Hospital<br />Albany VA Medical Center<br />Samaritan Hospital<br />Albany Memorial Hospital<br />Massry Family Children's Emerg Center",,https://a0.muscache.com/pictures/miso/Hosting-48407173/original/7a6a8d11-e1c7-4835-bfa1-be8c29475cf4.jpeg,"[""Smoke alarm"", ""Kitchen"", ""Ethernet connection"", ""Wifi"", ""Shower gel"", ""Hot water"", ""Coffee maker"", ""Hair dryer"", ""Body soap"", ""Mini fridge"", ""TV"", ""Carbon monoxide alarm"", ""Bed linens"", ""Bathtub"", ""Cooking basics"", ""Baking sheet"", ""Shampoo"", ""Iron"", ""Room-darkening shades"", ""Hot water kettle"", ""Wine glasses"", ""Dedicated workspace"", ""Microwave"", ""Clothing storage"", ""Smart lock"", ""Extra pillows and blankets"", ""Long term stays allowed"", ""Oven"", ""Exterior security cameras on property"", ""Essentials"", ""Coffee"", ""Laundromat nearby"", ""Central heating"", ""First aid kit"", ""Conditioner"", ""Dishes and silverware"", ""Hangers"", ""Refrigerator"", ""Self check-in"", ""Freezer"", ""Free street parking"", ""Fire extinguisher"", ""Cleaning products"", ""Stove""]",0.0,1.0,Entire rental unit,Entire home/apt,
2,1000,Kolkata,2,Super Area,Furnished,Bachelors/Family,25000,"The best location in Albany. This room is cozy with large windows. The closet is big and ideal for longer stays. You’ll live the living areas with ornate woodwork and natural light throughout. Walk to eateries, grocery, and cinema. The yard is massive with a screened in gazebo. Come relax!",,https://a0.muscache.com/pictures/fb78a5c6-79d9-42c4-97fc-97c6321b11d4.jpg,"[""Smoke alarm"", ""Kitchen"", ""Dishwasher"", ""Shared hot tub - available all year, open 24 hours"", ""Wifi"", ""Hot water"", ""Coffee maker"", ""Hair dryer"", ""Body soap"", ""Fire pit"", ""Dryer"", ""Outdoor dining area"", ""TV"", ""Carbon monoxide alarm"", ""Bed linens"", ""Luggage dropoff allowed"", ""Cooking basics"", ""Shampoo"", ""Iron"", ""Hot water kettle"", ""Dedicated workspace"", ""Microwave"", ""Clothing storage"", ""Dining table"", ""Heating"", ""Washer"", ""Extra pillows and blankets"", ""Long term stays allowed"", ""Oven"", ""BBQ grill"", ""Backyard"", ""Noise decibel monitors on property"", ""Air conditioning"", ""Exterior security cameras on property"", ""Essentials"", ""Lock on bedroom door"", ""Coffee"", ""First aid kit"", ""Conditioner"", ""Free parking on premises"", ""Dishes and silverware"", ""Hangers"", ""Refrigerator"", ""Blender"", ""Self check-in"", ""Freezer"", ""Free street parking"", ""Fire extinguisher"", ""Cleaning products"", ""Keypad"", ""Board games"", ""Stove""]",1.0,3.0,Private room in home,Private room,
2,680,Kolkata,2,Carpet Area,Unfurnished,Bachelors/Family,12500,"Enjoy a comfortable stay in a truly one of a kind home in Albany. This former retreat has  loads of amenities to enjoy; two dining room, two living rooms, three porches, a full kitchen, huge yard, gazebo, coffee bar and more! The room has a desk and TV. Walk to eateries, grocery, and cinema.",,https://a0.muscache.com/pictures/hosting/Hosting-1018299533220989494/original/042cdfe3-ad60-4868-bf34-e00d6935ec76.jpeg,"[""Smoke alarm"", ""Kitchen"", ""Dishwasher"", ""Shared hot tub - available all year, open 24 hours"", ""Wifi"", ""Hot water"", ""Coffee maker"", ""Hair dryer"", ""Body soap"", ""Fire pit"", ""Dryer"", ""Outdoor dining area"", ""TV"", ""Carbon monoxide alarm"", ""Bed linens"", ""Luggage dropoff allowed"", ""Cooking basics"", ""Shampoo"", ""Iron"", ""Hot water kettle"", ""Dedicated workspace"", ""Microwave"", ""Clothing storage"", ""Dining table"", ""Heating"", ""Washer"", ""Extra pillows and blankets"", ""Long term stays allowed"", ""Oven"", ""BBQ grill"", ""Backyard"", ""Noise decibel monitors on property"", ""Air conditioning"", ""Exterior security cameras on property"", ""Essentials"", ""Lock on bedroom door"", ""Coffee"", ""First aid kit"", ""Conditioner"", ""Free parking on premises"", ""Dishes and silverware"", ""Hangers"", ""Refrigerator"", ""Blender"", ""Self check-in"", ""Freezer"", ""Free street parking"", ""Fire extinguisher"", ""Cleaning products"", ""Keypad"", ""Board games"", ""Stove""]",1.0,3.0,Private room in home,Private room,
2,720,Kolkata,2,Carpet Area,Unfurnished,Bachelors/Family,8500,"Discover a charming one-bedroom retreat with exposed brick walls and park views right in the heart of Albany. Just a leisurely 3-minute stroll from Albany Med, and mere minutes away from Downtown and state offices, this prime location is surrounded by a tapestry of distinctive and top-tier restaurants and bars, ensuring an unforgettable experience in the heart of our vibrant area. An ideal location for traveling nurses and visitors to the area, perfectly tailored to meet your needs.",,https://a0.muscache.com/pictures/miso/Hosting-1018972187574908115/original/15e8c202-25d6-4abd-b9b3-56e06f0a959b.png,"[""Smoke alarm"", ""Kitchen"", ""Smart lock"", ""Cooking basics"", ""Iron"", ""Air conditioning"", ""Fire extinguisher"", ""Wifi"", ""Heating"", ""Hair dryer"", ""First aid kit"", ""TV"", ""Carbon monoxide alarm"", ""Self check-in""]",1.0,1.0,Entire rental unit,Entire home/apt,
2,500,Kolkata,1,Carpet Area,Unfurnished,Bachelors,3500,"Welcome to our studio which located at hearth of Albany. Close to Bus Station, Train Station, Business and finance district, MVP Arena, SUNY Albany headquarters, night life and historic places. All kind of restaurant and bars in walking distance. 1 bedroom with queen bed , bathroom and kitchen. Kitchen has all utensils.",,https://a0.muscache.com/pictures/hosting/Hosting-1020518500251473070/original/406ed069-57c6-420b-90fa-c455e57c3913.jpeg,"[""Smoke alarm"", ""Kitchen"", ""Wifi"", ""Hot water"", ""Hair dryer"", ""TV"", ""Carbon monoxide alarm"", ""City skyline view"", ""Bed linens"", ""Bathtub"", ""Cooking basics"", ""Room-darkening shades"", ""Hot water kettle"", ""Wine glasses"", ""Dedicated workspace"", ""Microwave"", ""Coffee maker: Keurig coffee machine"", ""Dining table"", ""Smart lock"", ""Conditioner conditioner"", ""Electric stove"", ""Essentials"", ""Coffee"", ""Laundromat nearby"", ""Single oven"", ""Clothing storage: closet"", ""Central heating"", ""Window AC unit"", ""Dishes and silverware"", ""Hangers"", ""Self check-in"", ""Freezer"", ""Free street parking"", ""Refrigerator refrigerator"", ""Paid parking on premises"", ""Cleaning products"", ""Bodysoap body soap"", ""Shampoo shampoo""]",0.0,1.0,Entire rental unit,Entire home/apt,
2,800,Kolkata,1,Super Area,Unfurnished,Bachelors/Family,7000,"Enjoy a stylish experience at this centrally-located place. The spacious unit is newly renovated with a 4K Smart TV, in unit washer/dryer, updated kitchen and bathroom, high speed internet. <br /><br />You will also have access to the building gym.",,https://a0.muscache.com/pictures/miso/Hosting-1020993107237604444/original/f51837fc-f946-4379-9b0d-3c701f342415.jpeg,"[""Smoke alarm"", ""Kitchen"", ""Dishwasher"", ""Wifi"", ""Hot water"", ""Hair dryer"", ""Body soap"", ""TV"", ""Carbon monoxide alarm"", ""Bed linens"", ""Heating - split type ductless system"", ""Cooking basics"", ""Shampoo"", ""Iron"", ""Room-darkening shades"", ""Wine glasses"", ""Dedicated workspace"", ""Microwave"", ""Coffee maker: Keurig coffee machine"", ""Dining table"", ""Washer"", ""Extra pillows and blankets"", ""Pets allowed"", ""Long term stays allowed"", ""Oven"", ""Air conditioning"", ""Toaster"", ""Essentials"", ""Coffee"", ""Dishes and silverware"", ""Hangers"", ""Refrigerator"", ""Self check-in"", ""Freezer"", ""Free street parking"", ""Lockbox"", ""Free dryer \u2013 In unit"", ""Cleaning products"", ""Cleaning available during stay"", ""Stove""]",1.0,1.0,Entire rental unit,Entire home/apt,
1,160,Kolkata,1,Super Area,Unfurnished,Bachelors/Family,3000,"Enjoy a stylish experience at this centrally-located place. The unit is newly renovated with a 4K Smart TV, in unit washer/dryer, updated kitchen and bathroom, high speed internet. <br /><br />You will also have access to the building gym.",,https://a0.muscache.com/pictures/miso/Hosting-1021011347006185640/original/4871d1f2-e03e-4d1d-bf06-6a26e269f5a0.jpeg,"[""Smoke alarm"", ""Kitchen"", ""Dishwasher"", ""Wifi"", ""Shower gel"", ""Hot water"", ""Hair dryer"", ""TV"", ""Carbon monoxide alarm"", ""Bed linens"", ""Heating - split type ductless system"", ""Cooking basics"", ""Shampoo"", ""Iron"", ""Room-darkening shades"", ""Wine glasses"", ""Dedicated workspace"", ""Microwave"", ""Coffee maker: Keurig coffee machine"", ""Dining table"", ""Stainless steel oven"", ""Washer"", ""Long term stays allowed"", ""Pets allowed"", ""Air conditioning"", ""Essentials"", ""Coffee"", ""Single level home"", ""Dishes and silverware"", ""Hangers"", ""Refrigerator"", ""Self check-in"", ""Freezer"", ""Lockbox"", ""Free dryer \u2013 In unit"", ""Cleaning products"", ""Hockey rink"", ""Cleaning available during stay"", ""Stove""]",1.0,1.0,Entire rental unit,Entire home/apt,
2,1200,Kolkata,2,Carpet Area,Unfurnished,Bachelors/Family,14000,"Bright and airy newly renovated 2 Bedroom / 2 Bathroom apartment near downtown Albany.  Located on the ground floor of one of Albany’s oldest townhomes, the apartment is a blend of rich historical architecture with new, modern furnishings.   <br /><br />Featuring high ceilings, wide plank floors and rich details, the living spaces are ample in size and both bedrooms feature queen size beds with luxurious bedding.  The kitchen features all new appliances, cookware and utensils.",,https://a0.muscache.com/pictures/miso/Hosting-1034722814589239236/original/b992183d-e8bb-423f-bea4-5b039ab79cc5.jpeg,"[""Smoke alarm"", ""Kitchen"", ""Dishwasher"", ""Private patio or balcony"", ""Clothing storage: closet and dresser"", ""Wifi"", ""Hot water"", ""Hair dryer"", ""Carbon monoxide alarm"", ""Bed linens"", ""Luggage dropoff allowed"", ""55 inch HDTV"", ""River view"", ""Bathtub"", ""Cooking basics"", ""Ceiling fan"", ""Iron"", ""Baking sheet"", ""Room-darkening shades"", ""Host greets you"", ""Dedicated workspace"", ""Microwave"", ""Coffee maker: Keurig coffee machine"", ""Dining table"", ""Stainless steel oven"", ""Extra pillows and blankets"", ""Pets allowed"", ""Long term stays allowed"", ""Paid washer \u2013 In building"", ""Air conditioning"", ""Toaster"", ""Essentials"", ""Coffee"", ""Outdoor furniture"", ""Books and reading material"", ""Central heating"", ""First aid kit"", ""Dishes and silverware"", ""Hangers"", ""Refrigerator"", ""Freezer"", ""Free street parking"", ""Fire extinguisher"", ""Cleaning products"", ""Paid dryer \u2013 In building"", ""Cleaning available during stay"", ""Stove""]",2.0,2.0,Entire rental unit,Entire home/apt,
1,700,Kolkata,1,Super Area,Furnished,Bachelors/Family,18000,"Step into Fortune Suites, a recently revamped Two-bedroom apartment ideally situated within 8 to 10 minutes' drive of Albany Med, Times Union Center, and other local attractions. Street parking is hassle-free, accommodating up to 4 Non-smoking guests. Toiletries are provided, and we kindly request keeping noise levels down after 9:00 pm. Rest assured, high-speed internet is included for your convenience. Welcome and enjoy your stay!",,https://a0.muscache.com/pictures/e0129356-7072-49fb-85e2-5c0c6172bfdb.jpg,"[""Smoke alarm"", ""Kitchen"", ""Ethernet connection"", ""Clothing storage: closet and dresser"", ""Wifi"", ""Hot water"", ""Body soap"", ""TV"", ""Carbon monoxide alarm"", ""Bed linens"", ""Luggage dropoff allowed"", ""Bathtub"", ""Cooking basics"", ""Shampoo"", ""Iron"", ""Hot water kettle"", ""Wine glasses"", ""Microwave"", ""Heating"", ""Long term stays allowed"", ""Pets allowed"", ""Electric stove"", ""Oven"", ""Exterior security cameras on property"", ""Air conditioning"", ""Toaster"", ""Essentials"", ""First aid kit"", ""Dishes and silverware"", ""Hangers"", ""Refrigerator"", ""Free street parking"", ""Fire extinguisher"", ""Cleaning products""]",2.0,1.0,Entire rental unit,Entire home/apt,
1,1000,Kolkata,1,Super Area,Semi-Furnished,Bachelors/Family,3500,"This fully furnished 2-bedroom bungalow is ideal for monthly stays (30+ nights) and includes utilities, high-speed Wi-Fi, and in-unit laundry. Located just 10 minutes from Albany Medical Center and St. Peter’s Health Partners, it's perfect for travel nurses, digital nomads, corporate professionals, relocating families, or those visiting for medical care. A comfortable and convenient home base for work, family, or exploring New York’s capital region.",,https://a0.muscache.com/pictures/hosting/Hosting-U3RheVN1cHBseUxpc3Rpbmc6MTA1MjM4MTExMjExNjE3MzkyMw%3D%3D/original/21fad5ba-002a-4b38-ae70-a7a789056c5b.jpeg,"[""Smoke alarm"", ""Kitchen"", ""Wifi"", ""Hot water"", ""Private entrance"", ""Hair dryer"", ""TV"", ""Carbon monoxide alarm"", ""Bed linens"", ""Luggage dropoff allowed"", ""Ceiling fan"", ""Iron"", ""Baking sheet"", ""Room-darkening shades"", ""Wine glasses"", ""Dedicated workspace"", ""Long term stays allowed"", ""Pets allowed"", ""Radiant heating"", ""Backyard"", ""Exterior security cameras on property"", ""Air conditioning"", ""Toaster"", ""Essentials"", ""First aid kit"", ""Dishes and silverware"", ""Hangers"", ""Refrigerator"", ""Blender"", ""Self check-in"", ""Coffee maker: drip coffee maker"", ""Free street parking"", ""Fire extinguisher"", ""Keypad"", ""Stove""]",2.0,1.0,Entire home,Entire home/apt,
2,1250,Kolkata,2,Super Area,Unfurnished,Bachelors/Family,16000,,,https://a0.muscache.com/pictures/miso/Hosting-1056469473906808728/original/16685df9-0120-4e8e-8492-b114f7f4cc70.jpeg,"[""Smoke alarm"", ""Kitchen"", ""Exterior security cameras on property"", ""Iron"", ""Air conditioning"", ""Fire extinguisher"", ""Lock on bedroom door"", ""Host greets you"", ""Wifi"", ""Dedicated workspace"", ""Carbon monoxide alarm"", ""First aid kit"", ""Indoor fireplace"", ""TV"", ""Free parking on premises"", ""Washer""]",1.0,1.5,Private room in home,Private room,
4,1600,Kolkata,3,Super Area,Unfurnished,Bachelors/Family,35000,"Stay in our 5-bedroom 3-story townhouse nestled in a renovated, historic 200-year-old building located in Albany's serene Pastures neighborhood. Just a short walk from landmarks like the Albany Medical Center, Times Union Center, Empire State Plaza, and vibrant Lark Street. Easy access to I-787, I-90 & I-87. Five queen beds and two queen air mattresses and couches accommodate up to 16. Ideal for large families and groups. Dive into Albany's history with modern comforts.",,https://a0.muscache.com/pictures/hosting/Hosting-U3RheVN1cHBseUxpc3Rpbmc6MTA2MTgxNDA5MTc3MzM3NjI3Mg%3D%3D/original/da1e052d-eaf0-4009-909e-d2048eb97507.jpeg,"[""Smoke alarm"", ""Kitchen"", ""Dishwasher"", ""Wifi"", ""Shower gel"", ""Hot water"", ""Coffee maker"", ""Private entrance"", ""Hair dryer"", ""Body soap"", ""Dryer"", ""Paid parking off premises"", ""TV"", ""Carbon monoxide alarm"", ""Bed linens"", ""Luggage dropoff allowed"", ""Bathtub"", ""Cooking basics"", ""Ceiling fan"", ""Shampoo"", ""Iron"", ""Room-darkening shades"", ""Hot water kettle"", ""Baking sheet"", ""Dedicated workspace"", ""Microwave"", ""Clothing storage"", ""Dining table"", ""Heating"", ""Washer"", ""Smart lock"", ""Extra pillows and blankets"", ""Pets allowed"", ""Long term stays allowed"", ""Oven"", ""Backyard"", ""Noise decibel monitors on property"", ""Air conditioning"", ""Exterior security cameras on property"", ""Essentials"", ""Toaster"", ""Coffee"", ""Laundromat nearby"", ""Patio or balcony"", ""Pack \u2019n play/Travel crib"", ""First aid kit"", ""Conditioner"", ""Game console: PS3"", ""Dishes and silverware"", ""Free parking on premises"", ""Hangers"", ""Refrigerator"", ""Self check-in"", ""Freezer"", ""Free street parking"", ""Fire extinguisher"", ""Paid parking on premises"", ""Bidet"", ""Cleaning available during stay"", ""Stove""]",5.0,4.0,Entire townhouse,Entire home/apt,
2,700,Kolkata,1,Super Area,Semi-Furnished,Bachelors/Family,21000,"Hello, thanks for checking out my listing! This is a vintage home with a private twin bedroom. Living room, dining room, kitchen, front porch with rocking chair and AM sun, and back deck with two seating areas in warmer weather. The back yard is quiet and serene with more wildlife to watch than you might expect in the city! Guest should expect lots of peace and privacy.<br /><br />Expect a homey feel, and a safe and clean space. Please note, two sweet little kitties live here!",,https://a0.muscache.com/pictures/hosting/Hosting-U3RheVN1cHBseUxpc3Rpbmc6MTA2MjUyNzAxMzg4NTMxNTc2NA%3D%3D/original/2ec11df0-fd2f-4fbd-962c-8006d9e0e54e.jpeg,"[""Smoke alarm"", ""Kitchen"", ""Dishwasher"", ""Wifi"", ""Hot water"", ""Coffee maker"", ""Hair dryer"", ""TV"", ""Carbon monoxide alarm"", ""Bed linens"", ""Bathtub"", ""Cooking basics"", ""Ceiling fan"", ""Baking sheet"", ""Room-darkening shades"", ""Hot water kettle"", ""Wine glasses"", ""Microwave"", ""Clothing storage"", ""Dining table"", ""Heating"", ""Extra pillows and blankets"", ""Long term stays allowed"", ""Oven"", ""Portable fans"", ""Drying rack for clothing"", ""Exterior security cameras on property"", ""Air conditioning"", ""Toaster"", ""Essentials"", ""Patio or balcony"", ""Backyard"", ""Outdoor furniture"", ""First aid kit"", ""Free washer \u2013 In unit"", ""Dishes and silverware"", ""Free parking on premises"", ""Hangers"", ""Refrigerator"", ""Blender"", ""Self check-in"", ""Freezer"", ""Free street parking"", ""Fire extinguisher"", ""Free dryer \u2013 In unit"", ""Cleaning products"", ""Keypad"", ""Stove""]",1.0,1.5,Private room in home,Private room,
1,450,Kolkata,1,Super Area,Unfurnished,Bachelors/Family,4500,The whole group will enjoy easy access to everything from this centrally located place. Enjoy all the eateries around the city. Short distance to all the local hospitals and colleges. Bring your pets as we have a fenced in backyard and quite neighbors !,,https://a0.muscache.com/pictures/hosting/Hosting-1090781013234004527/original/aa357bf9-5178-4ec4-be89-f5fdb3f85bce.jpeg,"[""Smoke alarm"", ""Kitchen"", ""Stainless steel single oven"", ""Portable air conditioning"", ""Wifi"", ""Hot water"", ""TV"", ""Carbon monoxide alarm"", ""Bed linens"", ""Bathtub"", ""Cooking basics"", ""Baking sheet"", ""Microwave"", ""Dining table"", ""Heating"", ""Long term stays allowed"", ""Pets allowed"", ""Laundromat nearby"", ""First aid kit"", ""Free parking on premises"", ""Dishes and silverware"", ""Window AC unit"", ""Self check-in"", ""Refrigerator"", ""Freezer"", ""Coffee maker: drip coffee maker"", ""Fire extinguisher"", ""Cleaning products"", ""Keypad"", ""Clothing storage: walk-in closet"", ""Shared backyard \u2013 Fully fenced""]",1.0,1.0,Entire rental unit,Entire home/apt,
2,839,Kolkata,2,Super Area,Semi-Furnished,Bachelors/Family,15000,This unique place has a style all its own. Three levels of space all to yourself. Central located in Downtown Albany. Fully stocked kitchen to make meals at home or plenty of near by restaurants to explore. Spacious bedroom with attached bathroom. Work area to get some work done before hanging out to catch up on some Netflix shows. Your home away from home for a night or more of you choose.,,https://a0.muscache.com/pictures/hosting/Hosting-1091500387329731524/original/6d20eb9f-9e47-4b2d-8607-4e8c82215d65.jpeg,"[""Smoke alarm"", ""Kitchen"", ""Dishwasher"", ""Wifi"", ""Shower gel"", ""Hot water"", ""Hair dryer"", ""TV"", ""Carbon monoxide alarm"", ""Bed linens"", ""Luggage dropoff allowed"", ""Bathtub"", ""Cooking basics"", ""Baking sheet"", ""Shampoo"", ""Iron"", ""Wine glasses"", ""Microwave"", ""Free parking garage on premises"", ""Coffee maker: Keurig coffee machine"", ""Dining table"", ""Long term stays allowed"", ""Oven"", ""Noise decibel monitors on property"", ""Air conditioning"", ""Exterior security cameras on property"", ""Essentials"", ""Coffee"", ""Clothing storage: closet"", ""Central heating"", ""First aid kit"", ""Conditioner"", ""Dishes and silverware"", ""Hangers"", ""Refrigerator"", ""Self check-in"", ""Fire extinguisher"", ""Cleaning products"", ""Keypad"", ""Cleaning available during stay"", ""Stove""]",1.0,1.5,Entire rental unit,Entire home/apt,
1,230,Kolkata,1,Super Area,Unfurnished,Bachelors/Family,4500,"Kick back and relax in this calm, stylish space. Garden level studio just recently updated. Open floor plan offering everything you need to come home after a long day. Great location minutes off of Lark Street. Close to Capital Center, downtown, medical center and more.",,https://a0.muscache.com/pictures/hosting/Hosting-1097995825442731795/original/24323334-bcee-4d0e-9931-f76092df7b63.jpeg,"[""Smoke alarm"", ""Kitchen"", ""Dishwasher"", ""Wifi"", ""Hot water"", ""Hair dryer"", ""Body soap"", ""TV"", ""Carbon monoxide alarm"", ""Bed linens"", ""Clothing storage: dresser"", ""Heating - split type ductless system"", ""Bathtub"", ""Cooking basics"", ""Baking sheet"", ""Shampoo"", ""Iron"", ""Wine glasses"", ""Microwave"", ""Coffee maker: Keurig coffee machine"", ""Long term stays allowed"", ""Electric stove"", ""Oven"", ""Air conditioning"", ""Essentials"", ""Laundromat nearby"", ""Conditioner"", ""Dishes and silverware"", ""Hangers"", ""Refrigerator"", ""Self check-in"", ""Lockbox"", ""Cleaning products"", ""Cleaning available during stay""]",0.0,1.0,Entire rental unit,Entire home/apt,
1,1800,Kolkata,1,Super Area,Unfurnished,Bachelors/Family,5500,Your family will be close to everything when you stay at this centrally-located place.,,https://a0.muscache.com/pictures/hosting/Hosting-1100876731732967826/original/aa5a5af8-de09-4201-b4d5-518b99385b84.jpeg,"[""Smoke alarm"", ""Kitchen"", ""Wifi"", ""Hot water"", ""Hair dryer"", ""Body soap"", ""TV"", ""Carbon monoxide alarm"", ""Bed linens"", ""Bathtub"", ""Cooking basics"", ""Ceiling fan"", ""Shampoo"", ""Iron"", ""Hot water kettle"", ""Baking sheet"", ""Dedicated workspace"", ""Microwave"", ""Coffee maker: Keurig coffee machine"", ""Dining table"", ""Washer"", ""Oven"", ""Air conditioning"", ""Toaster"", ""Coffee"", ""Central heating"", ""Conditioner"", ""Free parking on premises"", ""Dishes and silverware"", ""Hangers"", ""Self check-in"", ""Free street parking"", ""Lockbox"", ""Free dryer \u2013 In unit"", ""Cleaning products""]",2.0,1.0,Entire rental unit,Entire home/apt,
2,800,Kolkata,2,Super Area,Unfurnished,Bachelors/Family,8500,"Welcome to our lovely 1-bedroom apartment nestled in a quiet residential area of Albany. Just a short stroll from Market 32 and local restaurants, this location is ideal. With St. Rose College nearby, Downtown Albany a 7-minute drive away, 10 minute walk to MVP area, Albany Med just 4 minutes walk, and Saint Peters only 5 minutes driving, convenience is at your fingertips. The apartment is part of a 4-unit house, offering privacy and thick walls for a noise-free environment.",,https://a0.muscache.com/pictures/prohost-api/Hosting-1102984130027939637/original/b14ca0be-8f4c-4787-9a40-402367b4c0ec.png,"[""Smoke alarm"", ""Wifi"", ""Coffee maker"", ""Carbon monoxide alarm"", ""Cooking basics"", ""Hot water kettle"", ""Wine glasses"", ""Microwave"", ""Heating"", ""Oven"", ""Air conditioning"", ""Essentials"", ""Coffee"", ""First aid kit"", ""Dishes and silverware"", ""Blender"", ""Refrigerator"", ""Freezer"", ""Stove""]",1.0,1.0,Entire home,Entire home/apt,
1,500,Kolkata,1,Carpet Area,Semi-Furnished,Bachelors/Family,5000,"Welcome to our charming Airbnb located in the heart of Albany, NY, perfectly situated on the central bus line for easy access to all the city's major attractions. Our accommodation has spacious common areas that invite you to relax and unwind.<br />Discover our expansive yard, an oasis in the city the highlight of which is undoubtedly the massive hot tub.<br />The property is outfitted with an abundance of furniture indoors and out. ABBA House is designed to make your stay as comfortable as possible.",,https://a0.muscache.com/pictures/hosting/Hosting-969886763377526954/original/d1df2699-3f97-49ff-ac75-10012cc0445a.jpeg,"[""Smoke alarm"", ""Kitchen"", ""Dishwasher"", ""Wifi"", ""Hot water"", ""Coffee maker"", ""Hot tub"", ""Hair dryer"", ""Body soap"", ""Fire pit"", ""Dryer"", ""Outdoor dining area"", ""TV"", ""Carbon monoxide alarm"", ""Bed linens"", ""Luggage dropoff allowed"", ""Cooking basics"", ""Shampoo"", ""Iron"", ""Hot water kettle"", ""Microwave"", ""Clothing storage"", ""Dining table"", ""Heating"", ""Washer"", ""Extra pillows and blankets"", ""Long term stays allowed"", ""Oven"", ""BBQ grill"", ""Backyard"", ""Exterior security cameras on property"", ""Air conditioning"", ""Essentials"", ""Lock on bedroom door"", ""Coffee"", ""First aid kit"", ""Conditioner"", ""Free parking on premises"", ""Dishes and silverware"", ""Hangers"", ""Refrigerator"", ""Blender"", ""Self check-in"", ""Freezer"", ""Free street parking"", ""Fire extinguisher"", ""Cleaning products"", ""Keypad"", ""Board games"", ""Stove""]",1.0,3.0,Private room in home,Private room,
2,620,Kolkata,1,Carpet Area,Unfurnished,Bachelors,8500,,,https://a0.muscache.com/pictures/hosting/Hosting-1105303461851883481/original/a0d7d20e-81c6-4641-afc9-c49d2ba408ac.jpeg,"[""Smoke alarm"", ""Shower gel"", ""Hot water"", ""Hair dryer"", ""Body soap"", ""Carbon monoxide alarm"", ""Bed linens"", ""Bathtub"", ""Shampoo"", ""Clothing storage"", ""Heating"", ""Pets allowed"", ""Exterior security cameras on property"", ""Air conditioning"", ""Conditioner"", ""Hangers"", ""Self check-in"", ""Lockbox"", ""Paid parking on premises"", ""Cleaning products"", ""Bidet""]",2.0,1.0,Entire home,Entire home/apt,
2,650,Kolkata,1,Carpet Area,Unfurnished,Bachelors/Family,9000,"This amazing historical apartment is located in Downtown Albany, near the Palace Theater, MVP Arena, Capital Repertory Theatre, NYS Museums, restaurants, and cafes. 1 free parking permit space and small pet friendly. Amenities includes Keyless entry, Free wifi, Free Laundry on site, a kids Multi-game table, 1 Queen LED lite bed, with a blowup bed and a pull out couch. Please be cautious about parking. Albany City has street cleaning nights that prohibits certain side parking on Sundays & Mondays",,https://a0.muscache.com/pictures/hosting/Hosting-1111221935683053416/original/89883002-85cb-4564-99af-d80fa9b8433d.jpeg,"[""Smoke alarm"", ""Kitchen"", ""Dishwasher"", ""Stainless steel single oven"", ""Private patio or balcony"", ""Portable air conditioning"", ""Wifi"", ""Shower gel"", ""Hot water"", ""Private entrance"", ""Hair dryer"", ""Body soap"", ""Outdoor dining area"", ""TV"", ""Carbon monoxide alarm"", ""Bed linens"", ""Bathtub"", ""Cooking basics"", ""Ceiling fan"", ""Shampoo"", ""Iron"", ""Wine glasses"", ""Baking sheet"", ""Dedicated workspace"", ""Microwave"", ""Portable heater"", ""Coffee maker: Keurig coffee machine"", ""Dining table"", ""Exercise equipment"", ""Washer"", ""Extra pillows and blankets"", ""Pets allowed"", ""Long term stays allowed"", ""Ping pong table"", ""Portable fans"", ""Radiant heating"", ""Noise decibel monitors on property"", ""Exterior security cameras on property"", ""Essentials"", ""Coffee"", ""First aid kit"", ""Arcade games"", ""Conditioner"", ""Free parking on premises"", ""Dishes and silverware"", ""Self check-in"", ""Refrigerator"", ""Blender"", ""Fire extinguisher"", ""Cleaning products"", ""Keypad"", ""Stove""]",1.0,1.0,Entire rental unit,Entire home/apt,
1,550,Kolkata,1,Super Area,Semi-Furnished,Bachelors/Family,7500,"Welcome to your Albany home base! This professionally maintained garden-level apartment is located in an authentic 1858 Center Square row house—Albany's most walkable historic neighborhood. Perfect for legislative professionals, corporate travelers, and anyone seeking a peaceful retreat with the Capitol, restaurants, and Washington Park all within a 10-minute walk.",,https://a0.muscache.com/pictures/hosting/Hosting-U3RheVN1cHBseUxpc3Rpbmc6MTExOTY5MTQwMTAyMDY0MTM4NQ%3D%3D/original/db03ed6b-f426-4709-8490-1e4e4b6f485f.jpeg,"[""Smoke alarm"", ""Kitchen"", ""Wifi"", ""Shower gel"", ""Hot water"", ""Private entrance"", ""Hair dryer"", ""Body soap"", ""Fire pit"", ""Dryer"", ""TV"", ""Carbon monoxide alarm"", ""Bed linens"", ""Cooking basics"", ""Baking sheet"", ""Shampoo"", ""Iron"", ""Dedicated workspace"", ""Microwave"", ""Heating"", ""Washer"", ""Long term stays allowed"", ""Oven"", ""Exterior security cameras on property"", ""Air conditioning"", ""Toaster"", ""Coffee"", ""First aid kit"", ""Conditioner"", ""Free parking on premises"", ""Self check-in"", ""Refrigerator"", ""Freezer"", ""Coffee maker: drip coffee maker"", ""Free street parking"", ""Fire extinguisher"", ""Keypad"", ""Stove"", ""Private backyard""]",1.0,0.0,Entire rental unit,Entire home/apt,
2,450,Kolkata,2,Carpet Area,Furnished,Bachelors,7000,"Step into Albany history! This garden-level apartment is nestled in an authentic 1858 Center Square row house, where original character meets modern convenience. You're in the heart of Albany's most walkable, vibrant historic district—steps from award-winning restaurants, Washington Park, and the cultural heart of the Capital Region.",,https://a0.muscache.com/pictures/hosting/Hosting-1120212616553191970/original/cbdc9397-0e47-4a4b-89a0-6eb61ac77ec5.jpeg,"[""Smoke alarm"", ""Kitchen"", ""Wifi"", ""Shower gel"", ""Hot water"", ""Private entrance"", ""Hair dryer"", ""Body soap"", ""Fire pit"", ""Dryer"", ""TV"", ""Carbon monoxide alarm"", ""Bed linens"", ""Cooking basics"", ""Baking sheet"", ""Shampoo"", ""Iron"", ""Dedicated workspace"", ""Microwave"", ""Clothing storage"", ""Dining table"", ""Heating"", ""Washer"", ""Long term stays allowed"", ""Oven"", ""Backyard"", ""Exterior security cameras on property"", ""Air conditioning"", ""Toaster"", ""Coffee"", ""Patio or balcony"", ""Outdoor furniture"", ""First aid kit"", ""Conditioner"", ""Free parking on premises"", ""Dishes and silverware"", ""Hangers"", ""Refrigerator"", ""Self check-in"", ""Freezer"", ""Coffee maker: drip coffee maker"", ""Free street parking"", ""Lockbox"", ""Fire extinguisher"", ""Cleaning products"", ""Stove""]",1.0,1.0,Entire rental unit,Entire home/apt,
3,1350,Kolkata,2,Carpet Area,Unfurnished,Family,15000,Keep it simple at this peaceful and centrally-located place.,,https://a0.muscache.com/pictures/miso/Hosting-1121699903906738345/original/bee19bf0-fafb-4a49-acdb-330867d955ee.jpeg,"[""Smoke alarm"", ""Kitchen"", ""Dishwasher"", ""Wifi"", ""Shower gel"", ""Private entrance"", ""Outdoor dining area"", ""TV"", ""Carbon monoxide alarm"", ""Bed linens"", ""Cooking basics"", ""Wine glasses"", ""Microwave"", ""Dining table"", ""Heating"", ""Smart lock"", ""Oven"", ""Essentials"", ""Dishes and silverware"", ""Hangers"", ""Self check-in"", ""Freezer"", ""Cleaning products"", ""Stove""]",1.0,1.0,Entire rental unit,Entire home/apt,
2,600,Kolkata,2,Super Area,Semi-Furnished,Bachelors/Family,7000,"Perfect place to relax with your family or stopover on a work trip. A quiet, suburban neighborhood that is close enough to everything.<br />5 min drive to UAlbany and St Peter's Hospital.<br />15 min drive to downtown Albany.<br />18 min drive to Albany Int'l Airport.<br />5-10 min drive to plenty of restaurants and pubs.",,https://a0.muscache.com/pictures/hosting/Hosting-1123231471304541808/original/64d99842-9972-4e50-8a96-92931c4dd8d4.jpeg,"[""Smoke alarm"", ""Kitchen"", ""Wifi"", ""Shower gel"", ""Hot water"", ""Hair dryer"", ""TV"", ""Carbon monoxide alarm"", ""Bed linens"", ""Bathtub"", ""Cooking basics"", ""Shampoo"", ""Wine glasses"", ""Dedicated workspace"", ""Microwave"", ""Coffee maker: Keurig coffee machine"", ""Stainless steel oven"", ""Pets allowed"", ""Exterior security cameras on property"", ""Air conditioning"", ""Toaster"", ""Coffee"", ""Central heating"", ""Free parking on premises"", ""Dishes and silverware"", ""Self check-in"", ""Refrigerator"", ""Freezer"", ""Free street parking"", ""Fire extinguisher"", ""Keypad"", ""Stove""]",2.0,1.0,Entire townhouse,Entire home/apt,
3,1200,Kolkata,1,Super Area,Furnished,Bachelors/Family,10000,"This is a cozy, well appointed garden level apartment in a historical brownstone, directly across from the gate to the Executive Mansion. Full kitchen, laundry en suite, walking distance to the State Capitol and downtown.  Enjoy a stylish experience at this centrally-located place.<br /><br />PLEASE READ THE ENTIRE LISTING BEFORE MESSAGING WITH QUESTIONS. YOU WILL LIKELY FIND THE ANSWERS IN THE LISTING :-)",,https://a0.muscache.com/pictures/miso/Hosting-1124558577325015506/original/ba56f11c-3cf7-44f1-a10a-1e356017497f.jpeg,"[""Smoke alarm"", ""Kitchen"", ""Wifi"", ""Shower gel"", ""Hot water"", ""Coffee maker"", ""Private entrance"", ""Hair dryer"", ""Body soap"", ""Fire pit"", ""Outdoor dining area"", ""TV"", ""Bed linens"", ""Bathtub"", ""Cooking basics"", ""Ceiling fan"", ""Shampoo"", ""Iron"", ""Wine glasses"", ""Dining table"", ""Heating"", ""Window guards"", ""Washer"", ""Extra pillows and blankets"", ""Pets allowed"", ""Long term stays allowed"", ""Electric stove"", ""Air conditioning"", ""Toaster"", ""Essentials"", ""Coffee"", ""Single level home"", ""Single oven"", ""Clothing storage: closet"", ""First aid kit"", ""Conditioner"", ""Dishes and silverware"", ""Refrigerator"", ""Freezer"", ""Free street parking"", ""Fire extinguisher"", ""Free dryer \u2013 In unit"", ""Private backyard \u2013 Fully fenced""]",1.0,1.0,Entire rental unit,Entire home/apt,
2,700,Kolkata,1,Super Area,Unfurnished,Bachelors/Family,7000,"Modern townhouse across from the Governors mansion. This unique property offers a perfect blend of historic charm and contemporary living in a building that whispers stories of the past.  A city retreat offering a blend of security, and accessibility to the city's key attractions. <br />1,900 sq ft of living space includes a modern living/dining area. A spacious 2nd floor bedroom and separate office and library. Large windows fill the spaces with light and access to a large outdoor yard.",,https://a0.muscache.com/pictures/miso/Hosting-1124632058968031818/original/f53866b8-6b16-4eb8-be6c-96f6a9a9a360.jpeg,"[""Smoke alarm"", ""Kitchen"", ""Dishwasher"", ""Private patio or balcony"", ""Wifi"", ""Shower gel"", ""Hot water"", ""Private entrance"", ""Hair dryer"", ""Body soap"", ""Fire pit"", ""Outdoor dining area"", ""TV"", ""Carbon monoxide alarm"", ""Bed linens"", ""Bathtub"", ""Cooking basics"", ""Ceiling fan"", ""Shampoo"", ""Iron"", ""Wine glasses"", ""Baking sheet"", ""Dedicated workspace"", ""Microwave"", ""Dining table"", ""Washer"", ""Long term stays allowed"", ""Pets allowed"", ""Electric stove"", ""Oven"", ""BBQ grill"", ""Exterior security cameras on property"", ""Air conditioning"", ""Toaster"", ""Essentials"", ""Coffee"", ""Outdoor furniture"", ""Books and reading material"", ""Clothing storage: closet"", ""Central heating"", ""First aid kit"", ""Barbecue utensils"", ""Conditioner"", ""Dishes and silverware"", ""Hangers"", ""Refrigerator"", ""Freezer"", ""Coffee maker: drip coffee maker"", ""Free street parking"", ""Fire extinguisher"", ""Free dryer \u2013 In unit"", ""Cleaning products"", ""Indoor fireplace: gas"", ""Shared backyard \u2013 Fully fenced""]",1.0,1.5,Entire home,Entire home/apt,
3,800,Kolkata,2,Carpet Area,Furnished,Bachelors/Family,3200,"Experience the best of Albany from 'Duckies Canopy,' a dog-friendly, 2-bedroom, 1-bath vacation rental perfectly suited for small groups. Ideally located within easy reach of local restaurants, sprawling green spaces, and lively entertainment options, this thoughtfully decorated townhome offers comfort and convenience for your stay. After a day of exploring, you can prepare dinner in the fully equipped kitchen and unwind in the living room with a movie on the Smart TV.",,https://a0.muscache.com/pictures/prohost-api/Hosting-1128332989288304495/original/50f11d04-f5b0-4b37-bdbc-bee4dcfa55f2.jpeg,"[""Smoke alarm"", ""Kitchen"", ""Dishwasher"", ""Wifi"", ""Hot water"", ""Coffee maker"", ""Private entrance"", ""Hair dryer"", ""TV"", ""Carbon monoxide alarm"", ""Bed linens"", ""Bathtub"", ""Cooking basics"", ""Iron"", ""Central air conditioning"", ""Microwave"", ""Dining table"", ""Pets allowed"", ""Oven"", ""Exterior security cameras on property"", ""Toaster"", ""Essentials"", ""Central heating"", ""First aid kit"", ""Free parking on premises"", ""Dishes and silverware"", ""Hangers"", ""Refrigerator"", ""Self check-in"", ""Outdoor playground"", ""Fire extinguisher"", ""Keypad"", ""Board games""]",2.0,1.0,Entire townhouse,Entire home/apt,
2,600,Kolkata,1,Carpet Area,Semi-Furnished,Bachelors/Family,6000,"Peaceful, relaxing yet convenient.  Our 1 bedroom was recently renovated, with custom design, to create an inviting space for you while you travel.  You'll find modern amenities throughout, but also be located in a historic 1880's townhouse across the street from one of Albany's largest parks.  Downtown is only a 5 minute drive away.",,https://a0.muscache.com/pictures/miso/Hosting-1128386510439836615/original/a25efc10-825b-410c-af68-6d27a53cd311.jpeg,"[""Smoke alarm"", ""Kitchen"", ""Wifi"", ""Hot water"", ""Private entrance"", ""Hair dryer"", ""TV"", ""Carbon monoxide alarm"", ""Bed linens"", ""Luggage dropoff allowed"", ""Cooking basics"", ""Baking sheet"", ""Iron"", ""Room-darkening shades"", ""Hot water kettle"", ""Wine glasses"", ""Dedicated workspace"", ""Microwave"", ""Coffee maker: Keurig coffee machine"", ""Dining table"", ""Extra pillows and blankets"", ""Pets allowed"", ""Long term stays allowed"", ""Electric stove"", ""Radiant heating"", ""Drying rack for clothing"", ""Air conditioning"", ""Toaster"", ""Single level home"", ""Clothing storage: closet and wardrobe"", ""Free washer \u2013 In unit"", ""Dishes and silverware"", ""Double oven"", ""Hangers"", ""Refrigerator"", ""Blender"", ""Self check-in"", ""Freezer"", ""Lockbox"", ""Free dryer \u2013 In unit"", ""Private backyard \u2013 Fully fenced"", ""Cleaning products""]",1.0,1.0,Entire rental unit,Entire home/apt,
2,900,Kolkata,2,Super Area,Unfurnished,Bachelors/Family,12000,"This 2nd Floor 2BR apartment shines with beautiful hardwoods, an open flow, a newer bathroom, a newer King sized ""Purple"" gel flex mattress, and a new Queen ""Kingsdown Prime"" mattress. Reclining couch in living room; full but small kitchen, Keurig; laundry; parking, ceiling fans, window ACs. Prime location close to airport, highways, eateries; less than 10 minutes to downtown Albany/MVP Center/Hospitals; 20min to Rivers Casino; 40 min to SPAC/Saratoga Racetrack; 1hr to Lake George/Great Escape!",,https://a0.muscache.com/pictures/miso/Hosting-1131258472427093335/original/9f7c4b1a-97fe-4ca3-98e4-2ff5897018d5.jpeg,"[""Smoke alarm"", ""Kitchen"", ""Portable air conditioning"", ""Wifi"", ""Hot water"", ""Private entrance"", ""Hair dryer"", ""Body soap"", ""TV"", ""Carbon monoxide alarm"", ""Bed linens"", ""Baking sheet"", ""Shampoo"", ""Wine glasses"", ""Dedicated workspace"", ""Microwave"", ""Coffee maker: Keurig coffee machine"", ""Extra pillows and blankets"", ""Oven"", ""Radiant heating"", ""Free driveway parking on premises \u2013 2 spaces"", ""Exterior security cameras on property"", ""Toaster"", ""Essentials"", ""Conditioner"", ""Free washer \u2013 In unit"", ""Dishes and silverware"", ""Hangers"", ""Refrigerator"", ""Self check-in"", ""Freezer"", ""Free dryer \u2013 In unit"", ""Cleaning products"", ""Keypad"", ""Stove""]",2.0,1.0,Entire rental unit,Entire home/apt,
2,750,Kolkata,1,Super Area,Unfurnished,Bachelors/Family,6000,"Keep it simple at this peaceful and centrally-located place. Very spacious apartment close to Albany Medical center, colleges, shopping and eateries. Come stay and relax after a long day of work or school. We have plenty off street parking available.",,https://a0.muscache.com/pictures/hosting/Hosting-1134940445251354534/original/60401f32-8e85-414a-bfd6-e2fefeeaf598.jpeg,"[""Smoke alarm"", ""Kitchen"", ""Housekeeping - available at extra cost"", ""Wifi"", ""Hot water"", ""Coffee maker"", ""TV"", ""Carbon monoxide alarm"", ""Bed linens"", ""Bathtub"", ""Cooking basics"", ""Baking sheet"", ""Room-darkening shades"", ""Dedicated workspace"", ""Microwave"", ""Clothing storage"", ""Heating"", ""Long term stays allowed"", ""Pets allowed"", ""Oven"", ""Air conditioning"", ""Toaster"", ""Coffee"", ""First aid kit"", ""Free parking on premises"", ""Dishes and silverware"", ""Hangers"", ""Refrigerator"", ""Blender"", ""Self check-in"", ""Freezer"", ""Fire extinguisher"", ""Cleaning products"", ""Keypad""]",2.0,1.0,Entire rental unit,Entire home/apt,
3,1250,Kolkata,2,Super Area,Unfurnished,Bachelors/Family,10000,"Welcome to the *LEO* home! Recently renovated 1st floor 4 bedroom apartment. With a shared living room, bathroom, and kitchen. It is only 1 mile from Albany Med and nearby local hospitals. This is a shared<br />accommodation with other professionals. One traveler is allowed per bedroom. AC in the bedroom. BRAND NEW full-size memory foam mattress and new pillows! Each bedroom has blackout curtains. Perfect for night shifters or swing shifts!",,https://a0.muscache.com/pictures/miso/Hosting-1136433500940918827/original/1b311a3d-1b56-4ba4-b861-0ab014977b74.jpeg,"[""Smoke alarm"", ""Kitchen"", ""Dishwasher"", ""Wifi"", ""Hot water"", ""Coffee maker"", ""Hair dryer"", ""Dryer"", ""Indoor fireplace"", ""TV"", ""Carbon monoxide alarm"", ""Bed linens"", ""Cooking basics"", ""Baking sheet"", ""Iron"", ""Room-darkening shades"", ""Hot water kettle"", ""Fireplace guards"", ""Microwave"", ""Wine glasses"", ""Clothing storage"", ""Dining table"", ""Heating"", ""Washer"", ""Extra pillows and blankets"", ""Long term stays allowed"", ""Oven"", ""Backyard"", ""Exterior security cameras on property"", ""Air conditioning"", ""Toaster"", ""Essentials"", ""Lock on bedroom door"", ""Laundromat nearby"", ""First aid kit"", ""Dishes and silverware"", ""Hangers"", ""Refrigerator"", ""Self check-in"", ""Freezer"", ""Free street parking"", ""Fire extinguisher"", ""Cleaning products"", ""Keypad"", ""Stove""]",1.0,1.0,Private room in home,Private room,
3,1000,Kolkata,3,Super Area,Semi-Furnished,Bachelors/Family,12000,"Be our guest in Albany! Thoughtfully furnished 1BR/1BA APT . Centrally situated In Melrose neighborhood, one of the best neighborhoods Albany has to offer. Close proximity to major Hospitals, Medical centers and University. Take a short walk to restaurants or the beautiful Buckingham Pond walking paths. Unit sleeps two or have some guests visit and utilize the pull out couch in the Livingroom. Full Kitchen with breakfast bar that could double as a great location for remote working.",,https://a0.muscache.com/pictures/hosting/Hosting-U3RheVN1cHBseUxpc3Rpbmc6MTE0MjgzMjAxMTY5MjEyMDIxMw%3D%3D/original/55413237-4364-4170-9a34-712b1818ab90.png,"[""Smoke alarm"", ""Kitchen"", ""Portable air conditioning"", ""Wifi"", ""Hot water"", ""Private entrance"", ""Hair dryer"", ""TV"", ""Carbon monoxide alarm"", ""Bed linens"", ""Wine glasses"", ""Microwave"", ""Clothing storage"", ""Extra pillows and blankets"", ""Pets allowed"", ""Long term stays allowed"", ""Electric stove"", ""Paid washer \u2013 In building"", ""Exterior security cameras on property"", ""Essentials"", ""Outdoor furniture"", ""Books and reading material"", ""Central heating"", ""First aid kit"", ""Free parking on premises"", ""Dishes and silverware"", ""Hangers"", ""Blender"", ""Self check-in"", ""Fire extinguisher"", ""Cleaning products"", ""Keypad"", ""Paid dryer \u2013 In building""]",1.0,,Entire rental unit,Entire home/apt,
2,600,Kolkata,1,Super Area,Semi-Furnished,Bachelors/Family,8000,"Situated on historic Madison Avenue, our property is surrounded by the charm of Albany's rich history and modern amenities. Just steps away from local cafes, restaurants, and boutique shops, you'll experience the true essence of city living. Explore nearby attractions such as the New York State Capitol, MVP Arena, Albany Medical Center , Lark Street and Washington Park, all within easy reach from our doorstep.",,https://a0.muscache.com/pictures/miso/Hosting-1146241260871564965/original/147e69e5-e4ad-4872-ae4a-ce0a821250f6.jpeg,"[""Smoke alarm"", ""Kitchen"", ""Dishwasher"", ""Wifi"", ""Shower gel"", ""Hot water"", ""Coffee maker"", ""Hair dryer"", ""Body soap"", ""TV"", ""Carbon monoxide alarm"", ""Bed linens"", ""Cooking basics"", ""Shampoo"", ""Iron"", ""Room-darkening shades"", ""Central air conditioning"", ""Hot water kettle"", ""Microwave"", ""Wine glasses"", ""Clothing storage"", ""Dining table"", ""Extra pillows and blankets"", ""Long term stays allowed"", ""Oven"", ""Paid washer \u2013 In building"", ""Exterior security cameras on property"", ""Toaster"", ""Essentials"", ""Coffee"", ""Books and reading material"", ""Central heating"", ""Conditioner"", ""Dishes and silverware"", ""Hangers"", ""Refrigerator"", ""Self check-in"", ""Freezer"", ""Free street parking"", ""Lockbox"", ""Cleaning products"", ""Paid dryer \u2013 In building"", ""Stove""]",1.0,1.0,Entire rental unit,Entire home/apt,
2,650,Kolkata,1,Carpet Area,Unfurnished,Bachelors/Family,5300,"Larson Blue sits in Albany's vibrant Center Square district, offering easy access to dining, shopping, and entertainment. With excellent public transportation and nearby highways, convenience is at your doorstep. Experience the city's rich cultural scene, diverse dining options, and lively nightlife, all within walking distance. Don't miss out on this perfect blend of historic charm and modern amenities.",,https://a0.muscache.com/pictures/miso/Hosting-1147092019793504034/original/9b528afd-da16-48ff-9f9b-c5655763859c.jpeg,"[""Smoke alarm"", ""Kitchen"", ""Dishwasher"", ""Wifi"", ""Shower gel"", ""Hot water"", ""Coffee maker"", ""Hair dryer"", ""Body soap"", ""TV"", ""Carbon monoxide alarm"", ""Bed linens"", ""Cooking basics"", ""Shampoo"", ""Iron"", ""Room-darkening shades"", ""Hot water kettle"", ""Wine glasses"", ""Microwave"", ""Clothing storage"", ""Dining table"", ""Heating"", ""Extra pillows and blankets"", ""Long term stays allowed"", ""Oven"", ""Paid washer \u2013 In building"", ""Exterior security cameras on property"", ""Air conditioning"", ""Toaster"", ""Essentials"", ""Coffee"", ""Books and reading material"", ""Conditioner"", ""Dishes and silverware"", ""Hangers"", ""Refrigerator"", ""Self check-in"", ""Freezer"", ""Free street parking"", ""Lockbox"", ""Cleaning products"", ""Paid dryer \u2013 In building"", ""Stove""]",1.0,1.0,Entire rental unit,Entire home/apt,
2,450,Kolkata,1,Carpet Area,Unfurnished,Bachelors,5000,Enjoy a stylish experience at this centrally-located place.,,https://a0.muscache.com/pictures/miso/Hosting-1150611568915810847/original/f7c6589a-b110-4de1-bafa-e305c075b62b.jpeg,"[""Smoke alarm"", ""Kitchen"", ""Exterior security cameras on property"", ""Air conditioning"", ""Fire extinguisher"", ""Wifi"", ""Dedicated workspace"", ""Carbon monoxide alarm"", ""TV"", ""Washer"", ""Pets allowed""]",1.0,1.0,Entire rental unit,Entire home/apt,
3,800,Kolkata,2,Super Area,Unfurnished,Bachelors/Family,8500,"Charming first-floor apartment with five cozy bedrooms & 1.5 modern bathrooms. Your private bedroom has a full-size bed, dresser, ample closet space, blackout curtains & Smart TV. Custom stone fireplace in the living room, original hardwood floors, washer & dryer. Fully equipped kitchen w/ quartz countertops & stainless steel appliances, generous-sized dining room table, free street parking, and weekly cleaning of common areas. Prime location with easy access to local food spots and hospitals.",,https://a0.muscache.com/pictures/miso/Hosting-1158059552251999833/original/7b3e628d-eab2-4de5-ad1c-49658e8fa898.jpeg,"[""Smoke alarm"", ""Kitchen"", ""Dishwasher"", ""Stainless steel single oven"", ""Clothing storage: closet and dresser"", ""Wifi"", ""Hot water"", ""Hair dryer"", ""Shared backyard"", ""Indoor fireplace"", ""TV"", ""Carbon monoxide alarm"", ""Bed linens"", ""Bathtub"", ""Cooking basics"", ""Ceiling fan"", ""Iron"", ""Baking sheet"", ""Room-darkening shades"", ""Hot water kettle"", ""Wine glasses"", ""Microwave"", ""Dining table"", ""Washer"", ""Extra pillows and blankets"", ""Long term stays allowed"", ""Radiant heating"", ""Exterior security cameras on property"", ""Air conditioning"", ""Toaster"", ""Coffee"", ""Lock on bedroom door"", ""First aid kit"", ""Dishes and silverware"", ""Hangers"", ""Refrigerator"", ""Blender"", ""Self check-in"", ""Freezer"", ""Free street parking"", ""Fire extinguisher"", ""Free dryer \u2013 In unit"", ""Coffee maker: pour-over coffee"", ""Cleaning products"", ""Keypad"", ""Cleaning available during stay"", ""Stainless steel gas stove""]",1.0,1.5,Private room in home,Private room,
3,1000,Kolkata,2,Carpet Area,Semi-Furnished,Bachelors/Family,22000,"Newly renovated studio located in an artsy historic loft building setting. This unit has a cozy living room with build in shelves and ample room to spread out. Further back into the apartment, you will find the queen sized bed, nestled next to oversized windows. There is also a recently renovated bathroom, custom kitchen with decent counter top space. Parking, bike room and community garden/ BBQ on site. Pets welcomed!",,https://a0.muscache.com/pictures/miso/Hosting-1158239701426064904/original/c75c75e3-5263-43c0-9c1b-a3224d1fcbcb.jpeg,"[""BBQ grill"", ""Smoke alarm"", ""Kitchen"", ""Exterior security cameras on property"", ""Air conditioning"", ""Wifi"", ""Dedicated workspace"", ""Carbon monoxide alarm"", ""Fire pit"", ""Outdoor dining area"", ""TV"", ""Free parking on premises"", ""Washer""]",0.0,1.0,Entire rental unit,Entire home/apt,
2,1000,Kolkata,1,Super Area,Unfurnished,Bachelors/Family,7000,"The newly renovated spacious unit features a 4K Smart TV, in unit washer/dryer, fully functional kitchen and bathroom, high speed internet, and your very own private entrance separate from the building unit entrance. <br /><br />This unit is very cozy and private.",,https://a0.muscache.com/pictures/hosting/Hosting-1164651175585600815/original/a07608d4-de8e-4770-a47c-69152330191a.jpeg,"[""Smoke alarm"", ""Kitchen"", ""Dishwasher"", ""Wifi"", ""Shower gel"", ""Hot water"", ""Private entrance"", ""Hair dryer"", ""Dryer"", ""TV"", ""Carbon monoxide alarm"", ""Bed linens"", ""Cooking basics"", ""Shampoo"", ""Iron"", ""Room-darkening shades"", ""Wine glasses"", ""Dedicated workspace"", ""Microwave"", ""Coffee maker: Keurig coffee machine"", ""Clothing storage"", ""Dining table"", ""Heating"", ""Washer"", ""Extra pillows and blankets"", ""Pets allowed"", ""Long term stays allowed"", ""Oven"", ""Air conditioning"", ""Essentials"", ""Coffee"", ""Single level home"", ""Free parking on premises"", ""Dishes and silverware"", ""Hangers"", ""Refrigerator"", ""Self check-in"", ""Freezer"", ""Cleaning products"", ""Keypad"", ""Hockey rink"", ""Cleaning available during stay"", ""Stove""]",1.0,1.0,Entire rental unit,Entire home/apt,
3,1400,Kolkata,3,Carpet Area,Furnished,Bachelors,25000,"Enjoy a stylish experience at this centrally-located place. Upper duplex recently renovated to make room for a lovely trip to Albany. Well appointed 1st floor offers kitchen/livingroom full bath. 2nd floor has 2 bedrooms and an additional full bathroom. Tons of natural light provides a peaceful space. Walk out front door to explore neighborhood. Lark street, capital, convention center are all within 15 minutes of walking",,https://a0.muscache.com/pictures/hosting/Hosting-1171795874799450911/original/8b3fe82a-d447-414e-9606-08b3eb0a237e.jpeg,"[""Smoke alarm"", ""Kitchen"", ""Dishwasher"", ""Wifi"", ""Hot water"", ""Hair dryer"", ""Body soap"", ""TV"", ""Carbon monoxide alarm"", ""Bed linens"", ""Heating - split type ductless system"", ""Bathtub"", ""Cooking basics"", ""Baking sheet"", ""Shampoo"", ""Iron"", ""Wine glasses"", ""Microwave"", ""Extra pillows and blankets"", ""Long term stays allowed"", ""Oven"", ""Air conditioning"", ""Toaster"", ""Coffee"", ""Books and reading material"", ""Clothing storage: closet"", ""Conditioner"", ""Dishes and silverware"", ""Hangers"", ""Refrigerator"", ""Blender"", ""Self check-in"", ""Free street parking"", ""Coffee maker: drip coffee maker, Keurig coffee machine"", ""Cleaning products"", ""Keypad"", ""Stove""]",2.0,2.0,Entire rental unit,Entire home/apt,
2,600,Kolkata,1,Carpet Area,Semi-Furnished,Bachelors,7000,"The whole group will enjoy easy access to everything from this centrally located place. Large open floor plan with living room, dining room, work area, kitchen and full bath all on one floor. Front and back porch complete this level. Second floor has four good size bedrooms, all with closets and additional full bath. Great location near St. Peters, Albany medical, colleges, major highways 🛣️ and more. Offstreet parking and yard make this a great place to stop for some adventures",,https://a0.muscache.com/pictures/hosting/Hosting-1173383281636704278/original/458c6a50-89d2-4c70-9e2b-314c9664a89d.jpeg,"[""Smoke alarm"", ""Kitchen"", ""Dishwasher"", ""Clothing storage: closet and dresser"", ""Wifi"", ""Shower gel"", ""Hot water"", ""Hair dryer"", ""Body soap"", ""TV"", ""Carbon monoxide alarm"", ""Bed linens"", ""Bathtub"", ""Cooking basics"", ""Baking sheet"", ""Shampoo"", ""Iron"", ""Wine glasses"", ""Microwave"", ""Free parking garage on premises"", ""Coffee maker: Keurig coffee machine"", ""Dining table"", ""Heating"", ""Oven"", ""Air conditioning"", ""Toaster"", ""Coffee"", ""First aid kit"", ""Conditioner"", ""Dishes and silverware"", ""Hangers"", ""Refrigerator"", ""Self check-in"", ""Lockbox"", ""Cleaning products"", ""Stove""]",4.0,2.0,Entire home,Entire home/apt,
2,723,Kolkata,1,Carpet Area,Furnished,Family,15000,"Welcome to our Newly Renovated, three bedroom two bathroom apartment. ☺️ Please note, this apartment is located in a Four Family Apartment Complex. <br /><br />We are located in a walkable neighborhood within the charming Melrose area, located less than ten minutes from the University of Albany, downtown Albany, as well as many restaurants and attractions! We are pet friendly. <br /><br />*Please note, this unit is on the second and third floor of a four family unit. Two flights of stairs upon entrance. No parties*",,https://a0.muscache.com/pictures/hosting/Hosting-U3RheVN1cHBseUxpc3Rpbmc6MTE3NDU0NDY0MzM4NzExNjQ2OQ%3D%3D/original/bcde9b25-9ff1-4dd9-a938-e096ef633875.jpeg,"[""Smoke alarm"", ""Kitchen"", ""Dishwasher"", ""Private patio or balcony"", ""Clothing storage: closet and dresser"", ""Wifi"", ""Hot water"", ""Private entrance"", ""Hair dryer"", ""Body soap"", ""TV"", ""Carbon monoxide alarm"", ""Bed linens"", ""Cooking basics"", ""Baking sheet"", ""Shampoo"", ""Iron"", ""Room-darkening shades"", ""Wine glasses"", ""Dedicated workspace"", ""Microwave"", ""Dining table"", ""Stainless steel oven"", ""Extra pillows and blankets"", ""Pets allowed"", ""Radiant heating"", ""Portable fans"", ""Air conditioning"", ""Toaster"", ""Essentials"", ""Coffee"", ""Laundromat nearby"", ""Books and reading material"", ""First aid kit"", ""Conditioner"", ""Dishes and silverware"", ""Hangers"", ""Refrigerator"", ""Blender"", ""Self check-in"", ""Freezer"", ""Coffee maker: drip coffee maker"", ""Free street parking"", ""Fire extinguisher"", ""Keypad"", ""Stainless steel gas stove""]",3.0,2.0,Entire rental unit,Entire home/apt,
1,320,Kolkata,1,Carpet Area,Unfurnished,Bachelors/Family,6000,"Welcome to our exceptional apartment in Albany! Discover a blend of style, comfort, and a prime location. Just steps from the State Capitol, Empire State Plaza, museums, and the Hudson River, our home offers unparalleled access to Albany's top attractions. Immerse yourself in local culture with nearby cafes, boutiques, and historic landmarks. Experience Albany like never before. Book your stay for a memorable adventure!",,https://a0.muscache.com/pictures/hosting/Hosting-U3RheVN1cHBseUxpc3Rpbmc6MTE4MjU3NDQ2MTQzNzk1NDczMg%3D%3D/original/5702303a-d04a-4e35-b36e-a068919d824b.jpeg,"[""Smoke alarm"", ""Kitchen"", ""Ethernet connection"", ""Wifi"", ""Shower gel"", ""Hot water"", ""Hair dryer"", ""Body soap"", ""Mini fridge"", ""TV"", ""Carbon monoxide alarm"", ""Bed linens"", ""Cooking basics"", ""Shampoo"", ""Iron"", ""Room-darkening shades"", ""Hot water kettle"", ""Wine glasses"", ""Dedicated workspace"", ""Microwave"", ""Coffee maker: Keurig coffee machine"", ""Clothing storage"", ""Exercise equipment"", ""Long term stays allowed"", ""Oven"", ""Paid washer \u2013 In building"", ""Essentials"", ""Coffee"", ""Laundromat nearby"", ""Central heating"", ""First aid kit"", ""Conditioner"", ""Window AC unit"", ""Dishes and silverware"", ""Self check-in"", ""Refrigerator"", ""Freezer"", ""Free street parking"", ""Gym in building"", ""Lockbox"", ""Fire extinguisher"", ""Cleaning products"", ""Paid dryer \u2013 In building"", ""Stove""]",0.0,1.0,Entire rental unit,Entire home/apt,
2,900,Kolkata,1,Super Area,Semi-Furnished,Bachelors/Family,8000,"Welcome to our exceptional apartment in Albany! Discover a blend of style, comfort, and a prime location. Just steps from the State Capitol, Empire State Plaza, museums, and the Hudson River, our home offers unparalleled access to Albany's top attractions. Immerse yourself in local culture with nearby cafes, boutiques, and historic landmarks. Experience Albany like never before. Book your stay for a memorable adventure!",,https://a0.muscache.com/pictures/miso/Hosting-1183457852972127594/original/bab7e2df-fd48-4f4c-9e1d-e15dae7839ea.jpeg,"[""Smoke alarm"", ""Kitchen"", ""Ethernet connection"", ""Wifi"", ""Shower gel"", ""Hot water"", ""Hair dryer"", ""Body soap"", ""Mini fridge"", ""TV"", ""Carbon monoxide alarm"", ""Bed linens"", ""Shared gym in building"", ""Cooking basics"", ""Shampoo"", ""Iron"", ""Room-darkening shades"", ""Hot water kettle"", ""Wine glasses"", ""Dedicated workspace"", ""Microwave"", ""Coffee maker: Keurig coffee machine"", ""Clothing storage"", ""Exercise equipment"", ""Long term stays allowed"", ""Oven"", ""Paid washer \u2013 In building"", ""Exterior security cameras on property"", ""Essentials"", ""Coffee"", ""Central heating"", ""First aid kit"", ""Conditioner"", ""Window AC unit"", ""Dishes and silverware"", ""Hangers"", ""Refrigerator"", ""Self check-in"", ""Freezer"", ""Free street parking"", ""Lockbox"", ""Fire extinguisher"", ""Cleaning products"", ""Paid dryer \u2013 In building"", ""Stove""]",0.0,1.0,Entire rental unit,Entire home/apt,
3,1400,Kolkata,2,Carpet Area,Furnished,Bachelors/Family,40000,"Welcome to our exceptional apartment in Albany! Discover a blend of style, comfort, and a prime location. Just steps from the State Capitol, Empire State Plaza, museums, and the Hudson River, our home offers unparalleled access to Albany's top attractions. Immerse yourself in local culture with nearby cafes, boutiques, and historic landmarks. Experience Albany like never before. Book your stay for a memorable adventure!",,https://a0.muscache.com/pictures/hosting/Hosting-U3RheVN1cHBseUxpc3Rpbmc6MTE4MzQ2MDUyMzQwOTkyNDU3MQ%3D%3D/original/82f9e3e6-84c8-4080-a9fa-77683424c87d.jpeg,"[""Smoke alarm"", ""Kitchen"", ""Ethernet connection"", ""Wifi"", ""Shower gel"", ""Hot water"", ""Coffee maker"", ""Hair dryer"", ""Body soap"", ""Mini fridge"", ""TV"", ""Carbon monoxide alarm"", ""Bed linens"", ""Cooking basics"", ""Shampoo"", ""Iron"", ""Room-darkening shades"", ""Hot water kettle"", ""Wine glasses"", ""Dedicated workspace"", ""Microwave"", ""Clothing storage"", ""Dining table"", ""Long term stays allowed"", ""Oven"", ""Paid washer \u2013 In building"", ""Exterior security cameras on property"", ""Essentials"", ""Coffee"", ""Central heating"", ""First aid kit"", ""Conditioner"", ""Window AC unit"", ""Dishes and silverware"", ""Hangers"", ""Refrigerator"", ""Self check-in"", ""Freezer"", ""Free street parking"", ""Gym in building"", ""Lockbox"", ""Fire extinguisher"", ""Cleaning products"", ""Paid dryer \u2013 In building"", ""Stove""]",0.0,1.0,Entire rental unit,Entire home/apt,
1,2160,Kolkata,1,Super Area,Semi-Furnished,Bachelors,6000,"Welcome to our garden apartment, nestled in a walkable neighborhood filled with diverse restaurants, cozy pubs, and the picturesque Washington Park. The apartment features a sound-dampened bedroom, ensuring a serene and peaceful retreat. Just steps away, you'll find the New York State Capitol, Empire State Plaza, The Egg, and the New York State Museum, making this location ideal for both relaxation and exploration.",,https://a0.muscache.com/pictures/prohost-api/Hosting-1185537980724624711/original/fb305587-b550-43dc-96da-8dee0936c01a.jpeg,"[""Smoke alarm"", ""Kitchen"", ""Wifi"", ""Shower gel"", ""Hot water"", ""Coffee maker"", ""Hair dryer"", ""Body soap"", ""Dryer"", ""Carbon monoxide alarm"", ""Bed linens"", ""Cooking basics"", ""Baking sheet"", ""Shampoo"", ""Iron"", ""Hot water kettle"", ""TV with standard cable"", ""Dedicated workspace"", ""Yamaha sound system with aux"", ""Microwave"", ""Heating"", ""Washer"", ""Smart lock"", ""Pets allowed"", ""Electric stove"", ""Oven"", ""Backyard"", ""Exterior security cameras on property"", ""Air conditioning"", ""Essentials"", ""Coffee"", ""Books and reading material"", ""First aid kit"", ""Conditioner"", ""Dishes and silverware"", ""Crib"", ""Self check-in"", ""Refrigerator"", ""Freezer"", ""Free street parking"", ""Fire extinguisher""]",1.0,1.0,Entire rental unit,Entire home/apt,
2,650,Kolkata,1,Carpet Area,Semi-Furnished,Bachelors/Family,15000,"Charming first-floor apartment with five cozy bedrooms & 1.5 modern bathrooms. Your private bedroom has a full-size bed, dresser, ample closet space, blackout curtains & Smart TV. Custom stone fireplace in the living room, original hardwood floors, washer & dryer. Fully equipped kitchen w/ quartz countertops & stainless steel appliances, generous-sized dining room table, free street parking, and weekly cleaning of common areas. Prime location with easy access to local food spots and hospitals.",,https://a0.muscache.com/pictures/miso/Hosting-1158059552251999833/original/7b3e628d-eab2-4de5-ad1c-49658e8fa898.jpeg,"[""Smoke alarm"", ""Kitchen"", ""Dishwasher"", ""Wifi"", ""Hot water"", ""Hair dryer"", ""Dryer"", ""Indoor fireplace"", ""TV"", ""Carbon monoxide alarm"", ""Bed linens"", ""Bathtub"", ""Cooking basics"", ""Ceiling fan"", ""Iron"", ""Baking sheet"", ""Room-darkening shades"", ""Hot water kettle"", ""Wine glasses"", ""Microwave"", ""Clothing storage"", ""Dining table"", ""Heating"", ""Washer"", ""Extra pillows and blankets"", ""Long term stays allowed"", ""Oven"", ""Portable fans"", ""Backyard"", ""Exterior security cameras on property"", ""Air conditioning"", ""Toaster"", ""Lock on bedroom door"", ""First aid kit"", ""Dishes and silverware"", ""Hangers"", ""Refrigerator"", ""Blender"", ""Self check-in"", ""Freezer"", ""Free street parking"", ""Fire extinguisher"", ""Coffee maker: pour-over coffee"", ""Cleaning products"", ""Keypad"", ""Cleaning available during stay"", ""Stove"", ""Smoking allowed""]",1.0,1.5,Private room in home,Private room,
2,800,Kolkata,1,Super Area,Semi-Furnished,Bachelors/Family,6500,"Welcome to our newly renovated two-bedroom apartment located on the second floor, just minutes away from Albany Med, and across from Washington Park. Easy access to state offices and MVP arena all within walking distance. The neighborhood is brimming with restaurants, bars, and beautiful architecture, making it one of the most desired areas in Albany. Perfect for both short-term and long term visits. Our apartment offers comfort and convenience in an ideal location.",,https://a0.muscache.com/pictures/prohost-api/Hosting-1189245100874558445/original/c412b573-cfde-41d8-9ef0-1991934adf37.jpeg,"[""Smoke alarm"", ""Bathtub"", ""Shampoo"", ""Air conditioning"", ""Wifi"", ""Carbon monoxide alarm"", ""Hot water"", ""Hair dryer"", ""Body soap"", ""TV"", ""Free parking on premises"", ""Washer""]",2.0,1.0,Entire home,Entire home/apt,
3,800,Kolkata,1,Super Area,Semi-Furnished,Bachelors/Family,8000,"Welcome to our newly renovated one-bedroom apartment located on the second floor, just minutes away from Albany Med and Saint Peters, walking distance from neighborhood park. Easy access to state offices and MVP arena all within minutes distance. The neighborhood is brimming with restaurants and bars, making it one of the most desired areas in Albany. Perfect for both short-term and long term visits. Our apartment offers comfort and convenience in an ideal location.",,https://a0.muscache.com/pictures/prohost-api/Hosting-1189249179392132534/original/c8128533-5557-4a52-960e-58c3d7118f8f.jpeg,"[""Kitchen"", ""Air conditioning"", ""Wifi"", ""TV"", ""Free parking on premises"", ""Washer""]",1.0,1.0,Entire home,Entire home/apt,
1,500,Kolkata,1,Carpet Area,Unfurnished,Bachelors/Family,5500,"Traveling nurses and other working professionals welcomed. <br /><br />New stainless appliances, washer/dryer installed (in-unit), dishwasher installed under kitchen sink, bathroom updated, smart security system. Private porch and plenty of storage space. One block from St. Rose campus and short walk to buses. Very close to SUNY Albany Campus as well. It is 4 minutes from Albany Medical Center and St Peter Hospitals. Fully furnished and utilities included.",,https://a0.muscache.com/pictures/hosting/Hosting-1191895319439613036/original/93ede863-48b8-497a-8c15-4a1fe2dc2ef2.jpeg,"[""Smoke alarm"", ""Kitchen"", ""Clothing storage: closet and dresser"", ""Gas stove"", ""Wifi"", ""Hot water"", ""Private entrance"", ""Outdoor dining area"", ""TV"", ""Carbon monoxide alarm"", ""Bed linens"", ""Bathtub"", ""Cooking basics"", ""Ceiling fan"", ""Iron"", ""Room-darkening shades"", ""Dedicated workspace"", ""Microwave"", ""Dining table"", ""Stainless steel oven"", ""Washer"", ""Long term stays allowed"", ""Radiant heating"", ""Air conditioning"", ""Lock on bedroom door"", ""Private BBQ grill"", ""Free parking on premises"", ""Paid parking garage off premises"", ""Hangers"", ""Self check-in"", ""Whirlpool  refrigerator"", ""Lockbox"", ""Cleaning products"", ""Private living room"", ""Private backyard""]",1.0,1.0,Private room in home,Private room,
3,1700,Kolkata,2,Super Area,Semi-Furnished,Bachelors/Family,9000,"Experience the best of Albany from the comfort of this centrally located, 1-bed, 1-bath vacation rental. This property features a cozy living area with a Smart TV, free WiFi, a full kitchen, views of New York's State Capitol, and access to the area's top attractions. Enjoy a peaceful morning stroll through Washington Park, tour museums and sights in the area, and shop and dine at nearby eateries and bars. Whether you're in town for work or play, this convenient condo offers a memorable stay!",,https://a0.muscache.com/pictures/prohost-api/Hosting-1196459023545165129/original/d965289b-61da-4736-b5da-c42089b0057c.jpeg,"[""Smoke alarm"", ""Kitchen"", ""Dishwasher"", ""Wifi"", ""Hot water"", ""Coffee maker"", ""Private entrance"", ""Indoor fireplace"", ""TV"", ""Carbon monoxide alarm"", ""Bed linens"", ""Cooking basics"", ""Ceiling fan"", ""Shampoo"", ""Iron"", ""Elevator"", ""Dedicated workspace"", ""Microwave"", ""Dining table"", ""Oven"", ""Patio or balcony"", ""Toaster"", ""Essentials"", ""Central heating"", ""First aid kit"", ""Free parking on premises"", ""Window AC unit"", ""Dishes and silverware"", ""Hangers"", ""Refrigerator"", ""Blender"", ""Self check-in"", ""Fire extinguisher"", ""Keypad""]",1.0,1.0,Entire condo,Entire home/apt,
1,130,Kolkata,1,Carpet Area,Semi-Furnished,Bachelors/Family,6000,"Introducing *The LEO Home*, a newly renovated four-bedroom apartment nestled conveniently in the heart of Albany. The apartment boasts a shared living room, bathroom, and kitchen, providing a cozy and inviting atmosphere. Located just one mile from Albany Med and other nearby local hospitals. This shared accommodation is ideal for medical and traveling professionals. Each bedroom accommodates one traveler. Blackout curtains create a restful environment for those working night or swing shifts.",,https://a0.muscache.com/pictures/miso/Hosting-902326803627859755/original/3870877c-f0df-4b2c-916b-6068da4b5314.jpeg,"[""Smoke alarm"", ""Kitchen"", ""Dishwasher"", ""Wifi"", ""Hot water"", ""Coffee maker"", ""Hair dryer"", ""Dryer"", ""Indoor fireplace"", ""TV"", ""Carbon monoxide alarm"", ""Bed linens"", ""Cooking basics"", ""Baking sheet"", ""Iron"", ""Room-darkening shades"", ""Hot water kettle"", ""Fireplace guards"", ""Microwave"", ""Wine glasses"", ""Clothing storage"", ""Dining table"", ""Heating"", ""Washer"", ""Extra pillows and blankets"", ""Long term stays allowed"", ""Oven"", ""Backyard"", ""Exterior security cameras on property"", ""Air conditioning"", ""Toaster"", ""Essentials"", ""Lock on bedroom door"", ""Laundromat nearby"", ""Shared patio or balcony"", ""First aid kit"", ""Dishes and silverware"", ""Hangers"", ""Refrigerator"", ""Blender"", ""Self check-in"", ""Freezer"", ""Free street parking"", ""Fire extinguisher"", ""Cleaning products"", ""Keypad"", ""Stove"", ""Smoking allowed""]",1.0,1.0,Private room in home,Private room,
1,505,Kolkata,1,Super Area,Furnished,Bachelors/Family,15000,"Keep it simple at this peaceful and centrally-located place!  Private room with shared baths and kitchen in a large home! Let my 19 years as a travel nurse make it easy for you! Clean, convenient, and safe!",,https://a0.muscache.com/pictures/hosting/Hosting-1201525324551556925/original/0e15e070-bcdb-49a7-8e0f-dc91ee8d7011.jpeg,"[""Smoke alarm"", ""Kitchen"", ""Dishwasher"", ""Wifi"", ""Hot water"", ""Hair dryer"", ""Shared backyard"", ""Mini fridge"", ""TV"", ""Carbon monoxide alarm"", ""Bed linens"", ""Luggage dropoff allowed"", ""Bathtub"", ""Cooking basics"", ""Baking sheet"", ""Iron"", ""Room-darkening shades"", ""Free dryer \u2013 In building"", ""Dedicated workspace"", ""Microwave"", ""Clothing storage"", ""Dining table"", ""Washer"", ""Extra pillows and blankets"", ""Long term stays allowed"", ""Oven"", ""BBQ grill"", ""Portable fans"", ""Exterior security cameras on property"", ""Air conditioning"", ""Toaster"", ""Coffee"", ""Laundromat nearby"", ""Outdoor furniture"", ""Books and reading material"", ""Central heating"", ""First aid kit"", ""Free parking on premises"", ""Dishes and silverware"", ""Hangers"", ""Refrigerator"", ""Self check-in"", ""Freezer"", ""Free street parking"", ""Fire extinguisher"", ""Coffee maker: drip coffee maker, Keurig coffee machine"", ""Cleaning products"", ""Keypad"", ""Board games"", ""Cleaning available during stay"", ""Stove""]",8.0,3.0,Private room in home,Private room,
4,4000,Kolkata,3,Super Area,Furnished,Bachelors/Family,30000,"Charming first-floor apartment with five cozy bedrooms & 1.5 modern bathrooms. Your private bedroom has a full-size bed, dresser, ample closet space, blackout curtains & Smart TV. Custom stone fireplace in the living room, original hardwood floors, washer & dryer. Fully equipped kitchen w/ quartz countertops & stainless steel appliances, generous-sized dining room table, free street parking, and weekly cleaning of common areas. Prime location with easy access to local food spots and hospitals.",,https://a0.muscache.com/pictures/miso/Hosting-1158059552251999833/original/7b3e628d-eab2-4de5-ad1c-49658e8fa898.jpeg,"[""Smoke alarm"", ""Kitchen"", ""Dishwasher"", ""Wifi"", ""Hot water"", ""Hair dryer"", ""Dryer"", ""Indoor fireplace"", ""TV"", ""Carbon monoxide alarm"", ""Bed linens"", ""Bathtub"", ""Cooking basics"", ""Ceiling fan"", ""Iron"", ""Baking sheet"", ""Room-darkening shades"", ""Hot water kettle"", ""Wine glasses"", ""Microwave"", ""Clothing storage"", ""Dining table"", ""Heating"", ""Washer"", ""Extra pillows and blankets"", ""Long term stays allowed"", ""Oven"", ""Portable fans"", ""Backyard"", ""Exterior security cameras on property"", ""Air conditioning"", ""Toaster"", ""Coffee"", ""Lock on bedroom door"", ""Laundromat nearby"", ""First aid kit"", ""Dishes and silverware"", ""Hangers"", ""Refrigerator"", ""Blender"", ""Self check-in"", ""Freezer"", ""Free street parking"", ""Fire extinguisher"", ""Coffee maker: pour-over coffee"", ""Cleaning products"", ""Keypad"", ""Cleaning available during stay"", ""Stove""]",1.0,1.5,Private room in home,Private room,
3,1250,Kolkata,2,Super Area,Unfurnished,Bachelors/Family,30000,"Hello, thanks for checking out my listing! <br />This vintage, updated home has  multiple living areas inc. living room, dining room, enclosed porch & outdoor patio with tree-lined back yard. large bedroom, shared 1.5 baths. <br /><br />2 mi to Albany Medical, the VA, 1 mi to St Peter's. Approx. 1 mi (walkable!) from University at Albany main campus, Harriman State campus, groceries & nightlife. Please note that the mattress is a short queen, it's comfy but ideal for guests under 5'9.",,https://a0.muscache.com/pictures/hosting/Hosting-1209313814437527365/original/e31965d4-c130-4414-8be6-0c1d479fecde.jpeg,"[""Smoke alarm"", ""Kitchen"", ""Dishwasher"", ""Wifi"", ""Hot water"", ""Coffee maker"", ""Hair dryer"", ""TV"", ""Carbon monoxide alarm"", ""Bed linens"", ""Bathtub"", ""Cooking basics"", ""Ceiling fan"", ""Baking sheet"", ""Room-darkening shades"", ""Hot water kettle"", ""Wine glasses"", ""Microwave"", ""Clothing storage"", ""Dining table"", ""Heating"", ""Washer"", ""Extra pillows and blankets"", ""Long term stays allowed"", ""Oven"", ""Portable fans"", ""Backyard"", ""Exterior security cameras on property"", ""Air conditioning"", ""Patio or balcony"", ""Outdoor furniture"", ""Books and reading material"", ""First aid kit"", ""Barbecue utensils"", ""Free parking on premises"", ""Dishes and silverware"", ""Hangers"", ""Refrigerator"", ""Blender"", ""Self check-in"", ""Freezer"", ""Free street parking"", ""Fire extinguisher"", ""Cleaning products"", ""Keypad"", ""Bidet"", ""Stove""]",1.0,1.5,Private room in home,Private room,
1,700,Kolkata,1,Carpet Area,Unfurnished,Bachelors/Family,5000,Forget your worries in this spacious and serene space.,,https://a0.muscache.com/pictures/miso/Hosting-1223845635352908531/original/81274bd4-2489-483c-9056-c037bafece50.jpeg,"[""Smoke alarm"", ""Kitchen"", ""Air conditioning"", ""Dedicated workspace"", ""Wifi"", ""TV"", ""Free parking on premises""]",3.0,1.0,Entire rental unit,Entire home/apt,
2,900,Kolkata,1,Super Area,Unfurnished,Bachelors,15000,Three bedroom upstairs apartment in a 2 family home. Recently updated kitchen and fully renovated bath.,,https://a0.muscache.com/pictures/hosting/Hosting-1227494196390230149/original/9faed29b-e3dc-4da2-82ac-1576168b5d7e.jpeg,"[""Smoke alarm"", ""Kitchen"", ""Dishwasher"", ""Gas stove"", ""Wifi"", ""Hot water"", ""Hair dryer"", ""TV"", ""Carbon monoxide alarm"", ""Bed linens"", ""Cooking basics"", ""Iron"", ""Room-darkening shades"", ""Hot water kettle"", ""Microwave"", ""Dining table"", ""Washer"", ""Extra pillows and blankets"", ""Rice maker"", ""Pets allowed"", ""Long term stays allowed"", ""Radiant heating"", ""Exterior security cameras on property"", ""Air conditioning"", ""Toaster"", ""Single oven"", ""Free parking on premises"", ""Dishes and silverware"", ""Self check-in"", ""Refrigerator"", ""Free dryer"", ""Freezer"", ""Coffee maker: drip coffee maker"", ""Free street parking"", ""Game console"", ""Fire extinguisher"", ""Keypad""]",3.0,1.0,Entire rental unit,Entire home/apt,
1,650,Kolkata,1,Super Area,Semi-Furnished,Bachelors/Family,6500,"Welcome to The Urban Nest! Your stylish retreat in Albany’s Center Square!<br />Spotless, beautifully designed 1BR garden apartment in a historic brownstone, short walk to Washington Park, MVP Arena, the Capitol, Empire State Plaza, and top restaurants. Enjoy a king bed, in-unit laundry, workspace, a fully equipped kitchen guests rave about, Smart TV, and fast WiFi. Immaculate, cozy, and perfectly located. Relax and feel at home. Perfect for couples, professionals, or weekend getaways.",,https://a0.muscache.com/pictures/hosting/Hosting-1230257693323535013/original/d90ff639-258b-4645-94c4-2a122a2cb38d.jpeg,"[""Smoke alarm"", ""Kitchen"", ""Dishwasher"", ""Stainless steel single oven"", ""Wifi"", ""Shower gel"", ""Hot water"", ""Private entrance"", ""Hair dryer"", ""Body soap"", ""Carbon monoxide alarm"", ""Bed linens"", ""Pack \u2019n play/Travel crib - available upon request"", ""Luggage dropoff allowed"", ""Bathtub"", ""Cooking basics"", ""Baking sheet"", ""Iron"", ""Room-darkening shades"", ""Safe"", ""Hot water kettle"", ""Dedicated workspace"", ""Microwave"", ""Wine glasses"", ""Window guards"", ""Smart lock"", ""Extra pillows and blankets"", ""Record player"", ""Exterior security cameras on property"", ""Toaster"", ""Coffee"", ""Outdoor furniture"", ""Single level home"", ""Shared patio or balcony"", ""Books and reading material"", ""Clothing storage: closet"", ""Central heating"", ""First aid kit"", ""Stainless steel electric stove"", ""Conditioner"", ""Free washer \u2013 In unit"", ""Window AC unit"", ""Dishes and silverware"", ""Public Goods shampoo"", ""Hangers"", ""Refrigerator"", ""Blender"", ""Self check-in"", ""Babysitter recommendations"", ""Freezer"", ""Free street parking"", ""Housekeeping available from 10:00\u202fAM to 1:00\u202fPM, every day - available at extra cost"", ""Fire extinguisher"", ""Coffee maker: drip coffee maker, Keurig coffee machine"", ""Free dryer \u2013 In unit"", ""Paid parking lot off premises"", ""Cleaning products"", ""Board games"", ""55 inch HDTV with Amazon Prime Video, Apple TV, Disney+, HBO Max, Hulu, Netflix""]",1.0,1.0,Entire rental unit,Entire home/apt,
2,750,Kolkata,1,Super Area,Furnished,Bachelors/Family,4500,"Larson Gold sits in Albany's vibrant Center Square district, offering easy access to dining, shopping, and entertainment. With excellent public transportation and nearby highways, convenience is at your doorstep. Experience the city's rich cultural scene, diverse dining options, and lively nightlife, all within walking distance. Don't miss out on this perfect blend of historic charm and modern amenities.",,https://a0.muscache.com/pictures/miso/Hosting-1233366548908684664/original/003af435-c0ce-476b-9d65-ba2f206f095a.jpeg,"[""Smoke alarm"", ""Kitchen"", ""Dishwasher"", ""Stainless steel single oven"", ""Gas stove"", ""Wifi"", ""Shower gel"", ""Hot water"", ""Hair dryer"", ""Body soap"", ""TV"", ""Carbon monoxide alarm"", ""Bed linens"", ""Cooking basics"", ""Shampoo"", ""Iron"", ""Room-darkening shades"", ""Hot water kettle"", ""Wine glasses"", ""Microwave"", ""Coffee maker: Keurig coffee machine"", ""Dining table"", ""Extra pillows and blankets"", ""Long term stays allowed"", ""Paid washer \u2013 In building"", ""Drying rack for clothing"", ""Air conditioning"", ""Exterior security cameras on property"", ""Essentials"", ""Toaster"", ""Coffee"", ""Clothing storage: closet"", ""Central heating"", ""Conditioner"", ""Dishes and silverware"", ""Hangers"", ""Refrigerator"", ""Self check-in"", ""Freezer"", ""Free street parking"", ""Lockbox"", ""Cleaning products"", ""Paid dryer \u2013 In building""]",1.0,1.0,Entire rental unit,Entire home/apt,
2,450,Kolkata,1,Carpet Area,Unfurnished,Bachelors/Family,7000,"Nestled in the vibrant heart of the historic Center Square downtown area, this tranquil one-bedroom garden apartment offers a serene escape from the bustling city life. Housed within a charming brownstone building, it boasts a fully furnished living room that invites relaxation, a spacious bathroom for your comfort, and a convenient laundry room. This gem combines the allure of history with modern living. Near Hospitals, Schools and Government buildings.",,https://a0.muscache.com/pictures/miso/Hosting-1234376912864523021/original/f3d6e498-5c3f-438b-b3a9-230a466e0617.jpeg,"[""Smoke alarm"", ""Kitchen"", ""Ethernet connection"", ""Clothing storage: closet and dresser"", ""Wifi"", ""Frigidaire stove"", ""Hot water"", ""Private entrance"", ""Body soap"", ""TV"", ""Carbon monoxide alarm"", ""Backyard - Fully fenced"", ""Bed linens"", ""Cooking basics"", ""Iron"", ""Wine glasses"", ""Dedicated workspace"", ""Dining table"", ""Dryer \u2013\u00a0In unit"", ""Washer"", ""Smart lock"", ""Extra pillows and blankets"", ""Pets allowed"", ""Drying rack for clothing"", ""Exterior security cameras on property"", ""Frigidaire refrigerator"", ""Frigidaire oven"", ""Central heating"", ""First aid kit"", ""Dishes and silverware"", ""Hangers"", ""Self check-in"", ""Free street parking"", ""Fire extinguisher"", ""Coffee maker: drip coffee maker, Keurig coffee machine"", ""Cleaning products""]",1.0,1.0,Entire rental unit,Entire home/apt,
1,350,Kolkata,1,Carpet Area,Semi-Furnished,Bachelors/Family,6500,"This comfortable one bedroom apartment comes furnished to entertain and with a welcome drink! Stay in the capital region’s most historic neighborhood full of beautiful architecture and cultural attractions. Walkable to some of Albany’s best restaurants including Dove and Deer, Albany’s most charming upscale bar. A full kitchen comes equipped with all your basic cooking needs, but if you don’t feel like cooking enjoy preferred access and discounts at Dove and Deer.",,https://a0.muscache.com/pictures/hosting/Hosting-1237963668912797614/original/416598ea-1389-4245-a732-dc55222f19f2.jpeg,"[""Smoke alarm"", ""Kitchen"", ""Dishwasher"", ""Wifi"", ""Shower gel"", ""Hot water"", ""Coffee maker"", ""Hair dryer"", ""Body soap"", ""Outdoor dining area"", ""TV"", ""Carbon monoxide alarm"", ""Bed linens"", ""Cooking basics"", ""Baking sheet"", ""Shampoo"", ""Wine glasses"", ""Microwave"", ""Long term stays allowed"", ""Exterior security cameras on property"", ""Air conditioning"", ""Toaster"", ""Essentials"", ""Laundromat nearby"", ""Shared patio or balcony"", ""Single oven"", ""Clothing storage: closet"", ""Central heating"", ""First aid kit"", ""Free washer \u2013 In unit"", ""Dishes and silverware"", ""Self check-in"", ""Refrigerator"", ""Freezer"", ""Fire extinguisher"", ""Free dryer \u2013 In unit"", ""Cleaning products"", ""Keypad"", ""Cleaning available during stay"", ""Stove""]",1.0,1.0,Entire rental unit,Entire home/apt,
1,480,Kolkata,2,Carpet Area,Furnished,Bachelors,17500,"Enjoy a cozy, well-clean room just a 5-minute walk from fantastic restaurants and downtown shopping. This peaceful space is ideal for anyone. <br /><br />No smoking or alcohol allowed. Must be clean and nice.",,https://a0.muscache.com/pictures/hosting/Hosting-1242227342075722524/original/658a2f2c-55c3-476b-9402-7567b92739fa.jpeg,"[""Smoke alarm"", ""Free street parking"", ""Shampoo"", ""Air conditioning"", ""Fire extinguisher"", ""Lock on bedroom door"", ""Wifi"", ""Portable heater"", ""Hot water"", ""TV"", ""Conditioner"", ""Extra pillows and blankets""]",1.0,1.0,Private room in rental unit,Private room,
2,900,Kolkata,1,Super Area,Unfurnished,Bachelors/Family,10000,"Charming first-floor apartment with five cozy bedrooms & 1.5 modern bathrooms. Your private bedroom has a full-size bed, dresser, ample closet space, blackout curtains & Smart TV. Custom stone fireplace in the living room, original hardwood floors, washer & dryer. Fully equipped kitchen w/ quartz countertops & stainless steel appliances, generous-sized dining room table, free street parking, and weekly cleaning of common areas. Prime location with easy access to local food spots and hospitals.",,https://a0.muscache.com/pictures/hosting/Hosting-1252203595666312568/original/75541cea-6f26-4641-90ed-17117367f3d0.jpeg,"[""Smoke alarm"", ""Kitchen"", ""Dishwasher"", ""Wifi"", ""Hot water"", ""Hair dryer"", ""Dryer"", ""Indoor fireplace"", ""TV"", ""Carbon monoxide alarm"", ""Bed linens"", ""Bathtub"", ""Cooking basics"", ""Ceiling fan"", ""Iron"", ""Baking sheet"", ""Room-darkening shades"", ""Hot water kettle"", ""Wine glasses"", ""Microwave"", ""Clothing storage"", ""Dining table"", ""Heating"", ""Washer"", ""Extra pillows and blankets"", ""Long term stays allowed"", ""Oven"", ""Portable fans"", ""Backyard"", ""Exterior security cameras on property"", ""Air conditioning"", ""Toaster"", ""Coffee"", ""Lock on bedroom door"", ""Laundromat nearby"", ""First aid kit"", ""Dishes and silverware"", ""Hangers"", ""Refrigerator"", ""Blender"", ""Self check-in"", ""Freezer"", ""Free street parking"", ""Fire extinguisher"", ""Coffee maker: pour-over coffee"", ""Cleaning products"", ""Keypad"", ""Cleaning available during stay"", ""Stove""]",1.0,1.5,Private room in home,Private room,
1,200,Kolkata,1,Super Area,Semi-Furnished,Bachelors/Family,1500,"Pack lightly. 4th floor 1BR walkup in a safe area downtown Albany.Street parking only.There is public transit.Ideal for quiet: working professionals 1 day visits, Bar Exam takers, interns, job interviewees. Across the street fromNYS Capitol,NYS Education office, Cathedral, SUNY Albany Downtown,State Exams, I787, Route 9,Washington square park, and all fine dining/Lark Street, LGBTQIA+ friendly. 5 min  Greyhound bus. Seeking friends. I am a parent and student who is at the library often.",,https://a0.muscache.com/pictures/miso/Hosting-1252255960109808438/original/dbb588de-7e19-4e9e-ad44-c161b0661b9a.jpeg,"[""Smoke alarm"", ""Kitchen"", ""Bathtub"", ""Air conditioning"", ""Host greets you"", ""Wifi"", ""TV"", ""Free parking on premises"", ""Carbon monoxide alarm""]",1.0,1.0,Private room in condo,Private room,
3,1100,Kolkata,3,Super Area,Unfurnished,Bachelors/Family,25000,Keep it simple at this peaceful and centrally-located place. Centrally located between St Peter's and Albany Med this home is  3 bed  2 bath home located on a quiet street. The home has central air plenty of parking and is a perfect home away from home ! The home has washer and dryer and heated bathroom floor for the cold months !,,https://a0.muscache.com/pictures/hosting/Hosting-1252258297385952172/original/894812af-62d2-4548-b271-1b6b5e054ef9.jpeg,"[""Smoke alarm"", ""Kitchen"", ""Dishwasher"", ""Ethernet connection"", ""Wifi"", ""Shower gel"", ""Hot water"", ""Coffee maker"", ""Hair dryer"", ""Body soap"", ""Dryer"", ""TV"", ""Carbon monoxide alarm"", ""Bed linens"", ""Cooking basics"", ""Baking sheet"", ""Shampoo"", ""Iron"", ""Room-darkening shades"", ""Hot water kettle"", ""Wine glasses"", ""Dedicated workspace"", ""Microwave"", ""Clothing storage"", ""Dining table"", ""Heating"", ""Washer"", ""Extra pillows and blankets"", ""Pets allowed"", ""Long term stays allowed"", ""Oven"", ""Air conditioning"", ""Toaster"", ""Essentials"", ""Coffee"", ""Books and reading material"", ""Barbecue utensils"", ""Conditioner"", ""Free parking on premises"", ""Dishes and silverware"", ""Hangers"", ""Refrigerator"", ""Blender"", ""Freezer"", ""Cleaning products"", ""Stove""]",3.0,2.0,Entire home,Entire home/apt,
2,800,Kolkata,1,Carpet Area,Unfurnished,Bachelors/Family,12000,"Charming first-floor apartment with five cozy bedrooms & 1.5 modern bathrooms. Your private bedroom has a full-size bed, dresser, ample closet space, blackout curtains & Smart TV. Custom stone fireplace in the living room, original hardwood floors, washer & dryer. Fully equipped kitchen w/ quartz countertops & stainless steel appliances, generous-sized dining room table, free street parking, and weekly cleaning of common areas. Prime location with easy access to local food spots and hospitals.",,https://a0.muscache.com/pictures/miso/Hosting-1158059552251999833/original/7b3e628d-eab2-4de5-ad1c-49658e8fa898.jpeg,"[""Smoke alarm"", ""Kitchen"", ""Dishwasher"", ""Wifi"", ""Hot water"", ""Hair dryer"", ""Dryer"", ""Indoor fireplace"", ""TV"", ""Carbon monoxide alarm"", ""Bed linens"", ""Bathtub"", ""Cooking basics"", ""Ceiling fan"", ""Iron"", ""Baking sheet"", ""Room-darkening shades"", ""Hot water kettle"", ""Wine glasses"", ""Microwave"", ""Clothing storage"", ""Dining table"", ""Heating"", ""Washer"", ""Extra pillows and blankets"", ""Long term stays allowed"", ""Oven"", ""Portable fans"", ""Backyard"", ""Exterior security cameras on property"", ""Air conditioning"", ""Toaster"", ""Coffee"", ""Lock on bedroom door"", ""Laundromat nearby"", ""First aid kit"", ""Barbecue utensils"", ""Dishes and silverware"", ""Hangers"", ""Refrigerator"", ""Blender"", ""Self check-in"", ""Freezer"", ""Free street parking"", ""Fire extinguisher"", ""Coffee maker: pour-over coffee"", ""Cleaning products"", ""Keypad"", ""Cleaning available during stay"", ""Stove""]",1.0,1.5,Private room in home,Private room,
3,1000,Kolkata,2,Carpet Area,Furnished,Bachelors/Family,7500,"Welcome to our 1Bedroom apartment located in the heart of Albany minutes away from downtown, steps away from Albany Med and across Washington park.",,https://a0.muscache.com/pictures/hosting/Hosting-1256391301639690602/original/ec572a8e-b846-4161-92b1-988152b8204f.jpeg,"[""Smoke alarm"", ""Kitchen"", ""Trash compactor"", ""Wifi"", ""Coffee maker"", ""Mini fridge"", ""TV"", ""Carbon monoxide alarm"", ""Bed linens"", ""Cooking basics"", ""Iron"", ""Wine glasses"", ""Microwave"", ""Clothing storage"", ""Dining table"", ""Heating"", ""Oven"", ""Exterior security cameras on property"", ""Air conditioning"", ""Toaster"", ""Coffee"", ""First aid kit"", ""Dishes and silverware"", ""Hangers"", ""Refrigerator"", ""Blender"", ""Freezer"", ""Fire extinguisher"", ""Stove""]",1.0,,Entire townhouse,Entire home/apt,
1,800,Kolkata,1,Carpet Area,Unfurnished,Bachelors/Family,7000,"Welcome to the *LEO* home! Recently renovated 1st floor 4 bedroom apartment. With a shared living room, bathroom, and kitchen. It is only 1 mile from Albany Med and nearby local hospitals. This is a shared accommodation with other professionals. One traveler is allowed per bedroom. AC in the bedroom. BRAND NEW full-size memory foam mattress and new pillows! Each bedroom has blackout curtains, perfect for night shifters or swing shifts!",,https://a0.muscache.com/pictures/miso/Hosting-902326803627859755/original/3870877c-f0df-4b2c-916b-6068da4b5314.jpeg,"[""Smoke alarm"", ""Kitchen"", ""Dishwasher"", ""Wifi"", ""Hot water"", ""Coffee maker"", ""Hair dryer"", ""Dryer"", ""Indoor fireplace"", ""TV"", ""Carbon monoxide alarm"", ""Bed linens"", ""Cooking basics"", ""Baking sheet"", ""Iron"", ""Room-darkening shades"", ""Hot water kettle"", ""Fireplace guards"", ""Microwave"", ""Wine glasses"", ""Clothing storage"", ""Dining table"", ""Heating"", ""Washer"", ""Extra pillows and blankets"", ""Long term stays allowed"", ""Oven"", ""Backyard"", ""Exterior security cameras on property"", ""Air conditioning"", ""Toaster"", ""Essentials"", ""Lock on bedroom door"", ""Laundromat nearby"", ""Patio or balcony"", ""First aid kit"", ""Dishes and silverware"", ""Hangers"", ""Refrigerator"", ""Blender"", ""Self check-in"", ""Freezer"", ""Free street parking"", ""Fire extinguisher"", ""Cleaning products"", ""Keypad"", ""Stove""]",1.0,1.0,Private room in home,Private room,
1,200,Kolkata,1,Super Area,Semi-Furnished,Bachelors/Family,3500,"Located in the heart of Albany, this spacious and rare 2 BR unit offers a bright kitchen and living room - a king size bed in each bedroom. Enjoy the privacy of a separate entrance apart from the building, and easy access to nearby attractions and restaurants.",,https://a0.muscache.com/pictures/miso/Hosting-1264531987910224088/original/ebaacdd8-f89d-449d-a95c-bf41d3cff5e4.jpeg,"[""Smoke alarm"", ""Dishwasher"", ""Trash compactor"", ""Wifi"", ""Shower gel"", ""Hot water"", ""Coffee maker"", ""Private entrance"", ""Hair dryer"", ""Body soap"", ""Dryer"", ""TV"", ""Carbon monoxide alarm"", ""Bed linens"", ""Cooking basics"", ""Shampoo"", ""Iron"", ""Room-darkening shades"", ""Wine glasses"", ""Dedicated workspace"", ""Microwave"", ""Clothing storage"", ""Dining table"", ""Heating"", ""Washer"", ""Extra pillows and blankets"", ""Rice maker"", ""Pets allowed"", ""Oven"", ""Long term stays allowed"", ""Drying rack for clothing"", ""Exterior security cameras on property"", ""Air conditioning"", ""Toaster"", ""Essentials"", ""Laundromat nearby"", ""Single level home"", ""First aid kit"", ""Conditioner"", ""Free parking on premises"", ""Dishes and silverware"", ""Hangers"", ""Refrigerator"", ""Self check-in"", ""Freezer"", ""Lockbox"", ""Fire extinguisher"", ""Cleaning products"", ""Stove""]",2.0,1.0,Entire rental unit,Entire home/apt,
3,1190,Kolkata,2,Carpet Area,Unfurnished,Bachelors/Family,10000,"Enjoy this stylish studio in the heart of Albany’s Historic District. Walking distance to MVP Arena, parks, Medical facilities and Capitol sites. Newly renovated to accommodate your needs with a touch of historic charm.",,https://a0.muscache.com/pictures/hosting/Hosting-1265342374507338537/original/c0215cf9-2474-4698-a74f-668665bee1b2.jpeg,"[""Smoke alarm"", ""Kitchen"", ""Clothing storage: closet and dresser"", ""Wifi"", ""Hot water"", ""Coffee maker"", ""Hair dryer"", ""Body soap"", ""TV"", ""Carbon monoxide alarm"", ""Bed linens"", ""Cooking basics"", ""Ceiling fan"", ""Shampoo"", ""Baking sheet"", ""Wine glasses"", ""Microwave"", ""Heating"", ""Stainless steel oven"", ""Smart lock"", ""Extra pillows and blankets"", ""Exterior security cameras on property"", ""Toaster"", ""Coffee"", ""Laundromat nearby"", ""First aid kit"", ""Conditioner"", ""Dishes and silverware"", ""Hangers"", ""Refrigerator"", ""Self check-in"", ""Freezer"", ""Fire extinguisher"", ""Cleaning products"", ""Stove""]",0.0,1.0,Entire rental unit,Entire home/apt,
2,900,Kolkata,2,Carpet Area,Unfurnished,Bachelors,14000,"This unique place has a style all its own.  Stay in a 151 year old Victorian rowhouse on Washington Park. Centrally located to restaurants, bars, a grocery store, and the New York State Plaza. Experience what Albany has to offer!",,https://a0.muscache.com/pictures/miso/Hosting-1266676779473584420/original/237832f4-ae38-444f-b61a-448da8b428d4.jpeg,"[""Smoke alarm"", ""Kitchen"", ""Exterior security cameras on property"", ""Fire extinguisher"", ""Wifi"", ""TV"", ""Carbon monoxide alarm""]",1.0,1.5,Private room in home,Private room,
2,1500,Kolkata,2,Super Area,Unfurnished,Bachelors/Family,15000,"One beautiful one bedroom garden level apartment in close proximity to all the best that downtown Albany has to offer. Next to Lark Street, Washington Park, Rockefeller Plaza, Historic State Street, museums, cafes, bars, shopping, and grocery stores. Its a 5 min walk to Albany Med, the VA Hospital, the Albany Law School, Pharmacy School, and Nursing School. 1 mile to Sage College and New Scotland Restaurants.",,https://a0.muscache.com/pictures/miso/Hosting-1268205616603776750/original/207fc985-48a2-4798-ab2e-110dad7d8ed1.jpeg,"[""Smoke alarm"", ""Kitchen"", ""Wifi"", ""Shower gel"", ""Free driveway parking on premises \u2013 1 space"", ""Hot water"", ""Hair dryer"", ""Body soap"", ""Dryer"", ""TV"", ""Carbon monoxide alarm"", ""Bed linens"", ""Cooking basics"", ""Shampoo"", ""Iron"", ""Wine glasses"", ""Dedicated workspace"", ""Microwave"", ""Clothing storage"", ""Heating"", ""Exercise equipment"", ""Washer"", ""Extra pillows and blankets"", ""Oven"", ""Noise decibel monitors on property"", ""Air conditioning"", ""Exterior security cameras on property"", ""Essentials"", ""Toaster"", ""Coffee"", ""First aid kit"", ""Conditioner"", ""Dishes and silverware"", ""Hangers"", ""Refrigerator"", ""Blender"", ""Self check-in"", ""Freezer"", ""Lockbox"", ""Fire extinguisher"", ""Cleaning products"", ""Stove""]",1.0,1.0,Entire rental unit,Entire home/apt,
2,600,Kolkata,1,Super Area,Unfurnished,Bachelors/Family,6500,"Welcome to our beautiful apartment, perfectly located in the safest neighborhood in the city! Just steps from the bus line and within walking distance to a supermarket, cafes, and a variety of delicious eateries.<br /><br />The apartment boasts a unique and creative atmosphere, with thoughtfully curated decor that reflects the artistic flair. Guests have access to shared spaces, including a fully equipped kitchen, a relaxing living area, and a balcony perfect for unwinding after a day of exploring.",,https://a0.muscache.com/pictures/hosting/Hosting-1269145433396830936/original/44cadf6d-26ed-4398-a869-fd88932989ef.jpeg,"[""Smoke alarm"", ""Kitchen"", ""Housekeeping - available at extra cost"", ""Wifi"", ""Shower gel"", ""Hot water"", ""Hair dryer"", ""Body soap"", ""Outdoor dining area"", ""Dryer"", ""TV"", ""Carbon monoxide alarm"", ""Bed linens"", ""Cooking basics"", ""Baking sheet"", ""Shampoo"", ""Hot water kettle"", ""Wine glasses"", ""Microwave"", ""Dining table"", ""Washer"", ""Extra pillows and blankets"", ""Long term stays allowed"", ""Oven"", ""Radiant heating"", ""Noise decibel monitors on property"", ""Exterior security cameras on property"", ""Toaster"", ""Laundromat nearby"", ""Lock on bedroom door"", ""Shared patio or balcony"", ""Books and reading material"", ""First aid kit"", ""Conditioner"", ""Dishes and silverware"", ""Hangers"", ""Refrigerator"", ""Blender"", ""Coffee maker: espresso machine"", ""Self check-in"", ""Freezer"", ""Free street parking"", ""Fire extinguisher"", ""Cleaning products"", ""Keypad"", ""Board games"", ""Stove""]",,,Private room in rental unit,Private room,
3,800,Kolkata,1,Super Area,Unfurnished,Bachelors/Family,10000,"This special place is close to everything, making it easy to plan your visit. This apartment is new with new appliances, Kitchen, bath, floors, electric, plumbing, roof, etc. Property is a 2 Bedrooms and 1 bathroom in a historic two family home located in the sought after historical neighborhood of West Hill. This home is close to major highways, transit and a short distance to Hospitals, SUNY Albany, downtown Albany, and many other amenities… Room is fully furnished and has own thermostat..",,https://a0.muscache.com/pictures/hosting/Hosting-1274613024891750632/original/ce963927-2016-40c1-86fa-3d7330daf56e.jpeg,"[""Smoke alarm"", ""Kitchen"", ""Clothing storage: closet and dresser"", ""Wifi"", ""Hot water"", ""Private entrance"", ""TV"", ""Carbon monoxide alarm"", ""Bed linens"", ""Bathtub"", ""Cooking basics"", ""Room-darkening shades"", ""Microwave"", ""Heating"", ""Electric stove"", ""Air conditioning"", ""Single oven"", ""Free washer \u2013 In unit"", ""Dishes and silverware"", ""Free parking on premises"", ""Hangers"", ""Refrigerator"", ""Self check-in"", ""Lockbox"", ""Free dryer \u2013 In unit"", ""Cleaning products""]",2.0,1.0,Entire home,Entire home/apt,
2,800,Kolkata,2,Carpet Area,Unfurnished,Family,10500,"Enjoy easy access to everything from this centrally located house just a few steps away from the Governor’s Mansion, the Legislative offices and plenty of hotels, restaurants and bars. As well as museums, churches, and playgrounds. Excellent access to major highways and public transportation.<br />You have access to a fully equipped kitchen, a dedicated workspace in your living room and a shared bathroom. WiFi access and laundry room onsite.",,https://a0.muscache.com/pictures/hosting/Hosting-1279781671588026640/original/69eddfd3-c2be-49b6-99e2-5d3733b2d94c.jpeg,"[""Smoke alarm"", ""Kitchen"", ""Exterior security cameras on property"", ""Air conditioning"", ""Fire extinguisher"", ""Lock on bedroom door"", ""Wifi"", ""Dedicated workspace"", ""Carbon monoxide alarm"", ""Paid parking on premises"", ""First aid kit"", ""Exercise equipment"", ""TV"", ""Free parking on premises"", ""Washer""]",2.0,1.5,Private room in townhouse,Private room,
3,900,Kolkata,2,Carpet Area,Semi-Furnished,Bachelors/Family,10000,"Make some memories at this unique and family-friendly place. <br />This place has a fenced in yard and enclosed front porch that allow children to run around. Also, spacious  living room. This house supports close family setting.",,https://a0.muscache.com/pictures/hosting/Hosting-1284983740417509877/original/51659bd4-10dd-4581-8bde-c81018f1c1ce.jpeg,"[""Smoke alarm"", ""Kitchen"", ""Private patio or balcony"", ""Portable air conditioning"", ""Gas stove"", ""Wifi"", ""Shower gel"", ""Hot water"", ""Private entrance"", ""Hair dryer"", ""Body soap"", ""TV"", ""Carbon monoxide alarm"", ""Bed linens"", ""Bathtub"", ""Children\u2019s dinnerware"", ""Ceiling fan"", ""Shampoo"", ""Iron"", ""Cooking basics"", ""Hot water kettle"", ""Wine glasses"", ""Dedicated workspace"", ""Microwave"", ""Coffee maker: Keurig coffee machine"", ""Housekeeping available from 10:00\u202fAM to 2:00\u202fPM, Tuesday, Thursday - available at extra cost"", ""Dining table"", ""Extra pillows and blankets"", ""Portable fans"", ""Toaster"", ""Essentials"", ""Coffee"", ""Laundromat nearby"", ""Single oven"", ""Books and reading material"", ""Central heating"", ""First aid kit"", ""Conditioner"", ""Children\u2019s books and toys"", ""Dishes and silverware"", ""Hangers"", ""Refrigerator"", ""Blender"", ""Self check-in"", ""Freezer"", ""Lockbox"", ""Fire extinguisher"", ""Private backyard \u2013 Fully fenced"", ""Cleaning products"", ""Clothing storage: walk-in closet, closet, and dresser""]",2.0,1.0,Entire home,Entire home/apt,
1,350,Kolkata,1,Carpet Area,Semi-Furnished,Bachelors/Family,5000,"This cozy first-floor apartment is perfect for a comfortable stay in a prime location. It's within walking distance to local hospitals, colleges, and just steps away from Madison Ave and Lark St, known for their vibrant restaurants, bars, and shops. Ideal for those visiting for work, school, or leisure, the apartment offers a charming and convenient base to explore the best of the area. Whether you're here for a short trip or longer stay, you'll feel right at home!",,https://a0.muscache.com/pictures/hosting/Hosting-1289084606313003203/original/179584fc-bf97-4051-97de-e0a5528fbcd5.jpeg,"[""Smoke alarm"", ""Kitchen"", ""Wifi"", ""Hot water"", ""Coffee maker"", ""Hair dryer"", ""Body soap"", ""TV"", ""Carbon monoxide alarm"", ""Bed linens"", ""Cooking basics"", ""Baking sheet"", ""Shampoo"", ""Microwave"", ""Clothing storage"", ""Heating"", ""Washer"", ""Oven"", ""Exterior security cameras on property"", ""Air conditioning"", ""Toaster"", ""Essentials"", ""Conditioner"", ""Free parking on premises"", ""Dishes and silverware"", ""Hangers"", ""Refrigerator"", ""Self check-in"", ""Freezer"", ""Lockbox"", ""Fire extinguisher"", ""Cleaning products"", ""Stove""]",1.0,1.0,Entire rental unit,Entire home/apt,
2,800,Kolkata,1,Carpet Area,Unfurnished,Bachelors/Family,9000,"The whole group will be comfortable in this spacious and unique space. The upstairs Belvedere is a personal bar with a 360 rooftop view of Albany that will blow your socks off.  The spacious open floor plan is great for gatherings, with a public and private bathroom/Jacuzzi room.",,https://a0.muscache.com/pictures/hosting/Hosting-1291321613053647042/original/459d5bd3-62f2-4dc5-a011-96c29e8f0f72.jpeg,"[""BBQ grill"", ""Kitchen"", ""Pool table"", ""Exterior security cameras on property"", ""Air conditioning"", ""Fire extinguisher"", ""Wifi"", ""Carbon monoxide alarm"", ""Hot tub"", ""TV"", ""Free parking on premises"", ""Washer""]",0.0,0.0,Entire rental unit,Entire home/apt,
2,1600,Kolkata,2,Carpet Area,Unfurnished,Bachelors,20000,"‘The Blue Home’ Settle into your private bedroom in this newly renovated 4 bedroom, 1 bath apt. Nestled in the heart of Albany. This fantastic space features refinished 130-year-old hardwood floors, creating a warm and inviting atmosphere. A custom stone fireplace, complete with a 50-inch Samsung Smart TV, serves as the focal point of the living area. Kitchen is fully equipped, with a dishwasher. Laundry is conveniently located in the basement. Free street parking. No guests allowed allowed.",,https://a0.muscache.com/pictures/hosting/Hosting-1292881870228693830/original/0248c07d-522e-4a81-a09c-932da52e6848.jpeg,"[""Smoke alarm"", ""Kitchen"", ""Dishwasher"", ""Wifi"", ""Shower gel"", ""Hot water"", ""Coffee maker"", ""Private entrance"", ""Hair dryer"", ""Body soap"", ""Dryer"", ""Indoor fireplace"", ""TV"", ""Carbon monoxide alarm"", ""Bed linens"", ""Cooking basics"", ""Baking sheet"", ""Shampoo"", ""Iron"", ""Room-darkening shades"", ""Wine glasses"", ""Dedicated workspace"", ""Microwave"", ""Clothing storage"", ""Dining table"", ""Heating"", ""Washer"", ""Extra pillows and blankets"", ""Long term stays allowed"", ""Oven"", ""Portable fans"", ""Backyard"", ""Exterior security cameras on property"", ""Air conditioning"", ""Toaster"", ""Essentials"", ""Lock on bedroom door"", ""Laundromat nearby"", ""Patio or balcony"", ""Outdoor furniture"", ""First aid kit"", ""Conditioner"", ""Dishes and silverware"", ""Hangers"", ""Refrigerator"", ""Self check-in"", ""Freezer"", ""Free street parking"", ""Fire extinguisher"", ""Cleaning products"", ""Keypad"", ""Stove"", ""Private living room""]",1.0,1.0,Private room in home,Private room,
3,1012,Kolkata,2,Carpet Area,Semi-Furnished,Bachelors/Family,35000,"This Modern two bedroom is located in the best neighborhood in Albany. The neighborhood has a quiet suburban feel and is not far from grocery stores, restaurants, and hospitals. The property has a large yard and plenty of off-street parking. It has a large open layout that is very bright and perfect for entertaining, a stunning bathroom with an extra-large shower. Large televisions, lightning-fast internet, modern appliances with new cookware, and a small deck that overlooks the large yard.",,https://a0.muscache.com/pictures/miso/Hosting-1294330125585979004/original/3cb1bd38-8d7f-410c-b666-9ab36a2e1245.jpeg,"[""Smoke alarm"", ""Kitchen"", ""Exterior security cameras on property"", ""Air conditioning"", ""Wifi"", ""Dedicated workspace"", ""Carbon monoxide alarm"", ""TV"", ""Free parking on premises"", ""Washer""]",2.0,1.0,Entire rental unit,Entire home/apt,
3,1200,Kolkata,2,Carpet Area,Unfurnished,Bachelors,15000,"Welcome to your private bedroom in this newly renovated 4-bedroom, 1-bathroom apartment in the heart of Albany! Enjoy the warmth of refinished 130-year-old hardwood floors and relax by the custom stone fireplace with a 50-inch Samsung Smart TV. The fully equipped kitchen includes a dishwasher, and laundry facilities are conveniently located in the basement. Blackout curtains in each room provide a peaceful night's sleep. Free street parking is available. Please note that guests are not allowed.",,https://a0.muscache.com/pictures/miso/Hosting-1295804289767410494/original/ccc1d222-9319-4478-8d9e-8595a6144870.jpeg,"[""Smoke alarm"", ""Kitchen"", ""Dishwasher"", ""Housekeeping available 1 day a week"", ""Wifi"", ""Shower gel"", ""Hot water"", ""Coffee maker"", ""Private entrance"", ""Hair dryer"", ""Dryer"", ""Indoor fireplace"", ""TV"", ""Carbon monoxide alarm"", ""Bed linens"", ""Cooking basics"", ""Baking sheet"", ""Shampoo"", ""Iron"", ""Room-darkening shades"", ""Hot water kettle"", ""Wine glasses"", ""Dedicated workspace"", ""Microwave"", ""Clothing storage"", ""Dining table"", ""Heating"", ""Washer"", ""Extra pillows and blankets"", ""Long term stays allowed"", ""Oven"", ""Portable fans"", ""Backyard"", ""Exterior security cameras on property"", ""Air conditioning"", ""Toaster"", ""Essentials"", ""Lock on bedroom door"", ""Laundromat nearby"", ""Patio or balcony"", ""Outdoor furniture"", ""First aid kit"", ""Barbecue utensils"", ""Conditioner"", ""Dishes and silverware"", ""Hangers"", ""Refrigerator"", ""Self check-in"", ""Freezer"", ""Free street parking"", ""Fire extinguisher"", ""Cleaning products"", ""Keypad"", ""Stove"", ""Private living room""]",1.0,1.0,Private room in home,Private room,
2,700,Kolkata,1,Super Area,Furnished,Bachelors/Family,20000,"Welcome to this charming room in Albany completely remodeled to the studs in '21! Centrally located in the peaceful Pine Hill neighborhood. It’s walking distance to restaurants, bars, grocery store & historic Washington Park. 2 mi to SUNY and 1 mi to Albany Medical. Great for couples, traveling nurse, business professionals. Street parking available in front of the house. Your room is smart TV equipped with live cable for watching all your guilty pleasures, so feel free to bring your own login !",,https://a0.muscache.com/pictures/hosting/Hosting-1296651761769034648/original/ec0292fb-63e2-438a-991e-3667baa14a14.jpeg,"[""Smoke alarm"", ""Kitchen"", ""Wifi"", ""Shower gel"", ""Hot water"", ""Private entrance"", ""Hair dryer"", ""Body soap"", ""TV"", ""Carbon monoxide alarm"", ""Bed linens"", ""Bathtub"", ""Cooking basics"", ""Shampoo"", ""Iron"", ""Room-darkening shades"", ""Dedicated workspace"", ""Microwave"", ""Extra pillows and blankets"", ""Long term stays allowed"", ""Oven"", ""Portable fans"", ""Drying rack for clothing"", ""Exterior security cameras on property"", ""Air conditioning"", ""Essentials"", ""Lock on bedroom door"", ""Coffee"", ""Laundromat nearby"", ""Books and reading material"", ""Clothing storage: closet"", ""Central heating"", ""First aid kit"", ""Conditioner"", ""Dishes and silverware"", ""Hangers"", ""Refrigerator"", ""Self check-in"", ""Freezer"", ""Free street parking"", ""Fire extinguisher"", ""Cleaning products"", ""Keypad"", ""Board games"", ""Cleaning available during stay"", ""Stove""]",1.0,1.0,Private room in rental unit,Private room,
2,1000,Kolkata,1,Super Area,Semi-Furnished,Bachelors/Family,12000,"Welcome to this charming room in Albany completely remodeled to the studs in '21!<br />Centrally located in the peaceful Pine Hill neighborhood. It's walking distance to restaurants, bars, grocery store & historic<br />Washington Park. 2 mi to SUNY and 1 mi to Albany Medical. Great for couples, traveling nurse, business professionals. Street parking available in front of the house. Your room is smart TV equipped with live cable for watching all your guilty pleasures, so feel free to bring your own login !",,https://a0.muscache.com/pictures/hosting/Hosting-1296756366433115082/original/fc036121-a8ce-41ce-856f-319dcfa09073.jpeg,"[""Smoke alarm"", ""Kitchen"", ""Wifi"", ""Shower gel"", ""Hot water"", ""Private entrance"", ""Hair dryer"", ""Body soap"", ""TV"", ""Carbon monoxide alarm"", ""Bed linens"", ""Bathtub"", ""Cooking basics"", ""Shampoo"", ""Iron"", ""Room-darkening shades"", ""Dedicated workspace"", ""Microwave"", ""Clothing storage"", ""Heating"", ""Extra pillows and blankets"", ""Long term stays allowed"", ""Oven"", ""Portable fans"", ""Drying rack for clothing"", ""Exterior security cameras on property"", ""Air conditioning"", ""Essentials"", ""Lock on bedroom door"", ""Coffee"", ""Laundromat nearby"", ""Books and reading material"", ""First aid kit"", ""Conditioner"", ""Dishes and silverware"", ""Hangers"", ""Refrigerator"", ""Self check-in"", ""Freezer"", ""Free street parking"", ""Fire extinguisher"", ""Cleaning products"", ""Keypad"", ""Board games"", ""Cleaning available during stay"", ""Stove""]",1.0,1.0,Private room in rental unit,Private room,
2,800,Kolkata,1,Carpet Area,Unfurnished,Bachelors,8000,"2-bed 1st floor apt. in a renovated historic two-century-old building in a quiet neighborhood of Albany's Pastures. Great location near Albany Medical Center, MVP Arena, Empire State Plaza, Library, Lark Street, State Offices, courts; easy access to local & regional bus routes and highways (I-787, I-90 & I-87).<br /><br />1 King bed<br />1 Queen bed<br />Cozy gas fireplace in living room<br />Up to 6 NON-SMOKING guests<br />Toiletries included<br /><br />Save & BOOK this unit today!<br />Message me anytime. Hope to welcome you soon!<br /><br />-Earl",,https://a0.muscache.com/pictures/hosting/Hosting-U3RheVN1cHBseUxpc3Rpbmc6MTI5ODA2NzM2MjM4MDExMjUwMA%3D%3D/original/22c9130a-9c42-4837-abe4-27d5a871d071.jpeg,"[""Smoke alarm"", ""Kitchen"", ""Dishwasher"", ""Wifi"", ""Shower gel"", ""Hot water"", ""Coffee maker"", ""Hair dryer"", ""Body soap"", ""Indoor fireplace"", ""TV"", ""Carbon monoxide alarm"", ""Bed linens"", ""Bathtub"", ""Cooking basics"", ""Baking sheet"", ""Shampoo"", ""Iron"", ""Hot water kettle"", ""Dedicated workspace"", ""Microwave"", ""Clothing storage"", ""Dining table"", ""Heating"", ""Smart lock"", ""Extra pillows and blankets"", ""Pets allowed"", ""Oven"", ""Noise decibel monitors on property"", ""Air conditioning"", ""Exterior security cameras on property"", ""Essentials"", ""Toaster"", ""Coffee"", ""First aid kit"", ""Conditioner"", ""Free parking on premises"", ""Dishes and silverware"", ""Hangers"", ""Refrigerator"", ""Self check-in"", ""Free washer \u2013 In building"", ""Freezer"", ""Fire extinguisher"", ""Free dryer \u2013 In unit"", ""Stove""]",2.0,1.0,Entire rental unit,Entire home/apt,
1,500,Kolkata,1,Super Area,Semi-Furnished,Bachelors/Family,3000,"Welcome to your private bedroom in this newly renovated 4-bedroom, 1-bathroom apartment in the heart of Albany! Enjoy the warmth of refinished 130-year-old hardwood floors and relax by the custom stone fireplace with a 50-inch Samsung Smart TV. The fully equipped kitchen includes a dishwasher, and laundry facilities are conveniently located in the basement. Blackout curtains in each room provide a peaceful night's sleep. Free street parking is available. Please note that guests are not allowed.",,https://a0.muscache.com/pictures/hosting/Hosting-1308084493028885153/original/8ce7148d-4af3-4963-8d7c-659df15a40cf.jpeg,"[""Smoke alarm"", ""Kitchen"", ""Dishwasher"", ""Wifi"", ""Shower gel"", ""Hot water"", ""Coffee maker"", ""Private entrance"", ""Hair dryer"", ""Body soap"", ""Dryer"", ""Indoor fireplace"", ""TV"", ""Carbon monoxide alarm"", ""Bed linens"", ""Cooking basics"", ""Baking sheet"", ""Shampoo"", ""Iron"", ""Room-darkening shades"", ""Hot water kettle"", ""Wine glasses"", ""Dedicated workspace"", ""Microwave"", ""Clothing storage"", ""Dining table"", ""Heating"", ""Washer"", ""Extra pillows and blankets"", ""Long term stays allowed"", ""Oven"", ""Portable fans"", ""Backyard"", ""Exterior security cameras on property"", ""Air conditioning"", ""Toaster"", ""Essentials"", ""Lock on bedroom door"", ""Laundromat nearby"", ""Patio or balcony"", ""Outdoor furniture"", ""First aid kit"", ""Barbecue utensils"", ""Conditioner"", ""Dishes and silverware"", ""Hangers"", ""Refrigerator"", ""Self check-in"", ""Freezer"", ""Free street parking"", ""Fire extinguisher"", ""Cleaning products"", ""Keypad"", ""Stove"", ""Private living room""]",1.0,1.0,Private room in home,Private room,
3,1200,Kolkata,2,Carpet Area,Semi-Furnished,Bachelors,20000,"‘The Blue Home’ Settle into your private bedroom in this newly renovated 4 bedroom, 1 bath apt. Nestled in the heart of Albany! This fantastic space features refinished 130-year-old hardwood floors, creating a warm and inviting atmosphere. A custom stone fireplace, complete with a 50-inch Samsung Smart TV, is the focal point of the living area. The kitchen is fully equipped, with a dishwasher. Laundry is conveniently located in the basement. Free street parking. No guests allowed allowed.",,https://a0.muscache.com/pictures/hosting/Hosting-1308111521841678866/original/aeadb656-4268-4ea9-901d-efc0ac1d2184.jpeg,"[""Smoke alarm"", ""Kitchen"", ""Dishwasher"", ""Wifi"", ""Shower gel"", ""Hot water"", ""Coffee maker"", ""Private entrance"", ""Hair dryer"", ""Dryer"", ""Indoor fireplace"", ""TV"", ""Carbon monoxide alarm"", ""Bed linens"", ""Cooking basics"", ""Baking sheet"", ""Shampoo"", ""Iron"", ""Room-darkening shades"", ""Hot water kettle"", ""Wine glasses"", ""Dedicated workspace"", ""Microwave"", ""Clothing storage"", ""Dining table"", ""Heating"", ""Washer"", ""Extra pillows and blankets"", ""Long term stays allowed"", ""Oven"", ""Portable fans"", ""Backyard"", ""Exterior security cameras on property"", ""Air conditioning"", ""Toaster"", ""Essentials"", ""Lock on bedroom door"", ""Laundromat nearby"", ""Patio or balcony"", ""Outdoor furniture"", ""First aid kit"", ""Barbecue utensils"", ""Conditioner"", ""Dishes and silverware"", ""Hangers"", ""Refrigerator"", ""Self check-in"", ""Freezer"", ""Free street parking"", ""Fire extinguisher"", ""Cleaning products"", ""Keypad"", ""Cleaning available during stay"", ""Stove"", ""Private living room""]",1.0,1.0,Private room in home,Private room,
1,450,Kolkata,1,Carpet Area,Unfurnished,Bachelors,9000,"Welcome to this charming room in Albany completely remodeled to the studs in '21! Centrally located in the peaceful Pine Hill neighborhood. It’s walking distance to restaurants, bars, grocery store & historic Washington Park. 2 mi to SUNY and 1 mi to Albany Medical. Great for couples, traveling nurse, business professionals. Street parking available in front of the house. Your room is smart TV equipped with live cable for watching all your guilty pleasures, so feel free to bring your own login !",,https://a0.muscache.com/pictures/hosting/Hosting-1310170283925918533/original/a0200d22-d419-4685-a76c-1680f46dc6bd.jpeg,"[""Smoke alarm"", ""Kitchen"", ""Wifi"", ""Shower gel"", ""Hot water"", ""Private entrance"", ""Hair dryer"", ""Body soap"", ""TV"", ""Carbon monoxide alarm"", ""Bed linens"", ""Bathtub"", ""Cooking basics"", ""Shampoo"", ""Iron"", ""Room-darkening shades"", ""Dedicated workspace"", ""Microwave"", ""Clothing storage"", ""Heating"", ""Extra pillows and blankets"", ""Long term stays allowed"", ""Oven"", ""Portable fans"", ""Drying rack for clothing"", ""Exterior security cameras on property"", ""Air conditioning"", ""Essentials"", ""Lock on bedroom door"", ""Coffee"", ""Laundromat nearby"", ""Books and reading material"", ""First aid kit"", ""Conditioner"", ""Dishes and silverware"", ""Hangers"", ""Refrigerator"", ""Self check-in"", ""Freezer"", ""Free street parking"", ""Fire extinguisher"", ""Cleaning products"", ""Keypad"", ""Board games"", ""Cleaning available during stay"", ""Stove""]",1.0,1.0,Private room in rental unit,Private room,
3,950,Kolkata,2,Carpet Area,Unfurnished,Bachelors/Family,13000,"This beautiful furnished 1-bedroom apartment, nestled in a historic row house is located in the heart of Albany. Enjoy the natural beauty of Washington Park and the vibrant energy of Lark Street just around the corner, where you'll find an array of trendy restaurants, coffee shops, and bars.<br /><br />For those in the medical field, Albany Medical Center is only a short walk. You'll also have easy access to public transportation, with Downtown Albany and the University at Albany just minutes away.",,https://a0.muscache.com/pictures/hosting/Hosting-1319619558594743733/original/7ba6568f-8a12-4d84-b944-0aad4cd25d0f.jpeg,"[""Smoke alarm"", ""Kitchen"", ""Exterior security cameras on property"", ""Iron"", ""Lockbox"", ""Fire extinguisher"", ""Wifi"", ""Dedicated workspace"", ""Carbon monoxide alarm"", ""Paid parking on premises"", ""Hair dryer"", ""First aid kit"", ""TV"", ""Washer"", ""Self check-in""]",1.0,1.0,Entire rental unit,Entire home/apt,
1,350,Kolkata,1,Carpet Area,Unfurnished,Bachelors/Family,7000,"Your family will be close to everything when you stay at this centrally-located place. Which is 15 minutes from the city center,12 minutes from the airport, 10 minutes from Crossgate mall, and Albany Med, 7 mins from St Peter’s Hospital, 5 minutes from university at Albany. You can never be late. An ideal spot for travel nurses, visiting professionals family vacations and graduation stays.",,https://a0.muscache.com/pictures/hosting/Hosting-1319649416178819713/original/2168959d-4e24-4548-ba4f-8f4e3d36cc6a.jpeg,"[""Smoke alarm"", ""Kitchen"", ""Dishwasher"", ""Private patio or balcony"", ""Frigidaire  refrigerator"", ""Wifi"", ""Shower gel"", ""Hot water"", ""Private entrance"", ""Outdoor dining area"", ""TV"", ""Carbon monoxide alarm"", ""Bluetooth sound system"", ""Housekeeping available from 11:30\u202fAM to 3:00\u202fPM - available at extra cost"", ""Bathtub"", ""Ceiling fan"", ""Iron"", ""Central air conditioning"", ""Hot water kettle"", ""Wine glasses"", ""Microwave"", ""Dining table"", ""Rice maker"", ""Free driveway parking on premises \u2013 3 spaces"", ""Pets allowed"", ""Electric stove"", ""Long term stays allowed"", ""Exterior security cameras on property"", ""Toaster"", ""Coffee"", ""Laundromat nearby"", ""Central heating"", ""Dishes and silverware"", ""Hangers"", ""Blender"", ""Self check-in"", ""Freezer"", ""Fire extinguisher"", ""Coffee maker: pour-over coffee"", ""Keypad"", ""Frigidaire  oven"", ""Dove body soap""]",3.0,,Entire rental unit,Entire home/apt,
1,450,Kolkata,1,Carpet Area,Unfurnished,Bachelors/Family,9000,"Welcome to the Whisky House! Featuring 3 floors with plenty of space to host a corporate event or celebrate with loved ones. Walking distance from downtown and Center Square nightlife, the Whiskey House is the perfect location for a bachelor or bachelorette party, birthday celebration getaway, anniversary, you name it! Whatever the occasion, the Whiskey House is your home away from home.<br /><br />*We DO NOT have a full size stove/oven - pocket kitchen with smaller amenities (microwave/fridge) available*",,https://a0.muscache.com/pictures/miso/Hosting-1328247359330291677/original/d38b9cae-6b93-400d-b5ce-1e431e8bc31d.jpeg,"[""Smoke alarm"", ""Dishwasher"", ""Wifi"", ""Shower gel"", ""Hot water"", ""Hair dryer"", ""TV"", ""Carbon monoxide alarm"", ""Bed linens"", ""Kitchenette"", ""Shampoo"", ""Iron"", ""Wine glasses"", ""Dedicated workspace"", ""Microwave"", ""Dryer \u2013\u00a0In unit"", ""Heating"", ""Washer \u2013\u00a0In unit"", ""Extra pillows and blankets"", ""Long term stays allowed"", ""Air conditioning"", ""Toaster"", ""Essentials"", ""Coffee"", ""First aid kit"", ""Conditioner"", ""Dishes and silverware"", ""Self check-in"", ""Free street parking"", ""Fire extinguisher"", ""Coffee maker: drip coffee maker, Keurig coffee machine"", ""Paid parking lot off premises"", ""Keypad""]",3.0,2.0,Entire home,Entire home/apt,
1,550,Kolkata,1,Carpet Area,Semi-Furnished,Bachelors,9000,"Experience updated comfort in a Hystorical Building at Capital Square, Albany! Overlooking the iconic Capitol Building, this fully-furnished apartment offers a prime location with easy access to vibrant Lark Street and top-notch amenities. Enjoy a centralized location with street parking, and high-speed Wi-Fi. Perfect for both leisure and business travelers, doctors, nurses, students etc.",,https://a0.muscache.com/pictures/miso/Hosting-1328401906195927790/original/2df4c613-ca6f-47c2-84c0-c01651e35d52.jpeg,"[""Smoke alarm"", ""Kitchen"", ""Wifi"", ""Carbon monoxide alarm"", ""TV"", ""Washer""]",1.0,1.0,Entire rental unit,Entire home/apt,
2,300,Kolkata,1,Carpet Area,Unfurnished,Bachelors,10000,"Located in a prime location, this 1 bed airy loft style apartment is located across from Washington Park and near many restaurants and bars in the trendy area on Lark Street. Albany Medical is in walking distance. Downtown Albany is only minutes away. Enjoy easy access to everything from this centrally located apartment.",,https://a0.muscache.com/pictures/hosting/Hosting-1329355205441244604/original/8a9a9630-74d0-4b31-b42d-1e302e4f86eb.jpeg,"[""Smoke alarm"", ""Kitchen"", ""Exterior security cameras on property"", ""Fire extinguisher"", ""Wifi"", ""Paid parking on premises"", ""Carbon monoxide alarm"", ""Keypad"", ""First aid kit"", ""TV"", ""Washer"", ""Self check-in""]",1.0,1.0,Entire rental unit,Entire home/apt,
3,1250,Kolkata,2,Super Area,Semi-Furnished,Bachelors/Family,15000,"3-bed fl 2 apt. in a renovated historic two-century-old building in a quiet neighborhood of Albany's Pastures. Great location near Albany Medical Center, MVP Arena, Empire State Plaza, Library, Lark Street, State Offices, courts; easy access to local & regional bus routes and highways (I-787, I-90 & I-87)<br /><br />3 Queen beds<br />Cozy gas fireplace in living room<br />Up to 10 NON-SMOKING guests<br />Toiletries included<br /><br />Save & BOOK this unit today!<br />Message me anytime. Hope to welcome you soon!<br /><br />-Earl",,https://a0.muscache.com/pictures/hosting/Hosting-U3RheVN1cHBseUxpc3Rpbmc6MTMzNDIzODU3OTE5MDMxMjE4NA==/original/0b63c10e-968b-4160-b021-89d8ae8597c8.jpeg,"[""Smoke alarm"", ""Kitchen"", ""Dishwasher"", ""Stainless steel single oven"", ""Private patio or balcony"", ""Wifi"", ""Shower gel"", ""Hot water"", ""Coffee maker"", ""Private entrance"", ""Hair dryer"", ""Body soap"", ""Indoor fireplace"", ""TV"", ""Carbon monoxide alarm"", ""Bed linens"", ""Luggage dropoff allowed"", ""Bathtub"", ""Cooking basics"", ""Baking sheet"", ""Shampoo"", ""Iron"", ""Hot water kettle"", ""Wine glasses"", ""Free dryer \u2013 In building"", ""Dedicated workspace"", ""Microwave"", ""Clothing storage"", ""Dining table"", ""Smart lock"", ""Paid street parking off premises"", ""Extra pillows and blankets"", ""Pets allowed"", ""Long term stays allowed"", ""Radiant heating"", ""Noise decibel monitors on property"", ""Air conditioning"", ""Exterior security cameras on property"", ""Essentials"", ""Toaster"", ""Coffee"", ""Laundromat nearby"", ""Pack \u2019n play/Travel crib"", ""First aid kit"", ""Free parking on premises"", ""Dishes and silverware"", ""Hangers"", ""Refrigerator"", ""Blender"", ""Free washer \u2013 In building"", ""Self check-in"", ""Freezer"", ""Free street parking"", ""Tr\u00e9Semme conditioner"", ""Fire extinguisher"", ""Bidet"", ""Board games"", ""Stainless steel gas stove"", ""Shared backyard \u2013 Fully fenced""]",3.0,,Entire rental unit,Entire home/apt,
2,700,Kolkata,1,Super Area,Unfurnished,Bachelors/Family,7000,"This thoughtfully designed apartment is the perfect solution for business professionals and those seeking long-term accommodations - Ask about our long-term pricing. Whether you're here for a short-term project, relocation, or an extended stay, this fully equipped apartment provides a comfortable, convenient, and stylish environment to call home. With modern amenities and a focus on functionality, you'll find everything you need to settle in and stay.",,https://a0.muscache.com/pictures/hosting/Hosting-U3RheVN1cHBseUxpc3Rpbmc6MTM0NDI5NTkzNTIxMzM1MDQyNA%3D%3D/original/255e1067-b63a-4c70-8095-71f3bfbb5390.jpeg,"[""Smoke alarm"", ""Kitchen"", ""Ethernet connection"", ""Wifi"", ""Shower gel"", ""Hot water"", ""Coffee maker"", ""Hair dryer"", ""Body soap"", ""Dryer"", ""Mini fridge"", ""TV"", ""Gym"", ""Carbon monoxide alarm"", ""Bed linens"", ""Bathtub"", ""Cooking basics"", ""Shampoo"", ""Iron"", ""Room-darkening shades"", ""Hot water kettle"", ""Wine glasses"", ""Dedicated workspace"", ""Microwave"", ""Clothing storage"", ""Dining table"", ""Extra pillows and blankets"", ""Long term stays allowed"", ""Oven"", ""Drying rack for clothing"", ""Coffee"", ""Central heating"", ""First aid kit"", ""Conditioner"", ""Free parking on premises"", ""Window AC unit"", ""Dishes and silverware"", ""Hangers"", ""Refrigerator"", ""Freezer"", ""Free street parking"", ""Fire extinguisher"", ""Cleaning products"", ""Stove""]",1.0,1.0,Entire rental unit,Entire home/apt,
3,812,Kolkata,2,Super Area,Unfurnished,Bachelors/Family,8000,"This thoughtfully designed apartment is the perfect solution for business professionals and those seeking long-term accommodations - Ask about our long-term pricing. Whether you're here for a short-term project, relocation, or an extended stay, this fully equipped apartment provides a comfortable, convenient, and stylish environment to call home. With modern amenities and a focus on functionality, you'll find everything you need to settle in and stay.",,https://a0.muscache.com/pictures/hosting/Hosting-U3RheVN1cHBseUxpc3Rpbmc6MTM0NDg5OTcwMDM4MDYyODQzMQ%3D%3D/original/4f87b40e-43b7-444b-a8d5-8a26d21c921b.jpeg,"[""Smoke alarm"", ""Kitchen"", ""Ethernet connection"", ""Wifi"", ""Shower gel"", ""Hot water"", ""Coffee maker"", ""Hair dryer"", ""Body soap"", ""Dryer"", ""Mini fridge"", ""TV"", ""Gym"", ""Carbon monoxide alarm"", ""Bed linens"", ""Bathtub"", ""Cooking basics"", ""Shampoo"", ""Iron"", ""Room-darkening shades"", ""Hot water kettle"", ""Wine glasses"", ""Dedicated workspace"", ""Microwave"", ""Clothing storage"", ""Washer \u2013\u00a0In unit"", ""Long term stays allowed"", ""Oven"", ""Air conditioning"", ""Essentials"", ""Coffee"", ""Central heating"", ""First aid kit"", ""Conditioner"", ""Free parking on premises"", ""Dishes and silverware"", ""Hangers"", ""Refrigerator"", ""Freezer"", ""Free street parking"", ""Fire extinguisher"", ""Cleaning products"", ""Stove""]",1.0,1.0,Entire rental unit,Entire home/apt,
2,550,Kolkata,1,Super Area,Unfurnished,Bachelors/Family,8000,"Cozy 1BR in Center Square—steps from Lark St, Dove & Deer, the Capitol, and MVP Arena. This fully furnished unit features a modern kitchen, comfy living space, private laundry access (in basement), and full bath. Ideal for traveling nurses, legislators, or solo professionals. Walkable, convenient, and close to Albany Med, St Peter's Hospital, Irongate, and great dining. Traditional key entry. Clean, convenient, and perfectly located. Back unit, entrance in back of building.",,https://a0.muscache.com/pictures/miso/Hosting-1346801758960246004/original/01566b8e-727d-4e50-a7b9-21bd132cd1f4.jpeg,"[""Free washer \u2013 In building"", ""Smoke alarm"", ""Kitchen"", ""Dishwasher"", ""Coffee maker: drip coffee maker"", ""Iron"", ""Air conditioning"", ""Lockbox"", ""Free dryer \u2013 In building"", ""Wifi"", ""Microwave"", ""Hair dryer"", ""TV"", ""Free parking on premises"", ""Carbon monoxide alarm"", ""Dishes and silverware"", ""Pets allowed"", ""Self check-in""]",1.0,1.0,Entire rental unit,Entire home/apt,
1,500,Kolkata,1,Super Area,Semi-Furnished,Bachelors/Family,5000,"Enjoy this lovely neighborhood of Albany when you stay in this 2-bedroom, 2 bathroom home! Bring the whole family to this great place with lots of room for fun. This bright and cozy home includes a fully equipped kitchen, washer/dryer in the home, a huge backyard with a privacy fence and a swing set. A newly remodeled second floor provides a suite-like experience for anyone staying there. <br /><br />A great place for a family, traveling professionals, or a single person looking for lots of space.",,https://a0.muscache.com/pictures/miso/Hosting-1350831900774924999/original/ae2cb472-63f0-4028-9bd3-934c956a75c9.jpeg,"[""Smoke alarm"", ""Kitchen"", ""Dishwasher"", ""Wifi"", ""Hot water"", ""Fire pit"", ""Outdoor dining area"", ""TV"", ""Carbon monoxide alarm"", ""Bed linens"", ""Bathtub"", ""Cooking basics"", ""Ceiling fan"", ""Iron"", ""Hot water kettle"", ""Dedicated workspace"", ""Microwave"", ""Dining table"", ""Washer"", ""Pets allowed"", ""Electric stove"", ""Oven"", ""Radiant heating"", ""Portable fans"", ""Exterior security cameras on property"", ""Air conditioning"", ""Toaster"", ""Free parking on premises"", ""Dishes and silverware"", ""Hangers"", ""Refrigerator"", ""Self check-in"", ""Freezer"", ""Lockbox"", ""Fire extinguisher"", ""Free dryer \u2013 In unit"", ""Cleaning products"", ""Clothing storage: walk-in closet, closet, and dresser""]",2.0,2.0,Entire home,Entire home/apt,
1,320,Kolkata,1,Carpet Area,Furnished,Bachelors,14000,"Welcome to Capital City Escape, a stylish  3-bedroom, 1.5-bathroom home in the heart of Albany, NY. <br /><br />This newly renovated space offers all the comforts of home, including a fully equipped kitchen, washer and dryer, and a sleek, contemporary design. Whether you're planning a family getaway or a fun trip with friends, this cozy yet sophisticated retreat is the perfect place to relax and explore Albany!",,https://a0.muscache.com/pictures/miso/Hosting-1350872245042831459/original/8b393e01-80dc-4ddc-9152-24e7bbf5a2e0.jpeg,"[""Smoke alarm"", ""Kitchen"", ""Dishwasher"", ""Stainless steel single oven"", ""Wifi"", ""Shower gel"", ""Hot water"", ""Private entrance"", ""Hair dryer"", ""Body soap"", ""TV"", ""Carbon monoxide alarm"", ""Bed linens"", ""Bathtub"", ""Cooking basics"", ""Shampoo"", ""Iron"", ""Wine glasses"", ""Microwave"", ""Coffee maker: Keurig coffee machine"", ""Dining table"", ""Washer"", ""Long term stays allowed"", ""Pets allowed"", ""Exterior security cameras on property"", ""Air conditioning"", ""Coffee"", ""Clothing storage: closet"", ""Central heating"", ""First aid kit"", ""Stainless steel electric stove"", ""Baby bath"", ""Conditioner"", ""Free parking on premises"", ""Dishes and silverware"", ""Hangers"", ""Refrigerator"", ""Freezer"", ""Fire extinguisher"", ""Free dryer \u2013 In unit""]",3.0,1.5,Entire home,Entire home/apt,
2,600,Kolkata,1,Super Area,Unfurnished,Bachelors/Family,5000,"Peaceful apartment in a fully detached house with free parking. Apartment is fully furnished, all utilities included. Brand new washer and dryer installed. Property is a 2 Bedrooms and 1 bathroom in a historic two family home located in the sought after historical neighborhood of West Hill. This home is close to major highways, transit and a short distance to AMC, St. Peter’s, SUNY Albany… Apartment is fully furnished. Each room has its own thermostat. Professionals and students welcome.",,https://a0.muscache.com/pictures/hosting/Hosting-1358581858384454275/original/340c37b3-4654-4d9a-8318-3f51a23edfa3.jpeg,"[""Smoke alarm"", ""Kitchen"", ""Clothing storage: closet and dresser"", ""Wifi"", ""Hot water"", ""Private entrance"", ""Outdoor dining area"", ""TV"", ""Carbon monoxide alarm"", ""Bed linens"", ""Bathtub"", ""Cooking basics"", ""Iron"", ""Room-darkening shades"", ""Dedicated workspace"", ""Microwave"", ""Dining table"", ""Dryer \u2013\u00a0In unit"", ""Washer \u2013\u00a0In unit"", ""Electric stove"", ""BBQ grill"", ""Radiant heating"", ""Air conditioning"", ""Laundromat nearby"", ""Outdoor furniture"", ""Single oven"", ""Free parking on premises"", ""Dishes and silverware"", ""Hangers"", ""Whirlpool  refrigerator"", ""Coffee maker: drip coffee maker"", ""Free street parking"", ""Private backyard \u2013 Fully fenced"", ""Cleaning products""]",2.0,1.0,Entire rental unit,Entire home/apt,
2,420,Kolkata,1,Carpet Area,Unfurnished,Bachelors,5000,Make some Great memories at this unique family-friendly place.<br /><br />This unique place has a style of its own. It’s the secret to finding peace and fulfillment as you kick back and relax in this calm stylish space,,https://a0.muscache.com/pictures/hosting/Hosting-1363867065584533091/original/9a79d22a-138a-41d0-9c7a-0e5dec7511a9.jpeg,"[""Smoke alarm"", ""Kitchen"", ""Wifi"", ""Dryer"", ""Carbon monoxide alarm"", ""Bed linens"", ""Pool table"", ""Room-darkening shades"", ""Washer"", ""Pets allowed"", ""Radiant heating"", ""Noise decibel monitors on property"", ""Air conditioning"", ""Exterior security cameras on property"", ""Patio or balcony"", ""First aid kit"", ""Self check-in"", ""Hangers"", ""Fire extinguisher"", ""Keypad""]",3.0,1.0,Entire home,Entire home/apt,
3,1100,Kolkata,1,Super Area,Unfurnished,Bachelors,12000,"Discover Albany from the heart of downtown. This comfortable 2-bedroom apartment is just a 5-minute walk to the bus station and 7 minutes to MVP Arena, perfect for catching a concert, game, or event.<br /><br />You’ll also be a short drive from the train station (5 minutes), Empire State Plaza (walkable), and Albany International Airport (15 minutes). Whether you're visiting for work or fun, this space is an ideal home base.<br /><br />Iconic Saratoga Springs is just 30 minutes away!",,https://a0.muscache.com/pictures/hosting/Hosting-1365428503448527322/original/a41a7d74-26b4-4d11-8a7a-915cfeee601c.jpeg,"[""Smoke alarm"", ""Kitchen"", ""Hot water"", ""Hair dryer"", ""Carbon monoxide alarm"", ""Bed linens"", ""Bathtub"", ""Cooking basics"", ""Iron"", ""Hot water kettle"", ""Wine glasses"", ""Dedicated workspace"", ""Microwave"", ""Coffee maker: Keurig coffee machine"", ""Clothing storage"", ""Dining table"", ""Heating"", ""Extra pillows and blankets"", ""Exterior security cameras on property"", ""Toaster"", ""Essentials"", ""40 inch HDTV with Netflix, Hulu, Amazon Prime Video"", ""Free parking on premises"", ""Window AC unit"", ""Dishes and silverware"", ""Hangers"", ""Refrigerator"", ""Self check-in"", ""Freezer"", ""Keypad"", ""Fast wifi \u2013 301 Mbps"", ""Stove""]",2.0,1.0,Entire condo,Entire home/apt,
1,220,Kolkata,1,Super Area,Unfurnished,Bachelors/Family,3200,- No pets<br />- No smoking or vaping<br />- No parties or events<br />- Directly across from Albany Academy<br />- 1 mile from Albany Medical Center<br />- 5.3 miles from UAlbany<br />- Under 2 miles from Washington Park & Empire State Plaza<br />- Just over 2 miles from The Egg & MVP Arena<br />- Take a day trip to Lake George or Saratoga Springs!<br />- King sized bed<br />- Two spacious living rooms<br />- Fully equipped kitchen<br />- High-speed WiFi<br />- Private parking,,https://a0.muscache.com/pictures/prohost-api/Hosting-1366933239765507591/original/e15e8fef-33da-4928-a321-c92fc248d7f7.jpeg,"[""Smoke alarm"", ""Kitchen"", ""Dishwasher"", ""Wifi"", ""Hot water"", ""Coffee maker"", ""Hair dryer"", ""Body soap"", ""Carbon monoxide alarm"", ""Bed linens"", ""Bathtub"", ""Cooking basics"", ""Ceiling fan"", ""Shampoo"", ""Iron"", ""Baking sheet"", ""TV with standard cable"", ""Dedicated workspace"", ""Microwave"", ""Clothing storage"", ""Dining table"", ""Heating"", ""Smart lock"", ""Extra pillows and blankets"", ""Oven"", ""Exterior security cameras on property"", ""Air conditioning"", ""Toaster"", ""Essentials"", ""Coffee"", ""Free driveway parking on premises"", ""First aid kit"", ""Conditioner"", ""Dishes and silverware"", ""Hangers"", ""Refrigerator"", ""Self check-in"", ""Freezer"", ""Fire extinguisher"", ""Private backyard \u2013 Fully fenced"", ""Board games"", ""Stove""]",4.0,2.5,Entire home,Entire home/apt,
2,700,Kolkata,2,Carpet Area,Semi-Furnished,Bachelors/Family,8500,"Located just 15 minutes from Albany International Airport, our cozy and modern Airbnb is the perfect place for travelers, business professionals, and adventure seekers looking for a convenient and comfortable stay. <br />> Prime Location – Quick access to Albany Airport, major highways, and downtown attractions/major stores.  <br />> Comfortable & Clean > Self Check-In > Fast Wi-Fi & Work-Friendly> Fully Equipped Kitchen > Free Off-street Parking",,https://a0.muscache.com/pictures/miso/Hosting-1369127908322228929/original/c8282aa9-dd07-4fb1-8730-c999a4ef5e15.jpeg,"[""Smoke alarm"", ""Kitchen"", ""Dishwasher"", ""Trash compactor"", ""Wifi"", ""Shower gel"", ""Hot water"", ""Coffee maker"", ""Private entrance"", ""Hair dryer"", ""Body soap"", ""Dryer"", ""TV"", ""Carbon monoxide alarm"", ""Bed linens"", ""Bathtub"", ""Cooking basics"", ""Shampoo"", ""Iron"", ""Room-darkening shades"", ""Safe"", ""Wine glasses"", ""Microwave"", ""Clothing storage"", ""Heating"", ""Extra pillows and blankets"", ""Long term stays allowed"", ""Oven"", ""Drying rack for clothing"", ""Exterior security cameras on property"", ""Toaster"", ""Backyard"", ""Essentials"", ""Coffee"", ""Outdoor furniture"", ""Conditioner"", ""Free parking on premises"", ""Window AC unit"", ""Dishes and silverware"", ""Hangers"", ""Refrigerator"", ""Self check-in"", ""Free washer \u2013 In building"", ""Freezer"", ""Free street parking"", ""Fire extinguisher"", ""Keypad"", ""Stove""]",2.0,1.0,Entire rental unit,Entire home/apt,
3,1200,Kolkata,2,Carpet Area,Unfurnished,Bachelors/Family,16000,"This centrally located modern 2 bedroom apartment in the Heart of Albany sits just steps from downtown Albany office buildings and minutes away from Albany Med, St. Peters, Samaritan. Hassle free commute if you do not own a vehicle with public transportation steps away and Amtrak 10 min away for a quick getaway or if you're homesick and need a visit back home. Keyless entry with security cam for peace of mind. Easy access to dining, entertainment and transportation puts you in the center.",,https://a0.muscache.com/pictures/hosting/Hosting-1369145599555854547/original/e964db8c-f347-47f2-98bf-1dda68ca2b77.jpeg,"[""Smoke alarm"", ""Kitchen"", ""Wifi"", ""TV"", ""Carbon monoxide alarm"", ""Bed linens"", ""Cooking basics"", ""Baking sheet"", ""Iron"", ""Bread maker"", ""Room-darkening shades"", ""Microwave"", ""Dining table"", ""Stainless steel oven"", ""Pets allowed"", ""Electric stove"", ""Radiant heating"", ""Exterior security cameras on property"", ""Toaster"", ""Coffee"", ""Clothing storage: closet"", ""First aid kit"", ""Barbecue utensils"", ""Dishes and silverware"", ""Window AC unit"", ""Hangers"", ""Refrigerator"", ""Blender"", ""Freezer"", ""Coffee maker: drip coffee maker"", ""Free street parking"", ""Fire extinguisher""]",2.0,1.0,Entire rental unit,Entire home/apt,
2,800,Kolkata,2,Carpet Area,Unfurnished,Bachelors/Family,14000,"Traveling Nurses Welcome | 3 Mi to Downtown<br /><br />Whether you’re traveling for business or pleasure, make this 3-bedroom, 1-bathroom Albany vacation rental your launching point! The home features an open-concept living area, a well-stocked kitchen, and free wireless internet for digital nomads. When you’re done with work and ready to play, enjoy some time outside at The Christian Plumeri Sports Complex, then head downtown for shopping, dining, and sightseeing! It's up to you.",,https://a0.muscache.com/pictures/prohost-api/Hosting-1369768924474303403/original/cc3d78c0-85db-46c4-a572-e0e7f6e5e56d.jpeg,"[""Smoke alarm"", ""Kitchen"", ""Wifi"", ""Hot water"", ""Coffee maker"", ""Private entrance"", ""Hair dryer"", ""TV"", ""Carbon monoxide alarm"", ""Bed linens"", ""Cooking basics"", ""Shampoo"", ""Iron"", ""Microwave"", ""Gym nearby"", ""Dining table"", ""Smart lock"", ""Toaster"", ""Essentials"", ""Central heating"", ""First aid kit"", ""Free parking on premises"", ""Window AC unit"", ""Dishes and silverware"", ""Hangers"", ""Refrigerator"", ""Self check-in"", ""Fire extinguisher"", ""Private backyard""]",3.0,1.0,Entire home,Entire home/apt,
1,300,Kolkata,1,Carpet Area,Furnished,Bachelors,8000,"The whole group will enjoy easy access to everything from this centrally located place. 4 bedrooms, 1 bath.<br /><br />Ideal for a family or group of friends.",,https://a0.muscache.com/pictures/hosting/Hosting-1371626040166892504/original/fa46580f-b53f-409f-b205-77ecd7f1f0fc.jpeg,"[""Smoke alarm"", ""Kitchen"", ""Private patio or balcony"", ""Gas stove"", ""Wifi"", ""Hot water"", ""Private entrance"", ""TV"", ""Carbon monoxide alarm"", ""Bed linens"", ""Bathtub"", ""Cooking basics"", ""Room-darkening shades"", ""Hot water kettle"", ""Wine glasses"", ""Dedicated workspace"", ""Microwave"", ""Clothing storage"", ""Dining table"", ""Extra pillows and blankets"", ""Long term stays allowed"", ""Oven"", ""Radiant heating"", ""Paid washer \u2013 In building"", ""Exterior security cameras on property"", ""Air conditioning"", ""Essentials"", ""Laundromat nearby"", ""Free parking on premises"", ""Dishes and silverware"", ""Hangers"", ""Refrigerator"", ""Self check-in"", ""Free street parking"", ""Coffee maker: pour-over coffee"", ""Keypad"", ""Paid dryer \u2013 In building""]",4.0,1.0,Entire rental unit,Entire home/apt,
2,650,Kolkata,1,Carpet Area,Unfurnished,Bachelors/Family,7000,"This garden apartment located in Albany’s cultural and business hub is ideal for travelling nurses,  professionals on assignment, and visitors alike. <br />Walk to Empire State Plaza, The Egg, and top dining. <br />Minutes from MVP Arena, NYS Library & Archives, Albany Med, Albany Universities/Colleges, and government offices. <br />Features off street parking, Queen bed, pull-out couch, Wi-Fi, in-unit laundry. <br />Quick access to I-787, I-90, and Amtrak. More space, comfort, and convenience than a hotel!",,https://a0.muscache.com/pictures/hosting/Hosting-U3RheVN1cHBseUxpc3Rpbmc6MTM3MTgyOTA3MDYyMzQwOTY3MQ==/original/11d89fe7-903a-45ca-996b-9b660853572b.jpeg,"[""Smoke alarm"", ""Kitchen"", ""Stainless steel single oven"", ""Wifi"", ""Shower gel"", ""Free driveway parking on premises \u2013 1 space"", ""Hot water"", ""Coffee maker"", ""Private entrance"", ""Hair dryer"", ""Body soap"", ""TV"", ""Carbon monoxide alarm"", ""Bed linens"", ""Bathtub"", ""Children\u2019s dinnerware"", ""Ceiling fan"", ""Shampoo"", ""Iron"", ""Cooking basics"", ""Microwave"", ""Dining table"", ""Washer"", ""Extra pillows and blankets"", ""Pets allowed"", ""Long term stays allowed"", ""Electric stove"", ""Radiant heating"", ""Portable fans"", ""Drying rack for clothing"", ""Exterior security cameras on property"", ""Air conditioning"", ""Backyard"", ""Essentials"", ""Laundromat nearby"", ""Books and reading material"", ""Clothing storage: closet"", ""First aid kit"", ""Conditioner"", ""Dishes and silverware"", ""Hangers"", ""Refrigerator"", ""Self check-in"", ""Free street parking"", ""Fire extinguisher"", ""Cleaning products"", ""Keypad"", ""Board games""]",1.0,1.0,Entire rental unit,Entire home/apt,
1,600,Kolkata,1,Super Area,Furnished,Bachelors/Family,8000,"You’ll love the fast 1000MB WiFi throughout—whether working or streaming. Inside, there’s a 75” smart TV, a fully stocked, updated kitchen and bathroom, and work desk with a printer. Outside, the backyard is a favorite w. a 120"" projector for movie nights, a grill and a heated firepit table to gather around.<br /><br />It's also centrally located: close to just about everything you'll want. Just minutes from MVP Arena, UAlbany & other colleges, malls, restaurants, hospitals, parks, downtown Albany & more.",,https://a0.muscache.com/pictures/hosting/Hosting-1374747174653747946/original/537af57c-f36d-46db-9e2c-1292237acd6b.jpeg,"[""Smoke alarm"", ""Kitchen"", ""Dishwasher"", ""Samsung oven"", ""Changing table"", ""Private patio or balcony"", ""Clothing storage: closet and dresser"", ""Wifi"", ""Shower gel"", ""Climbing wall"", ""Coffee maker"", ""Hair dryer"", ""Body soap"", ""HDTV with Amazon Prime Video, Apple TV, Disney+, HBO Max, Netflix"", ""Private entrance"", ""Fire pit"", ""Outdoor dining area"", ""Gym"", ""Carbon monoxide alarm"", ""Bed linens"", ""Heating - split type ductless system"", ""Luggage dropoff allowed"", ""Children\u2019s books and toys for ages 0-2 years old, 2-5 years old, 5-10 years old, and 10+ years old"", ""Children\u2019s dinnerware"", ""Ceiling fan"", ""Shampoo"", ""Iron"", ""Room-darkening shades"", ""Cooking basics"", ""Hot water kettle"", ""Dedicated workspace"", ""Microwave"", ""Wine glasses"", ""Baking sheet"", ""Dining table"", ""Washer"", ""Smart lock"", ""Extra pillows and blankets"", ""Long term stays allowed"", ""AC - split type ductless system"", ""Toaster"", ""Essentials"", ""Coffee"", ""Laundromat nearby"", ""Outdoor furniture"", ""Sound system"", ""Books and reading material"", ""Central heating"", ""First aid kit"", ""Barbecue utensils"", ""Baby bath"", ""Conditioner"", ""Dishes and silverware"", ""Hangers"", ""Blender"", ""Free driveway parking on premises \u2013 4 spaces"", ""Self check-in"", ""Freezer"", ""Free street parking"", ""Crib - available upon request"", ""Fire extinguisher"", ""Children's playroom"", ""Free dryer \u2013 In unit"", ""Exercise equipment: elliptical, free weights, yoga mat"", ""Private backyard \u2013 Fully fenced"", ""Cleaning products"", ""Bidet"", ""Board games"", ""Samsung  refrigerator""]",3.0,2.0,Entire home,Entire home/apt,
1,350,Kolkata,1,Super Area,Unfurnished,Bachelors/Family,3000,"Forget your worries in this spacious and serene space, and savor the convenience of a fully functional kitchen. Close distance to St. Peter’s Hospital and Albany Medical. Walking distance to Buckingham Lake. Quiet and peaceful neighborhood. Distance away from a large variety of restaurants and local bars, modern amenities, including two full bathroom with efficient, washer and dryer.",,https://a0.muscache.com/pictures/hosting/Hosting-1375007693720508441/original/4406eca3-2a0a-4da5-9850-3b13c8b43046.jpeg,"[""Smoke alarm"", ""Kitchen"", ""Dishwasher"", ""Private patio or balcony"", ""Wifi"", ""Hot water"", ""Fire pit"", ""TV"", ""Carbon monoxide alarm"", ""Ceiling fan"", ""Central air conditioning"", ""Hot water kettle"", ""Dryer \u2013\u00a0In unit"", ""Washer"", ""Exterior security cameras on property"", ""Central heating"", ""First aid kit"", ""BBQ grill: charcoal"", ""Free parking on premises"", ""Blender"", ""Fire extinguisher"", ""Stove""]",3.0,2.5,Entire home,Entire home/apt,
1,500,Kolkata,1,Carpet Area,Unfurnished,Bachelors,3800,"Enjoy a stylish Sunshine.<br />Cozy, one-of-a-kind Airbnb with eclectic decor and a welcoming vibe. Perfect for relaxing or hosting, featuring a spacious living area, fully equipped kitchen, and thoughtful touches like fresh linens and local art. Ideal for travelers seeking comfort and character, with a warm, homey feel that stands out.<br />Charming Sunshine close to Albany Medical Hospital, Veteran Hospital located at walking distance radius. Perfect spot for health professionals.",,https://a0.muscache.com/pictures/hosting/Hosting-1376989617162173438/original/f516e513-2198-446f-84cb-b1aa58e65bfa.jpeg,"[""Smoke alarm"", ""Kitchen"", ""Clothing storage: closet and dresser"", ""Wifi"", ""Shower gel"", ""Hot water"", ""Stainless steel double oven"", ""Private entrance"", ""Hair dryer"", ""Body soap"", ""TV"", ""Carbon monoxide alarm"", ""Bathtub"", ""Cooking basics"", ""Shampoo"", ""Iron"", ""Room-darkening shades"", ""Hot water kettle"", ""Dedicated workspace"", ""Microwave"", ""Coffee maker: Keurig coffee machine"", ""Washer"", ""Extra pillows and blankets"", ""Long term stays allowed"", ""Electric stove"", ""Portable fans"", ""Toaster"", ""Coffee"", ""Shared patio or balcony"", ""Central heating"", ""Conditioner"", ""Free parking on premises"", ""Dishes and silverware"", ""Hangers"", ""Refrigerator"", ""Self check-in"", ""Free dryer \u2013 In unit"", ""Keypad"", ""Cleaning available during stay""]",1.0,1.0,Entire rental unit,Entire home/apt,
1,400,Kolkata,1,Super Area,Unfurnished,Bachelors/Family,6500,"Private queen bedroom in 4 bedroom home on the second floor. Located on a quiet street, there are two balconies with great sunlight, large private bedroom with queen bed, closet, dresser, mirror and nightstand for all your clothes and day to day needs. Convenient laundry in basement, stylish common areas, and a brand new kitchen with stainless appliances, gas range, and retro breakfast nook.<br />Bed and linens are brand new and super comfy. Hybrid coil-foam mattress accommodates side/back sleepers.",,https://a0.muscache.com/pictures/hosting/Hosting-1371626040166892504/original/25a47624-3e06-4e58-83b7-035331aab5d8.jpeg,"[""Smoke alarm"", ""Kitchen"", ""Wifi"", ""Hot water"", ""Private entrance"", ""Dryer"", ""TV"", ""Carbon monoxide alarm"", ""Bed linens"", ""Bathtub"", ""Cooking basics"", ""Room-darkening shades"", ""Hot water kettle"", ""Wine glasses"", ""Dedicated workspace"", ""Microwave"", ""Clothing storage"", ""Dining table"", ""Heating"", ""Washer"", ""Extra pillows and blankets"", ""Long term stays allowed"", ""Oven"", ""Exterior security cameras on property"", ""Patio or balcony"", ""Essentials"", ""Lock on bedroom door"", ""Laundromat nearby"", ""Free parking on premises"", ""Dishes and silverware"", ""Hangers"", ""Refrigerator"", ""Self check-in"", ""Free street parking"", ""Coffee maker: pour-over coffee"", ""Keypad"", ""Stove"", ""Private living room""]",1.0,1.0,Private room in rental unit,Private room,
3,1750,Kolkata,3,Super Area,Semi-Furnished,Bachelors/Family,20000,"Lots of natural light in this spacious queen bedroom. Located on a quiet street, there are two balconies with great sunlight, large private bedroom with queen bed, closet, dresser, mirror and nightstand for all your clothes and day to day needs. Convenient laundry in basement, stylish common areas, and a brand new kitchen with stainless appliances, gas range, and retro breakfast nook.<br />Bed and linens are brand new and super comfy. Hybrid coil-foam mattress accommodates side/back sleepers.",,https://a0.muscache.com/pictures/hosting/Hosting-1377471842094741150/original/85776aba-938d-41fe-91d2-06fa8f59a5a0.jpeg,"[""Smoke alarm"", ""Kitchen"", ""Ethernet connection"", ""Wifi"", ""Hot water"", ""Private entrance"", ""Dryer"", ""TV"", ""Carbon monoxide alarm"", ""Bed linens"", ""Bathtub"", ""Cooking basics"", ""Baking sheet"", ""Room-darkening shades"", ""Hot water kettle"", ""Wine glasses"", ""Dedicated workspace"", ""Microwave"", ""Clothing storage"", ""Dining table"", ""Heating"", ""Washer"", ""Extra pillows and blankets"", ""Long term stays allowed"", ""Oven"", ""Exterior security cameras on property"", ""Air conditioning"", ""Patio or balcony"", ""Essentials"", ""Lock on bedroom door"", ""Laundromat nearby"", ""Free parking on premises"", ""Dishes and silverware"", ""Hangers"", ""Refrigerator"", ""Self check-in"", ""Freezer"", ""Free street parking"", ""Coffee maker: pour-over coffee"", ""Cleaning products"", ""Keypad"", ""Cleaning available during stay"", ""Stove"", ""Private living room""]",1.0,1.0,Private room in rental unit,Private room,
3,1600,Kolkata,2,Super Area,Unfurnished,Bachelors/Family,30000,"Private *KING* bedroom in 4 bedroom home on the second floor. Located on a quiet street, there are two balconies with great sunlight, large private bedroom with queen bed, closet, dresser, mirror and nightstand for all your clothes and day to day needs. Convenient laundry in basement, stylish common areas, and a brand new kitchen with stainless appliances, gas range, and retro breakfast nook.<br />Bed and linens are brand new and super comfy. Hybrid coil-foam mattress accommodates side/back sleepers.",,https://a0.muscache.com/pictures/hosting/Hosting-1377480167938312156/original/d4bfdde5-044c-4d5e-88f7-a4c92f0c139d.jpeg,"[""Smoke alarm"", ""Kitchen"", ""Wifi"", ""Hot water"", ""Private entrance"", ""Dryer"", ""TV"", ""Carbon monoxide alarm"", ""Bed linens"", ""Bathtub"", ""Cooking basics"", ""Room-darkening shades"", ""Hot water kettle"", ""Wine glasses"", ""Dedicated workspace"", ""Microwave"", ""Clothing storage"", ""Dining table"", ""Heating"", ""Washer"", ""Extra pillows and blankets"", ""Long term stays allowed"", ""Oven"", ""Exterior security cameras on property"", ""Patio or balcony"", ""Essentials"", ""Lock on bedroom door"", ""Laundromat nearby"", ""Free parking on premises"", ""Dishes and silverware"", ""Hangers"", ""Refrigerator"", ""Self check-in"", ""Free street parking"", ""Coffee maker: pour-over coffee"", ""Keypad"", ""Stove"", ""Private living room""]",1.0,1.0,Private room in rental unit,Private room,
1,300,Kolkata,1,Carpet Area,Semi-Furnished,Bachelors/Family,8000,"Exquisite retreat at Cozy Sunset, mere steps from Albany Medical Hospital and downtown’s vibrant allure. Tailored for discerning professionals, this sophisticated abode blends opulent comfort with unrivaled convenience. Savor proximity to premier dining, boutique shopping, and cultural delights. Secure your splendid sojourn now!",,https://a0.muscache.com/pictures/hosting/Hosting-1379906377578749938/original/3c36cbe9-f34e-4b20-a810-59dfd3bdd5d9.jpeg,"[""Smoke alarm"", ""Kitchen"", ""Wifi"", ""Shower gel"", ""Hot water"", ""Private entrance"", ""Hair dryer"", ""Body soap"", ""TV"", ""Carbon monoxide alarm"", ""Bathtub"", ""Cooking basics"", ""Shampoo"", ""Iron"", ""Room-darkening shades"", ""Hot water kettle"", ""Dedicated workspace"", ""Microwave"", ""Coffee maker: Keurig coffee machine"", ""Clothing storage"", ""Heating"", ""Extra pillows and blankets"", ""Long term stays allowed"", ""Oven"", ""Portable fans"", ""Patio or balcony"", ""Air conditioning"", ""Toaster"", ""Coffee"", ""Conditioner"", ""Free parking on premises"", ""Dishes and silverware"", ""Hangers"", ""Refrigerator"", ""Self check-in"", ""Keypad"", ""Cleaning available during stay"", ""Stove""]",1.0,1.0,Entire rental unit,Entire home/apt,
2,1100,Kolkata,2,Super Area,Semi-Furnished,Bachelors/Family,14000,"Welcome to your cozy Albany retreat! Enjoy a comfortable stay in this well-appointed space, perfect for travelers looking for convenience and relaxation. Your booking includes free parking and a complimentary breakfast to start your day right. Located near shops, restaurants, and downtown Albany, this home offers easy access to local attractions. Whether you’re here for business or leisure, you’ll love the comfort and convenience of this stay. Book now for a relaxing experience!",,https://a0.muscache.com/pictures/hosting/Hosting-1380555997747082021/original/c7b89d83-0e80-4e7c-8cfd-e7a5870f8bfa.jpeg,"[""Smoke alarm"", ""Wifi"", ""Hot water"", ""Body soap"", ""TV"", ""Gym"", ""Bed linens"", ""Bathtub"", ""Dedicated workspace"", ""Clothing storage"", ""Dining table"", ""Heating"", ""Washer"", ""Air conditioning"", ""Coffee"", ""Conditioner"", ""Free parking on premises"", ""Hangers"", ""Free street parking"", ""Fire extinguisher"", ""Bidet""]",1.0,1.0,Room in hotel,Private room,
2,830,Kolkata,1,Super Area,Unfurnished,Bachelors/Family,7200,"Enjoy a comfortable stay in this cozy Albany hotel room with free breakfast and free parking included. Conveniently located, it’s perfect for travelers looking for a relaxing and affordable stay. The room is clean, well-maintained, and offers essential amenities for a pleasant experience. Whether you’re visiting for business or leisure, you’ll appreciate the easy access to local attractions, dining, and shopping. Book now for a hassle-free stay with great perks!",,https://a0.muscache.com/pictures/hosting/Hosting-1381163571420241600/original/988e453a-f0e7-4695-aba4-1d0db36af633.jpeg,"[""Wifi"", ""Shower gel"", ""Hot water"", ""Coffee maker"", ""TV"", ""Bed linens"", ""Bathtub"", ""Cooking basics"", ""Shampoo"", ""Hot water kettle"", ""Dedicated workspace"", ""Clothing storage"", ""Heating"", ""Backyard"", ""Air conditioning"", ""Coffee"", ""Conditioner"", ""Free parking on premises"", ""Hangers"", ""Refrigerator"", ""Fire extinguisher"", ""Cleaning products"", ""Breakfast"", ""Bidet""]",1.0,1.0,Entire rental unit,Entire home/apt,
2,600,Kolkata,2,Carpet Area,Semi-Furnished,Bachelors/Family,7000,Enjoy your stay in a safe 5 star neighborhood close to everything in Albany. Beautiful first floor apartment. Free parking on site in parking lot in rear of home. Also free parking on street if you prefer. This beautiful home is in a great neighborhood and its centralized location makes it easy for you to get around. Get a great breakfast/lunch at Cafe Madison just a few blocks away.  A few minutes walk to St. Peter's Hospital and local shops. Book now for your luxury stay.,,https://a0.muscache.com/pictures/miso/Hosting-1383513241348424944/original/a0ffc8c1-923d-4ab5-b52b-36f715061d2a.jpeg,"[""Smoke alarm"", ""Kitchen"", ""Stainless steel single oven"", ""Housekeeping - available at extra cost"", ""Clothing storage: closet and dresser"", ""Shower gel"", ""Hot water"", ""Private entrance"", ""Hair dryer"", ""Body soap"", ""Carbon monoxide alarm"", ""Bed linens"", ""Theme room"", ""Luggage dropoff allowed"", ""Bathtub"", ""Cooking basics"", ""Ceiling fan"", ""Shampoo"", ""Iron"", ""Room-darkening shades"", ""Hot water kettle"", ""Wine glasses"", ""Dedicated workspace"", ""Microwave"", ""Baking sheet"", ""Dining table"", ""Smart lock"", ""Extra pillows and blankets"", ""Long term stays allowed"", ""75 inch HDTV with Amazon Prime Video, Apple TV, Disney+, Hulu, Netflix, Roku"", ""Portable fans"", ""Exterior security cameras on property"", ""Toaster"", ""Essentials"", ""Coffee"", ""Laundromat nearby"", ""Central heating"", ""First aid kit"", ""Conditioner"", ""Window AC unit"", ""Dishes and silverware"", ""Hangers"", ""Refrigerator"", ""Blender"", ""Self check-in"", ""Freezer"", ""Free street parking"", ""Stainless steel gas stove"", ""Fire extinguisher"", ""Coffee maker: drip coffee maker, Keurig coffee machine"", ""Cleaning products"", ""Free parking garage on premises \u2013 1 space"", ""Board games"", ""Fast wifi \u2013 365 Mbps"", ""Outlet covers""]",3.0,1.0,Entire rental unit,Entire home/apt,
1,500,Kolkata,2,Super Area,Unfurnished,Bachelors,7000,"Large private queen bedroom in a 4 bedroom, 1 bath unit on the 2nd floor. Two windows make the room bright, and blackout shades help daytime sleepers. This room is in the back of the house, furthest from street traffic, and has a view of the back deck and yard.<br />Brand new medium-firm mattress and new fluffy bedding.<br />Fully stocked kitchen, updated shared bath with character (original clawfoot tub!)<br />Wifi, utilities, linens, and basic cleaning supplies included.",,https://a0.muscache.com/pictures/hosting/Hosting-1383910626115273822/original/5eb2ff9c-5931-4113-91d3-8ffe033eb285.jpeg,"[""Smoke alarm"", ""Kitchen"", ""Wifi"", ""Hot water"", ""Private entrance"", ""Dryer"", ""TV"", ""Carbon monoxide alarm"", ""Bed linens"", ""Bathtub"", ""Cooking basics"", ""Room-darkening shades"", ""Hot water kettle"", ""Wine glasses"", ""Dedicated workspace"", ""Microwave"", ""Clothing storage"", ""Dining table"", ""Heating"", ""Washer"", ""Extra pillows and blankets"", ""Long term stays allowed"", ""Oven"", ""Exterior security cameras on property"", ""Air conditioning"", ""Patio or balcony"", ""Essentials"", ""Lock on bedroom door"", ""Laundromat nearby"", ""Free parking on premises"", ""Dishes and silverware"", ""Hangers"", ""Refrigerator"", ""Self check-in"", ""Free street parking"", ""Coffee maker: pour-over coffee"", ""Keypad"", ""Stove"", ""Private living room""]",1.0,1.0,Private room in rental unit,Private room,
2,900,Kolkata,1,Carpet Area,Unfurnished,Bachelors/Family,7500,"Stay in a clean, quiet home with 2 friendly housemates. Renovated in 2023, this co-living space offers:<br />	•	Private bedroom (furnished)<br />	•	Shared bathroom<br />	•	Fully furnished common areas<br />	•	Fast Wi-Fi<br />	•	In-home laundry<br />	•	Free driveway parking<br />	•	Shared entry<br /><br />Perfect for short or long stays. Convenient, comfortable, and move-in ready!",,https://a0.muscache.com/pictures/hosting/Hosting-U3RheVN1cHBseUxpc3Rpbmc6MTM5MDE3MTI3MjA2MDMyNDQxMA==/original/0806676e-7fb6-4b1e-9861-a2cad648095e.jpeg,"[""Smoke alarm"", ""Kitchen"", ""Dishwasher"", ""Wifi"", ""Shower gel"", ""Hot water"", ""Body soap"", ""TV"", ""Carbon monoxide alarm"", ""Bed linens"", ""Luggage dropoff allowed"", ""Bathtub"", ""Cooking basics"", ""Ceiling fan"", ""Shampoo"", ""Iron"", ""Free dryer \u2013 In building"", ""Dedicated workspace"", ""Microwave"", ""Stainless steel induction stove"", ""Dining table"", ""Washer"", ""Extra pillows and blankets"", ""Long term stays allowed"", ""Exterior security cameras on property"", ""Air conditioning"", ""Toaster"", ""Essentials"", ""Lock on bedroom door"", ""Shared patio or balcony"", ""Central heating"", ""First aid kit"", ""Conditioner"", ""Free parking on premises"", ""Dishes and silverware"", ""Hangers"", ""Refrigerator"", ""Self check-in"", ""Free street parking"", ""Fire extinguisher"", ""Cleaning products"", ""Keypad""]",1.0,1.0,Private room in rental unit,Private room,
2,1250,Kolkata,2,Carpet Area,Unfurnished,Family,8500,"Welcome to your cozy Albany retreat! Enjoy a comfortable stay in this well-appointed space, perfect for travelers looking for convenience and relaxation. Your booking includes free parking and a complimentary breakfast to start your day right. Located near shops, restaurants, and downtown Albany, this home offers easy access to local attractions. Whether you’re here for business or leisure, you’ll love the comfort and convenience of this stay. Book now for a relaxing experience.",,https://a0.muscache.com/pictures/hosting/Hosting-1393482542585537728/original/cbfec5e5-a3ff-49e2-a380-bd6d94b89db3.jpeg,"[""Smoke alarm"", ""Wifi"", ""Shower gel"", ""Hot water"", ""TV"", ""Bed linens"", ""Kitchenette"", ""Bathtub"", ""Cooking basics"", ""Shampoo"", ""Hot water kettle"", ""Dedicated workspace"", ""Clothing storage"", ""Heating"", ""Washer"", ""Patio or balcony"", ""Air conditioning"", ""Coffee"", ""Free parking on premises"", ""Dishes and silverware"", ""Hangers"", ""Refrigerator"", ""Cleaning products"", ""Breakfast"", ""Bidet""]",1.0,1.0,Entire rental unit,Entire home/apt,
2,700,Kolkata,1,Carpet Area,Unfurnished,Bachelors,12000,"Enjoy a comfortable Stay in this cozy Albany hotel room with free breakfast and free parking included. Conveniently located, it’s perfect for travelers looking for a relaxing and affordable stay. The room is clean, well-maintained, and offers essential amenities for a pleasant experience. Whether you’re visiting for business or leisure, you’ll appreciate the easy access to local attractions, dining, and shopping. Book now for a hassle-free stay with great perks.",,https://a0.muscache.com/pictures/hosting/Hosting-1393634713342137582/original/00e0f88f-60a9-4371-ba3b-05bf254d79e6.jpeg,"[""Smoke alarm"", ""Wifi"", ""Shower gel"", ""Hot water"", ""Coffee maker"", ""TV"", ""Bed linens"", ""Bathtub"", ""Cooking basics"", ""Shampoo"", ""Hot water kettle"", ""Dedicated workspace"", ""Clothing storage"", ""Heating"", ""Air conditioning"", ""Coffee"", ""Conditioner"", ""Free parking on premises"", ""Dishes and silverware"", ""Hangers"", ""Refrigerator"", ""Cleaning products"", ""Breakfast"", ""Bidet""]",1.0,1.0,Entire rental unit,Entire home/apt,
1,850,Kolkata,2,Carpet Area,Unfurnished,Bachelors,8500,"Stay in a clean, quiet home with 2 friendly housemates. Renovated in 2023, this co-living space offers:<br />	•	Private bedroom (furnished)<br />	•	Shared bathroom<br />	•	Fully furnished common areas<br />	•	Fast Wi-Fi<br />	•	In-home laundry<br />	•	Shared entry<br /><br />Perfect for short or long stays. Convenient, comfortable, and move-in ready!",,https://a0.muscache.com/pictures/hosting/Hosting-1393634936904017469/original/f26ba6f0-d7c2-463b-b39e-f981190a30be.jpeg,"[""Smoke alarm"", ""Kitchen"", ""Dishwasher"", ""Stainless steel single oven"", ""Clothing storage: closet and dresser"", ""Wifi"", ""Hot water"", ""Coffee maker"", ""TV"", ""Carbon monoxide alarm"", ""Bed linens"", ""Luggage dropoff allowed"", ""Cooking basics"", ""Iron"", ""Free dryer \u2013 In building"", ""Dedicated workspace"", ""Microwave"", ""Stainless steel induction stove"", ""Dining table"", ""Washer"", ""Extra pillows and blankets"", ""Long term stays allowed"", ""Exterior security cameras on property"", ""Air conditioning"", ""Toaster"", ""Essentials"", ""Lock on bedroom door"", ""Shared patio or balcony"", ""Central heating"", ""First aid kit"", ""Free parking on premises"", ""Dishes and silverware"", ""Hangers"", ""Refrigerator"", ""Self check-in"", ""Free street parking"", ""Fire extinguisher"", ""Cleaning products"", ""Keypad""]",1.0,1.0,Private room in home,Private room,
2,550,Kolkata,1,Carpet Area,Unfurnished,Bachelors/Family,9500,"Enjoy a comfortable stay in this cozy Albany hotel room with free breakfast and free parking included. Conveniently located, it’s perfect for travelers looking for a relaxing and affordable stay. The room is clean, well-maintained, and offers essential amenities for a pleasant experience. Whether you’re visiting for business or leisure, you’ll appreciate the easy access to local attractions, dining, and shopping. Book now for a hassle-free stay with great perks!",,https://a0.muscache.com/pictures/hosting/Hosting-1393638070589049592/original/c05ff538-bbd9-4c05-965d-57ae10048544.jpeg,"[""Smoke alarm"", ""Kitchen"", ""Wifi"", ""Shower gel"", ""Hot water"", ""TV"", ""Bed linens"", ""Bathtub"", ""Shampoo"", ""Hot water kettle"", ""Dedicated workspace"", ""Microwave"", ""Clothing storage"", ""Heating"", ""Air conditioning"", ""Outdoor furniture"", ""Conditioner"", ""Free parking on premises"", ""Dishes and silverware"", ""Refrigerator"", ""Free street parking"", ""Breakfast"", ""Bidet""]",1.0,1.0,Entire rental unit,Entire home/apt,
2,550,Kolkata,2,Carpet Area,Furnished,Bachelors/Family,7500,"This is a stripped bare bones room suitable for one person only who is on a budget and looking for a basic accomodation that consist of a bed, TV and AC for comfort.<br /><br />Place is within 2-3 miles of AMC, St. Peter's,  UAlbany, SUNY, College of St. Rose, Washington park, Empire State Plaza, and many other establishments.<br /><br />Only 15 minute ride to the airport !",,https://a0.muscache.com/pictures/hosting/Hosting-1395671676833912969/original/82ffcb8e-1de0-4e47-8c24-9cc3ef174acd.jpeg,"[""Smoke alarm"", ""Kitchen"", ""Wifi"", ""Hot water"", ""Hair dryer"", ""TV"", ""Carbon monoxide alarm"", ""GE refrigerator"", ""Bathtub"", ""Hot water kettle"", ""Microwave"", ""Dining table"", ""Pets allowed"", ""BBQ grill"", ""Exterior security cameras on property"", ""Air conditioning"", ""Laundromat nearby"", ""Lock on bedroom door"", ""Central heating"", ""First aid kit"", ""Dishes and silverware"", ""Coffee maker: drip coffee maker"", ""Fire extinguisher""]",1.0,2.0,Private room in rental unit,Private room,
2,1200,Kolkata,1,Super Area,Unfurnished,Bachelors/Family,12000,"Stay in a clean, quiet home with 2 friendly housemates. Renovated in 2023, this co-living space offers:<br />	•	Private bedroom (furnished)<br />	•	Shared bathroom<br />	•	Fully furnished common areas<br />	•	Fast Wi-Fi<br />	•	In-home laundry<br />	•	off-street parking<br />	•	Shared entry<br /><br />Perfect for short or long stays. Convenient, comfortable, and move-in ready! <br /><br />You will be centrally located 10–15 mins to 3 hospitals, medical centers, downtown Albany, night-life and both shopping malls.",,https://a0.muscache.com/pictures/hosting/Hosting-1396921235971014566/original/99bd41dd-49dc-46b3-a0f3-9310e7e714f7.jpeg,"[""Smoke alarm"", ""Kitchen"", ""Dishwasher"", ""Wifi"", ""Hot water"", ""Coffee maker"", ""Dryer"", ""TV"", ""Carbon monoxide alarm"", ""Bed linens"", ""Luggage dropoff allowed"", ""Bathtub"", ""Cooking basics"", ""Baking sheet"", ""Iron"", ""Dedicated workspace"", ""Microwave"", ""Clothing storage"", ""Dining table"", ""Heating"", ""Washer"", ""Long term stays allowed"", ""Oven"", ""Exterior security cameras on property"", ""Air conditioning"", ""Toaster"", ""Essentials"", ""Lock on bedroom door"", ""Coffee"", ""Patio or balcony"", ""Free parking on premises"", ""Dishes and silverware"", ""Hangers"", ""Refrigerator"", ""Self check-in"", ""Freezer"", ""Free street parking"", ""Fire extinguisher"", ""Cleaning products"", ""Keypad"", ""Stove""]",1.0,1.0,Private room in home,Private room,
3,1100,Kolkata,2,Carpet Area,Unfurnished,Bachelors,20000,The whole group will enjoy easy access to everything from this centrally located place.,,https://a0.muscache.com/pictures/hosting/Hosting-1402461183704514588/original/fce0ef68-cc5b-4c7e-94f5-a40776308fd8.jpeg,"[""Smoke alarm"", ""Kitchen"", ""Dishwasher"", ""Gas stove"", ""Wifi"", ""Hot water"", ""Private entrance"", ""Outdoor dining area"", ""TV"", ""Carbon monoxide alarm"", ""Bed linens"", ""Bathtub"", ""Cooking basics"", ""Ceiling fan"", ""Room-darkening shades"", ""Microwave"", ""Dining table"", ""Stainless steel oven"", ""Washer"", ""Long term stays allowed"", ""BBQ grill"", ""Radiant heating"", ""Exterior security cameras on property"", ""Air conditioning"", ""First aid kit"", ""Dishes and silverware"", ""Hangers"", ""Refrigerator"", ""Free street parking"", ""Fire extinguisher"", ""Free dryer \u2013 In unit"", ""Private backyard \u2013 Fully fenced"", ""Cleaning products""]",4.0,1.0,Entire home,Entire home/apt,
2,650,Kolkata,1,Super Area,Semi-Furnished,Bachelors/Family,8500,"Traveling nurses, other working professionals and students welcomed to this beautiful unit in the neighborhood of New Scotland. Private porch and plenty of storage space. One block from St. Rose campus and short walk to buses. Very close to SUNY Albany Campus as well. It is 4 minutes from Albany Medical Center and St Peter Hospitals. Fully furnished and utilities included. No pets allowed. No smoking of any kind in the property nor outside.",,https://a0.muscache.com/pictures/hosting/Hosting-1405327220192978468/original/64dea0ac-bb8f-4383-a71c-92dfd45b1d3e.jpeg,"[""Smoke alarm"", ""Kitchen"", ""Dishwasher"", ""Wifi"", ""Coffee maker"", ""Outdoor dining area"", ""Carbon monoxide alarm"", ""Bed linens"", ""Iron"", ""Room-darkening shades"", ""Microwave"", ""Clothing storage"", ""Heating"", ""Washer"", ""Oven"", ""BBQ grill"", ""Air conditioning"", ""Lock on bedroom door"", ""First aid kit"", ""Dishes and silverware"", ""Hangers"", ""Refrigerator"", ""Freezer"", ""Fire extinguisher"", ""Stove""]",1.0,1.0,Private room in home,Private room,
3,1050,Kolkata,2,Carpet Area,Unfurnished,Bachelors,20000,"Stay above it all in this stylish studio perched above Dove + Deer, Albany’s favorite restaurant. Located in historic Center Square, you’re steps from the Capitol, The Egg, and Washington Park. Enjoy a welcome drink and exclusive dining discounts. The studio offers cozy charm with exposed brick, luxe linens, Wi-Fi, and a kitchenette. Perfect for solo travelers or couples wanting a walkable, vibrant neighborhood with unbeatable food and flair.",,https://a0.muscache.com/pictures/hosting/Hosting-1405768102601327206/original/adaca7d0-8855-44c6-bb49-df5c94a83613.jpeg,"[""Smoke alarm"", ""Kitchen"", ""Dishwasher"", ""Wifi"", ""Shower gel"", ""Hot water"", ""Body soap"", ""Outdoor dining area"", ""TV"", ""Carbon monoxide alarm"", ""Bed linens"", ""Luggage dropoff allowed"", ""Cooking basics"", ""Baking sheet"", ""Shampoo"", ""Wine glasses"", ""Dedicated workspace"", ""Microwave"", ""Coffee maker: Keurig coffee machine"", ""Dining table"", ""Washer"", ""Long term stays allowed"", ""Noise decibel monitors on property"", ""Air conditioning"", ""Exterior security cameras on property"", ""Essentials"", ""Toaster"", ""Laundromat nearby"", ""Shared patio or balcony"", ""Single oven"", ""Central heating"", ""First aid kit"", ""Self check-in"", ""Refrigerator"", ""Freezer"", ""Housekeeping available 2 days a week - available at extra cost"", ""Fire extinguisher"", ""Free dryer \u2013 In unit"", ""Paid parking on premises"", ""Cleaning products"", ""Keypad"", ""Stove""]",1.0,,Entire rental unit,Entire home/apt,
2,960,Kolkata,2,Super Area,Semi-Furnished,Bachelors/Family,6000,"Discover a bright, thoughtfully designed basement hideaway just minutes from Albany’s Warehouse District. Enjoy a reclining sofa, 50"" Roku TV, full kitchen with ice-making fridge and dishwasher, and a stylish bathroom with gold finishes and a ring-lit mirror. Remote-controlled A/C and heat, private digital entry, and fast Wi-Fi make it easy to relax. Walk or drive to breweries, downtown venues, and more.",,https://a0.muscache.com/pictures/miso/Hosting-1409646921435856252/original/d9ad43b6-6a66-4d67-860c-f0527c07d296.jpeg,"[""Smoke alarm"", ""Kitchen"", ""Dishwasher"", ""Wifi"", ""Shower gel"", ""Hot water"", ""Private entrance"", ""Hair dryer"", ""Carbon monoxide alarm"", ""Bed linens"", ""Heating - split type ductless system"", ""Cooking basics"", ""50 inch TV with Roku"", ""Shampoo"", ""Wine glasses"", ""Free dryer \u2013 In building"", ""Microwave"", ""Coffee maker: Keurig coffee machine"", ""Dining table"", ""Electric stove"", ""AC - split type ductless system"", ""Exterior security cameras on property"", ""Conditioner"", ""Dishes and silverware"", ""Hangers"", ""Refrigerator"", ""Self check-in"", ""Free washer \u2013 In building"", ""Free street parking"", ""Fire extinguisher"", ""Keypad"", ""Clothing storage: walk-in closet""]",1.0,1.0,Entire rental unit,Entire home/apt,
2,650,Kolkata,2,Carpet Area,Unfurnished,Bachelors/Family,5500,"Welcome to your cozy home in the heart of Albany’s vibrant Lark St neighborhood! Tucked into the basement level of a historic building, this stylish one-bedroom apartment blends vintage character with modern comfort. Find a beautifully preserved original farmhouse wooden kitchen, a hotel-quality king-size bed. <br /><br />The living area offers a comfortable space to relax and private garden<br /><br />This apt is your gateway to Albany’s most walkable neighborhood to Washington Park, Capitol buildings, and more",,https://a0.muscache.com/pictures/hosting/Hosting-1417680000016844686/original/4f5c27c8-136a-4953-bee6-9e51d4d185a5.jpeg,"[""BBQ grill"", ""Smoke alarm"", ""Kitchen"", ""Bathtub"", ""Shampoo"", ""Fire extinguisher"", ""Wifi"", ""Shower gel"", ""Carbon monoxide alarm"", ""Hot water"", ""Hair dryer"", ""Body soap"", ""Heating"", ""First aid kit"", ""Outdoor dining area"", ""TV"", ""Free parking on premises"", ""Washer""]",1.0,1.0,Entire rental unit,Entire home/apt,
1,550,Kolkata,1,Super Area,Semi-Furnished,Bachelors/Family,7000,"The whole group will enjoy easy access to everything from this centrally located place. The Red Brick House is a newly renovated, 4 stories/3000sq ft space with 4be/3.5ba and walking distance to Downtown Albany's top attractions.<br /><br />Amenities included:<br />✔ Game Room<br />✔ Hot Tub<br />✔ Private Yard w/ BBQ and Outdoor Games<br />✔ Fully Equipped Kitchen<br />✔ High-Speed Wifi<br />✔ Free Parking (up too 3 vehicles)<br />✔ Office & Exercise Equipment<br />✔ Washer/Dryer & AC<br />✔ Mini-crib & Baby Accessories",,https://a0.muscache.com/pictures/hosting/Hosting-U3RheVN1cHBseUxpc3Rpbmc6MTQyOTk5NzM5MDM4MzY3OTk3Mg==/original/838f7b2f-cc19-4b3e-bf48-20aad0cde67d.jpeg,"[""Smoke alarm"", ""Kitchen"", ""Dishwasher"", ""Pack \u2019n play/Travel crib - always at the listing"", ""Wifi"", ""Shower gel"", ""Hot water"", ""Coffee maker"", ""Hair dryer"", ""Body soap"", ""Outdoor dining area"", ""Dryer"", ""Carbon monoxide alarm"", ""Bed linens"", ""Hot tub - available all year, open 24 hours"", ""Bathtub"", ""Cooking basics"", ""Ceiling fan"", ""Shampoo"", ""Iron"", ""Room-darkening shades"", ""Hot water kettle"", ""Wine glasses"", ""Dedicated workspace"", ""Microwave"", ""Baking sheet"", ""Clothing storage"", ""Dining table"", ""Heating"", ""65 inch HDTV with Roku"", ""Exercise equipment"", ""Washer"", ""Smart lock"", ""Extra pillows and blankets"", ""Rice maker"", ""Pets allowed"", ""Oven"", ""EV charger - level 2"", ""BBQ grill"", ""Long term stays allowed"", ""Crib - always at the listing"", ""Backyard"", ""Exterior security cameras on property"", ""Air conditioning"", ""Folding or convertible high chair - always at the listing"", ""Essentials"", ""Toaster"", ""Coffee"", ""Books and reading material"", ""First aid kit"", ""Arcade games"", ""Baby bath"", ""Conditioner"", ""Barbecue utensils"", ""Dishes and silverware"", ""Free parking on premises"", ""Hangers"", ""Refrigerator"", ""Blender"", ""Self check-in"", ""Freezer"", ""Free street parking"", ""Fire extinguisher"", ""Cleaning products"", ""Board games"", ""Stove""]",4.0,3.5,Entire home,Entire home/apt,
2,500,Kolkata,2,Super Area,Semi-Furnished,Bachelors/Family,7000,"This elegant apartment on the ground floor of an historic 3-story brick row house in the heart of downtown Albany NY, opens to a beautifully appointed living/dining area, has a full kitchen, 2 spacious bedrooms, and a full bath. The fully-equipped kitchen opens to a comfortable living/dining area. This cozy, modern space offers fast wifi, streaming services, plush bedding, full bath, in-unit washer and dryer, and is just steps from Café Capriccio. Please click on photos for more information.",,https://a0.muscache.com/pictures/hosting/Hosting-1430417055174000914/original/dccf9b9a-7bd7-443a-a2d3-8ace18476f6c.jpeg,"[""Smoke alarm"", ""Kitchen"", ""Dishwasher"", ""Clothing storage: closet and dresser"", ""Gas stove"", ""Wifi"", ""Shower gel"", ""Hot water"", ""Hair dryer"", ""Body soap"", ""TV"", ""Bed linens"", ""Bathtub"", ""Cooking basics"", ""Ceiling fan"", ""Shampoo"", ""Iron"", ""Room-darkening shades"", ""Hot water kettle"", ""Wine glasses"", ""Microwave"", ""Coffee maker: Keurig coffee machine"", ""Dining table"", ""Washer"", ""Air conditioning"", ""Toaster"", ""Coffee"", ""Laundromat nearby"", ""Single oven"", ""Books and reading material"", ""Central heating"", ""Conditioner"", ""Dishes and silverware"", ""Hangers"", ""Refrigerator"", ""Freezer"", ""Free street parking"", ""Paid parking lot off premises"", ""Free dryer \u2013 In unit"", ""Cleaning products""]",2.0,1.0,Entire rental unit,Entire home/apt,
1,450,Kolkata,1,Super Area,Unfurnished,Family,6500,"Unique and tranquil apartment with easy access to everything Albany has to offer. This centrally-located, high ceiling apartment downtown is just a few minutes walk to the Palace Theatre, McGeary’s Pub, 677 Prime Steakhouse, The Olde English Pub, Empire Live, Albany Skywalk, Albany Pump Station, Albany City Hall, MVP Arena, City Hall, NYS Capitol etc..",,https://a0.muscache.com/pictures/hosting/Hosting-1432823196473666155/original/2b4ec5f1-42d9-4094-93b1-0740e59a6e8a.jpeg,"[""Smoke alarm"", ""Kitchen"", ""Dishwasher"", ""Wifi"", ""Shower gel"", ""Hot water"", ""Indoor fireplace"", ""Carbon monoxide alarm"", ""Ceiling fan"", ""Shampoo"", ""Room-darkening shades"", ""Microwave"", ""Dining table"", ""Dryer \u2013\u00a0In unit"", ""Washer \u2013\u00a0In unit"", ""Long term stays allowed"", ""Air conditioning"", ""First aid kit"", ""TV with Roku"", ""Conditioner"", ""Dishes and silverware"", ""Free street parking"", ""Fire extinguisher"", ""Cleaning products""]",1.0,1.0,Entire rental unit,Entire home/apt,
2,850,Kolkata,2,Super Area,Unfurnished,Bachelors,10000,"Welcome to your cozy Albany retreat! Enjoy a comfortable stay in this well-appointed space, perfect for travelers looking for convenience and relaxation. Your booking includes free parking and a complimentary breakfast to start your day right. Located near shops, restaurants, and downtown Albany, this home offers easy access to local attractions. Whether you’re here for business or leisure, you’ll love the comfort and convenience of this stay. Book now for a relaxing experience.",,https://a0.muscache.com/pictures/miso/Hosting-1434108183586713709/original/61068cbc-52bc-4f80-8032-270c4096a33a.jpeg,"[""Kitchen"", ""Wifi"", ""Shower gel"", ""Hot water"", ""TV"", ""Bed linens"", ""Shampoo"", ""Hot water kettle"", ""Wine glasses"", ""Dedicated workspace"", ""Clothing storage"", ""Dining table"", ""Heating"", ""Air conditioning"", ""Coffee"", ""Conditioner"", ""Free parking on premises"", ""Hangers"", ""Bidet""]",1.0,1.0,Entire rental unit,Entire home/apt,
1,300,Kolkata,1,Carpet Area,Unfurnished,Bachelors/Family,5200,"Welcome to your cozy Albany retreat! Enjoy a comfortable stay in this well-appointed space, perfect for travelers looking for convenience and relaxation. Your booking includes free parking and a complimentary breakfast to start your day right. Located near shops, restaurants, and downtown Albany, this home offers easy access to local attractions. Whether you’re here for business or leisure, you’ll love the comfort and convenience of this stay. Book now for a relaxing experience.",,https://a0.muscache.com/pictures/hosting/Hosting-1434112653259573474/original/b4f0bfac-3fca-4d95-8ae2-78990c21d87b.jpeg,"[""Kitchen"", ""Wifi"", ""Hot water"", ""Body soap"", ""TV"", ""Bed linens"", ""Bathtub"", ""Cooking basics"", ""Hot water kettle"", ""Wine glasses"", ""Dedicated workspace"", ""Heating"", ""Drying rack for clothing"", ""Patio or balcony"", ""Air conditioning"", ""Coffee"", ""Outdoor furniture"", ""Conditioner"", ""Free parking on premises"", ""Hangers"", ""Free street parking"", ""Cleaning products"", ""Bidet""]",1.0,1.0,Entire rental unit,Entire home/apt,
2,1000,Kolkata,3,Carpet Area,Semi-Furnished,Bachelors/Family,13000,"Keep it simple at this peaceful and centrally-located apartment. A short walk to the State Capitol and other state buildings, MVP Arena, Albany Med, Albany Law, Washington Park, SUNY Downtown campus, and  Lark Street restaurants and coffee spots.",,https://a0.muscache.com/pictures/hosting/Hosting-U3RheVN1cHBseUxpc3Rpbmc6MTQzNTU5MDU3MDc2OTMwMzM1Mg==/original/f039ba14-6115-4be1-bc38-62daf33a37b5.jpeg,"[""Smoke alarm"", ""Kitchen"", ""Wifi"", ""Shower gel"", ""Hot water"", ""Hair dryer"", ""TV"", ""Carbon monoxide alarm"", ""Bed linens"", ""Cooking basics"", ""Baking sheet"", ""Iron"", ""Hot water kettle"", ""Dedicated workspace"", ""Microwave"", ""Clothing storage"", ""Heating"", ""Smart lock"", ""Extra pillows and blankets"", ""Oven"", ""Exterior security cameras on property"", ""Toaster"", ""Coffee"", ""Books and reading material"", ""Window AC unit"", ""Dishes and silverware"", ""Hangers"", ""Refrigerator"", ""Self check-in"", ""Freezer"", ""Free street parking"", ""Stove""]",1.0,1.0,Entire rental unit,Entire home/apt,
2,500,Kolkata,1,Carpet Area,Unfurnished,Bachelors/Family,7000,,,https://a0.muscache.com/pictures/hosting/Hosting-1435797229942642808/original/f8378d58-868d-4726-ae1e-8eee092c328c.jpeg,"[""Smoke alarm"", ""Kitchen"", ""Air conditioning"", ""Fire extinguisher"", ""Wifi"", ""Dedicated workspace"", ""Carbon monoxide alarm"", ""First aid kit"", ""TV"", ""Washer""]",2.0,2.0,Entire home,Entire home/apt,
2,756,Kolkata,1,Carpet Area,Semi-Furnished,Bachelors/Family,12000,"2-bed 2nd floor apt. in a renovated historic two-century-old building in a quiet neighborhood of Albany's Pastures. Great location near Albany Medical Center, MVP Arena, Empire State Plaza, Library, Lark Street, State Offices, courts; easy access to local & regional bus routes and highways (I-787, I-90 & I-87).<br /><br />1 Queen bed<br />1 Full bed<br />Up to 6 NON-SMOKING guests<br />Toiletries included<br /><br />Save & BOOK this unit today!<br />Message me anytime. Hope to welcome you soon!<br /><br />-Earl",,https://a0.muscache.com/pictures/hosting/Hosting-U3RheVN1cHBseUxpc3Rpbmc6MTQzOTQ3MjIwMjM3Njc0MDY4MQ==/original/33d23e17-13d3-41ae-b034-26667a937478.jpeg,"[""Smoke alarm"", ""Kitchen"", ""Dishwasher"", ""Private patio or balcony"", ""Gas stove"", ""Wifi"", ""Shower gel"", ""Free driveway parking on premises \u2013 1 space"", ""Hot water"", ""Private entrance"", ""Hair dryer"", ""Body soap"", ""TV"", ""Carbon monoxide alarm"", ""Bed linens"", ""Pack \u2019n play/Travel crib - available upon request"", ""Luggage dropoff allowed"", ""Bathtub"", ""Cooking basics"", ""Ceiling fan"", ""Shampoo"", ""Iron"", ""Room-darkening shades"", ""Hot water kettle"", ""Wine glasses"", ""Dedicated workspace"", ""Microwave"", ""Baking sheet"", ""Dining table"", ""Washer"", ""Paid street parking off premises"", ""Extra pillows and blankets"", ""Pets allowed"", ""Long term stays allowed"", ""Smart lock"", ""Radiant heating"", ""Portable fans"", ""Noise decibel monitors on property"", ""Air conditioning"", ""Exterior security cameras on property"", ""Essentials"", ""Toaster"", ""Coffee"", ""Laundromat nearby"", ""Single oven"", ""First aid kit"", ""Conditioner"", ""Dishes and silverware"", ""Hangers"", ""Refrigerator"", ""Self check-in"", ""Freezer"", ""Coffee maker: drip coffee maker"", ""Free street parking"", ""Fire extinguisher"", ""Free dryer \u2013 In unit"", ""Paid parking on premises"", ""Shared backyard \u2013 Fully fenced""]",2.0,1.0,Entire rental unit,Entire home/apt,
1,1000,Kolkata,1,Super Area,Unfurnished,Bachelors/Family,15000,It’s close to albany med and St. Peter’s Hospital and centrally-located place.,,https://a0.muscache.com/pictures/hosting/Hosting-1441615290727481693/original/6e72bce8-7ae5-465f-8e71-e0549cdb574b.jpeg,"[""Smoke alarm"", ""Kitchen"", ""Exterior security cameras on property"", ""Lock on bedroom door"", ""Wifi"", ""Carbon monoxide alarm"", ""Free parking on premises"", ""Washer""]",1.0,1.0,Private room in rental unit,Private room,
1,150,Kolkata,1,Carpet Area,Unfurnished,Bachelors/Family,5000,Home from the late 1920s. First floor apartment. Updated bathroom.,,https://a0.muscache.com/pictures/hosting/Hosting-1447202556849361134/original/dae9d51d-5d79-42d3-946e-413d44fa6dc4.jpeg,"[""Smoke alarm"", ""Kitchen"", ""Dishwasher"", ""Wifi"", ""Hot water"", ""Hair dryer"", ""Mini fridge"", ""TV"", ""Carbon monoxide alarm"", ""Bed linens"", ""Luggage dropoff allowed"", ""Cooking basics"", ""Ceiling fan"", ""Iron"", ""Hot water kettle"", ""Free dryer \u2013 In building"", ""Dedicated workspace"", ""Microwave"", ""Washer"", ""Extra pillows and blankets"", ""Long term stays allowed"", ""Electric stove"", ""Radiant heating"", ""Exterior security cameras on property"", ""Air conditioning"", ""Toaster"", ""Single oven"", ""Clothing storage: closet"", ""Dishes and silverware"", ""Hangers"", ""Refrigerator"", ""Self check-in"", ""Freezer"", ""Game console: PS5"", ""Free parking on premises \u2013 1 space"", ""Free street parking"", ""Fire extinguisher"", ""Keypad""]",3.0,1.0,Entire rental unit,Entire home/apt,
1,800,Kolkata,1,Carpet Area,Unfurnished,Bachelors,8000,"2-bed 1st floor apt. in a renovated historic two-century-old building in a quiet neighborhood of Albany's Pastures. Great location near Albany Medical Center, MVP Arena, Empire State Plaza, Library, Lark Street, State Offices, courts; easy access to local & regional bus routes and highways (I-787, I-90 & I-87).<br /><br />1 Queen + 1 Full bed<br />Up to 5 NON-SMOKING guests<br />Toiletries included<br /><br />Save & BOOK this unit today!<br />Message me anytime. Hope to welcome you soon!<br /><br />-Earl",,https://a0.muscache.com/pictures/hosting/Hosting-U3RheVN1cHBseUxpc3Rpbmc6MTQ0ODUwMTcxOTE2NjkyMDQ3NA==/original/740efbd2-51af-4c47-bc2f-105d33bbe98d.jpeg,"[""Smoke alarm"", ""Kitchen"", ""Dishwasher"", ""Wifi"", ""Shower gel"", ""Hot water"", ""Coffee maker"", ""Hair dryer"", ""Dryer"", ""TV"", ""Carbon monoxide alarm"", ""Bed linens"", ""Bathtub"", ""Cooking basics"", ""Baking sheet"", ""Shampoo"", ""Iron"", ""Room-darkening shades"", ""Hot water kettle"", ""Wine glasses"", ""Microwave"", ""Clothing storage"", ""Dining table"", ""Heating"", ""Washer"", ""Extra pillows and blankets"", ""Pets allowed"", ""Oven"", ""Noise decibel monitors on property"", ""Air conditioning"", ""Exterior security cameras on property"", ""Toaster"", ""Coffee"", ""First aid kit"", ""Conditioner"", ""Dishes and silverware"", ""Hangers"", ""Refrigerator"", ""Freezer"", ""Fire extinguisher"", ""Bidet"", ""Stove""]",2.0,1.0,Entire rental unit,Entire home/apt,
2,700,Kolkata,2,Super Area,Unfurnished,Bachelors,8000,"Relax in this conveniently located apartment. Close to Albany, Medical Center, state capital, parks, perfect for legislative worker, traveling, nurses or medical professionals. lots to see and do. You’re blocks from the state capital, and governors mansion. located in the historic mansion District of Albany. Long-term stays are welcome.",,https://a0.muscache.com/pictures/hosting/Hosting-1450136720901316807/original/171c3679-612e-42fc-960f-e8ace9549f32.jpeg,"[""Smoke alarm"", ""Kitchen"", ""Clothing storage: closet and dresser"", ""Wifi"", ""Hot water"", ""Private entrance"", ""Body soap"", ""TV"", ""Carbon monoxide alarm"", ""Bed linens"", ""Luggage dropoff allowed"", ""Cooking basics"", ""Iron"", ""Microwave"", ""Dining table"", ""Washer"", ""Long term stays allowed"", ""Pets allowed"", ""Electric stove"", ""Radiant heating"", ""Patio or balcony"", ""Air conditioning"", ""Toaster"", ""Single oven"", ""First aid kit"", ""Free parking on premises"", ""Dishes and silverware"", ""Hangers"", ""Refrigerator"", ""Free dryer"", ""Coffee maker: drip coffee maker"", ""Fire extinguisher"", ""Smoking allowed""]",1.0,1.0,Entire rental unit,Entire home/apt,
1,420,Kolkata,1,Super Area,Unfurnished,Bachelors,5000,"Less than a mile to Albany Medical Center, three blocks to MVP arena a few blocks to the capitol and downtown.",,https://a0.muscache.com/pictures/hosting/Hosting-1450156329560932974/original/89a880fe-562c-40e8-bdb3-5ec8d8eb2925.jpeg,"[""Smoke alarm"", ""Kitchen"", ""Dryer \u2013 In building"", ""Private patio or balcony"", ""Wifi"", ""Hot water"", ""Coffee maker"", ""Body soap"", ""TV"", ""Carbon monoxide alarm"", ""Bed linens"", ""Cooking basics"", ""Microwave"", ""Dining table"", ""Heating"", ""Washer"", ""Long term stays allowed"", ""Pets allowed"", ""Air conditioning"", ""Single oven"", ""First aid kit"", ""Free parking on premises"", ""Hangers"", ""Refrigerator"", ""Fire extinguisher"", ""Stove"", ""Outlet covers"", ""Smoking allowed""]",1.0,1.0,Entire rental unit,Entire home/apt,
2,800,Kolkata,1,Super Area,Unfurnished,Bachelors,10000,"Welcome to your cozy Albany retreat! Enjoy a comfortable stay in this well-appointed space, perfect for travelers looking for convenience and relaxation. Your booking includes free parking and a complimentary breakfast to start your day right. Located near shops, restaurants, and downtown Albany, this home offers easy access to local attractions. Whether you’re here for business or leisure, you’ll love the comfort and convenience of this stay. Book now for a relaxing experience",,https://a0.muscache.com/pictures/hosting/Hosting-1454413975547667690/original/6516e2f4-e982-49e2-9e04-fe5c482d9c2f.jpeg,"[""Kitchen"", ""Wifi"", ""Shower gel"", ""Hot water"", ""TV"", ""Bed linens"", ""Bathtub"", ""Shampoo"", ""Hot water kettle"", ""Dedicated workspace"", ""Microwave"", ""Clothing storage"", ""Dining table"", ""Heating"", ""Backyard"", ""Air conditioning"", ""Coffee"", ""Outdoor furniture"", ""Free parking on premises"", ""Hangers"", ""Refrigerator"", ""Freezer"", ""Free street parking"", ""Cleaning products"", ""Bidet""]",1.0,1.0,Entire rental unit,Entire home/apt,
2,288,Kolkata,1,Carpet Area,Unfurnished,Bachelors,12000,"Welcome to your cozy Albany retreat! Enjoy a comfortable stay in this well-appointed space, perfect for travelers looking for convenience and relaxation. Your booking includes free parking and a complimentary breakfast to start your day right. Located near shops, restaurants, and downtown Albany, this home offers easy access to local attractions. Whether you’re here for business or leisure, you’ll love the comfort and convenience of this stay. Book now for a relaxing experience!",,https://a0.muscache.com/pictures/miso/Hosting-1454415655361201543/original/16cf8efc-2451-4f32-827d-47bfe9f79f81.jpeg,"[""Smoke alarm"", ""Wifi"", ""Hot water"", ""Outdoor dining area"", ""TV"", ""Bed linens"", ""Bathtub"", ""Hot water kettle"", ""Dedicated workspace"", ""Clothing storage"", ""Dining table"", ""Heating"", ""Backyard"", ""Air conditioning"", ""Coffee"", ""Outdoor furniture"", ""First aid kit"", ""Conditioner"", ""Free parking on premises"", ""Hangers"", ""Refrigerator"", ""Bidet""]",1.0,1.0,Entire rental unit,Entire home/apt,
2,900,Kolkata,2,Super Area,Unfurnished,Bachelors/Family,8000,"Welcome to your cozy Albany retreat! Enjoy a comfortable stay in this well-appointed space, perfect for travelers looking for convenience and relaxation. Your booking includes free parking and a complimentary breakfast to start your day right. Located near shops, restaurants, and downtown Albany, this home offers easy access to local attractions. Whether you’re here for business or leisure, you’ll love the comfort and convenience of this stay. Book now for a relaxing experience.",,https://a0.muscache.com/pictures/hosting/Hosting-1454417108090792705/original/f4d6d0f5-2b6c-448b-831f-7f3f96d11e7d.jpeg,"[""Wifi"", ""Hot water"", ""Outdoor dining area"", ""TV"", ""Bed linens"", ""Bathtub"", ""Shampoo"", ""Hot water kettle"", ""Dedicated workspace"", ""Microwave"", ""Dining table"", ""Heating"", ""Backyard"", ""Air conditioning"", ""Coffee"", ""Outdoor furniture"", ""Conditioner"", ""Free parking on premises"", ""Hangers"", ""Refrigerator"", ""Cleaning products"", ""Bidet""]",1.0,1.0,Entire rental unit,Entire home/apt,
2,850,Kolkata,2,Carpet Area,Unfurnished,Bachelors,21000,"Welcome to your cozy Albany retreat! Enjoy a comfortable home in this well-appointed space, perfect for travelers looking for convenience and relaxation. Your booking includes free parking and a complimentary breakfast to start your day right. Located near shops, restaurants, and downtown Albany, this home offers easy access to local attractions. Whether you’re here for business or leisure, you’ll love the comfort and convenience of this stay. Book now for a relaxing experience!",,https://a0.muscache.com/pictures/hosting/Hosting-1454418356838968327/original/298a801c-5865-40bb-86c8-314359f1f90a.jpeg,"[""Smoke alarm"", ""Wifi"", ""Shower gel"", ""Hot water"", ""Outdoor dining area"", ""TV"", ""Bed linens"", ""Bathtub"", ""Shampoo"", ""Hot water kettle"", ""Dedicated workspace"", ""Clothing storage"", ""Dining table"", ""Heating"", ""Air conditioning"", ""Coffee"", ""Outdoor furniture"", ""First aid kit"", ""Conditioner"", ""Free parking on premises"", ""Hangers"", ""Cleaning products"", ""Bidet""]",1.0,1.0,Entire rental unit,Entire home/apt,
1,350,Kolkata,1,Carpet Area,Unfurnished,Bachelors,5000,"1-bedroom home featuring a cozy fireplace, in-unit laundry, air conditioning, and a private deck with a gas grill—perfect for relaxing evenings. Nestled in a quiet and safe neighborhood just minutes from Albany Med, St. Peter’s Hospital, local bars, restaurants, and a nearby food market. Ideal for traveling professionals, couples, or solo guests seeking comfort and convenience.",,https://a0.muscache.com/pictures/prohost-api/Hosting-1455799924350084157/original/3444de38-cae5-4357-800d-f404912d5b3a.jpeg,"[""Smoke alarm"", ""Air conditioning"", ""Fire extinguisher"", ""Wifi"", ""Carbon monoxide alarm"", ""First aid kit"", ""Indoor fireplace"", ""TV"", ""Washer""]",1.0,1.0,Entire home,Entire home/apt,
2,600,Kolkata,1,Super Area,Unfurnished,Bachelors/Family,9000,"Welcome to The Dove’s Nest, a cozy and quiet space perfect for solo travelers or couples. Located in a peaceful neighborhood in Albany, it's a great place to relax or get some work done.<br /><br />What you’ll get:<br />- Bedroom, Livingroom, and bathroom,<br />- Comfortable bed and linens<br />- Small sitting area<br />- Washer and Dryer<br />- Smart - TV<br />- Wi-Fi<br />- Mini fridge, microwave, and coffee/tea setup<br />- Full Private bathroom <br />- Shared entrance and available parking<br /><br />Come enjoy a simple, calm stay at The Dove’s Nest.",,https://a0.muscache.com/pictures/hosting/Hosting-1459126168828019962/original/529f0cd6-279c-4ea7-8d63-6ec4763d3ec3.jpeg,"[""Smoke alarm"", ""Wifi"", ""Shower gel"", ""Hot water"", ""Hair dryer"", ""Body soap"", ""Dryer"", ""TV"", ""Carbon monoxide alarm"", ""Bed linens"", ""Shampoo"", ""Iron"", ""Dedicated workspace"", ""Heating"", ""Washer"", ""Extra pillows and blankets"", ""Piano"", ""Drying rack for clothing"", ""Exterior security cameras on property"", ""Air conditioning"", ""Essentials"", ""Lock on bedroom door"", ""Books and reading material"", ""Conditioner"", ""Free parking on premises"", ""Hangers"", ""Self check-in"", ""Lockbox"", ""Cleaning products"", ""Bidet""]",1.0,2.0,Entire condo,Entire home/apt,
2,1600,Kolkata,1,Carpet Area,Semi-Furnished,Bachelors,8000,"Book this 1st floor 2 bedroom unit in a renovated historic century-old building that is a gem. Quiet urban neighborhood and great location near Albany Medical Center, MVP arena, Empire State Plaza, USS Slater, State Offices and courts. You have easy access to local & regional transportation routes and highways. Take it easy at this unique and tranquil getaway. This is a downtown Albany historic urban area convenient to all downtown venues.  Private parking is also available.",,https://a0.muscache.com/pictures/hosting/Hosting-1459718314728545998/original/3dacb7c0-d851-4e5a-921d-fb331ad6bb43.jpeg,"[""Smoke alarm"", ""Kitchen"", ""Cooking basics"", ""Exterior security cameras on property"", ""Fire extinguisher"", ""Portable air conditioning"", ""Wifi"", ""Dedicated workspace"", ""Paid parking on premises"", ""Keypad"", ""Central heating"", ""First aid kit"", ""TV"", ""Free parking on premises"", ""Carbon monoxide alarm"", ""Window AC unit"", ""Self check-in""]",2.0,1.0,Entire rental unit,Entire home/apt,
2,986,Kolkata,1,Carpet Area,Unfurnished,Bachelors,7000,"Bright, peaceful 2BR unit set just outside Albany’s vibrant Center Square within walking distance to Washington Park, local cafés, restaurants, and downtown attractions. Whether you’re a solo traveler, couple, or family, you’ll find everything you need for a relaxing stay. Sip your morning coffee on the private deck with birdsong in the background, rest in a cozy queen or full bed, and enjoy self check-in, fast Wi-Fi, climate control with A/C and heat, and private garage parking right next door.",,https://a0.muscache.com/pictures/hosting/Hosting-1462505515338851900/original/51f1daef-a284-4e26-b278-f585462dabd2.jpeg,"[""Smoke alarm"", ""Kitchen"", ""Dishwasher"", ""Wifi"", ""Shower gel"", ""Hot water"", ""Hair dryer"", ""Body soap"", ""TV"", ""Carbon monoxide alarm"", ""Bed linens"", ""Cooking basics"", ""Shampoo"", ""Iron"", ""Hot water kettle"", ""Free dryer \u2013 In building"", ""Microwave"", ""Coffee maker: Keurig coffee machine"", ""Washer"", ""Smart lock"", ""Long term stays allowed"", ""Pets allowed"", ""Oven"", ""Radiant heating"", ""Portable fans"", ""Exterior security cameras on property"", ""Air conditioning"", ""Coffee"", ""Laundromat nearby"", ""Books and reading material"", ""First aid kit"", ""Conditioner"", ""Free parking on premises"", ""Dishes and silverware"", ""Hangers"", ""Refrigerator"", ""Self check-in"", ""Freezer"", ""Fire extinguisher"", ""Mosquito net"", ""Stove"", ""Private backyard""]",2.0,1.0,Entire condo,Entire home/apt,
3,1330,Kolkata,2,Carpet Area,Unfurnished,Bachelors,35000,"Bright, peaceful 2BR unit set just outside Albany’s vibrant Center Square—within walking distance to Washington Park, local cafés, restaurants, and downtown attractions. Whether you’re a solo traveler, couple, or family, you’ll find everything you need for a relaxing stay. Sip your morning coffee on the private deck, rest in cozy beds, and enjoy self check-in, fast Wi-Fi, and climate control for year-round comfort. A reserved garage spot is included for your convenience.",,https://a0.muscache.com/pictures/hosting/Hosting-1464782804892875821/original/bbd7ab9a-b5eb-44af-9445-a86293bf9c5d.jpeg,"[""Smoke alarm"", ""Kitchen"", ""Dishwasher"", ""Wifi"", ""Shower gel"", ""Hot water"", ""Coffee maker"", ""Hair dryer"", ""Body soap"", ""TV"", ""Carbon monoxide alarm"", ""Bed linens"", ""Cooking basics"", ""Shampoo"", ""Iron"", ""Hot water kettle"", ""Free dryer \u2013 In building"", ""Microwave"", ""Clothing storage"", ""Heating"", ""Washer"", ""Smart lock"", ""Pets allowed"", ""Oven"", ""Exterior security cameras on property"", ""Air conditioning"", ""Coffee"", ""Sound system"", ""Books and reading material"", ""First aid kit"", ""Conditioner"", ""Free parking on premises"", ""Dishes and silverware"", ""Hangers"", ""Refrigerator"", ""Self check-in"", ""Freezer"", ""Fire extinguisher"", ""Stove""]",2.0,1.0,Entire rental unit,Entire home/apt,
3,1300,Kolkata,2,Super Area,Semi-Furnished,Bachelors/Family,15000,"Top Floor Loft With Private Deck. This apartment includes 1 free parking permit. This amazing historical apartment is located in the Downtown Albany, feet from the Palace Theater, MVP Arena, Capital Repertory Theatre and popular NYS Museums. <br />amenities includes all new appliances, all new furniture. Its a Private Quite area, Keyless entry, Free wifi, Free Laundry on site, 1 Queen bed, with a blowup bed and a pull out couch. Keep it simple at this peaceful and centrally-located place.",,https://a0.muscache.com/pictures/hosting/Hosting-1465797274904716360/original/f13b272c-ed32-418c-9189-b90d33547759.jpeg,"[""Smoke alarm"", ""Kitchen"", ""Exterior security cameras on property"", ""Iron"", ""Air conditioning"", ""Fire extinguisher"", ""Wifi"", ""Dedicated workspace"", ""Carbon monoxide alarm"", ""Hair dryer"", ""First aid kit"", ""Outdoor dining area"", ""TV"", ""Free parking on premises"", ""Washer"", ""Pets allowed""]",1.0,1.0,Entire rental unit,Entire home/apt,
2,800,Kolkata,1,Carpet Area,Unfurnished,Bachelors,6200,Take it easy at this unique and tranquil getaway.,,https://a0.muscache.com/pictures/hosting/Hosting-1468113967156529966/original/6dee6903-48da-4d79-8102-3d5f147dc3ad.jpeg,"[""Wifi"", ""Shower gel"", ""Hot water"", ""TV"", ""Bed linens"", ""Bathtub"", ""Shampoo"", ""Hot water kettle"", ""Dedicated workspace"", ""Microwave"", ""Clothing storage"", ""Dining table"", ""Heating"", ""Air conditioning"", ""Coffee"", ""Conditioner"", ""Free parking on premises"", ""Hangers"", ""Refrigerator"", ""Freezer"", ""Free street parking"", ""Bidet""]",1.0,1.0,Entire rental unit,Entire home/apt,
2,800,Kolkata,1,Carpet Area,Unfurnished,Bachelors/Family,9900,"Welcome to your cozy Albany retreat! Enjoy a comfortable stay in this well-appointed space, perfect for travelers looking for convenience and relaxation. Your booking includes free parking and a complimentary breakfast to start your day right. Located near shops, restaurants, and downtown Albany, this home offers easy access to local attractions. Whether you’re here for business or leisure, you’ll love the comfort and convenience of this stay. Book now for a relaxing experience!",,https://a0.muscache.com/pictures/hosting/Hosting-1468116522806636814/original/d52e1a14-409a-4252-bde0-6d7d572afdf1.jpeg,"[""Bathtub"", ""Free street parking"", ""Shampoo"", ""Air conditioning"", ""Hot water kettle"", ""Wifi"", ""Shower gel"", ""Bed linens"", ""Hot water"", ""Clothing storage"", ""Bidet"", ""Heating"", ""Dedicated workspace"", ""Microwave"", ""TV"", ""Conditioner"", ""Free parking on premises"", ""Hangers""]",1.0,1.0,Entire rental unit,Entire home/apt,
2,850,Kolkata,1,Super Area,Unfurnished,Bachelors,7000,Your family will be close to everything when you stay at this centrally-located place.,,https://a0.muscache.com/pictures/hosting/Hosting-1468119019136340688/original/f188cfa8-a852-4a38-8412-ce83fa8eb865.jpeg,"[""Bathtub"", ""Free street parking"", ""Shampoo"", ""Air conditioning"", ""Hot water kettle"", ""Wifi"", ""Shower gel"", ""Bed linens"", ""Hot water"", ""Clothing storage"", ""Bidet"", ""Heating"", ""Dedicated workspace"", ""Microwave"", ""TV"", ""Conditioner"", ""Free parking on premises"", ""Hangers""]",1.0,1.0,Entire rental unit,Entire home/apt,
1,322,Kolkata,1,Carpet Area,Unfurnished,Bachelors/Family,5000,"Located in Albany’s historic Center Square neighborhood, this 1-bedroom, 1-bath apartment with a dedicated office space is perfect for traveling professionals and remote workers. Just minutes from the MVP Arena, major hospitals, Capitol buildings, parks, shops, dining, and a nearby bus stop, the location offers convenience and walkability. The apartment includes high-speed WiFi, on-site laundry, and parking, providing everything needed for short- or long-term stay in the heart of downtown Albany",,https://a0.muscache.com/pictures/hosting/Hosting-1470493488040078187/original/65f8f270-e7a9-498e-b186-8f66491fa158.jpeg,"[""Smoke alarm"", ""Kitchen"", ""Exterior security cameras on property"", ""Air conditioning"", ""Fire extinguisher"", ""Wifi"", ""Dedicated workspace"", ""TV"", ""Free parking on premises"", ""Carbon monoxide alarm"", ""Pets allowed""]",1.0,1.0,Entire rental unit,Entire home/apt,
2,800,Kolkata,1,Carpet Area,Furnished,Bachelors/Family,6500,"This beautifully renovated brownstone in historic Albany is your perfect getaway. Located just minutes from charming downtown, guests can enjoy all Albany has to offer. <br /><br />This spacious bedroom and living area has an abundance of natural light creates a very comfortable environment! There is a fully stocked kitchen, in unit washer/dryer, free resident lot parking, and a fenced shared backyard with bbq for guests to enjoy.<br /><br />Long term stays available. This unit is located on the 3rd floor.",,https://a0.muscache.com/pictures/hosting/Hosting-1472122509160785254/original/d4ea4d04-df65-43c4-b090-85c52899729a.jpeg,"[""Smoke alarm"", ""Kitchen"", ""Dishwasher"", ""Wifi"", ""Hot water"", ""Hair dryer"", ""Body soap"", ""Fire pit"", ""Dryer"", ""TV"", ""Carbon monoxide alarm"", ""Bed linens"", ""Luggage dropoff allowed"", ""Cooking basics"", ""Shampoo"", ""Iron"", ""Room-darkening shades"", ""Hot water kettle"", ""Wine glasses"", ""Dedicated workspace"", ""Microwave"", ""Coffee maker: Keurig coffee machine"", ""Clothing storage"", ""Dining table"", ""Heating"", ""Washer"", ""Extra pillows and blankets"", ""Pets allowed"", ""Long term stays allowed"", ""Oven"", ""BBQ grill"", ""Backyard"", ""Air conditioning"", ""Toaster"", ""Essentials"", ""Coffee"", ""Laundromat nearby"", ""Outdoor furniture"", ""First aid kit"", ""Conditioner"", ""Free parking on premises"", ""Dishes and silverware"", ""Hangers"", ""Refrigerator"", ""Self check-in"", ""Freezer"", ""Free street parking"", ""Lockbox"", ""Fire extinguisher"", ""Cleaning products"", ""Stove""]",1.0,1.0,Entire rental unit,Entire home/apt,
4,1500,Kolkata,2,Carpet Area,Unfurnished,Bachelors,40000,"Freshly painted and newly furnished, large private bedroom in a four bedroom, 1 bath apartment. Centrally located, with a quick drive, Uber or bus to bar exam sites, hospitals, universities, and state offices. <br /><br />This unit is newly furnished with new medium firm 12in queen hybrid mattress, new linens, and closet for hanging and luggage storage. Some kitchen basics, gas stove, and stainless fridge available for guest use.",,https://a0.muscache.com/pictures/hosting/Hosting-1473485941065182946/original/e2f15d56-37ff-47c0-a81a-2d8f615ffd2c.jpeg,"[""Smoke alarm"", ""Kitchen"", ""Ethernet connection"", ""Clothing storage: closet and dresser"", ""Wifi"", ""Hot water"", ""Hair dryer"", ""Carbon monoxide alarm"", ""Bed linens"", ""Bathtub"", ""Cooking basics"", ""Baking sheet"", ""Shampoo"", ""Room-darkening shades"", ""Hot water kettle"", ""Free dryer \u2013 In building"", ""Dedicated workspace"", ""Microwave"", ""Wine glasses"", ""Dining table"", ""Washer"", ""Extra pillows and blankets"", ""Long term stays allowed"", ""Oven"", ""Radiant heating"", ""Drying rack for clothing"", ""Exterior security cameras on property"", ""Air conditioning"", ""Lock on bedroom door"", ""Single level home"", ""Books and reading material"", ""First aid kit"", ""Dishes and silverware"", ""Hangers"", ""Refrigerator"", ""Freezer"", ""Free street parking"", ""Stove""]",1.0,1.0,Private room in home,Private room,
3,3500,Kolkata,2,Super Area,Semi-Furnished,Bachelors/Family,40000,"Freshly painted and newly furnished, large private bedroom in a four bedroom, 1 bath apartment. Centrally located, with a quick drive, Uber or bus to bar exam sites, hospitals, universities, and state offices. <br /><br />This unit is newly furnished with new medium firm 12in queen hybrid mattress, new linens, and closet for hanging and luggage storage. Some kitchen basics, gas stove, and stainless fridge available for guest use.<br /><br />Free, plentiful on street parking. Laundry facilities on site.",,https://a0.muscache.com/pictures/hosting/Hosting-1473500943932986440/original/914065dd-3cad-4104-8f9e-67a16378f2bf.jpeg,"[""Smoke alarm"", ""Kitchen"", ""Private patio or balcony"", ""Ethernet connection"", ""Clothing storage: closet and dresser"", ""Wifi"", ""Hot water"", ""Hair dryer"", ""Carbon monoxide alarm"", ""Bed linens"", ""Cooking basics"", ""Ceiling fan"", ""Shampoo"", ""Baking sheet"", ""Room-darkening shades"", ""Hot water kettle"", ""Free dryer \u2013 In building"", ""Dedicated workspace"", ""Microwave"", ""Wine glasses"", ""Dining table"", ""Washer"", ""Extra pillows and blankets"", ""Long term stays allowed"", ""Radiant heating"", ""Exterior security cameras on property"", ""Air conditioning"", ""Outdoor furniture"", ""Lock on bedroom door"", ""Books and reading material"", ""First aid kit"", ""Dishes and silverware"", ""Refrigerator"", ""Freezer"", ""Free street parking"", ""Cleaning products"", ""Cleaning available during stay"", ""Stove""]",1.0,1.0,Private room in home,Private room,
2,957,Kolkata,2,Carpet Area,Furnished,Bachelors,12000,"Large private bedroom in a four bedroom apartment, centrally located, with a quick Uber or bus to downtown/bar exam sites, hospitals, and universities. <br /><br />This unit is newly furnished with new medium firm 12in queen hybrid mattress, new linens, and closet for hanging and luggage storage. Some kitchen basics, gas stove, and stainless fridge available for guest use.<br /><br />Plentiful on street parking, free.",,https://a0.muscache.com/pictures/hosting/Hosting-1473509751949424528/original/82875797-8bd8-4433-9bf6-93d2a7c0edbb.jpeg,"[""Smoke alarm"", ""Kitchen"", ""Ethernet connection"", ""Gas stove"", ""Wifi"", ""Hot water"", ""Hair dryer"", ""Carbon monoxide alarm"", ""Bed linens"", ""Bathtub"", ""Cooking basics"", ""Ceiling fan"", ""Shampoo"", ""Room-darkening shades"", ""Hot water kettle"", ""Free dryer \u2013 In building"", ""Dedicated workspace"", ""Microwave"", ""Wine glasses"", ""Dining table"", ""Washer"", ""Extra pillows and blankets"", ""Long term stays allowed"", ""Clothing storage: walk-in closet and dresser"", ""Oven"", ""Radiant heating"", ""Drying rack for clothing"", ""Exterior security cameras on property"", ""Air conditioning"", ""Patio or balcony"", ""Laundromat nearby"", ""Lock on bedroom door"", ""Outdoor furniture"", ""Single level home"", ""Books and reading material"", ""First aid kit"", ""Conditioner"", ""Dishes and silverware"", ""Hangers"", ""Refrigerator"", ""Freezer"", ""Free street parking"", ""Cleaning products"", ""Cleaning available during stay""]",1.0,1.0,Private room in home,Private room,
1,850,Kolkata,1,Carpet Area,Unfurnished,Bachelors,6500,"Freshly painted and newly furnished, large private bedroom in a four bedroom, 1 bath apartment. Centrally located, with a quick drive, Uber or bus to bar exam sites, hospitals, universities, and state offices. <br /><br />This unit is newly furnished with new medium firm 12in queen hybrid mattress, new linens, and closet for hanging and luggage storage. Some kitchen basics, gas stove, and stainless fridge available for guest use.<br /><br />Free, plentiful on street parking. Laundry facilities on site.",,https://a0.muscache.com/pictures/hosting/Hosting-1476084665532782592/original/df308606-d79c-4245-87ad-5aa80abc2efb.jpeg,"[""Smoke alarm"", ""Kitchen"", ""Ethernet connection"", ""Clothing storage: closet and dresser"", ""Wifi"", ""Hot water"", ""Hair dryer"", ""Body soap"", ""Shared backyard"", ""Carbon monoxide alarm"", ""Bed linens"", ""Bathtub"", ""Cooking basics"", ""Ceiling fan"", ""Shampoo"", ""Baking sheet"", ""Room-darkening shades"", ""Hot water kettle"", ""Free dryer \u2013 In building"", ""Dedicated workspace"", ""Microwave"", ""Wine glasses"", ""Dining table"", ""Washer"", ""Extra pillows and blankets"", ""Long term stays allowed"", ""Oven"", ""Radiant heating"", ""Portable fans"", ""Drying rack for clothing"", ""Exterior security cameras on property"", ""Air conditioning"", ""Patio or balcony"", ""Laundromat nearby"", ""Lock on bedroom door"", ""Outdoor furniture"", ""Single level home"", ""Books and reading material"", ""First aid kit"", ""Dishes and silverware"", ""Hangers"", ""Refrigerator"", ""Self check-in"", ""Freezer"", ""Free street parking"", ""Cleaning products"", ""Keypad"", ""Stove""]",1.0,1.0,Private room in home,Private room,
2,900,Kolkata,2,Carpet Area,Unfurnished,Bachelors,10000,"Located in the heart of downtown Albany & steps from MVP Arena, the NYS Capitol, and Empire State- Your new home is perfect for concerts, Traveling Nurses, Short Term stays and business trips,-you can walk to events, dining, and nightlife with ease. St Peters & Albany Med  only a 10 minute drive.  Newly Built in a 1920's Historic Bank, we blend historic charm with modern comfort. This prime location offers the perfect home base to experience all the energy and convenience the city has to offer.",,https://a0.muscache.com/pictures/hosting/Hosting-1476780998285613744/original/0ee5108d-a260-4992-885e-ddde2d22f19d.jpeg,"[""Smoke alarm"", ""Kitchen"", ""Dishwasher"", ""Ethernet connection"", ""Gas stove"", ""Wifi"", ""Hot water"", ""Private entrance"", ""Dryer"", ""TV"", ""Carbon monoxide alarm"", ""Bed linens"", ""Cooking basics"", ""Paid parking off premises"", ""Elevator"", ""Iron"", ""Room-darkening shades"", ""Dedicated workspace"", ""Microwave"", ""Coffee maker: Keurig coffee machine"", ""Clothing storage"", ""Heating"", ""Washer"", ""Extra pillows and blankets"", ""Pets allowed"", ""Long term stays allowed"", ""Oven"", ""Exterior security cameras on property"", ""Air conditioning"", ""Coffee"", ""Dishes and silverware"", ""Self check-in"", ""Refrigerator"", ""Paid parking lot on premises \u2013 1 space"", ""Fire extinguisher"", ""Keypad""]",1.0,1.0,Entire condo,Entire home/apt,
2,600,Kolkata,1,Super Area,Semi-Furnished,Bachelors/Family,15000,"Welcome to your home away from home in the heart of Albany! Nestled on a quiet street, this beautifully renovated 3-bedroom, 2.5-bathroom luxury residence offers a rare blend of comfort, style, and convenience—perfect for families, friends, business travelers, and weekend explorers alike.",,https://a0.muscache.com/pictures/hosting/Hosting-1477111453930200793/original/d319760b-5f5d-49e3-96fa-e809b407899d.jpeg,"[""Smoke alarm"", ""Kitchen"", ""Dishwasher"", ""Wifi"", ""Shower gel"", ""Hot water"", ""Coffee maker"", ""Private entrance"", ""Hair dryer"", ""Outdoor dining area"", ""Indoor fireplace"", ""TV"", ""Carbon monoxide alarm"", ""Clothing storage: walk-in closet and closet"", ""Pool table"", ""Bathtub"", ""Cooking basics"", ""Baking sheet"", ""Shampoo"", ""Iron"", ""Hot water kettle"", ""Wine glasses"", ""Free dryer \u2013 In building"", ""Dedicated workspace"", ""LG refrigerator"", ""Washer"", ""Long term stays allowed"", ""Pets allowed"", ""Oven"", ""Samsung stainless steel gas stove"", ""Portable fans"", ""Exterior security cameras on property"", ""Air conditioning"", ""Essentials"", ""Coffee"", ""Central heating"", ""First aid kit"", ""Conditioner"", ""Free parking on premises"", ""Dishes and silverware"", ""Fire extinguisher""]",3.0,2.5,Entire home,Entire home/apt,
1,350,Kolkata,1,Carpet Area,Semi-Furnished,Bachelors/Family,5000,,,https://a0.muscache.com/pictures/hosting/Hosting-1477115953609986339/original/948bfcb6-2f28-460a-8e25-8bc1e72b5caa.jpeg,"[""Smoke alarm"", ""Kitchen"", ""Air conditioning"", ""Fire extinguisher"", ""Wifi"", ""Dedicated workspace"", ""Carbon monoxide alarm"", ""First aid kit"", ""TV"", ""Washer""]",2.0,2.0,Entire rental unit,Entire home/apt,
2,800,Kolkata,1,Super Area,Unfurnished,Bachelors/Family,7000,"This place is perfect for the whole group, with fully furnished, modern flat on the 1st floor. There are four large bedrooms, a large bath and well stocked kitchen. Dedicated coin laundry in the basement, and plentiful (free) on-street parking. <br /><br />This is a family friendly neighborhood, near S. Main St and Madison Ave. Busses can take you anywhere you want to go, and there is plenty within walking distance to meet all your needs. This is about a 15-20 minute, 12 blocks walk to Albany Med.",,https://a0.muscache.com/pictures/hosting/Hosting-1473485941065182946/original/acc8220f-954f-4471-b491-7415a8627f07.jpeg,"[""Smoke alarm"", ""Kitchen"", ""Wifi"", ""Carbon monoxide alarm"", ""Cooking basics"", ""Baking sheet"", ""Hot water kettle"", ""Dedicated workspace"", ""Heating"", ""Washer"", ""Oven"", ""Exterior security cameras on property"", ""Air conditioning"", ""Books and reading material"", ""First aid kit"", ""Free parking on premises"", ""Dishes and silverware"", ""Self check-in"", ""Refrigerator"", ""Freezer"", ""Keypad"", ""Stove""]",4.0,1.0,Entire home,Entire home/apt,
2,320,Kolkata,1,Carpet Area,Unfurnished,Bachelors/Family,6000,"Step into the charming and comfy 1BR/1BA apartment in the heart of Albany, NY. It promises a relaxing retreat bordering picturesque Washington Park and funky Lark Street while being within walking distance to vibrant downtown dining, shops, and exciting attractions.<br /><br />The lovely design and prime location will leave you in awe.<br /><br />✔ Comfy Queen Bedroom <br />✔ On-Demand Hot & Cold Filtered Water <br />✔ Open Design Living <br />✔ Fully Equipped Kitchen<br />✔ Smart TV & High-Speed Wi-Fi <br />✔ Free Parking<br /><br />See more below!",,https://a0.muscache.com/pictures/prohost-api/Hosting-1479696659954496070/original/4f09a404-e44c-4c28-8ab3-17221f444190.png,"[""Smoke alarm"", ""Kitchen"", ""Dishwasher"", ""Wifi"", ""Hot water"", ""Coffee maker"", ""Hair dryer"", ""Body soap"", ""Dryer"", ""TV"", ""Carbon monoxide alarm"", ""Bed linens"", ""Bathtub"", ""Cooking basics"", ""Shampoo"", ""Iron"", ""Wine glasses"", ""Dedicated workspace"", ""Microwave"", ""Clothing storage"", ""Dining table"", ""Heating"", ""Washer"", ""Smart lock"", ""Pets allowed"", ""Oven"", ""Noise decibel monitors on property"", ""Air conditioning"", ""Coffee"", ""Conditioner"", ""Free parking on premises"", ""Dishes and silverware"", ""Hangers"", ""Refrigerator"", ""Self check-in"", ""Freezer"", ""Cleaning products"", ""Stove""]",1.0,1.0,Entire rental unit,Entire home/apt,
3,800,Kolkata,1,Carpet Area,Unfurnished,Bachelors/Family,15000,"Welcome to your cozy Albany retreat! Enjoy a comfortable stay in this well-appointed space, perfect for travelers looking for convenience and relaxation. Your booking includes free parking and a complimentary breakfast to start your day right. Located near shops, restaurants, and downtown Albany, this home offers easy access to local attractions. Whether you’re here for business or leisure, you’ll love the comfort and convenience of this stay. Book now for a relaxing experience!",,https://a0.muscache.com/pictures/hosting/Hosting-1481862654824444067/original/2a1e4465-3c02-4a9f-8fe9-3ef60f54f07f.jpeg,"[""Wifi"", ""Shower gel"", ""Hot water"", ""TV"", ""Bed linens"", ""Bathtub"", ""Shampoo"", ""Hot water kettle"", ""Dedicated workspace"", ""Microwave"", ""Clothing storage"", ""Dining table"", ""Heating"", ""Air conditioning"", ""Coffee"", ""Conditioner"", ""Free parking on premises"", ""Hangers"", ""Refrigerator"", ""Freezer"", ""Free street parking"", ""Cleaning products"", ""Bidet""]",1.0,1.0,Entire rental unit,Entire home/apt,
2,700,Kolkata,2,Carpet Area,Semi-Furnished,Bachelors,10000,"Welcome to your cozy Albany retreat! Enjoy a comfortable stay in this well-appointed space, perfect for travelers looking for convenience and relaxation. Your booking includes free parking and a complimentary breakfast to start your day right. Located near shops, restaurants, and downtown Albany, this home offers easy access to local attractions. Whether you’re here for business or leisure, you’ll love the comfort and convenience of this stay. Book now for a relaxing experience.",,https://a0.muscache.com/pictures/hosting/Hosting-1481865863422349835/original/fe1cf977-04b3-4ce4-b7c9-3e20fe307619.jpeg,"[""Wifi"", ""Shower gel"", ""Hot water"", ""TV"", ""Bed linens"", ""Bathtub"", ""Shampoo"", ""Hot water kettle"", ""Dedicated workspace"", ""Clothing storage"", ""Heating"", ""Air conditioning"", ""Coffee"", ""Conditioner"", ""Free parking on premises"", ""Hangers"", ""Refrigerator"", ""Freezer"", ""Bidet""]",1.0,1.0,Entire rental unit,Entire home/apt,
2,1200,Kolkata,2,Super Area,Semi-Furnished,Bachelors/Family,22000,"Welcome to your cozy Albany retreat! Enjoy a comfortable stay in this well-appointed space, perfect for travelers looking for convenience and relaxation. Your booking includes free parking and a complimentary breakfast to start your day right. Located near shops, restaurants, and downtown Albany, this home offers easy access to local attractions. Whether you’re here for business or leisure, you’ll love the comfort and convenience of this stay. Book now for a relaxing experience!",,https://a0.muscache.com/pictures/hosting/Hosting-1481869272871304149/original/5bce5f78-f7b6-4ef0-8515-ce52b98b7857.jpeg,"[""Wifi"", ""Shower gel"", ""TV"", ""Bed linens"", ""Bathtub"", ""Shampoo"", ""Hot water kettle"", ""Dedicated workspace"", ""Microwave"", ""Clothing storage"", ""Dining table"", ""Heating"", ""Backyard"", ""Air conditioning"", ""Coffee"", ""Outdoor furniture"", ""Free parking on premises"", ""Hangers"", ""Refrigerator"", ""Bidet""]",1.0,1.0,Entire rental unit,Entire home/apt,
2,750,Kolkata,1,Carpet Area,Semi-Furnished,Bachelors/Family,8500,"Welcome to your cozy Albany retreat! Enjoy a comfortable stay in this well-appointed space, perfect for travelers looking for convenience and relaxation. Your booking includes free parking and a complimentary breakfast to start your day right. Located near shops, restaurants, and downtown Albany, this home offers easy access to local attractions. Whether you’re here for business or leisure, you’ll love the comfort and convenience of this stay. Book now for a relaxing experience!",,https://a0.muscache.com/pictures/hosting/Hosting-1482199242377376639/original/241e29f3-6a0f-4912-94de-ec1de7b2d9f2.jpeg,"[""Wifi"", ""Shower gel"", ""Hot water"", ""Outdoor dining area"", ""TV"", ""Bed linens"", ""Bathtub"", ""Shampoo"", ""Hot water kettle"", ""Dedicated workspace"", ""Microwave"", ""Clothing storage"", ""Dining table"", ""Heating"", ""Backyard"", ""Patio or balcony"", ""Air conditioning"", ""Coffee"", ""Free parking on premises"", ""Hangers"", ""Freezer"", ""Free street parking"", ""Bidet""]",1.0,1.0,Entire rental unit,Entire home/apt,
3,1200,Kolkata,3,Super Area,Semi-Furnished,Bachelors/Family,35000,"Welcome to your cozy Albany retreat! Enjoy a comfortable stay in this well-appointed space, perfect for travelers looking for convenience and relaxation. Your booking includes free parking and a complimentary breakfast to start your day right. Located near shops, restaurants, and downtown Albany, this home offers easy access to local attractions. Whether you’re here for business or leisure, you’ll love the comfort and convenience of this stay. Book now for a relaxing experience!",,https://a0.muscache.com/pictures/hosting/Hosting-1485723149961736573/original/17a14c5d-82c9-4543-a8d7-702811d107aa.jpeg,"[""Wifi"", ""Shower gel"", ""Hot water"", ""TV"", ""Bed linens"", ""Bathtub"", ""Shampoo"", ""Hot water kettle"", ""Dedicated workspace"", ""Microwave"", ""Clothing storage"", ""Heating"", ""Air conditioning"", ""Coffee"", ""Outdoor furniture"", ""Conditioner"", ""Free parking on premises"", ""Hangers"", ""Freezer"", ""Free street parking"", ""Bidet""]",1.0,1.0,Entire rental unit,Entire home/apt,
2,450,Kolkata,1,Carpet Area,Unfurnished,Bachelors/Family,7000,"Welcome to your cozy Albany retreat! Enjoy a comfortable stay in this well-appointed space, perfect for travelers looking for convenience and relaxation. Your booking includes free parking and a complimentary breakfast to start your day right. Located near shops, restaurants, and downtown Albany, this home offers easy access to local attractions. Whether you’re here for business or leisure, you’ll love the comfort and convenience of this stay. Book now for a relaxing experience!",,https://a0.muscache.com/pictures/hosting/Hosting-1485726503410193437/original/d473b752-f8d8-400c-a83e-2fb2dac5a58e.jpeg,"[""Wifi"", ""Shower gel"", ""Hot water"", ""TV"", ""Bed linens"", ""Bathtub"", ""Shampoo"", ""Hot water kettle"", ""Dedicated workspace"", ""Microwave"", ""Clothing storage"", ""Dining table"", ""Heating"", ""Backyard"", ""Air conditioning"", ""Coffee"", ""Conditioner"", ""Free parking on premises"", ""Hangers"", ""Refrigerator"", ""Freezer"", ""Bidet""]",1.0,1.0,Entire rental unit,Entire home/apt,
3,1430,Kolkata,1,Super Area,Semi-Furnished,Bachelors/Family,8500,"✔ 2 Bedrooms with TVs in each room!<br />✔ Lie flat sofa bed (we are not responsible for extra linens)<br />✔ Dedicated workspace<br />✔ STREET PARKING ONLY<br />✔ Ideal for corporate housing, travel nurses, or friends/family vacations!<br />✔ Clean.  WiFi.  Quick host responses.<br />✔ Universities, Hospitals and more; all close by!",,https://a0.muscache.com/pictures/hosting/Hosting-1486971933919777260/original/12cfec4a-484f-4f5f-8abd-3f38e5021d58.jpeg,"[""Smoke alarm"", ""Kitchen"", ""Dishes and silverware"", ""Exterior security cameras on property"", ""Fire extinguisher"", ""Gas stove"", ""Wifi"", ""Dedicated workspace"", ""Coffee maker: Keurig coffee machine"", ""Keypad"", ""Self check-in"", ""TV"", ""Carbon monoxide alarm"", ""Window AC unit"", ""Hangers""]",2.0,1.0,Entire rental unit,Entire home/apt,
2,450,Kolkata,1,Super Area,Unfurnished,Bachelors/Family,6000,"Our apartment is in the perfect location steps from Lark street and a short walk to the State Capital and Empire State Plaza. Just minutes from Albany Law, Albany Medical College, and the train station. Our spacious apartment is welcoming to families, business travelers, students, traveling nurses/doctors, lobbyists and tourists. Our apartment has a private entrance and offers all of the amenities you need including all kitchen utensils and cookware, coffee maker and microwave.",,https://a0.muscache.com/pictures/hosting/Hosting-1498161268794053659/original/b24c86e3-e02d-46a1-8d9d-7f97f6217875.jpeg,"[""Housekeeping available from 9:00\u202fAM to 2:00\u202fPM, Sunday, Tuesday, Thursday, Saturday - available at extra cost"", ""Smoke alarm"", ""Kitchen"", ""Indoor fireplace: electric"", ""Wifi"", ""Shower gel"", ""Hot water"", ""Private entrance"", ""Body soap"", ""TV"", ""Carbon monoxide alarm"", ""Bed linens"", ""Luggage dropoff allowed"", ""Cooking basics"", ""Shampoo"", ""Room-darkening shades"", ""Dedicated workspace"", ""Microwave"", ""Coffee maker: Keurig coffee machine"", ""Long term stays allowed"", ""Electric stove"", ""Radiant heating"", ""Exterior security cameras on property"", ""Essentials"", ""Outdoor furniture"", ""Books and reading material"", ""Conditioner"", ""Dishes and silverware"", ""Self check-in"", ""Refrigerator"", ""Blender"", ""Freezer"", ""Free street parking"", ""Crib - available upon request"", ""Fire extinguisher"", ""Keypad"", ""Standalone high chair - available upon request""]",1.0,1.0,Entire rental unit,Entire home/apt,
4,800,Kolkata,3,Super Area,Semi-Furnished,Bachelors/Family,35000,"walk downtown, PalaceTheater, McGearys<br />3min drive i787, i87<br />easy parking, driveway EV charge w/fee<br /><br />Smart TVs every rm<br />Laundry<br />electric adj. desk<br />WIFI<br /><br />Kitchen-seats 6<br />Gas stove, cookware utensils<br />3-stage filtered water <br />Fridge stocked by request<br /><br />Microwave, blender, toaster oven/air frier; request Instant Pot, waffle, KitchenAid mixer, Cuisinart, etc<br /><br />Coffee-whole bean & grinder (decaf, teas) Drip, Keurig, Moka Pot, 2 Illy iperEspresso/adult/day + more @cost; Nespresso frother; request alt milk",,https://a0.muscache.com/pictures/hosting/Hosting-1498389804589049324/original/f596d133-626f-421a-b703-a95875ca8130.jpeg,"[""Smoke alarm"", ""Kitchen"", ""Dishwasher"", ""Ethernet connection"", ""Wifi"", ""Shower gel"", ""Hot water"", ""Coffee maker"", ""Private entrance"", ""Hair dryer"", ""Body soap"", ""Fire pit"", ""Dryer"", ""Outdoor dining area"", ""TV"", ""Carbon monoxide alarm"", ""Bed linens"", ""Luggage dropoff allowed"", ""Bathtub"", ""Cooking basics"", ""Ceiling fan"", ""Shampoo"", ""Iron"", ""Hot water kettle"", ""Wine glasses"", ""Baking sheet"", ""Dedicated workspace"", ""Microwave"", ""Bread maker"", ""Clothing storage"", ""Dining table"", ""Heating"", ""Exercise equipment"", ""Hammock"", ""Washer"", ""Extra pillows and blankets"", ""Rice maker"", ""Pets allowed"", ""Oven"", ""Long term stays allowed"", ""BBQ grill"", ""Drying rack for clothing"", ""Exterior security cameras on property"", ""Air conditioning"", ""Toaster"", ""Coffee"", ""Patio or balcony"", ""Backyard"", ""Outdoor furniture"", ""Books and reading material"", ""First aid kit"", ""Barbecue utensils"", ""Conditioner"", ""Children\u2019s books and toys"", ""Dishes and silverware"", ""Free parking on premises"", ""Hangers"", ""Refrigerator"", ""Blender"", ""Self check-in"", ""Freezer"", ""Free street parking"", ""EV charger"", ""Lockbox"", ""Fire extinguisher"", ""Paid parking on premises"", ""Cleaning products"", ""Bidet"", ""Board games"", ""Cleaning available during stay""]",3.0,2.0,Entire home,Entire home/apt,
1,400,Kolkata,1,Super Area,Unfurnished,Bachelors/Family,6000,Enjoy easy access to everything from this perfectly located home base.,,https://a0.muscache.com/pictures/hosting/Hosting-1498884258657376096/original/6c62ce96-8d23-44de-bd9c-1261225093da.jpeg,"[""Smoke alarm"", ""Kitchen"", ""Wifi"", ""Hair dryer"", ""Outdoor dining area"", ""Iron"", ""Free dryer \u2013 In building"", ""Dedicated workspace"", ""Microwave"", ""Portable heater"", ""Washer"", ""Oven"", ""BBQ grill"", ""Air conditioning"", ""Lock on bedroom door"", ""Central heating"", ""First aid kit"", ""Hangers"", ""Freezer"", ""Free street parking""]",1.0,1.0,Private room in rental unit,Private room,
2,650,Kolkata,1,Super Area,Unfurnished,Bachelors/Family,8000,"Welcome to your cozy Albany getaway! This one-bedroom apartment in the heart of Center Square has everything you need — a modern kitchen, stylish touches, and a warm, inviting vibe. You’ll love staying in one of Albany’s prettiest downtown neighborhoods, just a short walk to great cafés, restaurants, and Washington Park. Perfect for professionals, travelers, and visiting nurses looking for comfort and convenience.",,https://a0.muscache.com/pictures/hosting/Hosting-1498913624552583326/original/8b4c50c9-8772-425c-b19d-924194399bc7.jpeg,"[""Smoke alarm"", ""Kitchen"", ""Cooking basics"", ""Lockbox"", ""Fire extinguisher"", ""Wifi"", ""Dedicated workspace"", ""Hair dryer"", ""Heating"", ""First aid kit"", ""TV"", ""Carbon monoxide alarm"", ""Self check-in""]",1.0,1.0,Entire rental unit,Entire home/apt,
1,450,Kolkata,1,Carpet Area,Unfurnished,Bachelors/Family,5000,"At the Old Blue Space your family will be close to everything when you stay with us at this centrally-located place. We are about 1-3 miles away from Washington park, Albany Medical, St. Peter’s Hospital, UNiversity of Albany, The capitol building, The MVP arena and more. Please note this is in a BUSY AREA in College town, this homey and comfortable space is an older apartment. We have the amenities that is suited for those who might want to just spend a night or you’re in town for a few weeks.",,https://a0.muscache.com/pictures/hosting/Hosting-1503537470526077849/original/b9aac492-321a-4365-81d7-e5ced880d163.jpeg,"[""Smoke alarm"", ""Kitchen"", ""Smart lock"", ""Exterior security cameras on property"", ""Air conditioning"", ""Wifi"", ""TV"", ""Carbon monoxide alarm"", ""Pets allowed"", ""Self check-in""]",3.0,1.0,Entire rental unit,Entire home/apt,
2,600,Kolkata,1,Super Area,Unfurnished,Bachelors/Family,6000,"Stay with Nate in his beautiful home. <br />This cozy and uniquely teal-toned rental unit offers a warm, inviting atmosphere in one of Albany's most convenient locations. Ideal for traveling professionals, students, or anyone seeking comfort and accessibility.<br /><br />PRIME LOCATION: Minutes from local hospitals, universities, and arenas including (Albany Med, St. Peter's, MVP Arena, University at Albany, and Albany Law)<br /><br />MODERN KITCHEN<br />COMFORTABLE LIVING ROOM<br />SPACIOUS BACKYARD<br />WIFI & A/C<br />Clean & Spacious",,https://a0.muscache.com/pictures/hosting/Hosting-1510280924413149938/original/2594ebf3-91c4-4ea5-b6a3-8fbfb271994e.jpeg,"[""BBQ grill"", ""Smoke alarm"", ""Kitchen"", ""Radiant heating"", ""Bathtub"", ""Iron"", ""Fire extinguisher"", ""Laundromat nearby"", ""Wifi"", ""Bed linens"", ""Hot water"", ""Clothing storage"", ""Self check-in"", ""Keypad"", ""TV"", ""Carbon monoxide alarm"", ""Extra pillows and blankets"", ""Hangers""]",1.0,1.0,Private room in home,Private room,
3,1200,Kolkata,2,Carpet Area,Unfurnished,Family,15000,"Centrally located in college town Albany, this unit is an older apartment with an older homey cozy feel. we are close to most major buildings in the city of Albany. Centrally located puts us about 1-3 miles from University of Albany, Albany Medical, St. Peter's, the Capital building, the MVP area and more.",,https://a0.muscache.com/pictures/hosting/Hosting-1511129185939661958/original/ff209967-c239-4ef0-88a9-ed0d24e56fc2.jpeg,"[""Smoke alarm"", ""Kitchen"", ""Air conditioning"", ""Wifi"", ""Dedicated workspace"", ""TV"", ""Carbon monoxide alarm"", ""Pets allowed""]",3.0,1.0,Entire rental unit,Entire home/apt,
2,700,Kolkata,1,Carpet Area,Unfurnished,Bachelors,9000,"Charming Albany studio designed for two guests. Relax in a peaceful setting with 1 bed, 1 bath, and a flat-screen TV for cozy nights in. Located in a quiet neighborhood just steps from the NY State Capitol, museums, and the Hudson River, you’ll be perfectly positioned to explore Albany’s rich history, culture, and dining. Ideal for both business and leisure, this comfortable retreat offers the best of convenience and calm.",,https://a0.muscache.com/pictures/hosting/Hosting-1511453437878117120/original/dd5ddb9c-d1ed-4217-86c2-7ec18320dd5c.jpeg,"[""Smoke alarm"", ""Kitchen"", ""Paid washer \u2013 In unit"", ""Ethernet connection"", ""Wifi"", ""Shower gel"", ""Hot water"", ""Coffee maker"", ""Private entrance"", ""Hair dryer"", ""Body soap"", ""Mini fridge"", ""TV"", ""Carbon monoxide alarm"", ""Bed linens"", ""Paid dryer \u2013 In unit"", ""Pool table"", ""Cooking basics"", ""Shampoo"", ""Iron"", ""Room-darkening shades"", ""Hot water kettle"", ""Wine glasses"", ""Dedicated workspace"", ""Microwave"", ""Clothing storage"", ""Dining table"", ""Long term stays allowed"", ""Oven"", ""Exterior security cameras on property"", ""Toaster"", ""Essentials"", ""Coffee"", ""Laundromat nearby"", ""Central heating"", ""First aid kit"", ""Conditioner"", ""Window AC unit"", ""Dishes and silverware"", ""Hangers"", ""Refrigerator"", ""Freezer"", ""Free street parking"", ""Gym in building"", ""Fire extinguisher"", ""Cleaning products"", ""Stove""]",1.0,1.0,Entire rental unit,Entire home/apt,
1,300,Kolkata,1,Carpet Area,Unfurnished,Bachelors,5000,"Spacious 1BR/1BA condo in Albany, perfect for up to 3 guests. Enjoy a prime location with access to a fitness center, free parking, laundry facilities, picnic area, and BBQ grills. Whether you’re here for business or leisure, this comfortable retreat offers convenience and charm just minutes from downtown attractions, dining, and the Capitol.",,https://a0.muscache.com/pictures/hosting/Hosting-1511463115578002586/original/9f13950a-2b5f-49a1-bd4b-d9487efc9a6e.jpeg,"[""Smoke alarm"", ""Kitchen"", ""Ethernet connection"", ""Wifi"", ""Shower gel"", ""Hot water"", ""Coffee maker"", ""Hair dryer"", ""Body soap"", ""Dryer"", ""Mini fridge"", ""TV"", ""Gym"", ""Carbon monoxide alarm"", ""Bed linens"", ""Bathtub"", ""Cooking basics"", ""Shampoo"", ""Iron"", ""Room-darkening shades"", ""Hot water kettle"", ""Wine glasses"", ""Dedicated workspace"", ""Microwave"", ""Clothing storage"", ""Dining table"", ""Extra pillows and blankets"", ""Long term stays allowed"", ""Oven"", ""Drying rack for clothing"", ""Coffee"", ""Central heating"", ""First aid kit"", ""Conditioner"", ""Free parking on premises"", ""Window AC unit"", ""Dishes and silverware"", ""Hangers"", ""Refrigerator"", ""Freezer"", ""Free street parking"", ""Fire extinguisher"", ""Cleaning products"", ""Stove""]",1.0,1.0,Entire rental unit,Entire home/apt,
3,1200,Kolkata,3,Super Area,Unfurnished,Bachelors/Family,8000,"Discover this cozy Albany apartment that blends comfort with convenience. Located downtown, you’ll be only a short walk from the State Capitol, Empire State Plaza, museums, and the scenic Hudson River. Step outside to enjoy nearby cafés, shops, and historic landmarks that showcase the city’s unique character. Perfect for both work trips and getaways, this apartment is your ideal starting point for exploring Albany.",,https://a0.muscache.com/pictures/hosting/Hosting-1511475748634247539/original/ff9d8d9b-6406-4ab3-8624-a823aeb7f262.jpeg,"[""Smoke alarm"", ""Kitchen"", ""Ethernet connection"", ""Wifi"", ""Shower gel"", ""Hot water"", ""Hair dryer"", ""Body soap"", ""Mini fridge"", ""TV"", ""Carbon monoxide alarm"", ""Bed linens"", ""Bathtub"", ""Cooking basics"", ""Baking sheet"", ""Shampoo"", ""Iron"", ""Room-darkening shades"", ""Hot water kettle"", ""Wine glasses"", ""Dedicated workspace"", ""Microwave"", ""Clothing storage"", ""Extra pillows and blankets"", ""Long term stays allowed"", ""Oven"", ""Exterior security cameras on property"", ""Essentials"", ""Coffee"", ""Laundromat nearby"", ""Central heating"", ""First aid kit"", ""Conditioner"", ""Dishes and silverware"", ""Hangers"", ""Refrigerator"", ""Freezer"", ""Free street parking"", ""Fire extinguisher"", ""Cleaning products"", ""Stove""]",1.0,1.0,Entire home,Entire home/apt,
3,1300,Kolkata,2,Carpet Area,Unfurnished,Bachelors,35000,"Discover this cozy Albany apartment that blends comfort with convenience. Located downtown, you’ll be only a short walk from the State Capitol, Empire State Plaza, museums, and the scenic Hudson River. Step outside to enjoy nearby cafés, shops, and historic landmarks that showcase the city’s unique character. Perfect for both work trips and getaways, this apartment is your ideal starting point for exploring Albany.",,https://a0.muscache.com/pictures/hosting/Hosting-1511560319275262460/original/1be36c55-1fc8-4f7f-b1fa-7b6531af0361.jpeg,"[""Smoke alarm"", ""Kitchen"", ""Paid washer \u2013 In unit"", ""Ethernet connection"", ""Wifi"", ""Shower gel"", ""Hot water"", ""Hair dryer"", ""Body soap"", ""Mini fridge"", ""TV"", ""Gym"", ""Carbon monoxide alarm"", ""Bed linens"", ""Paid dryer \u2013 In unit"", ""Cooking basics"", ""Shampoo"", ""Iron"", ""Room-darkening shades"", ""Hot water kettle"", ""Wine glasses"", ""Dedicated workspace"", ""Microwave"", ""Coffee maker: Keurig coffee machine"", ""Clothing storage"", ""Exercise equipment"", ""Long term stays allowed"", ""Oven"", ""Essentials"", ""Coffee"", ""Laundromat nearby"", ""Central heating"", ""First aid kit"", ""Conditioner"", ""Window AC unit"", ""Dishes and silverware"", ""Refrigerator"", ""Freezer"", ""Free street parking"", ""Fire extinguisher"", ""Cleaning products"", ""Stove""]",1.0,1.0,Entire home,Entire home/apt,
1,400,Kolkata,1,Super Area,Unfurnished,Bachelors/Family,5500,"Welcome to our beautiful Albany apartment, where style and comfort meet an unbeatable location. Just steps from the State Capitol, Empire State Plaza, museums, and the Hudson River, you’ll be right in the center of the city’s best attractions. Stroll to charming cafes, unique boutiques, and historic landmarks to truly experience Albany’s culture. Perfect for business or leisure, this apartment is your ideal home base for a memorable stay.",,https://a0.muscache.com/pictures/hosting/Hosting-1511573692636646423/original/c5c30b1b-30b5-4be9-9381-4e164c1828f4.jpeg,"[""Smoke alarm"", ""Kitchen"", ""Paid washer \u2013 In unit"", ""Ethernet connection"", ""Wifi"", ""Shower gel"", ""Hot water"", ""Hair dryer"", ""Body soap"", ""Mini fridge"", ""TV"", ""Carbon monoxide alarm"", ""Bed linens"", ""Shared gym in building"", ""Paid dryer \u2013 In unit"", ""Cooking basics"", ""Shampoo"", ""Iron"", ""Room-darkening shades"", ""Hot water kettle"", ""Wine glasses"", ""Dedicated workspace"", ""Microwave"", ""Coffee maker: Keurig coffee machine"", ""Clothing storage"", ""Exercise equipment"", ""Long term stays allowed"", ""Oven"", ""Exterior security cameras on property"", ""Essentials"", ""Coffee"", ""Central heating"", ""First aid kit"", ""Conditioner"", ""Window AC unit"", ""Dishes and silverware"", ""Hangers"", ""Refrigerator"", ""Freezer"", ""Free street parking"", ""Fire extinguisher"", ""Cleaning products"", ""Stove""]",1.0,1.0,Entire rental unit,Entire home/apt,
3,1320,Kolkata,2,Carpet Area,Unfurnished,Bachelors,35000,"Welcome to our cozy studio apartment in the heart of Albany, just steps from the iconic Empire Plaza. Thoughtfully designed for both comfort and convenience, this inviting space is ideal for business or leisure travelers alike. With its central location and well-appointed amenities, it provides the perfect retreat after a day of exploring the city’s attractions or attending meetings. Experience Albany with ease from this charming home base.",,https://a0.muscache.com/pictures/hosting/Hosting-U3RheVN1cHBseUxpc3Rpbmc6MTUxMTU4MjUyNTg3OTM4OTY3MQ==/original/efeaf9bc-b578-41b2-bceb-ebbf69302efe.jpeg,"[""Smoke alarm"", ""Kitchen"", ""Paid washer \u2013 In unit"", ""Ethernet connection"", ""Wifi"", ""Shower gel"", ""Hot water"", ""Coffee maker"", ""Private entrance"", ""Hair dryer"", ""Body soap"", ""TV"", ""Carbon monoxide alarm"", ""Bed linens"", ""Paid dryer \u2013 In unit"", ""Cooking basics"", ""Baking sheet"", ""Shampoo"", ""Iron"", ""Hot water kettle"", ""Wine glasses"", ""Dedicated workspace"", ""Microwave"", ""Clothing storage"", ""Heating"", ""Oven"", ""Air conditioning"", ""Toaster"", ""Coffee"", ""First aid kit"", ""Conditioner"", ""Dishes and silverware"", ""Refrigerator"", ""Free street parking"", ""Fire extinguisher"", ""Stove""]",1.0,,Entire rental unit,Entire home/apt,
2,1000,Kolkata,2,Super Area,Furnished,Bachelors/Family,11000,"Stay just steps from Albany Med—perfect for traveling medical professionals, visiting families, or groups. This comfortable single-family home is only minutes from Washington Park, Lark Street, downtown, and the Capitol, and MVP arena with shops and local restaurants right nearby.",,https://a0.muscache.com/pictures/hosting/Hosting-1513028059149782480/original/0a537c19-90b6-4946-992c-3faecd1d72b7.jpeg,"[""Smoke alarm"", ""Kitchen"", ""Exterior security cameras on property"", ""Air conditioning"", ""Wifi"", ""Dedicated workspace"", ""Carbon monoxide alarm"", ""First aid kit"", ""TV"", ""Washer""]",3.0,2.0,Entire home,Entire home/apt,
2,700,Kolkata,1,Carpet Area,Unfurnished,Bachelors,10000,"Modern, newly renovated 3BR just minutes from Albany Med. Features queen beds with down bedding, marble bathroom, hardwood floors, fully equipped kitchen with new appliances, and on-site parking. Located in a quiet, safe neighborhood—perfect for traveling nurses or professionals. Clean, spacious, and move-in ready!",,https://a0.muscache.com/pictures/hosting/Hosting-1518943235257584991/original/211db78a-3ec0-47e8-bfb6-baa3c27d2610.jpeg,"[""Smoke alarm"", ""Kitchen"", ""Cooking basics"", ""Iron"", ""Lockbox"", ""Fire extinguisher"", ""Wifi"", ""Dedicated workspace"", ""Heating"", ""Hair dryer"", ""First aid kit"", ""TV"", ""Free parking on premises"", ""Carbon monoxide alarm"", ""Self check-in""]",3.0,1.0,Entire rental unit,Entire home/apt,
2,800,Kolkata,2,Carpet Area,Unfurnished,Bachelors/Family,6500,"Relax in this spacious 4-bedroom, 2-bath home in the heart of Albany. With room for everyone, it’s ideal for families and groups seeking comfort, privacy, and value—without the feel of a hotel.<br /><br />Centrally located between Albany Medical Center and St. Peter’s Hospital, and minutes from UAlbany, Albany Law School, Albany Medical College, the College of Pharmacy, Saint Rose, and the NYS Capitol. Enjoy nearby restaurants, pubs, easy highway access, and a quick 15-minute drive to ALB Airport.",,https://a0.muscache.com/pictures/hosting/Hosting-1519726896462850649/original/8b959f3c-37b5-4f32-8de6-9fcd82c91219.jpeg,"[""Smoke alarm"", ""Kitchen"", ""Dishwasher"", ""Private patio or balcony"", ""Clothing storage: closet and dresser"", ""Wifi"", ""Shower gel"", ""Hot water"", ""Private entrance"", ""Hair dryer"", ""Body soap"", ""Carbon monoxide alarm"", ""Bed linens"", ""55 inch HDTV"", ""Bathtub"", ""Cooking basics"", ""Ceiling fan"", ""Shampoo"", ""Iron"", ""Hot water kettle"", ""Dedicated workspace"", ""Microwave"", ""Coffee maker: Keurig coffee machine"", ""Dining table"", ""Washer \u2013\u00a0In unit"", ""Stainless steel oven"", ""Smart lock"", ""Pets allowed"", ""Crib - always at the listing"", ""Backyard"", ""Exterior security cameras on property"", ""Air conditioning"", ""Toaster"", ""Essentials"", ""Coffee"", ""Outdoor furniture"", ""Central heating"", ""Conditioner"", ""Free parking on premises"", ""Dishes and silverware"", ""Hangers"", ""Refrigerator"", ""Self check-in"", ""Freezer"", ""Fire extinguisher"", ""Free dryer \u2013 In unit"", ""Samsung electric stove""]",4.0,2.0,Entire home,Entire home/apt,
2,900,Kolkata,1,Super Area,Furnished,Bachelors/Family,6000,You'll have a great time at this comfortable place to stay.,,https://a0.muscache.com/pictures/hosting/Hosting-1521064839093130562/original/74b6acf8-212d-4580-aa71-e57e8a84d0d5.jpeg,"[""Wifi"", ""Shower gel"", ""Hot water"", ""Coffee maker"", ""Body soap"", ""TV"", ""Bed linens"", ""Bathtub"", ""Shampoo"", ""Hot water kettle"", ""Microwave"", ""Dedicated workspace"", ""Clothing storage"", ""Dining table"", ""Heating"", ""Backyard"", ""Air conditioning"", ""Coffee"", ""Conditioner"", ""Free parking on premises"", ""Hangers"", ""Free street parking"", ""Cleaning products"", ""Bidet""]",1.0,1.0,Entire rental unit,Entire home/apt,
3,1700,Kolkata,2,Super Area,Unfurnished,Bachelors/Family,36125,"Cozy 1BR in the heart of Albany! Just 3 mins from Albany Med, across from Washington Park, and minutes to the Capitol. Surrounded by great restaurants, cafés, and breweries — the perfect spot for medical staff, business travelers, or a weekend getaway.",,https://a0.muscache.com/pictures/hosting/Hosting-1522036487464000982/original/13be1cf9-b24c-449b-b570-6c6018b2aefb.jpeg,"[""Smoke alarm"", ""Kitchen"", ""Exterior security cameras on property"", ""Air conditioning"", ""Wifi"", ""First aid kit"", ""TV"", ""Carbon monoxide alarm""]",1.0,1.0,Entire home,Entire home/apt,
2,600,Kolkata,1,Carpet Area,Unfurnished,Bachelors,6800,"Historic DT Albany one of Albany's most walkable and vibrant areas, full of coffee shops, bars, restaurants, and locally owned stores. It has an artsy, creative vibe and is popular w/ students, young professionals, and long-time locals. A Bright Extra Large Exposed Brick Studio w/ Full Kitchen, Dishwasher, W/D & Patio w/ view of Lit Empire State Plaza @ Night! Centrally located, walking distance to Washington Park, Empire State Plaza, Museums, Medical/Law Colleges, Hospitals, Arenas, & more!",,https://a0.muscache.com/pictures/hosting/Hosting-1523640223905336810/original/f5e400fe-fe3d-4a47-93e3-4039d324aa02.jpeg,"[""Smoke alarm"", ""Kitchen"", ""Dishwasher"", ""Wifi"", ""Shower gel"", ""Hot water"", ""Coffee maker"", ""Hair dryer"", ""Dryer"", ""TV"", ""Carbon monoxide alarm"", ""Cooking basics"", ""Baking sheet"", ""Dedicated workspace"", ""Microwave"", ""Heating"", ""Washer"", ""Pets allowed"", ""Oven"", ""Drying rack for clothing"", ""Exterior security cameras on property"", ""Air conditioning"", ""Toaster"", ""Coffee"", ""First aid kit"", ""Dishes and silverware"", ""Self check-in"", ""Refrigerator"", ""Freezer"", ""Fire extinguisher"", ""Keypad"", ""Stove""]",0.0,1.0,Entire rental unit,Entire home/apt,
2,850,Kolkata,2,Carpet Area,Unfurnished,Family,8500,"Stay steps from Washington Park in this charming 2-bedroom. Just a 4-minute walk to Albany Med and minutes from Albany Law and Pharmacy College. Enjoy bright, airy rooms, a cozy living space, and a full kitchen. Walk to Lark Street cafés, restaurants, and shops, with downtown and the Capitol only minutes away.",,https://a0.muscache.com/pictures/hosting/Hosting-1528281264652621033/original/04eebaa7-bc71-479c-9224-eaec158c2e4c.jpeg,"[""Kitchen"", ""Exterior security cameras on property"", ""Air conditioning"", ""Wifi"", ""Dedicated workspace"", ""TV"", ""Free parking on premises"", ""Washer""]",2.0,1.0,Entire home,Entire home/apt,
2,550,Kolkata,1,Carpet Area,Unfurnished,Bachelors,5000,"Get ready for a wonderful stay at our uniquely styled home in one of Albany’s most charming neighborhoods.<br />This cozy retreat features two comfortable bedrooms, two large TVs, and a dedicated workspace perfect for working remotely. The kitchen is fully stocked with essentials to make meal preparation easy and enjoyable. Start your morning with a cup of coffee on the enclosed porch, or unwind in the fenced backyard for a bit of fresh air and relaxation.",,https://a0.muscache.com/pictures/hosting/Hosting-1528330624684718752/original/903e1ad3-8ca4-421f-ab32-322687e0a7d2.jpeg,"[""Smoke alarm"", ""Kitchen"", ""Dishwasher"", ""Wifi"", ""Shower gel"", ""Hot water"", ""Coffee maker"", ""Body soap"", ""Fire pit"", ""Outdoor dining area"", ""TV"", ""Carbon monoxide alarm"", ""Bed linens"", ""Bathtub"", ""Cooking basics"", ""Baking sheet"", ""Shampoo"", ""Iron"", ""Room-darkening shades"", ""Hot water kettle"", ""Wine glasses"", ""Dedicated workspace"", ""Microwave"", ""Clothing storage"", ""Dining table"", ""Heating"", ""Washer"", ""Extra pillows and blankets"", ""Pets allowed"", ""Oven"", ""BBQ grill"", ""Exterior security cameras on property"", ""Air conditioning"", ""Toaster"", ""Coffee"", ""First aid kit"", ""Barbecue utensils"", ""Conditioner"", ""Free parking on premises"", ""Dishes and silverware"", ""Hangers"", ""Refrigerator"", ""Blender"", ""Freezer"", ""Fire extinguisher"", ""Cleaning products"", ""Bidet"", ""Stove""]",2.0,1.0,Entire home,Entire home/apt,
1,650,Kolkata,1,Carpet Area,Furnished,Bachelors/Family,6500,"Welcome to the Midtown Retreat, your peaceful home base in Albany. This is an ""Owner Occupied Airbnb."" Located in a quiet, walkable neighborhood, this stay is ideal for traveling professionals, small families, and medical staff. Enjoy two private rooms with a private bath, near hospitals, colleges, cafés, and restaurants. With comfort, privacy, and convenience, it’s the perfect spot for work, study, or relaxation in one of Albany’s most accessible areas.",,https://a0.muscache.com/pictures/hosting/Hosting-1533289095503516108/original/e9014bb0-cb4a-4365-8777-793d16c87ae7.jpeg,"[""Smoke alarm"", ""Kitchen"", ""Dishwasher"", ""Private patio or balcony"", ""Baby safety gates"", ""Wifi"", ""Shower gel"", ""Hot water"", ""Hair dryer"", ""Outdoor dining area"", ""TV"", ""Carbon monoxide alarm"", ""Bed linens"", ""Bathtub"", ""Cooking basics"", ""Baking sheet"", ""Shampoo"", ""Iron"", ""Wine glasses"", ""Free dryer \u2013 In building"", ""Microwave"", ""Coffee maker: Keurig coffee machine"", ""Washer"", ""Electric stove"", ""BBQ grill"", ""Portable fans"", ""Exterior security cameras on property"", ""Air conditioning"", ""Toaster"", ""Outdoor furniture"", ""Clothing storage: closet"", ""Central heating"", ""First aid kit"", ""Barbecue utensils"", ""Conditioner"", ""Dishes and silverware"", ""Double oven"", ""Hangers"", ""Refrigerator"", ""Self check-in"", ""Freezer"", ""Free street parking"", ""Lockbox"", ""Fire extinguisher"", ""Private backyard \u2013 Fully fenced""]",2.0,1.0,Private room in home,Private room,
1,800,Kolkata,1,Carpet Area,Unfurnished,Bachelors/Family,6500,"Welcome to Glenwood!<br />This upstairs unit has everything you need!<br />Come relax in a bright, peaceful bedroom in our shared home 7 minutes from downtown Albany. <br />Your private bedroom comes with a full size bed, dresser and large closet.<br />You'll have access to to a shared bathroom and living space.<br />Free fast WiFi, laundry on premises when requested.<br />Great for medical professionals, digital nomads, and travelers.<br />Please, no pets or smoking, thank you!",,https://a0.muscache.com/pictures/hosting/Hosting-1536247531274306165/original/2f9ba708-eb0b-4b37-85f1-27dda3ee05e8.jpeg,"[""Smoke alarm"", ""Kitchen"", ""Wifi"", ""Shower gel"", ""Hot water"", ""Coffee maker"", ""Hair dryer"", ""Body soap"", ""Outdoor dining area"", ""Dryer"", ""TV"", ""Carbon monoxide alarm"", ""Bed linens"", ""Luggage dropoff allowed"", ""Bathtub"", ""Cooking basics"", ""Baking sheet"", ""Shampoo"", ""Iron"", ""Room-darkening shades"", ""Hot water kettle"", ""Wine glasses"", ""Dedicated workspace"", ""Microwave"", ""Clothing storage"", ""Dining table"", ""Heating"", ""Washer"", ""Extra pillows and blankets"", ""Rice maker"", ""Long term stays allowed"", ""Oven"", ""Portable fans"", ""Drying rack for clothing"", ""Exterior security cameras on property"", ""Air conditioning"", ""Toaster"", ""Essentials"", ""Coffee"", ""Laundromat nearby"", ""Patio or balcony"", ""Backyard"", ""Outdoor furniture"", ""Books and reading material"", ""First aid kit"", ""Barbecue utensils"", ""Conditioner"", ""Dishes and silverware"", ""Hangers"", ""Refrigerator"", ""Blender"", ""Self check-in"", ""Freezer"", ""Free street parking"", ""Game console"", ""Fire extinguisher"", ""Cleaning products"", ""Keypad"", ""Board games"", ""Cleaning available during stay"", ""Stove""]",1.0,,Private room in rental unit,Private room,
2,475,Kolkata,1,Super Area,Unfurnished,Bachelors/Family,4500,"Welcome to your cozy Albany retreat! Enjoy a comfortable stay in this well-appointed space, perfect for travelers looking for convenience and relaxation. Your booking includes free parking and a complimentary breakfast to start your day right. Located near shops, restaurants, and downtown Albany, this home offers easy access to local attractions. Whether you’re here for business or leisure, you’ll love the comfort and convenience of this stay. Book now for a relaxing experience!",,https://a0.muscache.com/pictures/hosting/Hosting-1536278546396096866/original/e90bce75-d398-4283-83f8-d2b2a07e2bb0.jpeg,"[""Air conditioning"", ""Dedicated workspace"", ""Wifi"", ""Outdoor dining area"", ""TV"", ""Free parking on premises""]",1.0,1.0,Entire rental unit,Entire home/apt,
1,200,Kolkata,1,Carpet Area,Unfurnished,Bachelors/Family,6000,"Welcome to your cozy Albany retreat! Enjoy a comfortable stay in this well-appointed space, perfect for travelers looking for convenience and relaxation. Your booking includes free parking and a complimentary breakfast to start your day right. Located near shops, restaurants, and downtown Albany, this home offers easy access to local attractions. Whether you’re here for business or leisure, you’ll love the comfort and convenience of this stay. Book now for a relaxing experience!",,https://a0.muscache.com/pictures/hosting/Hosting-1536284748778227579/original/7dc2dbf5-4055-4dac-84dd-386f9b75254b.jpeg,"[""Wifi"", ""Shower gel"", ""Hot water"", ""Coffee maker"", ""Outdoor dining area"", ""TV"", ""Bed linens"", ""Bathtub"", ""Shampoo"", ""Hot water kettle"", ""Dedicated workspace"", ""Microwave"", ""Clothing storage"", ""Heating"", ""Air conditioning"", ""Conditioner"", ""Free parking on premises"", ""Refrigerator"", ""Freezer"", ""Free street parking"", ""Cleaning products"", ""Bidet""]",1.0,1.0,Entire rental unit,Entire home/apt,
1,400,Kolkata,1,Carpet Area,Unfurnished,Bachelors/Family,10000,"Forget your worries in this spacious, peaceful apartment that feels like home. Whether you’re traveling solo, as a couple, or with family, there’s space here to breathe and truly unwind.<br /><br />Two cozy bedrooms, one bathroom, and an open layout make it easy to relax and settle in. It’s the kind of place where mornings feel calm, nights feel restful, and everything in between just feels right.",,https://a0.muscache.com/pictures/hosting/Hosting-1537317274129063828/original/c1dbff57-48a4-494c-b477-94180c0d1f4c.png,"[""Smoke alarm"", ""Kitchen"", ""Radiant heating"", ""Cooking basics"", ""Exterior security cameras on property"", ""Air conditioning"", ""Fire extinguisher"", ""Wifi"", ""Portable heater"", ""Hot water"", ""TV"", ""Carbon monoxide alarm"", ""Oven""]",2.0,1.0,Entire rental unit,Entire home/apt,
1,500,Kolkata,1,Super Area,Furnished,Bachelors/Family,12000,"Furnished executive 2-bedroom residence with private patio and fire feature in Albany’s Capitol District. Designed for 30-day+ stays for professionals, relocations, and corporate travel. All utilities included.<br /><br />A private 4 person hot tub is being installed and will be available shortly, further enhancing the outdoor space for upcoming stays.",,https://a0.muscache.com/pictures/hosting/Hosting-1539257231318688412/original/2838e567-8b7f-4431-9f6b-5d18eecd031d.jpeg,"[""Smoke alarm"", ""Kitchen"", ""Dishwasher"", ""Wifi"", ""Hot water"", ""Coffee maker"", ""Private entrance"", ""Body soap"", ""Fire pit"", ""Dryer"", ""Indoor fireplace"", ""TV"", ""Carbon monoxide alarm"", ""Bed linens"", ""Luggage dropoff allowed"", ""Bathtub"", ""Cooking basics"", ""Baking sheet"", ""Shampoo"", ""Paid parking off premises"", ""Room-darkening shades"", ""Hot water kettle"", ""Wine glasses"", ""Dedicated workspace"", ""Microwave"", ""Clothing storage"", ""Dining table"", ""Washer"", ""Extra pillows and blankets"", ""Pets allowed"", ""Long term stays allowed"", ""Oven"", ""BBQ grill"", ""Portable fans"", ""Backyard"", ""Exterior security cameras on property"", ""Air conditioning"", ""Toaster"", ""Essentials"", ""Coffee"", ""Laundromat nearby"", ""Patio or balcony"", ""Outdoor furniture"", ""Single level home"", ""Books and reading material"", ""Central heating"", ""First aid kit"", ""Barbecue utensils"", ""Conditioner"", ""Children\u2019s books and toys"", ""Dishes and silverware"", ""Hangers"", ""Refrigerator"", ""Self check-in"", ""Freezer"", ""Free street parking"", ""Outdoor playground"", ""Lockbox"", ""Cleaning products"", ""Cleaning available during stay"", ""Stove"", ""Outlet covers""]",2.0,2.0,Entire condo,Entire home/apt,
2,550,Kolkata,1,Carpet Area,Unfurnished,Bachelors/Family,12000,"✔ 2 Bedrooms with 5 beds!  TVs in each room!<br />✔ 1 of the bedrooms has 2 trundle beds (pull out beds underneath) <br />✔ Lie flat sofa bed (we are not responsible for extra linens)<br />✔ STREET PARKING ONLY<br />✔ Ideal for corporate housing, travel nurses, or friends/family vacations!<br />✔ Clean.  WiFi.  Quick host responses.<br />✔ Universities, Hospitals and more; all close by!",,https://a0.muscache.com/pictures/hosting/Hosting-1539837082076857746/original/d2878485-247e-4bda-bd3e-f9dd22e5bc15.jpeg,"[""Smoke alarm"", ""Kitchen"", ""Wifi"", ""Coffee maker"", ""Hair dryer"", ""Body soap"", ""TV"", ""Carbon monoxide alarm"", ""Bed linens"", ""Bathtub"", ""Shampoo"", ""Dining table"", ""Long term stays allowed"", ""Radiant heating"", ""Exterior security cameras on property"", ""Conditioner"", ""Dishes and silverware"", ""Refrigerator"", ""Freezer"", ""Fire extinguisher"", ""Stove""]",2.0,1.0,Entire rental unit,Entire home/apt,
2,800,Kolkata,1,Super Area,Unfurnished,Bachelors/Family,12000,"Step into this charming and comfy 1BR/1BA micro-loft on the 3rd floor in the heart of Albany, NY. Thoughtfully designed to maximize comfort and style, this cozy retreat offers the perfect place to unwind. You’ll be just steps from funky Lark Street and within easy walking distance to downtown Albany’s vibrant restaurants, café<br /><br />✔ Full-Size Loft Bed<br />✔ Open-Concept Living Area<br />✔ Fully Equipped Kitchen with Bar Seating<br />✔ Smart TV for Streaming<br />✔ Free Wi-Fi<br />✔ Free Off-Street Parking<br /><br />See more below!",,https://a0.muscache.com/pictures/prohost-api/Hosting-1551748338533337194/original/2215ceb2-6ab0-49df-9042-4b5de000c354.jpeg,"[""Smoke alarm"", ""Kitchen"", ""Dishwasher"", ""Ethernet connection"", ""Wifi"", ""Shower gel"", ""Hot water"", ""Coffee maker"", ""Hair dryer"", ""Body soap"", ""Dryer"", ""TV"", ""Carbon monoxide alarm"", ""Clothing storage: dresser"", ""Bed linens"", ""Cooking basics"", ""Shampoo"", ""Iron"", ""Room-darkening shades"", ""Hot water kettle"", ""Dedicated workspace"", ""Microwave"", ""Dining table"", ""Heating"", ""Washer"", ""Long term stays allowed"", ""Oven"", ""Air conditioning"", ""Essentials"", ""Coffee"", ""Conditioner"", ""Free parking on premises"", ""Dishes and silverware"", ""Refrigerator"", ""Freezer"", ""Cleaning products"", ""Stove""]",1.0,1.0,Entire rental unit,Entire home/apt,
2,1000,Kolkata,2,Super Area,Furnished,Bachelors/Family,9000,,,https://a0.muscache.com/pictures/hosting/Hosting-1210875317904799284/original/564c7cd7-b4ea-4d3a-a637-2bff6129667d.jpeg,"[""BBQ grill"", ""Smoke alarm"", ""Exterior security cameras on property"", ""Iron"", ""Fire extinguisher"", ""Hair dryer"", ""First aid kit"", ""Indoor fireplace: gas"", ""Outdoor dining area"", ""Carbon monoxide alarm""]",2.0,1.5,Entire home,Entire home/apt,
1,400,Kolkata,1,Carpet Area,Semi-Furnished,Bachelors,5000,Your family will be close to everything when you stay at this centrally-located place.,,https://a0.muscache.com/pictures/hosting/Hosting-1557309322062215916/original/c807bcb1-a87c-40c4-9869-7896b993decc.jpeg,"[""Wifi"", ""Shower gel"", ""Hot water"", ""Outdoor dining area"", ""TV"", ""Bed linens"", ""Bathtub"", ""Shampoo"", ""Hot water kettle"", ""Dedicated workspace"", ""Microwave"", ""Clothing storage"", ""Backyard"", ""Air conditioning"", ""Coffee"", ""Conditioner"", ""Free parking on premises"", ""Refrigerator"", ""Freezer"", ""Bidet""]",1.0,1.0,Entire rental unit,Entire home/apt,
1,300,Kolkata,1,Carpet Area,Unfurnished,Bachelors/Family,6000,"Hello and welcome!<br /><br />Thank you for choosing our newly listed Airbnb. We’ve put so much love into creating a space that feels peaceful, clean, and inviting. Please relax and explore the area—there’s so much to enjoy, from great shopping on Lark Street to incredible restaurants, two nearby parks, major transportation options, and even a supermarket right across the street.<br /><br />If any questions come up, just message us—we’re always happy to assist.<br />Wishing you a fantastic stay!",,https://a0.muscache.com/pictures/hosting/Hosting-1557418437023831902/original/cad43144-baa1-4281-8947-faa31d8b04d4.jpeg,"[""Smoke alarm"", ""Kitchen"", ""Housekeeping - available at extra cost"", ""Private patio or balcony"", ""Wifi"", ""Hot water"", ""Private entrance"", ""Outdoor dining area"", ""TV"", ""Carbon monoxide alarm"", ""Bed linens"", ""Luggage dropoff allowed"", ""Bathtub"", ""Cooking basics"", ""Ceiling fan"", ""Iron"", ""Hot water kettle"", ""Dedicated workspace"", ""Microwave"", ""Dining table"", ""Extra pillows and blankets"", ""Long term stays allowed"", ""Whirlpool stainless steel electric stove"", ""Exterior security cameras on property"", ""Air conditioning"", ""Laundromat nearby"", ""Clothing storage: closet"", ""Central heating"", ""Dishes and silverware"", ""Hangers"", ""Self check-in"", ""Whirlpool  refrigerator"", ""Free street parking"", ""Fire extinguisher"", ""Cleaning products"", ""Keypad""]",2.0,1.0,Entire rental unit,Entire home/apt,
2,450,Kolkata,1,Carpet Area,Unfurnished,Bachelors/Family,5500,"Modern, newly renovated 3BR minutes from Albany Med. Features queen beds with down bedding, a marble bathroom, hardwood floors, a fully equipped kitchen with new appliances, and on-site parking. Located in a quiet, safe neighborhood—ideal for traveling nurses or professionals.",,https://a0.muscache.com/pictures/hosting/Hosting-1558212573214197450/original/2d6c186b-3ae9-4f5d-8faf-24c03673df00.jpeg,"[""Smoke alarm"", ""Kitchen"", ""Cooking basics"", ""Iron"", ""Lockbox"", ""Fire extinguisher"", ""Wifi"", ""Dedicated workspace"", ""Heating"", ""Hair dryer"", ""First aid kit"", ""TV"", ""Free parking on premises"", ""Carbon monoxide alarm"", ""Self check-in""]",3.0,1.0,Entire rental unit,Entire home/apt,
2,450,Kolkata,1,Carpet Area,Unfurnished,Bachelors/Family,5500,"Enjoy Historic DT Albany one of Albany's most walkable/vibrant areas, full of coffee shops, bars, restaurants, & locally owned stores. Enjoy an artsy, creative vibe, popular w/ students, young professionals, and long-time locals. Welcome to your Exposed Brick 1 Bdrm w/ Full Kitchen, Fenced backyard w/ view of Lit Empire State Plaza @ Night! Centrally located, walking distance to Washington Park, Empire State Plaza, Museums, Medical/Law Colleges, Hospitals, Arenas, & more!",,https://a0.muscache.com/pictures/hosting/Hosting-1566232743630647475/original/26b12b26-a755-4867-ba39-33e6200cd1fc.jpeg,"[""Smoke alarm"", ""Kitchen"", ""Wifi"", ""Shower gel"", ""Hot water"", ""Coffee maker"", ""Hair dryer"", ""Outdoor dining area"", ""TV"", ""Carbon monoxide alarm"", ""Cooking basics"", ""Baking sheet"", ""Microwave"", ""Heating"", ""Pets allowed"", ""Oven"", ""Exterior security cameras on property"", ""Air conditioning"", ""Toaster"", ""Coffee"", ""First aid kit"", ""Dishes and silverware"", ""Self check-in"", ""Refrigerator"", ""Freezer"", ""Fire extinguisher"", ""Keypad"", ""Stove""]",0.0,1.0,Entire rental unit,Entire home/apt,
2,1100,Kolkata,2,Carpet Area,Unfurnished,Bachelors/Family,8500,Make some memories at this unique and family-friendly place.,,https://a0.muscache.com/pictures/hosting/Hosting-1566707423187643353/original/48a3eee9-ba1e-4c48-b310-5f7a604bad68.jpeg,"[""Wifi"", ""Shower gel"", ""Hot water"", ""Outdoor dining area"", ""TV"", ""Bed linens"", ""Bathtub"", ""Shampoo"", ""Hot water kettle"", ""Dedicated workspace"", ""Clothing storage"", ""Heating"", ""Backyard"", ""Air conditioning"", ""Free parking on premises"", ""Hangers"", ""Refrigerator"", ""Free street parking"", ""Cleaning products"", ""Bidet""]",1.0,1.0,Entire rental unit,Entire home/apt,
1,450,Kolkata,1,Super Area,Unfurnished,Bachelors/Family,5000,"Larson Honey sits Albany’s vibrant Center Square district, offering easy access to dining,shopping and entertainment.With excellent public transportation and nearby highways, convenience is at doorstep.Experience the city’s rich cultural scene,diverse dining options and lively nightlife, all within walking distance.Albany Medical Center,Lark Street,Washington Park,MVP Arena,New York State Capitol, Market32 all within easy reach from our doorstep.",,https://a0.muscache.com/pictures/hosting/Hosting-1567582934369300353/original/ac43e996-dc2e-4939-8787-d9f2f23e6429.jpeg,"[""Smoke alarm"", ""Kitchen"", ""Dishwasher"", ""Wifi"", ""Shower gel"", ""Hot water"", ""Hair dryer"", ""Body soap"", ""TV"", ""Carbon monoxide alarm"", ""Bed linens"", ""Cooking basics"", ""Shampoo"", ""Iron"", ""Room-darkening shades"", ""Hot water kettle"", ""Wine glasses"", ""Microwave"", ""Coffee maker: Keurig coffee machine"", ""Clothing storage"", ""Dining table"", ""Heating"", ""Extra pillows and blankets"", ""Long term stays allowed"", ""Oven"", ""Paid washer \u2013 In building"", ""Drying rack for clothing"", ""Air conditioning"", ""Exterior security cameras on property"", ""Essentials"", ""Toaster"", ""Coffee"", ""Conditioner"", ""Dishes and silverware"", ""Hangers"", ""Refrigerator"", ""Self check-in"", ""Freezer"", ""Free street parking"", ""Lockbox"", ""Cleaning products"", ""Paid dryer \u2013 In building"", ""Stove""]",1.0,1.0,Entire rental unit,Entire home/apt,
2,1100,Kolkata,2,Carpet Area,Unfurnished,Bachelors,23000,"You will enjoy easy access to everything from this centrally located place.<br />Close to hospitals, restaurants and shopping! <br />Rent this huge private room in a house specifically for traveling medical professionals! Clean and very quiet!",,https://a0.muscache.com/pictures/hosting/Hosting-1568368313802744532/original/e4aab32c-c831-4572-9b70-00e93263174a.jpeg,"[""Smoke alarm"", ""Kitchen"", ""Dishwasher"", ""Clothing storage: closet and dresser"", ""Wifi"", ""Hot water"", ""Mini fridge"", ""TV"", ""Carbon monoxide alarm"", ""Bed linens"", ""Luggage dropoff allowed"", ""Bathtub"", ""Cooking basics"", ""Baking sheet"", ""Iron"", ""Room-darkening shades"", ""Free dryer \u2013 In building"", ""Dedicated workspace"", ""Microwave"", ""Coffee maker: Keurig coffee machine"", ""Dining table"", ""Washer"", ""Extra pillows and blankets"", ""Long term stays allowed"", ""Oven"", ""BBQ grill"", ""Radiant heating"", ""Portable fans"", ""Backyard"", ""Exterior security cameras on property"", ""Air conditioning"", ""Toaster"", ""Coffee"", ""Outdoor furniture"", ""Books and reading material"", ""Central heating"", ""First aid kit"", ""Free parking on premises"", ""Dishes and silverware"", ""Hangers"", ""Refrigerator"", ""Self check-in"", ""Freezer"", ""Free street parking"", ""Fire extinguisher"", ""Cleaning products"", ""Keypad"", ""Cleaning available during stay"", ""Stove""]",8.0,,Private room in home,Private room,
2,650,Kolkata,1,Carpet Area,Unfurnished,Bachelors/Family,5500,"Welcome to Park South in Albany, NY! Perfect for short-term, monthly, or extended stays, our fully-furnished apartments feature full kitchens, in-unit laundry, fast WiFi, stylish furnishings, and a dedicated workspace. Enjoy a fitness center, lounge with WiFi and coffee bar, indoor garage parking, EV charging stations, and a free CDTA bus pass. Prime retail and restaurants located on the ground floor add convenience right outside your door.",,https://a0.muscache.com/pictures/prohost-api/Hosting-1569797647320776814/original/8f32e3b9-6915-4630-84a6-424aa15afec0.jpeg,"[""Smoke alarm"", ""Kitchen"", ""Dishwasher"", ""Wifi"", ""Hot water"", ""Coffee maker"", ""Private entrance"", ""Hair dryer"", ""Dryer"", ""TV"", ""Carbon monoxide alarm"", ""Bed linens"", ""Cooking basics"", ""Baking sheet"", ""Iron"", ""Hot water kettle"", ""Wine glasses"", ""Dedicated workspace"", ""Microwave"", ""Clothing storage"", ""Heating"", ""Washer"", ""Oven"", ""Air conditioning"", ""Toaster"", ""Essentials"", ""Coffee"", ""Dishes and silverware"", ""Hangers"", ""Refrigerator"", ""Fire extinguisher"", ""Stove""]",2.0,,Entire rental unit,Entire home/apt,
2,780,Kolkata,1,Carpet Area,Unfurnished,Bachelors,8500,"Welcome to Park South in Albany, NY! Perfect for short-term, monthly, or extended stays, our fully-furnished apartments feature full kitchens, in-unit laundry, fast WiFi, stylish furnishings, and a dedicated workspace. Enjoy a fitness center, lounge with WiFi and coffee bar, indoor garage parking, EV charging stations, and a free CDTA bus pass. Prime retail and restaurants located on the ground floor add convenience right outside your door.",,https://a0.muscache.com/pictures/prohost-api/Hosting-1569797656869013772/original/ca2c4e75-b901-430f-9e73-2eb94338b8a9.jpeg,"[""Smoke alarm"", ""Kitchen"", ""Dishwasher"", ""Wifi"", ""Hot water"", ""Coffee maker"", ""Private entrance"", ""Hair dryer"", ""Dryer"", ""TV"", ""Carbon monoxide alarm"", ""Bed linens"", ""Cooking basics"", ""Baking sheet"", ""Iron"", ""Hot water kettle"", ""Wine glasses"", ""Dedicated workspace"", ""Microwave"", ""Clothing storage"", ""Heating"", ""Washer"", ""Oven"", ""Air conditioning"", ""Toaster"", ""Essentials"", ""Coffee"", ""Dishes and silverware"", ""Hangers"", ""Refrigerator"", ""Fire extinguisher"", ""Stove""]",1.0,,Entire rental unit,Entire home/apt,
3,1100,Kolkata,2,Super Area,Semi-Furnished,Bachelors/Family,22000,"Your family will be close to everything when you stay at this centrally-located place. This cute setup is older, with squeaky floors. Family friendly and easily accessible to the bus line.",,https://a0.muscache.com/pictures/hosting/Hosting-1572171021612252123/original/e3a39b66-8c60-434f-85da-bf2450bc19b1.jpeg,"[""Smoke alarm"", ""Kitchen"", ""Exterior security cameras on property"", ""Air conditioning"", ""Wifi"", ""Dedicated workspace"", ""TV"", ""Carbon monoxide alarm"", ""Pets allowed""]",3.0,1.0,Entire rental unit,Entire home/apt,
1,800,Kolkata,1,Super Area,Unfurnished,Bachelors/Family,5500,"Keep it simple at this peaceful and centrally-located place. Comfortable, quiet, and quirky, this 1860 carriage house is the perfect place to rest while on contract with AMC, or for a student rotation. Flexible booking!",,https://a0.muscache.com/pictures/hosting/Hosting-1574726862531115374/original/170d0481-277e-498c-8083-62821ae52c14.jpeg,"[""Smoke alarm"", ""Kitchen"", ""Wifi"", ""Hot water"", ""Hair dryer"", ""Outdoor dining area"", ""TV"", ""Carbon monoxide alarm"", ""Bed linens"", ""Luggage dropoff allowed"", ""Bathtub"", ""Cooking basics"", ""Baking sheet"", ""Iron"", ""Dedicated workspace"", ""Microwave"", ""Coffee maker: Keurig coffee machine"", ""Clothing storage"", ""Dining table"", ""Extra pillows and blankets"", ""Long term stays allowed"", ""Oven"", ""Radiant heating"", ""Portable fans"", ""Backyard"", ""Exterior security cameras on property"", ""Air conditioning"", ""Coffee"", ""Laundromat nearby"", ""Books and reading material"", ""First aid kit"", ""Free parking on premises"", ""Dishes and silverware"", ""Hangers"", ""Refrigerator"", ""Blender"", ""Freezer"", ""Free street parking"", ""Fire extinguisher"", ""Cleaning products"", ""Cleaning available during stay"", ""Stove""]",4.0,,Private room in home,Private room,
1,500,Kolkata,2,Super Area,Semi-Furnished,Bachelors/Family,7000,"Welcome to your cozy Albany retreat! Enjoy a comfortable stay in this well-appointed space, perfect for travelers looking for convenience and relaxation. Your booking includes free parking and a complimentary breakfast to start your day right. Located near shops, restaurants, and downtown Albany, this home offers easy access to local attractions. Whether you’re here for business or leisure, you’ll love the comfort and convenience of this stay. Book now for a relaxing experience!",,https://a0.muscache.com/pictures/hosting/Hosting-1576913365361669361/original/9b4eb416-f6d2-4577-b072-fc4803e04f44.jpeg,"[""Smoke alarm"", ""Wifi"", ""Shower gel"", ""Hot water"", ""TV"", ""Bed linens"", ""Bathtub"", ""Shampoo"", ""Hot water kettle"", ""Dedicated workspace"", ""Microwave"", ""Clothing storage"", ""Heating"", ""Backyard"", ""Air conditioning"", ""Coffee"", ""Conditioner"", ""Free parking on premises"", ""Hangers"", ""Refrigerator"", ""Freezer"", ""Free street parking"", ""Bidet""]",1.0,1.0,Entire rental unit,Entire home/apt,
1,400,Kolkata,1,Carpet Area,Unfurnished,Bachelors,5000,"Welcome to your cozy Albany retreat! Enjoy a comfortable stay in this well-appointed space, perfect for travelers looking for convenience and relaxation. Your booking includes free parking and a complimentary breakfast to start your day right. Located near shops, restaurants, and downtown Albany, this home offers easy access to local attractions. Whether you’re here for business or leisure, you’ll love the comfort and convenience of this stay. Book now for a relaxing experience!",,https://a0.muscache.com/pictures/miso/Hosting-1576918550123676963/original/8de4f304-444f-4aad-b6be-7d9e9a9d5bff.jpeg,"[""Smoke alarm"", ""Wifi"", ""Shower gel"", ""Hot water"", ""Outdoor dining area"", ""TV"", ""Bed linens"", ""Shampoo"", ""Hot water kettle"", ""Dedicated workspace"", ""Microwave"", ""Clothing storage"", ""Heating"", ""Backyard"", ""Air conditioning"", ""Free parking on premises"", ""Hangers"", ""Refrigerator"", ""Cleaning products"", ""Bidet""]",1.0,1.0,Entire rental unit,Entire home/apt,
1,450,Kolkata,1,Carpet Area,Unfurnished,Bachelors/Family,5000,"Experience the capital city of New York up close and personal when you stay at this 3-bedroom, 1-bathroom vacation rental located just 3 miles away from downtown Albany! Boasting a bright and cozy interior, a well-equipped kitchen, and an unbeatable location, this quaint home is the perfect place to kick off your upcoming adventure to the Empire State. Spend your days exploring the surrounding parks and iconic historic attractions before heading back to this retreat for a relaxing night in.",,https://a0.muscache.com/pictures/prohost-api/Hosting-1579101894592916093/original/2d0998e2-8b45-41f0-abd0-39d29cc41cd0.jpeg,"[""Smoke alarm"", ""Kitchen"", ""Wifi"", ""Hot water"", ""Coffee maker"", ""Private entrance"", ""Hair dryer"", ""Indoor fireplace"", ""TV"", ""Carbon monoxide alarm"", ""Bed linens"", ""Bathtub"", ""Cooking basics"", ""Ceiling fan"", ""Shampoo"", ""Iron"", ""Dedicated workspace"", ""Microwave"", ""Dining table"", ""Oven"", ""Toaster"", ""Essentials"", ""Central heating"", ""First aid kit"", ""Free parking on premises"", ""Window AC unit"", ""Dishes and silverware"", ""Crib"", ""Hangers"", ""Refrigerator"", ""Self check-in"", ""Fire extinguisher"", ""Keypad""]",3.0,1.0,Entire home,Entire home/apt,
2,550,Kolkata,1,Super Area,Unfurnished,Bachelors/Family,6500,Enjoy easy access to everything from this perfectly located home base.,,https://a0.muscache.com/pictures/hosting/Hosting-1585685853276584426/original/f8851d58-4d9c-4a5e-b64c-b00af2bc751d.jpeg,"[""Kitchen"", ""Wifi"", ""Dedicated workspace"", ""TV"", ""Washer"", ""Pets allowed""]",1.0,1.0,Entire home,Entire home/apt,
2,600,Kolkata,1,Carpet Area,Unfurnished,Bachelors/Family,8000,"Welcome to your home away from home in Albany—where comfort, space, and Lucy-style living come together in a peaceful, well-located setting. Perfectly situated near Albany Medical Center and St. Peter’s Hospital, this beautifully maintained home is an ideal choice for travel nurses, healthcare professionals, and guests seeking extended or long-term Airbnb stays.<br /><br />Designed with both relaxation and functionality in mind, the home offers a spacious layout that allows you to truly settle in.",,https://a0.muscache.com/pictures/hosting/Hosting-1596638255963225382/original/1172740a-4a7e-4842-bc60-8ffe8db50315.png,"[""Smoke alarm"", ""Kitchen"", ""Dishwasher"", ""Wifi"", ""Hot water"", ""Private entrance"", ""Hair dryer"", ""TV"", ""Carbon monoxide alarm"", ""Bed linens"", ""Iron"", ""Room-darkening shades"", ""Microwave"", ""Clothing storage"", ""Dining table"", ""Heating"", ""Washer"", ""Extra pillows and blankets"", ""Pets allowed"", ""Backyard"", ""Air conditioning"", ""Essentials"", ""Free parking on premises"", ""Hangers"", ""Free dryer"", ""Refrigerator"", ""Fire extinguisher"", ""Paid parking on premises""]",4.0,2.0,Entire home,Entire home/apt,
1,200,Kolkata,1,Super Area,Unfurnished,Bachelors/Family,5500,"Luxury apartment, Governor Mansion area, offers: celebration  romantic vacation; historical impression of old Albany (2nd oldest city in USA); quiet cozy relax after business day alone, with family, guests; small business corporate event for up to 6 people. Couple might stay in a separate bedroom,  is in walking distance to Empire State Plaza, State Governments, Museums, Lincoln park’s new public pool, stadium, food shops, restaurants, pharmacy, hospital, bohemian art Lark St, concert halls.",,https://a0.muscache.com/pictures/hosting/Hosting-1597469740249614567/original/4b7861bb-c08c-4c46-85c0-bd4b197b4d40.jpeg,"[""BBQ grill"", ""Smoke alarm"", ""Kitchen"", ""Air conditioning"", ""Fire extinguisher"", ""Wifi"", ""Dedicated workspace"", ""Carbon monoxide alarm"", ""Keypad"", ""First aid kit"", ""Outdoor dining area"", ""Indoor fireplace"", ""Exercise equipment"", ""TV"", ""Free parking on premises"", ""Washer"", ""Self check-in""]",1.0,1.0,Entire rental unit,Entire home/apt,
2,500,Kolkata,1,Carpet Area,Semi-Furnished,Bachelors/Family,6000,"Welcome to your home away from home <br /><br />This beautifully styled 2-bedroom apartment is the perfect blend of comfort, charm, and convenience — ideal for weekend getaways, business trips, or a cozy staycation in Albany.",,https://a0.muscache.com/pictures/hosting/Hosting-1598781483129471644/original/1bdad1e4-f360-47a8-a80d-53eac00b5f47.jpeg,"[""Smoke alarm"", ""Kitchen"", ""Wifi"", ""Shower gel"", ""Hair dryer"", ""Body soap"", ""TV"", ""Carbon monoxide alarm"", ""Shampoo"", ""Room-darkening shades"", ""Wine glasses"", ""Dedicated workspace"", ""Microwave"", ""Heating"", ""Washer"", ""Extra pillows and blankets"", ""Oven"", ""Exterior security cameras on property"", ""Air conditioning"", ""Toaster"", ""First aid kit"", ""Free parking on premises"", ""Crib"", ""Hangers"", ""Self check-in"", ""Lockbox"", ""Fire extinguisher"", ""Stove""]",2.0,1.5,Entire rental unit,Entire home/apt,
1,450,Kolkata,1,Carpet Area,Unfurnished,Bachelors,5500,"This meticulously reimagined 1-bedroom apartment offers a rare living experience for those who appreciate architectural character without compromising on modern convenience.  Perfectly positioned in the heart of Albanys most walkable district, this unit has been stripped to the studs and rebuilt with an uncompromising eye for detail.",,https://a0.muscache.com/pictures/hosting/Hosting-1599929109212956798/original/781bd059-4614-4284-a70d-9ce2c99c301f.jpeg,"[""Smoke alarm"", ""Kitchen"", ""Exterior security cameras on property"", ""Air conditioning"", ""Wifi"", ""Carbon monoxide alarm"", ""TV"", ""Washer"", ""Pets allowed""]",1.0,1.0,Entire rental unit,Entire home/apt,
2,1050,Kolkata,2,Super Area,Unfurnished,Bachelors/Family,10000,"Enjoy a fully furnished two-bed home close to St. Peter's Hospital, Albany Medical, Albany Law and College of Pharmacy, and University at Albany. <br /><br />Home includes starter items like laundry pods, dryer sheets, dishwasher pods, soap, etc. <br /><br />Private driveway and garage allow parking off the street.",,https://a0.muscache.com/pictures/hosting/Hosting-1601567688822954799/original/4621c524-b6c8-443f-b4c1-245a20df433a.jpeg,"[""Smoke alarm"", ""Kitchen"", ""Dishwasher"", ""Clothing storage: closet and dresser"", ""Wifi"", ""Shower gel"", ""Hot water"", ""Hair dryer"", ""Body soap"", ""TV"", ""Carbon monoxide alarm"", ""Bed linens"", ""Bathtub"", ""Cooking basics"", ""Baking sheet"", ""Shampoo"", ""Iron"", ""Room-darkening shades"", ""Wine glasses"", ""Microwave"", ""Coffee maker: Keurig coffee machine"", ""Dining table"", ""Heating"", ""Washer"", ""Long term stays allowed"", ""Pets allowed"", ""Air conditioning"", ""Toaster"", ""Coffee"", ""Single level home"", ""Single oven"", ""Books and reading material"", ""First aid kit"", ""Conditioner"", ""Free parking on premises"", ""Dishes and silverware"", ""Hangers"", ""Refrigerator"", ""Self check-in"", ""Freezer"", ""Fire extinguisher"", ""Free dryer \u2013 In unit"", ""Cleaning products"", ""Keypad"", ""Board games"", ""Stove"", ""Private backyard""]",2.0,1.0,Entire home,Entire home/apt,
3,1000,Kolkata,2,Carpet Area,Unfurnished,Bachelors,10000,"Empire State Executive Suite is a modern studio directly across from Empire State Plaza in the heart of downtown Albany. Enjoy a private sleeping nook separate from the living area, fast Wi-Fi, Smart TV, and a fully equipped kitchen. Ideal for professionals, travel nurses, and extended stays. Walk to the Capitol, convention center, offices, dining, and attractions.",,https://a0.muscache.com/pictures/hosting/Hosting-1604760798212891657/original/429031c0-b49a-4027-b5be-963b64eb5894.jpeg,"[""Smoke alarm"", ""Kitchen"", ""Wifi"", ""First aid kit"", ""TV"", ""Free parking on premises"", ""Carbon monoxide alarm""]",0.0,1.0,Entire rental unit,Entire home/apt,
2,1200,Kolkata,2,Super Area,Semi-Furnished,Bachelors/Family,10000,"Your family will be close to everything when you stay at this centrally-located, family friendly, peaceful place. Located downtown albany in a quiet neighborhood. With a Short distance to bars and 2 Mins from the highway.",,https://a0.muscache.com/pictures/hosting/Hosting-1605352658027975031/original/a2809ead-280f-44e1-9d61-4f6594fe1f4b.jpeg,"[""Smoke alarm"", ""Kitchen"", ""Cooking basics"", ""Exterior security cameras on property"", ""Iron"", ""Wifi"", ""Dedicated workspace"", ""Keypad"", ""Heating"", ""First aid kit"", ""TV"", ""Free parking on premises"", ""Carbon monoxide alarm"", ""Pets allowed"", ""Self check-in""]",1.0,1.0,Entire rental unit,Entire home/apt,
3,1100,Kolkata,2,Super Area,Semi-Furnished,Family,12000,"Forget your worries in this spacious and serene space. Enjoy the entire house and surrounding area being at the center of Albany. Near everything like children’s park and new basketball court and outdoor exercise bars, also close to one of the bast grocery stores in Albany (Honest Weight Food Co-op) within 5 minutes!  One street over from the bus stop and just the right distance to be close to the main highway without too much traffic. Impeccable cleaning to make sure you always feel comfortable",,https://a0.muscache.com/pictures/518a0f3b-7570-434c-877c-e5067970a006.jpg,"[""Smoke alarm"", ""Kitchen"", ""Smart lock"", ""Cooking basics"", ""Exterior security cameras on property"", ""Air conditioning"", ""Fire extinguisher"", ""Wifi"", ""Carbon monoxide alarm"", ""Heating"", ""TV"", ""Free parking on premises"", ""Washer"", ""Pets allowed"", ""Self check-in""]",2.0,2.0,Entire home,Entire home/apt,
1,220,Kolkata,1,Super Area,Unfurnished,Bachelors/Family,5200,"Enjoy a comfortable Stay in this cozy Albany hotel room with free breakfast and free parking included. Conveniently located, it’s perfect for travelers looking for a relaxing and affordable stay. The room is clean, well-maintained, and offers essential amenities for a pleasant experience. Whether you’re visiting for business or leisure, you’ll appreciate the easy access to local attractions, dining, and shopping. Book now for a hassle-free stay with great perks.",,https://a0.muscache.com/pictures/hosting/Hosting-1607330191548894098/original/9d66c33c-ed5a-4c69-80ee-06883447c964.jpeg,"[""Wifi"", ""Shower gel"", ""Hot water"", ""TV"", ""Bed linens"", ""Bathtub"", ""Shampoo"", ""Hot water kettle"", ""Dedicated workspace"", ""Microwave"", ""Clothing storage"", ""Dining table"", ""Heating"", ""Air conditioning"", ""Coffee"", ""Conditioner"", ""Free parking on premises"", ""Hangers"", ""Freezer"", ""Free street parking"", ""Bidet""]",1.0,1.0,Entire rental unit,Entire home/apt,
1,350,Kolkata,1,Super Area,Unfurnished,Bachelors/Family,4000,"Enjoy a comfortable Stay in this cozy Albany hotel room with free breakfast and free parking included. Conveniently located, it’s perfect for travelers looking for a relaxing and affordable stay. The room is clean, well-maintained, and offers essential amenities for a pleasant experience. Whether you’re visiting for business or leisure, you’ll appreciate the easy access to local attractions, dining, and shopping. Book now for a hassle-free stay with great perks.",,https://a0.muscache.com/pictures/hosting/Hosting-1607334788715779524/original/1a4e7710-b2e5-4d2f-91c4-d6ea8a728975.jpeg,"[""Wifi"", ""Shower gel"", ""Hot water"", ""Coffee maker"", ""TV"", ""Bed linens"", ""Bathtub"", ""Shampoo"", ""Hot water kettle"", ""Dedicated workspace"", ""Clothing storage"", ""Heating"", ""Backyard"", ""Air conditioning"", ""Coffee"", ""Conditioner"", ""Free parking on premises"", ""Hangers"", ""Refrigerator"", ""Free street parking"", ""Cleaning products"", ""Bidet""]",1.0,1.0,Entire rental unit,Entire home/apt,
3,1100,Kolkata,1,Carpet Area,Unfurnished,Bachelors,30000,"Enjoy a comfortable Stay in this cozy Albany hotel room with free breakfast and free parking included. Conveniently located, it’s perfect for travelers looking for a relaxing and affordable stay. The room is clean, well-maintained, and offers essential amenities for a pleasant experience. Whether you’re visiting for business or leisure, you’ll appreciate the easy access to local attractions, dining, and shopping. Book now for a hassle-free stay with great perks.",,https://a0.muscache.com/pictures/hosting/Hosting-1607340037754690734/original/305a81a1-a361-4b96-b2b6-ee41e058f234.jpeg,"[""Wifi"", ""Shower gel"", ""Hot water"", ""Coffee maker"", ""TV"", ""Bed linens"", ""Shampoo"", ""Hot water kettle"", ""Dedicated workspace"", ""Microwave"", ""Clothing storage"", ""Dining table"", ""Heating"", ""Backyard"", ""Air conditioning"", ""Coffee"", ""Free parking on premises"", ""Hangers"", ""Refrigerator"", ""Free street parking"", ""Bidet""]",1.0,1.0,Entire rental unit,Entire home/apt,
2,800,Kolkata,1,Super Area,Unfurnished,Bachelors/Family,5146,"Step into the charming and comfy 1BR/1BA apartment in the heart of Albany, NY. It promises a relaxing retreat bordering picturesque Washington Park and funky Lark Street while being within walking distance to vibrant downtown dining, shops, and exciting attractions.<br /><br />The lovely design and prime location will leave you in awe.<br /><br />✔ Comfy Queen Bedroom <br />✔ On-Demand Hot & Cold Filtered Water <br />✔ Open Design Living <br />✔ Fully Equipped Kitchen<br />✔ Smart TV & High-Speed Wi-Fi <br />✔ Free Parking<br /><br />See more below!",,https://a0.muscache.com/pictures/prohost-api/Hosting-1611095556132252611/original/fda77aac-092e-4d7c-a323-4ca686f1cf96.jpeg,"[""Smoke alarm"", ""Kitchen"", ""Dishwasher"", ""Wifi"", ""Shower gel"", ""Hot water"", ""Coffee maker"", ""Hair dryer"", ""Body soap"", ""Dryer"", ""TV"", ""Carbon monoxide alarm"", ""Bed linens"", ""Bathtub"", ""Cooking basics"", ""Shampoo"", ""Iron"", ""Wine glasses"", ""Dedicated workspace"", ""Microwave"", ""Clothing storage"", ""Dining table"", ""Heating"", ""Washer"", ""Smart lock"", ""Pets allowed"", ""Oven"", ""Noise decibel monitors on property"", ""Air conditioning"", ""Coffee"", ""Conditioner"", ""Free parking on premises"", ""Dishes and silverware"", ""Self check-in"", ""Refrigerator"", ""Freezer"", ""Cleaning products"", ""Stove""]",1.0,1.0,Entire rental unit,Entire home/apt,
